settlement_date,region_id,rrp,eep,total_demand,run_no,dispatch_interval,intervention,source_file
2026-09-22 00:40:00,NSW1,94.64294,0,7155.71,1,20260921248,0,PUBLIC_DISPATCHIS_202609220040_0000000539134219.zip
2026-09-22 00:40:00,QLD1,90.9994,0,5831.51,1,20260921248,0,PUBLIC_DISPATCHIS_202609220040_0000000539134219.zip
2026-09-22 00:40:00,SA1,88.70828,0,1436.97,1,20260921248,0,PUBLIC_DISPATCHIS_202609220040_0000000539134219.zip
2026-09-22 00:40:00,TAS1,88.2,0,966.98,1,20260921248,0,PUBLIC_DISPATCHIS_202609220040_0000000539134219.zip
2026-09-22 00:40:00,VIC1,93.17981,0,5316.91,1,20260921248,0,PUBLIC_DISPATCHIS_202609220040_0000000539134219.zip
2026-09-22 00:45:00,NSW1,91.01166,0,7130.63,1,20260921249,0,PUBLIC_DISPATCHIS_202609220045_0000000539134763.zip
2026-09-22 00:45:00,QLD1,87.44118,0,5771.72,1,20260921249,0,PUBLIC_DISPATCHIS_202609220045_0000000539134763.zip
2026-09-22 00:45:00,SA1,86.10153,0,1451.69,1,20260921249,0,PUBLIC_DISPATCHIS_202609220045_0000000539134763.zip
2026-09-22 00:45:00,TAS1,86.54822,0,975.29,1,20260921249,0,PUBLIC_DISPATCHIS_202609220045_0000000539134763.zip
2026-09-22 00:45:00,VIC1,90.43,0,5320.15,1,20260921249,0,PUBLIC_DISPATCHIS_202609220045_0000000539134763.zip
2026-09-22 00:50:00,NSW1,91.06628,0,7094.18,1,20260921250,0,PUBLIC_DISPATCHIS_202609220050_0000000539135347.zip
2026-09-22 00:50:00,QLD1,86.41464,0,5798.17,1,20260921250,0,PUBLIC_DISPATCHIS_202609220050_0000000539135347.zip
2026-09-22 00:50:00,SA1,85.8123,0,1434.13,1,20260921250,0,PUBLIC_DISPATCHIS_202609220050_0000000539135347.zip
2026-09-22 00:50:00,TAS1,86.80341,0,979.05,1,20260921250,0,PUBLIC_DISPATCHIS_202609220050_0000000539135347.zip
2026-09-22 00:50:00,VIC1,90.43,0,5282.6,1,20260921250,0,PUBLIC_DISPATCHIS_202609220050_0000000539135347.zip
2026-09-22 00:55:00,NSW1,90.97896,0,7019.22,1,20260921251,0,PUBLIC_DISPATCHIS_202609220055_0000000539136034.zip
2026-09-22 00:55:00,QLD1,86.24994,0,5718.6,1,20260921251,0,PUBLIC_DISPATCHIS_202609220055_0000000539136034.zip
2026-09-22 00:55:00,SA1,86.10153,0,1449.07,1,20260921251,0,PUBLIC_DISPATCHIS_202609220055_0000000539136034.zip
2026-09-22 00:55:00,TAS1,87.10842,0,986.41,1,20260921251,0,PUBLIC_DISPATCHIS_202609220055_0000000539136034.zip
2026-09-22 00:55:00,VIC1,90.43,0,5260.53,1,20260921251,0,PUBLIC_DISPATCHIS_202609220055_0000000539136034.zip
2026-09-22 01:00:00,NSW1,90.0,0,6952.07,1,20260921252,0,PUBLIC_DISPATCHIS_202609220100_0000000539136555.zip
2026-09-22 01:00:00,QLD1,85.25,0,5708.16,1,20260921252,0,PUBLIC_DISPATCHIS_202609220100_0000000539136555.zip
2026-09-22 01:00:00,SA1,85.16208,0,1455.51,1,20260921252,0,PUBLIC_DISPATCHIS_202609220100_0000000539136555.zip
2026-09-22 01:00:00,TAS1,85.98377,0,984.3,1,20260921252,0,PUBLIC_DISPATCHIS_202609220100_0000000539136555.zip
2026-09-22 01:00:00,VIC1,89.51624,0,5222.5,1,20260921252,0,PUBLIC_DISPATCHIS_202609220100_0000000539136555.zip
2026-09-22 01:05:00,NSW1,92.43516,0,6928.05,1,20260921253,0,PUBLIC_DISPATCHIS_202609220105_0000000539137044.zip
2026-09-22 01:05:00,QLD1,89.30789,0,5698.35,1,20260921253,0,PUBLIC_DISPATCHIS_202609220105_0000000539137044.zip
2026-09-22 01:05:00,SA1,85.78892,0,1450.19,1,20260921253,0,PUBLIC_DISPATCHIS_202609220105_0000000539137044.zip
2026-09-22 01:05:00,TAS1,87.12713,0,977.47,1,20260921253,0,PUBLIC_DISPATCHIS_202609220105_0000000539137044.zip
2026-09-22 01:05:00,VIC1,90.43,0,5142.06,1,20260921253,0,PUBLIC_DISPATCHIS_202609220105_0000000539137044.zip
2026-09-22 01:10:00,NSW1,95.79821,0,6978.65,1,20260921254,0,PUBLIC_DISPATCHIS_202609220110_0000000539137768.zip
2026-09-22 01:10:00,QLD1,91.75,0,5689.76,1,20260921254,0,PUBLIC_DISPATCHIS_202609220110_0000000539137768.zip
2026-09-22 01:10:00,SA1,87.04086,0,1441.02,1,20260921254,0,PUBLIC_DISPATCHIS_202609220110_0000000539137768.zip
2026-09-22 01:10:00,TAS1,88.2,0,975.9,1,20260921254,0,PUBLIC_DISPATCHIS_202609220110_0000000539137768.zip
2026-09-22 01:10:00,VIC1,92.14792,0,5124.6,1,20260921254,0,PUBLIC_DISPATCHIS_202609220110_0000000539137768.zip
2026-09-22 01:15:00,NSW1,99.2,0,6952.35,1,20260921255,0,PUBLIC_DISPATCHIS_202609220115_0000000539138306.zip
2026-09-22 01:15:00,QLD1,95.21623,0,5686.53,1,20260921255,0,PUBLIC_DISPATCHIS_202609220115_0000000539138306.zip
2026-09-22 01:15:00,SA1,85.00013,0,1420.87,1,20260921255,0,PUBLIC_DISPATCHIS_202609220115_0000000539138306.zip
2026-09-22 01:15:00,TAS1,86.53864,0,970.57,1,20260921255,0,PUBLIC_DISPATCHIS_202609220115_0000000539138306.zip
2026-09-22 01:15:00,VIC1,90.43,0,5114.23,1,20260921255,0,PUBLIC_DISPATCHIS_202609220115_0000000539138306.zip
2026-09-22 01:20:00,NSW1,90.0,0,6886.57,1,20260921256,0,PUBLIC_DISPATCHIS_202609220120_0000000539138893.zip
2026-09-22 01:20:00,QLD1,85.80847,0,5657.95,1,20260921256,0,PUBLIC_DISPATCHIS_202609220120_0000000539138893.zip
2026-09-22 01:20:00,SA1,81.91333,0,1412.17,1,20260921256,0,PUBLIC_DISPATCHIS_202609220120_0000000539138893.zip
2026-09-22 01:20:00,TAS1,82.21412,0,966.93,1,20260921256,0,PUBLIC_DISPATCHIS_202609220120_0000000539138893.zip
2026-09-22 01:20:00,VIC1,86.4832,0,5078.75,1,20260921256,0,PUBLIC_DISPATCHIS_202609220120_0000000539138893.zip
2026-09-22 01:25:00,NSW1,87.80436,0,6831.3,1,20260921257,0,PUBLIC_DISPATCHIS_202609220125_0000000539139548.zip
2026-09-22 01:25:00,QLD1,84.83008,0,5685.8,1,20260921257,0,PUBLIC_DISPATCHIS_202609220125_0000000539139548.zip
2026-09-22 01:25:00,SA1,78.96595,0,1407.92,1,20260921257,0,PUBLIC_DISPATCHIS_202609220125_0000000539139548.zip
2026-09-22 01:25:00,TAS1,79.2573,0,970.27,1,20260921257,0,PUBLIC_DISPATCHIS_202609220125_0000000539139548.zip
2026-09-22 01:25:00,VIC1,83.69384,0,5043.18,1,20260921257,0,PUBLIC_DISPATCHIS_202609220125_0000000539139548.zip
2026-09-22 01:30:00,NSW1,99.01,0,6793.81,1,20260921258,0,PUBLIC_DISPATCHIS_202609220130_0000000539140079.zip
2026-09-22 01:30:00,QLD1,94.97759,0,5629.98,1,20260921258,0,PUBLIC_DISPATCHIS_202609220130_0000000539140079.zip
2026-09-22 01:30:00,SA1,81.08461,0,1395.16,1,20260921258,0,PUBLIC_DISPATCHIS_202609220130_0000000539140079.zip
2026-09-22 01:30:00,TAS1,82.46094,0,974.98,1,20260921258,0,PUBLIC_DISPATCHIS_202609220130_0000000539140079.zip
2026-09-22 01:30:00,VIC1,86.3634,0,5073.92,1,20260921258,0,PUBLIC_DISPATCHIS_202609220130_0000000539140079.zip
2026-09-22 01:35:00,NSW1,99.01,0,6803.5,1,20260921259,0,PUBLIC_DISPATCHIS_202609220135_0000000539140691.zip
2026-09-22 01:35:00,QLD1,95.55665,0,5603.16,1,20260921259,0,PUBLIC_DISPATCHIS_202609220135_0000000539140691.zip
2026-09-22 01:35:00,SA1,82.44,0,1404.78,1,20260921259,0,PUBLIC_DISPATCHIS_202609220135_0000000539140691.zip
2026-09-22 01:35:00,TAS1,84.0101,0,976.54,1,20260921259,0,PUBLIC_DISPATCHIS_202609220135_0000000539140691.zip
2026-09-22 01:35:00,VIC1,87.42368,0,5054.61,1,20260921259,0,PUBLIC_DISPATCHIS_202609220135_0000000539140691.zip
2026-09-22 01:40:00,NSW1,78.24393,0,6819.51,1,20260921260,0,PUBLIC_DISPATCHIS_202609220140_0000000539141294.zip
2026-09-22 01:40:00,QLD1,74.09418,0,5622.72,1,20260921260,0,PUBLIC_DISPATCHIS_202609220140_0000000539141294.zip
2026-09-22 01:40:00,SA1,72.44,0,1423.96,1,20260921260,0,PUBLIC_DISPATCHIS_202609220140_0000000539141294.zip
2026-09-22 01:40:00,TAS1,72.4027,0,979.39,1,20260921260,0,PUBLIC_DISPATCHIS_202609220140_0000000539141294.zip
2026-09-22 01:40:00,VIC1,75.23979,0,5039.22,1,20260921260,0,PUBLIC_DISPATCHIS_202609220140_0000000539141294.zip
2026-09-22 01:45:00,NSW1,73.28537,0,6742.23,1,20260921261,0,PUBLIC_DISPATCHIS_202609220145_0000000539141808.zip
2026-09-22 01:45:00,QLD1,70.34237,0,5672.69,1,20260921261,0,PUBLIC_DISPATCHIS_202609220145_0000000539141808.zip
2026-09-22 01:45:00,SA1,66.76316,0,1419.48,1,20260921261,0,PUBLIC_DISPATCHIS_202609220145_0000000539141808.zip
2026-09-22 01:45:00,TAS1,66.96301,0,979.66,1,20260921261,0,PUBLIC_DISPATCHIS_202609220145_0000000539141808.zip
2026-09-22 01:45:00,VIC1,69.31,0,4951.78,1,20260921261,0,PUBLIC_DISPATCHIS_202609220145_0000000539141808.zip
2026-09-22 01:50:00,NSW1,113.5,0,6766.72,1,20260921262,0,PUBLIC_DISPATCHIS_202609220150_0000000539142323.zip
2026-09-22 01:50:00,QLD1,106.81916,0,5637.35,1,20260921262,0,PUBLIC_DISPATCHIS_202609220150_0000000539142323.zip
2026-09-22 01:50:00,SA1,72.44,0,1423.19,1,20260921262,0,PUBLIC_DISPATCHIS_202609220150_0000000539142323.zip
2026-09-22 01:50:00,TAS1,72.1587,0,985.11,1,20260921262,0,PUBLIC_DISPATCHIS_202609220150_0000000539142323.zip
2026-09-22 01:50:00,VIC1,75.19805,0,4957.41,1,20260921262,0,PUBLIC_DISPATCHIS_202609220150_0000000539142323.zip
2026-09-22 01:55:00,NSW1,129.14134,0,6711.4,1,20260921263,0,PUBLIC_DISPATCHIS_202609220155_0000000539143061.zip
2026-09-22 01:55:00,QLD1,117.69,0,5607.24,1,20260921263,0,PUBLIC_DISPATCHIS_202609220155_0000000539143061.zip
2026-09-22 01:55:00,SA1,72.44,0,1421.87,1,20260921263,0,PUBLIC_DISPATCHIS_202609220155_0000000539143061.zip
2026-09-22 01:55:00,TAS1,72.65729,0,986.33,1,20260921263,0,PUBLIC_DISPATCHIS_202609220155_0000000539143061.zip
2026-09-22 01:55:00,VIC1,75.49207,0,4956.08,1,20260921263,0,PUBLIC_DISPATCHIS_202609220155_0000000539143061.zip
2026-09-22 02:00:00,NSW1,100.61486,0,6682.68,1,20260921264,0,PUBLIC_DISPATCHIS_202609220200_0000000539143635.zip
2026-09-22 02:00:00,QLD1,91.74998,0,5647.19,1,20260921264,0,PUBLIC_DISPATCHIS_202609220200_0000000539143635.zip
2026-09-22 02:00:00,SA1,81.45626,0,1421.67,1,20260921264,0,PUBLIC_DISPATCHIS_202609220200_0000000539143635.zip
2026-09-22 02:00:00,TAS1,80.12923,0,984.26,1,20260921264,0,PUBLIC_DISPATCHIS_202609220200_0000000539143635.zip
2026-09-22 02:00:00,VIC1,84.24485,0,4984.34,1,20260921264,0,PUBLIC_DISPATCHIS_202609220200_0000000539143635.zip
2026-09-22 02:05:00,NSW1,93.53142,0,6619.63,1,20260921265,0,PUBLIC_DISPATCHIS_202609220205_0000000539144233.zip
2026-09-22 02:05:00,QLD1,85.25,0,5605.79,1,20260921265,0,PUBLIC_DISPATCHIS_202609220205_0000000539144233.zip
2026-09-22 02:05:00,SA1,82.44,0,1413.23,1,20260921265,0,PUBLIC_DISPATCHIS_202609220205_0000000539144233.zip
2026-09-22 02:05:00,TAS1,82.53589,0,976.22,1,20260921265,0,PUBLIC_DISPATCHIS_202609220205_0000000539144233.zip
2026-09-22 02:05:00,VIC1,85.62322,0,4972.57,1,20260921265,0,PUBLIC_DISPATCHIS_202609220205_0000000539144233.zip
2026-09-22 02:10:00,NSW1,93.56996,0,6683.86,1,20260921266,0,PUBLIC_DISPATCHIS_202609220210_0000000539144790.zip
2026-09-22 02:10:00,QLD1,85.25,0,5578.56,1,20260921266,0,PUBLIC_DISPATCHIS_202609220210_0000000539144790.zip
2026-09-22 02:10:00,SA1,81.45184,0,1432.47,1,20260921266,0,PUBLIC_DISPATCHIS_202609220210_0000000539144790.zip
2026-09-22 02:10:00,TAS1,82.32745,0,985.78,1,20260921266,0,PUBLIC_DISPATCHIS_202609220210_0000000539144790.zip
2026-09-22 02:10:00,VIC1,85.12483,0,4970.32,1,20260921266,0,PUBLIC_DISPATCHIS_202609220210_0000000539144790.zip
2026-09-22 02:15:00,NSW1,92.36931,0,6643.16,1,20260921267,0,PUBLIC_DISPATCHIS_202609220215_0000000539145405.zip
2026-09-22 02:15:00,QLD1,85.25,0,5591.3,1,20260921267,0,PUBLIC_DISPATCHIS_202609220215_0000000539145405.zip
2026-09-22 02:15:00,SA1,80.18331,0,1422.78,1,20260921267,0,PUBLIC_DISPATCHIS_202609220215_0000000539145405.zip
2026-09-22 02:15:00,TAS1,81.24247,0,983.26,1,20260921267,0,PUBLIC_DISPATCHIS_202609220215_0000000539145405.zip
2026-09-22 02:15:00,VIC1,83.72776,0,4870.95,1,20260921267,0,PUBLIC_DISPATCHIS_202609220215_0000000539145405.zip
2026-09-22 02:20:00,NSW1,92.37932,0,6636.25,1,20260921268,0,PUBLIC_DISPATCHIS_202609220220_0000000539146031.zip
2026-09-22 02:20:00,QLD1,85.25,0,5584.3,1,20260921268,0,PUBLIC_DISPATCHIS_202609220220_0000000539146031.zip
2026-09-22 02:20:00,SA1,74.09447,0,1427.22,1,20260921268,0,PUBLIC_DISPATCHIS_202609220220_0000000539146031.zip
2026-09-22 02:20:00,TAS1,76.10019,0,987.47,1,20260921268,0,PUBLIC_DISPATCHIS_202609220220_0000000539146031.zip
2026-09-22 02:20:00,VIC1,77.33815,0,4847.58,1,20260921268,0,PUBLIC_DISPATCHIS_202609220220_0000000539146031.zip
2026-09-22 02:25:00,NSW1,90.0,0,6572.17,1,20260921269,0,PUBLIC_DISPATCHIS_202609220225_0000000539146735.zip
2026-09-22 02:25:00,QLD1,83.01834,0,5544.2,1,20260921269,0,PUBLIC_DISPATCHIS_202609220225_0000000539146735.zip
2026-09-22 02:25:00,SA1,80.96419,0,1426.7,1,20260921269,0,PUBLIC_DISPATCHIS_202609220225_0000000539146735.zip
2026-09-22 02:25:00,TAS1,83.24697,0,984.55,1,20260921269,0,PUBLIC_DISPATCHIS_202609220225_0000000539146735.zip
2026-09-22 02:25:00,VIC1,84.52302,0,4889.41,1,20260921269,0,PUBLIC_DISPATCHIS_202609220225_0000000539146735.zip
2026-09-22 02:30:00,NSW1,91.37881,0,6556.67,1,20260921270,0,PUBLIC_DISPATCHIS_202609220230_0000000539147256.zip
2026-09-22 02:30:00,QLD1,84.83004,0,5547.07,1,20260921270,0,PUBLIC_DISPATCHIS_202609220230_0000000539147256.zip
2026-09-22 02:30:00,SA1,80.99561,0,1427.7,1,20260921270,0,PUBLIC_DISPATCHIS_202609220230_0000000539147256.zip
2026-09-22 02:30:00,TAS1,83.24912,0,987.77,1,20260921270,0,PUBLIC_DISPATCHIS_202609220230_0000000539147256.zip
2026-09-22 02:30:00,VIC1,84.52484,0,4887.76,1,20260921270,0,PUBLIC_DISPATCHIS_202609220230_0000000539147256.zip
2026-09-22 02:35:00,NSW1,90.78767,0,6516.4,1,20260921271,0,PUBLIC_DISPATCHIS_202609220235_0000000539147818.zip
2026-09-22 02:35:00,QLD1,85.34002,0,5525.02,1,20260921271,0,PUBLIC_DISPATCHIS_202609220235_0000000539147818.zip
2026-09-22 02:35:00,SA1,82.44,0,1416.72,1,20260921271,0,PUBLIC_DISPATCHIS_202609220235_0000000539147818.zip
2026-09-22 02:35:00,TAS1,84.09491,0,984.26,1,20260921271,0,PUBLIC_DISPATCHIS_202609220235_0000000539147818.zip
2026-09-22 02:35:00,VIC1,85.39834,0,4866.94,1,20260921271,0,PUBLIC_DISPATCHIS_202609220235_0000000539147818.zip
2026-09-22 02:40:00,NSW1,90.07388,0,6498.5,1,20260921272,0,PUBLIC_DISPATCHIS_202609220240_0000000539148389.zip
2026-09-22 02:40:00,QLD1,85.25,0,5556.34,1,20260921272,0,PUBLIC_DISPATCHIS_202609220240_0000000539148389.zip
2026-09-22 02:40:00,SA1,80.94499,0,1420.67,1,20260921272,0,PUBLIC_DISPATCHIS_202609220240_0000000539148389.zip
2026-09-22 02:40:00,TAS1,83.24357,0,989.14,1,20260921272,0,PUBLIC_DISPATCHIS_202609220240_0000000539148389.zip
2026-09-22 02:40:00,VIC1,84.51528,0,4870.3,1,20260921272,0,PUBLIC_DISPATCHIS_202609220240_0000000539148389.zip
2026-09-22 02:45:00,NSW1,91.84599,0,6562.83,1,20260921273,0,PUBLIC_DISPATCHIS_202609220245_0000000539148964.zip
2026-09-22 02:45:00,QLD1,85.25,0,5514.55,1,20260921273,0,PUBLIC_DISPATCHIS_202609220245_0000000539148964.zip
2026-09-22 02:45:00,SA1,82.44,0,1430.48,1,20260921273,0,PUBLIC_DISPATCHIS_202609220245_0000000539148964.zip
2026-09-22 02:45:00,TAS1,84.94392,0,981.01,1,20260921273,0,PUBLIC_DISPATCHIS_202609220245_0000000539148964.zip
2026-09-22 02:45:00,VIC1,86.27,0,4875.97,1,20260921273,0,PUBLIC_DISPATCHIS_202609220245_0000000539148964.zip
2026-09-22 02:50:00,NSW1,90.05954,0,6481.15,1,20260921274,0,PUBLIC_DISPATCHIS_202609220250_0000000539149541.zip
2026-09-22 02:50:00,QLD1,85.25,0,5567.45,1,20260921274,0,PUBLIC_DISPATCHIS_202609220250_0000000539149541.zip
2026-09-22 02:50:00,SA1,80.01991,0,1419.54,1,20260921274,0,PUBLIC_DISPATCHIS_202609220250_0000000539149541.zip
2026-09-22 02:50:00,TAS1,82.61073,0,986.79,1,20260921274,0,PUBLIC_DISPATCHIS_202609220250_0000000539149541.zip
2026-09-22 02:50:00,VIC1,83.85795,0,4856.42,1,20260921274,0,PUBLIC_DISPATCHIS_202609220250_0000000539149541.zip
2026-09-22 02:55:00,NSW1,90.06186,0,6514.02,1,20260921275,0,PUBLIC_DISPATCHIS_202609220255_0000000539150222.zip
2026-09-22 02:55:00,QLD1,85.25,0,5570.41,1,20260921275,0,PUBLIC_DISPATCHIS_202609220255_0000000539150222.zip
2026-09-22 02:55:00,SA1,79.3084,0,1410.18,1,20260921275,0,PUBLIC_DISPATCHIS_202609220255_0000000539150222.zip
2026-09-22 02:55:00,TAS1,81.8791,0,984.4,1,20260921275,0,PUBLIC_DISPATCHIS_202609220255_0000000539150222.zip
2026-09-22 02:55:00,VIC1,83.08693,0,4759.97,1,20260921275,0,PUBLIC_DISPATCHIS_202609220255_0000000539150222.zip
2026-09-22 03:00:00,NSW1,89.49429,0,6494.74,1,20260921276,0,PUBLIC_DISPATCHIS_202609220300_0000000539150848.zip
2026-09-22 03:00:00,QLD1,85.25,0,5565.63,1,20260921276,0,PUBLIC_DISPATCHIS_202609220300_0000000539150848.zip
2026-09-22 03:00:00,SA1,72.44,0,1406.54,1,20260921276,0,PUBLIC_DISPATCHIS_202609220300_0000000539150848.zip
2026-09-22 03:00:00,TAS1,74.9519,0,984.51,1,20260921276,0,PUBLIC_DISPATCHIS_202609220300_0000000539150848.zip
2026-09-22 03:00:00,VIC1,75.90547,0,4749.36,1,20260921276,0,PUBLIC_DISPATCHIS_202609220300_0000000539150848.zip
2026-09-22 03:05:00,NSW1,90.0,0,6429.95,1,20260921277,0,PUBLIC_DISPATCHIS_202609220305_0000000539151441.zip
2026-09-22 03:05:00,QLD1,85.16983,0,5547.14,1,20260921277,0,PUBLIC_DISPATCHIS_202609220305_0000000539151441.zip
2026-09-22 03:05:00,SA1,79.83299,0,1398.7,1,20260921277,0,PUBLIC_DISPATCHIS_202609220305_0000000539151441.zip
2026-09-22 03:05:00,TAS1,83.11535,0,987.25,1,20260921277,0,PUBLIC_DISPATCHIS_202609220305_0000000539151441.zip
2026-09-22 03:05:00,VIC1,83.76202,0,4817.89,1,20260921277,0,PUBLIC_DISPATCHIS_202609220305_0000000539151441.zip
2026-09-22 03:10:00,NSW1,90.06143,0,6483.01,1,20260921278,0,PUBLIC_DISPATCHIS_202609220310_0000000539152058.zip
2026-09-22 03:10:00,QLD1,85.25,0,5570.54,1,20260921278,0,PUBLIC_DISPATCHIS_202609220310_0000000539152058.zip
2026-09-22 03:10:00,SA1,80.32496,0,1381.88,1,20260921278,0,PUBLIC_DISPATCHIS_202609220310_0000000539152058.zip
2026-09-22 03:10:00,TAS1,83.37107,0,993.38,1,20260921278,0,PUBLIC_DISPATCHIS_202609220310_0000000539152058.zip
2026-09-22 03:10:00,VIC1,84.3873,0,4819.75,1,20260921278,0,PUBLIC_DISPATCHIS_202609220310_0000000539152058.zip
2026-09-22 03:15:00,NSW1,90.05469,0,6495.08,1,20260921279,0,PUBLIC_DISPATCHIS_202609220315_0000000539152572.zip
2026-09-22 03:15:00,QLD1,85.25,0,5575.88,1,20260921279,0,PUBLIC_DISPATCHIS_202609220315_0000000539152572.zip
2026-09-22 03:15:00,SA1,80.32047,0,1383.0,1,20260921279,0,PUBLIC_DISPATCHIS_202609220315_0000000539152572.zip
2026-09-22 03:15:00,TAS1,83.69287,0,985.08,1,20260921279,0,PUBLIC_DISPATCHIS_202609220315_0000000539152572.zip
2026-09-22 03:15:00,VIC1,84.35832,0,4816.83,1,20260921279,0,PUBLIC_DISPATCHIS_202609220315_0000000539152572.zip
2026-09-22 03:20:00,NSW1,90.0,0,6448.74,1,20260921280,0,PUBLIC_DISPATCHIS_202609220320_0000000539153180.zip
2026-09-22 03:20:00,QLD1,85.19034,0,5568.55,1,20260921280,0,PUBLIC_DISPATCHIS_202609220320_0000000539153180.zip
2026-09-22 03:20:00,SA1,80.55953,0,1383.0,1,20260921280,0,PUBLIC_DISPATCHIS_202609220320_0000000539153180.zip
2026-09-22 03:20:00,TAS1,83.65608,0,989.34,1,20260921280,0,PUBLIC_DISPATCHIS_202609220320_0000000539153180.zip
2026-09-22 03:20:00,VIC1,84.32065,0,4820.66,1,20260921280,0,PUBLIC_DISPATCHIS_202609220320_0000000539153180.zip
2026-09-22 03:25:00,NSW1,91.25173,0,6536.6,1,20260921281,0,PUBLIC_DISPATCHIS_202609220325_0000000539153975.zip
2026-09-22 03:25:00,QLD1,85.25,0,5547.13,1,20260921281,0,PUBLIC_DISPATCHIS_202609220325_0000000539153975.zip
2026-09-22 03:25:00,SA1,81.20929,0,1372.53,1,20260921281,0,PUBLIC_DISPATCHIS_202609220325_0000000539153975.zip
2026-09-22 03:25:00,TAS1,84.11753,0,988.59,1,20260921281,0,PUBLIC_DISPATCHIS_202609220325_0000000539153975.zip
2026-09-22 03:25:00,VIC1,85.40182,0,4820.66,1,20260921281,0,PUBLIC_DISPATCHIS_202609220325_0000000539153975.zip
2026-09-22 03:30:00,NSW1,90.0,0,6505.01,1,20260921282,0,PUBLIC_DISPATCHIS_202609220330_0000000539154659.zip
2026-09-22 03:30:00,QLD1,84.6509,0,5574.07,1,20260921282,0,PUBLIC_DISPATCHIS_202609220330_0000000539154659.zip
2026-09-22 03:30:00,SA1,80.19657,0,1366.2,1,20260921282,0,PUBLIC_DISPATCHIS_202609220330_0000000539154659.zip
2026-09-22 03:30:00,TAS1,82.97719,0,989.12,1,20260921282,0,PUBLIC_DISPATCHIS_202609220330_0000000539154659.zip
2026-09-22 03:30:00,VIC1,84.22818,0,4816.32,1,20260921282,0,PUBLIC_DISPATCHIS_202609220330_0000000539154659.zip
2026-09-22 03:35:00,NSW1,90.0,0,6446.46,1,20260921283,0,PUBLIC_DISPATCHIS_202609220335_0000000539155291.zip
2026-09-22 03:35:00,QLD1,84.63117,0,5554.45,1,20260921283,0,PUBLIC_DISPATCHIS_202609220335_0000000539155291.zip
2026-09-22 03:35:00,SA1,80.18415,0,1361.29,1,20260921283,0,PUBLIC_DISPATCHIS_202609220335_0000000539155291.zip
2026-09-22 03:35:00,TAS1,83.67057,0,991.77,1,20260921283,0,PUBLIC_DISPATCHIS_202609220335_0000000539155291.zip
2026-09-22 03:35:00,VIC1,84.21514,0,4792.48,1,20260921283,0,PUBLIC_DISPATCHIS_202609220335_0000000539155291.zip
2026-09-22 03:40:00,NSW1,90.0,0,6406.86,1,20260921284,0,PUBLIC_DISPATCHIS_202609220340_0000000539155850.zip
2026-09-22 03:40:00,QLD1,85.24777,0,5619.66,1,20260921284,0,PUBLIC_DISPATCHIS_202609220340_0000000539155850.zip
2026-09-22 03:40:00,SA1,79.5292,0,1357.98,1,20260921284,0,PUBLIC_DISPATCHIS_202609220340_0000000539155850.zip
2026-09-22 03:40:00,TAS1,88.53388,0,995.66,1,20260921284,0,PUBLIC_DISPATCHIS_202609220340_0000000539155850.zip
2026-09-22 03:40:00,VIC1,83.52726,0,4746.44,1,20260921284,0,PUBLIC_DISPATCHIS_202609220340_0000000539155850.zip
2026-09-22 03:45:00,NSW1,90.0,0,6441.05,1,20260921285,0,PUBLIC_DISPATCHIS_202609220345_0000000539156320.zip
2026-09-22 03:45:00,QLD1,84.07819,0,5536.01,1,20260921285,0,PUBLIC_DISPATCHIS_202609220345_0000000539156320.zip
2026-09-22 03:45:00,SA1,81.48214,0,1344.5,1,20260921285,0,PUBLIC_DISPATCHIS_202609220345_0000000539156320.zip
2026-09-22 03:45:00,TAS1,82.98405,0,1001.74,1,20260921285,0,PUBLIC_DISPATCHIS_202609220345_0000000539156320.zip
2026-09-22 03:45:00,VIC1,85.5074,0,4825.16,1,20260921285,0,PUBLIC_DISPATCHIS_202609220345_0000000539156320.zip
2026-09-22 03:50:00,NSW1,90.0,0,6483.38,1,20260921286,0,PUBLIC_DISPATCHIS_202609220350_0000000539156839.zip
2026-09-22 03:50:00,QLD1,82.50979,0,5560.24,1,20260921286,0,PUBLIC_DISPATCHIS_202609220350_0000000539156839.zip
2026-09-22 03:50:00,SA1,82.1101,0,1354.0,1,20260921286,0,PUBLIC_DISPATCHIS_202609220350_0000000539156839.zip
2026-09-22 03:50:00,TAS1,82.97357,0,999.59,1,20260921286,0,PUBLIC_DISPATCHIS_202609220350_0000000539156839.zip
2026-09-22 03:50:00,VIC1,85.49664,0,4830.31,1,20260921286,0,PUBLIC_DISPATCHIS_202609220350_0000000539156839.zip
2026-09-22 03:55:00,NSW1,91.50636,0,6443.5,1,20260921287,0,PUBLIC_DISPATCHIS_202609220355_0000000539157552.zip
2026-09-22 03:55:00,QLD1,84.49321,0,5616.94,1,20260921287,0,PUBLIC_DISPATCHIS_202609220355_0000000539157552.zip
2026-09-22 03:55:00,SA1,83.14354,0,1346.88,1,20260921287,0,PUBLIC_DISPATCHIS_202609220355_0000000539157552.zip
2026-09-22 03:55:00,TAS1,87.18194,0,1007.31,1,20260921287,0,PUBLIC_DISPATCHIS_202609220355_0000000539157552.zip
2026-09-22 03:55:00,VIC1,87.64,0,4859.62,1,20260921287,0,PUBLIC_DISPATCHIS_202609220355_0000000539157552.zip
2026-09-22 04:00:00,NSW1,56.39876,0,6491.9,1,20260921288,0,PUBLIC_DISPATCHIS_202609220400_0000000539158159.zip
2026-09-22 04:00:00,QLD1,54.45526,0,5621.35,1,20260921288,0,PUBLIC_DISPATCHIS_202609220400_0000000539158159.zip
2026-09-22 04:00:00,SA1,52.87322,0,1341.09,1,20260921288,0,PUBLIC_DISPATCHIS_202609220400_0000000539158159.zip
2026-09-22 04:00:00,TAS1,55.77029,0,999.8,1,20260921288,0,PUBLIC_DISPATCHIS_202609220400_0000000539158159.zip
2026-09-22 04:00:00,VIC1,55.29,0,4814.19,1,20260921288,0,PUBLIC_DISPATCHIS_202609220400_0000000539158159.zip
2026-09-22 04:05:00,NSW1,83.99,0,6520.24,1,20260922001,0,PUBLIC_DISPATCHIS_202609220405_0000000539158723.zip
2026-09-22 04:05:00,QLD1,78.01458,0,5596.58,1,20260922001,0,PUBLIC_DISPATCHIS_202609220405_0000000539158723.zip
2026-09-22 04:05:00,SA1,76.52543,0,1340.81,1,20260922001,0,PUBLIC_DISPATCHIS_202609220405_0000000539158723.zip
2026-09-22 04:05:00,TAS1,78.46498,0,1000.87,1,20260922001,0,PUBLIC_DISPATCHIS_202609220405_0000000539158723.zip
2026-09-22 04:05:00,VIC1,80.37249,0,4831.73,1,20260922001,0,PUBLIC_DISPATCHIS_202609220405_0000000539158723.zip
2026-09-22 04:10:00,NSW1,84.79,0,6448.62,1,20260922002,0,PUBLIC_DISPATCHIS_202609220410_0000000539159720.zip
2026-09-22 04:10:00,QLD1,79.30593,0,5627.57,1,20260922002,0,PUBLIC_DISPATCHIS_202609220410_0000000539159720.zip
2026-09-22 04:10:00,SA1,78.46956,0,1337.8,1,20260922002,0,PUBLIC_DISPATCHIS_202609220410_0000000539159720.zip
2026-09-22 04:10:00,TAS1,79.87632,0,1019.94,1,20260922002,0,PUBLIC_DISPATCHIS_202609220410_0000000539159720.zip
2026-09-22 04:10:00,VIC1,81.82096,0,4864.7,1,20260922002,0,PUBLIC_DISPATCHIS_202609220410_0000000539159720.zip
2026-09-22 04:15:00,NSW1,86.58299,0,6477.89,1,20260922003,0,PUBLIC_DISPATCHIS_202609220415_0000000539160575.zip
2026-09-22 04:15:00,QLD1,81.53283,0,5669.4,1,20260922003,0,PUBLIC_DISPATCHIS_202609220415_0000000539160575.zip
2026-09-22 04:15:00,SA1,79.6861,0,1323.9,1,20260922003,0,PUBLIC_DISPATCHIS_202609220415_0000000539160575.zip
2026-09-22 04:15:00,TAS1,81.51449,0,1028.13,1,20260922003,0,PUBLIC_DISPATCHIS_202609220415_0000000539160575.zip
2026-09-22 04:15:00,VIC1,83.5,0,4885.19,1,20260922003,0,PUBLIC_DISPATCHIS_202609220415_0000000539160575.zip
2026-09-22 04:20:00,NSW1,87.35698,0,6458.73,1,20260922004,0,PUBLIC_DISPATCHIS_202609220420_0000000539161497.zip
2026-09-22 04:20:00,QLD1,83.33418,0,5685.61,1,20260922004,0,PUBLIC_DISPATCHIS_202609220420_0000000539161497.zip
2026-09-22 04:20:00,SA1,79.97785,0,1308.3,1,20260922004,0,PUBLIC_DISPATCHIS_202609220420_0000000539161497.zip
2026-09-22 04:20:00,TAS1,82.24668,0,1042.49,1,20260922004,0,PUBLIC_DISPATCHIS_202609220420_0000000539161497.zip
2026-09-22 04:20:00,VIC1,83.5,0,4826.24,1,20260922004,0,PUBLIC_DISPATCHIS_202609220420_0000000539161497.zip
2026-09-22 04:25:00,NSW1,86.62488,0,6469.9,1,20260922005,0,PUBLIC_DISPATCHIS_202609220425_0000000539162083.zip
2026-09-22 04:25:00,QLD1,82.06997,0,5646.16,1,20260922005,0,PUBLIC_DISPATCHIS_202609220425_0000000539162083.zip
2026-09-22 04:25:00,SA1,80.29803,0,1318.46,1,20260922005,0,PUBLIC_DISPATCHIS_202609220425_0000000539162083.zip
2026-09-22 04:25:00,TAS1,82.0042,0,1040.35,1,20260922005,0,PUBLIC_DISPATCHIS_202609220425_0000000539162083.zip
2026-09-22 04:25:00,VIC1,83.5,0,4848.02,1,20260922005,0,PUBLIC_DISPATCHIS_202609220425_0000000539162083.zip
2026-09-22 04:30:00,NSW1,99.01,0,6527.91,1,20260922006,0,PUBLIC_DISPATCHIS_202609220430_0000000539162562.zip
2026-09-22 04:30:00,QLD1,92.63688,0,5662.91,1,20260922006,0,PUBLIC_DISPATCHIS_202609220430_0000000539162562.zip
2026-09-22 04:30:00,SA1,89.30279,0,1323.28,1,20260922006,0,PUBLIC_DISPATCHIS_202609220430_0000000539162562.zip
2026-09-22 04:30:00,TAS1,92.01639,0,1050.13,1,20260922006,0,PUBLIC_DISPATCHIS_202609220430_0000000539162562.zip
2026-09-22 04:30:00,VIC1,93.98094,0,4918.07,1,20260922006,0,PUBLIC_DISPATCHIS_202609220430_0000000539162562.zip
2026-09-22 04:35:00,NSW1,96.99,0,6530.28,1,20260922007,0,PUBLIC_DISPATCHIS_202609220435_0000000539163029.zip
2026-09-22 04:35:00,QLD1,90.79452,0,5701.82,1,20260922007,0,PUBLIC_DISPATCHIS_202609220435_0000000539163029.zip
2026-09-22 04:35:00,SA1,86.867,0,1287.39,1,20260922007,0,PUBLIC_DISPATCHIS_202609220435_0000000539163029.zip
2026-09-22 04:35:00,TAS1,89.2202,0,1046.01,1,20260922007,0,PUBLIC_DISPATCHIS_202609220435_0000000539163029.zip
2026-09-22 04:35:00,VIC1,91.93584,0,4909.2,1,20260922007,0,PUBLIC_DISPATCHIS_202609220435_0000000539163029.zip
2026-09-22 04:40:00,NSW1,88.1164,0,6568.45,1,20260922008,0,PUBLIC_DISPATCHIS_202609220440_0000000539163577.zip
2026-09-22 04:40:00,QLD1,84.68339,0,5760.6,1,20260922008,0,PUBLIC_DISPATCHIS_202609220440_0000000539163577.zip
2026-09-22 04:40:00,SA1,79.54656,0,1296.04,1,20260922008,0,PUBLIC_DISPATCHIS_202609220440_0000000539163577.zip
2026-09-22 04:40:00,TAS1,88.60363,0,1049.81,1,20260922008,0,PUBLIC_DISPATCHIS_202609220440_0000000539163577.zip
2026-09-22 04:40:00,VIC1,83.5,0,4893.33,1,20260922008,0,PUBLIC_DISPATCHIS_202609220440_0000000539163577.zip
2026-09-22 04:45:00,NSW1,90.0,0,6516.86,1,20260922009,0,PUBLIC_DISPATCHIS_202609220445_0000000539164043.zip
2026-09-22 04:45:00,QLD1,85.25,0,5744.92,1,20260922009,0,PUBLIC_DISPATCHIS_202609220445_0000000539164043.zip
2026-09-22 04:45:00,SA1,84.3593,0,1311.97,1,20260922009,0,PUBLIC_DISPATCHIS_202609220445_0000000539164043.zip
2026-09-22 04:45:00,TAS1,84.91583,0,1053.69,1,20260922009,0,PUBLIC_DISPATCHIS_202609220445_0000000539164043.zip
2026-09-22 04:45:00,VIC1,87.50721,0,4980.59,1,20260922009,0,PUBLIC_DISPATCHIS_202609220445_0000000539164043.zip
2026-09-22 04:50:00,NSW1,90.4755,0,6592.17,1,20260922010,0,PUBLIC_DISPATCHIS_202609220450_0000000539164516.zip
2026-09-22 04:50:00,QLD1,85.25,0,5709.79,1,20260922010,0,PUBLIC_DISPATCHIS_202609220450_0000000539164516.zip
2026-09-22 04:50:00,SA1,84.98614,0,1299.21,1,20260922010,0,PUBLIC_DISPATCHIS_202609220450_0000000539164516.zip
2026-09-22 04:50:00,TAS1,87.84499,0,1052.22,1,20260922010,0,PUBLIC_DISPATCHIS_202609220450_0000000539164516.zip
2026-09-22 04:50:00,VIC1,88.60936,0,5017.53,1,20260922010,0,PUBLIC_DISPATCHIS_202609220450_0000000539164516.zip
2026-09-22 04:55:00,NSW1,85.25581,0,6652.65,1,20260922011,0,PUBLIC_DISPATCHIS_202609220455_0000000539165133.zip
2026-09-22 04:55:00,QLD1,81.98469,0,5808.97,1,20260922011,0,PUBLIC_DISPATCHIS_202609220455_0000000539165133.zip
2026-09-22 04:55:00,SA1,80.76308,0,1305.89,1,20260922011,0,PUBLIC_DISPATCHIS_202609220455_0000000539165133.zip
2026-09-22 04:55:00,TAS1,88.2,0,1054.93,1,20260922011,0,PUBLIC_DISPATCHIS_202609220455_0000000539165133.zip
2026-09-22 04:55:00,VIC1,83.5,0,5007.04,1,20260922011,0,PUBLIC_DISPATCHIS_202609220455_0000000539165133.zip
2026-09-22 05:00:00,NSW1,83.99,0,6650.86,1,20260922012,0,PUBLIC_DISPATCHIS_202609220500_0000000539165627.zip
2026-09-22 05:00:00,QLD1,80.73328,0,5775.37,1,20260922012,0,PUBLIC_DISPATCHIS_202609220500_0000000539165627.zip
2026-09-22 05:00:00,SA1,78.86885,0,1299.24,1,20260922012,0,PUBLIC_DISPATCHIS_202609220500_0000000539165627.zip
2026-09-22 05:00:00,TAS1,79.75865,0,1066.27,1,20260922012,0,PUBLIC_DISPATCHIS_202609220500_0000000539165627.zip
2026-09-22 05:00:00,VIC1,82.18719,0,4950.79,1,20260922012,0,PUBLIC_DISPATCHIS_202609220500_0000000539165627.zip
2026-09-22 05:05:00,NSW1,91.10112,0,6720.0,1,20260922013,0,PUBLIC_DISPATCHIS_202609220505_0000000539166093.zip
2026-09-22 05:05:00,QLD1,85.39,0,5806.69,1,20260922013,0,PUBLIC_DISPATCHIS_202609220505_0000000539166093.zip
2026-09-22 05:05:00,SA1,84.29485,0,1313.28,1,20260922013,0,PUBLIC_DISPATCHIS_202609220505_0000000539166093.zip
2026-09-22 05:05:00,TAS1,85.13893,0,1070.97,1,20260922013,0,PUBLIC_DISPATCHIS_202609220505_0000000539166093.zip
2026-09-22 05:05:00,VIC1,88.53249,0,5055.16,1,20260922013,0,PUBLIC_DISPATCHIS_202609220505_0000000539166093.zip
2026-09-22 05:10:00,NSW1,78.72885,0,6724.43,1,20260922014,0,PUBLIC_DISPATCHIS_202609220510_0000000539166590.zip
2026-09-22 05:10:00,QLD1,73.33724,0,5815.04,1,20260922014,0,PUBLIC_DISPATCHIS_202609220510_0000000539166590.zip
2026-09-22 05:10:00,SA1,75.44,0,1301.71,1,20260922014,0,PUBLIC_DISPATCHIS_202609220510_0000000539166590.zip
2026-09-22 05:10:00,TAS1,77.55367,0,1084.01,1,20260922014,0,PUBLIC_DISPATCHIS_202609220510_0000000539166590.zip
2026-09-22 05:10:00,VIC1,78.39065,0,5099.33,1,20260922014,0,PUBLIC_DISPATCHIS_202609220510_0000000539166590.zip
2026-09-22 05:15:00,NSW1,89.74236,0,6760.31,1,20260922015,0,PUBLIC_DISPATCHIS_202609220515_0000000539167012.zip
2026-09-22 05:15:00,QLD1,84.79704,0,5934.06,1,20260922015,0,PUBLIC_DISPATCHIS_202609220515_0000000539167012.zip
2026-09-22 05:15:00,SA1,86.53876,0,1314.37,1,20260922015,0,PUBLIC_DISPATCHIS_202609220515_0000000539167012.zip
2026-09-22 05:15:00,TAS1,88.2,0,1097.88,1,20260922015,0,PUBLIC_DISPATCHIS_202609220515_0000000539167012.zip
2026-09-22 05:15:00,VIC1,89.37049,0,5168.92,1,20260922015,0,PUBLIC_DISPATCHIS_202609220515_0000000539167012.zip
2026-09-22 05:20:00,NSW1,81.20642,0,6753.02,1,20260922016,0,PUBLIC_DISPATCHIS_202609220520_0000000539167493.zip
2026-09-22 05:20:00,QLD1,76.20739,0,5891.83,1,20260922016,0,PUBLIC_DISPATCHIS_202609220520_0000000539167493.zip
2026-09-22 05:20:00,SA1,75.44,0,1292.93,1,20260922016,0,PUBLIC_DISPATCHIS_202609220520_0000000539167493.zip
2026-09-22 05:20:00,TAS1,81.38364,0,1104.53,1,20260922016,0,PUBLIC_DISPATCHIS_202609220520_0000000539167493.zip
2026-09-22 05:20:00,VIC1,80.18,0,5147.3,1,20260922016,0,PUBLIC_DISPATCHIS_202609220520_0000000539167493.zip
2026-09-22 05:25:00,NSW1,90.81422,0,6932.35,1,20260922017,0,PUBLIC_DISPATCHIS_202609220525_0000000539168070.zip
2026-09-22 05:25:00,QLD1,84.72481,0,5937.37,1,20260922017,0,PUBLIC_DISPATCHIS_202609220525_0000000539168070.zip
2026-09-22 05:25:00,SA1,85.71993,0,1329.66,1,20260922017,0,PUBLIC_DISPATCHIS_202609220525_0000000539168070.zip
2026-09-22 05:25:00,TAS1,88.05397,0,1100.72,1,20260922017,0,PUBLIC_DISPATCHIS_202609220525_0000000539168070.zip
2026-09-22 05:25:00,VIC1,90.5,0,5248.01,1,20260922017,0,PUBLIC_DISPATCHIS_202609220525_0000000539168070.zip
2026-09-22 05:30:00,NSW1,46.52991,0,6879.34,1,20260922018,0,PUBLIC_DISPATCHIS_202609220530_0000000539168557.zip
2026-09-22 05:30:00,QLD1,45.69,0,5942.96,1,20260922018,0,PUBLIC_DISPATCHIS_202609220530_0000000539168557.zip
2026-09-22 05:30:00,SA1,47.50922,0,1319.38,1,20260922018,0,PUBLIC_DISPATCHIS_202609220530_0000000539168557.zip
2026-09-22 05:30:00,TAS1,70.16,0,1111.16,1,20260922018,0,PUBLIC_DISPATCHIS_202609220530_0000000539168557.zip
2026-09-22 05:30:00,VIC1,49.08075,0,5297.81,1,20260922018,0,PUBLIC_DISPATCHIS_202609220530_0000000539168557.zip
2026-09-22 05:35:00,NSW1,74.01841,0,6909.36,1,20260922019,0,PUBLIC_DISPATCHIS_202609220535_0000000539168999.zip
2026-09-22 05:35:00,QLD1,71.82002,0,6017.35,1,20260922019,0,PUBLIC_DISPATCHIS_202609220535_0000000539168999.zip
2026-09-22 05:35:00,SA1,75.44,0,1336.99,1,20260922019,0,PUBLIC_DISPATCHIS_202609220535_0000000539168999.zip
2026-09-22 05:35:00,TAS1,76.75664,0,1125.86,1,20260922019,0,PUBLIC_DISPATCHIS_202609220535_0000000539168999.zip
2026-09-22 05:35:00,VIC1,78.20474,0,5361.71,1,20260922019,0,PUBLIC_DISPATCHIS_202609220535_0000000539168999.zip
2026-09-22 05:40:00,NSW1,79.73121,0,7010.05,1,20260922020,0,PUBLIC_DISPATCHIS_202609220540_0000000539169528.zip
2026-09-22 05:40:00,QLD1,76.3924,0,6034.28,1,20260922020,0,PUBLIC_DISPATCHIS_202609220540_0000000539169528.zip
2026-09-22 05:40:00,SA1,80.33415,0,1355.22,1,20260922020,0,PUBLIC_DISPATCHIS_202609220540_0000000539169528.zip
2026-09-22 05:40:00,TAS1,81.96091,0,1138.67,1,20260922020,0,PUBLIC_DISPATCHIS_202609220540_0000000539169528.zip
2026-09-22 05:40:00,VIC1,83.5,0,5326.81,1,20260922020,0,PUBLIC_DISPATCHIS_202609220540_0000000539169528.zip
2026-09-22 05:45:00,NSW1,83.75549,0,7017.62,1,20260922021,0,PUBLIC_DISPATCHIS_202609220545_0000000539169940.zip
2026-09-22 05:45:00,QLD1,79.73,0,6022.67,1,20260922021,0,PUBLIC_DISPATCHIS_202609220545_0000000539169940.zip
2026-09-22 05:45:00,SA1,82.94794,0,1336.92,1,20260922021,0,PUBLIC_DISPATCHIS_202609220545_0000000539169940.zip
2026-09-22 05:45:00,TAS1,85.13947,0,1141.23,1,20260922021,0,PUBLIC_DISPATCHIS_202609220545_0000000539169940.zip
2026-09-22 05:45:00,VIC1,87.00239,0,5410.62,1,20260922021,0,PUBLIC_DISPATCHIS_202609220545_0000000539169940.zip
2026-09-22 05:50:00,NSW1,83.16374,0,7011.87,1,20260922022,0,PUBLIC_DISPATCHIS_202609220550_0000000539170448.zip
2026-09-22 05:50:00,QLD1,79.73,0,6084.26,1,20260922022,0,PUBLIC_DISPATCHIS_202609220550_0000000539170448.zip
2026-09-22 05:50:00,SA1,80.16625,0,1349.59,1,20260922022,0,PUBLIC_DISPATCHIS_202609220550_0000000539170448.zip
2026-09-22 05:50:00,TAS1,70.2,0,1148.08,1,20260922022,0,PUBLIC_DISPATCHIS_202609220550_0000000539170448.zip
2026-09-22 05:50:00,VIC1,85.08525,0,5496.2,1,20260922022,0,PUBLIC_DISPATCHIS_202609220550_0000000539170448.zip
2026-09-22 05:55:00,NSW1,77.69284,0,7108.58,1,20260922023,0,PUBLIC_DISPATCHIS_202609220555_0000000539171053.zip
2026-09-22 05:55:00,QLD1,71.17,0,6026.5,1,20260922023,0,PUBLIC_DISPATCHIS_202609220555_0000000539171053.zip
2026-09-22 05:55:00,SA1,76.33333,0,1344.98,1,20260922023,0,PUBLIC_DISPATCHIS_202609220555_0000000539171053.zip
2026-09-22 05:55:00,TAS1,77.60718,0,1151.89,1,20260922023,0,PUBLIC_DISPATCHIS_202609220555_0000000539171053.zip
2026-09-22 05:55:00,VIC1,80.78923,0,5560.78,1,20260922023,0,PUBLIC_DISPATCHIS_202609220555_0000000539171053.zip
2026-09-22 06:00:00,NSW1,83.99,0,7149.86,1,20260922024,0,PUBLIC_DISPATCHIS_202609220600_0000000539171535.zip
2026-09-22 06:00:00,QLD1,77.93031,0,6029.7,1,20260922024,0,PUBLIC_DISPATCHIS_202609220600_0000000539171535.zip
2026-09-22 06:00:00,SA1,81.61046,0,1364.26,1,20260922024,0,PUBLIC_DISPATCHIS_202609220600_0000000539171535.zip
2026-09-22 06:00:00,TAS1,82.81904,0,1161.15,1,20260922024,0,PUBLIC_DISPATCHIS_202609220600_0000000539171535.zip
2026-09-22 06:00:00,VIC1,85.96861,0,5560.01,1,20260922024,0,PUBLIC_DISPATCHIS_202609220600_0000000539171535.zip
2026-09-22 06:05:00,NSW1,79.97296,0,7200.29,1,20260922025,0,PUBLIC_DISPATCHIS_202609220605_0000000539172044.zip
2026-09-22 06:05:00,QLD1,74.23867,0,6069.21,1,20260922025,0,PUBLIC_DISPATCHIS_202609220605_0000000539172044.zip
2026-09-22 06:05:00,SA1,75.44,0,1358.57,1,20260922025,0,PUBLIC_DISPATCHIS_202609220605_0000000539172044.zip
2026-09-22 06:05:00,TAS1,75.65799,0,1174.99,1,20260922025,0,PUBLIC_DISPATCHIS_202609220605_0000000539172044.zip
2026-09-22 06:05:00,VIC1,79.2325,0,5578.26,1,20260922025,0,PUBLIC_DISPATCHIS_202609220605_0000000539172044.zip
2026-09-22 06:10:00,NSW1,81.47107,0,7172.76,1,20260922026,0,PUBLIC_DISPATCHIS_202609220610_0000000539173119.zip
2026-09-22 06:10:00,QLD1,76.61219,0,6079.48,1,20260922026,0,PUBLIC_DISPATCHIS_202609220610_0000000539173119.zip
2026-09-22 06:10:00,SA1,75.47116,0,1369.27,1,20260922026,0,PUBLIC_DISPATCHIS_202609220610_0000000539173119.zip
2026-09-22 06:10:00,TAS1,78.82227,0,1201.59,1,20260922026,0,PUBLIC_DISPATCHIS_202609220610_0000000539173119.zip
2026-09-22 06:10:00,VIC1,80.18,0,5667.77,1,20260922026,0,PUBLIC_DISPATCHIS_202609220610_0000000539173119.zip
2026-09-22 06:15:00,NSW1,78.14868,0,7240.01,1,20260922027,0,PUBLIC_DISPATCHIS_202609220615_0000000539173539.zip
2026-09-22 06:15:00,QLD1,71.17,0,6070.53,1,20260922027,0,PUBLIC_DISPATCHIS_202609220615_0000000539173539.zip
2026-09-22 06:15:00,SA1,71.87731,0,1379.8,1,20260922027,0,PUBLIC_DISPATCHIS_202609220615_0000000539173539.zip
2026-09-22 06:15:00,TAS1,79.14213,0,1225.5,1,20260922027,0,PUBLIC_DISPATCHIS_202609220615_0000000539173539.zip
2026-09-22 06:15:00,VIC1,77.03039,0,5824.97,1,20260922027,0,PUBLIC_DISPATCHIS_202609220615_0000000539173539.zip
2026-09-22 06:20:00,NSW1,80.1,0,7396.81,1,20260922028,0,PUBLIC_DISPATCHIS_202609220620_0000000539174063.zip
2026-09-22 06:20:00,QLD1,71.82004,0,6017.98,1,20260922028,0,PUBLIC_DISPATCHIS_202609220620_0000000539174063.zip
2026-09-22 06:20:00,SA1,76.79876,0,1421.05,1,20260922028,0,PUBLIC_DISPATCHIS_202609220620_0000000539174063.zip
2026-09-22 06:20:00,TAS1,320.22,0,1237.47,1,20260922028,0,PUBLIC_DISPATCHIS_202609220620_0000000539174063.zip
2026-09-22 06:20:00,VIC1,81.65139,0,5951.62,1,20260922028,0,PUBLIC_DISPATCHIS_202609220620_0000000539174063.zip
2026-09-22 06:25:00,NSW1,83.57,0,7463.29,1,20260922029,0,PUBLIC_DISPATCHIS_202609220625_0000000539174719.zip
2026-09-22 06:25:00,QLD1,73.69213,0,6033.26,1,20260922029,0,PUBLIC_DISPATCHIS_202609220625_0000000539174719.zip
2026-09-22 06:25:00,SA1,78.92412,0,1383.27,1,20260922029,0,PUBLIC_DISPATCHIS_202609220625_0000000539174719.zip
2026-09-22 06:25:00,TAS1,84.04495,0,1247.37,1,20260922029,0,PUBLIC_DISPATCHIS_202609220625_0000000539174719.zip
2026-09-22 06:25:00,VIC1,84.40014,0,5982.26,1,20260922029,0,PUBLIC_DISPATCHIS_202609220625_0000000539174719.zip
2026-09-22 06:30:00,NSW1,61.67108,0,7405.62,1,20260922030,0,PUBLIC_DISPATCHIS_202609220630_0000000539175238.zip
2026-09-22 06:30:00,QLD1,54.75,0,6049.11,1,20260922030,0,PUBLIC_DISPATCHIS_202609220630_0000000539175238.zip
2026-09-22 06:30:00,SA1,75.44,0,1383.97,1,20260922030,0,PUBLIC_DISPATCHIS_202609220630_0000000539175238.zip
2026-09-22 06:30:00,TAS1,79.72464,0,1252.9,1,20260922030,0,PUBLIC_DISPATCHIS_202609220630_0000000539175238.zip
2026-09-22 06:30:00,VIC1,80.18,0,5946.72,1,20260922030,0,PUBLIC_DISPATCHIS_202609220630_0000000539175238.zip
2026-09-22 06:35:00,NSW1,50.82969,0,7558.93,1,20260922031,0,PUBLIC_DISPATCHIS_202609220635_0000000539175754.zip
2026-09-22 06:35:00,QLD1,43.66,0,5955.63,1,20260922031,0,PUBLIC_DISPATCHIS_202609220635_0000000539175754.zip
2026-09-22 06:35:00,SA1,73.5535,0,1388.37,1,20260922031,0,PUBLIC_DISPATCHIS_202609220635_0000000539175754.zip
2026-09-22 06:35:00,TAS1,74.10863,0,1261.06,1,20260922031,0,PUBLIC_DISPATCHIS_202609220635_0000000539175754.zip
2026-09-22 06:35:00,VIC1,77.15295,0,5984.13,1,20260922031,0,PUBLIC_DISPATCHIS_202609220635_0000000539175754.zip
2026-09-22 06:40:00,NSW1,104.96537,0,7566.18,1,20260922032,0,PUBLIC_DISPATCHIS_202609220640_0000000539176343.zip
2026-09-22 06:40:00,QLD1,89.55914,0,5916.74,1,20260922032,0,PUBLIC_DISPATCHIS_202609220640_0000000539176343.zip
2026-09-22 06:40:00,SA1,93.75966,0,1413.63,1,20260922032,0,PUBLIC_DISPATCHIS_202609220640_0000000539176343.zip
2026-09-22 06:40:00,TAS1,94.97243,0,1280.61,1,20260922032,0,PUBLIC_DISPATCHIS_202609220640_0000000539176343.zip
2026-09-22 06:40:00,VIC1,98.75,0,6130.9,1,20260922032,0,PUBLIC_DISPATCHIS_202609220640_0000000539176343.zip
2026-09-22 06:45:00,NSW1,89.07995,0,7560.67,1,20260922033,0,PUBLIC_DISPATCHIS_202609220645_0000000539176828.zip
2026-09-22 06:45:00,QLD1,76.03736,0,5969.0,1,20260922033,0,PUBLIC_DISPATCHIS_202609220645_0000000539176828.zip
2026-09-22 06:45:00,SA1,84.27396,0,1440.02,1,20260922033,0,PUBLIC_DISPATCHIS_202609220645_0000000539176828.zip
2026-09-22 06:45:00,TAS1,84.72257,0,1288.24,1,20260922033,0,PUBLIC_DISPATCHIS_202609220645_0000000539176828.zip
2026-09-22 06:45:00,VIC1,88.04,0,6182.09,1,20260922033,0,PUBLIC_DISPATCHIS_202609220645_0000000539176828.zip
2026-09-22 06:50:00,NSW1,69.9,0,7612.55,1,20260922034,0,PUBLIC_DISPATCHIS_202609220650_0000000539177403.zip
2026-09-22 06:50:00,QLD1,43.66008,0,5933.96,1,20260922034,0,PUBLIC_DISPATCHIS_202609220650_0000000539177403.zip
2026-09-22 06:50:00,SA1,81.28338,0,1435.72,1,20260922034,0,PUBLIC_DISPATCHIS_202609220650_0000000539177403.zip
2026-09-22 06:50:00,TAS1,81.52855,0,1294.19,1,20260922034,0,PUBLIC_DISPATCHIS_202609220650_0000000539177403.zip
2026-09-22 06:50:00,VIC1,84.91008,0,6213.32,1,20260922034,0,PUBLIC_DISPATCHIS_202609220650_0000000539177403.zip
2026-09-22 06:55:00,NSW1,65.2,0,7570.11,1,20260922035,0,PUBLIC_DISPATCHIS_202609220655_0000000539178065.zip
2026-09-22 06:55:00,QLD1,31.09,0,5806.48,1,20260922035,0,PUBLIC_DISPATCHIS_202609220655_0000000539178065.zip
2026-09-22 06:55:00,SA1,77.27069,0,1471.54,1,20260922035,0,PUBLIC_DISPATCHIS_202609220655_0000000539178065.zip
2026-09-22 06:55:00,TAS1,77.26361,0,1294.02,1,20260922035,0,PUBLIC_DISPATCHIS_202609220655_0000000539178065.zip
2026-09-22 06:55:00,VIC1,80.18,0,6181.85,1,20260922035,0,PUBLIC_DISPATCHIS_202609220655_0000000539178065.zip
2026-09-22 07:00:00,NSW1,69.9,0,7565.5,1,20260922036,0,PUBLIC_DISPATCHIS_202609220700_0000000539178562.zip
2026-09-22 07:00:00,QLD1,45.8,0,5839.4,1,20260922036,0,PUBLIC_DISPATCHIS_202609220700_0000000539178562.zip
2026-09-22 07:00:00,SA1,85.44,0,1463.3,1,20260922036,0,PUBLIC_DISPATCHIS_202609220700_0000000539178562.zip
2026-09-22 07:00:00,TAS1,85.2054,0,1302.36,1,20260922036,0,PUBLIC_DISPATCHIS_202609220700_0000000539178562.zip
2026-09-22 07:00:00,VIC1,88.05575,0,6233.47,1,20260922036,0,PUBLIC_DISPATCHIS_202609220700_0000000539178562.zip
2026-09-22 07:05:00,NSW1,75.9503,0,7694.35,1,20260922037,0,PUBLIC_DISPATCHIS_202609220705_0000000539179098.zip
2026-09-22 07:05:00,QLD1,2.1,0,5756.18,1,20260922037,0,PUBLIC_DISPATCHIS_202609220705_0000000539179098.zip
2026-09-22 07:05:00,SA1,80.84583,0,1470.31,1,20260922037,0,PUBLIC_DISPATCHIS_202609220705_0000000539179098.zip
2026-09-22 07:05:00,TAS1,148.07408,0,1309.86,1,20260922037,0,PUBLIC_DISPATCHIS_202609220705_0000000539179098.zip
2026-09-22 07:05:00,VIC1,84.91008,0,6243.94,1,20260922037,0,PUBLIC_DISPATCHIS_202609220705_0000000539179098.zip
2026-09-22 07:10:00,NSW1,75.68914,0,7636.42,1,20260922038,0,PUBLIC_DISPATCHIS_202609220710_0000000539180311.zip
2026-09-22 07:10:00,QLD1,66.1047,0,5789.59,1,20260922038,0,PUBLIC_DISPATCHIS_202609220710_0000000539180311.zip
2026-09-22 07:10:00,SA1,75.44,0,1457.83,1,20260922038,0,PUBLIC_DISPATCHIS_202609220710_0000000539180311.zip
2026-09-22 07:10:00,TAS1,168.28081,0,1312.59,1,20260922038,0,PUBLIC_DISPATCHIS_202609220710_0000000539180311.zip
2026-09-22 07:10:00,VIC1,78.58594,0,6103.83,1,20260922038,0,PUBLIC_DISPATCHIS_202609220710_0000000539180311.zip
2026-09-22 07:15:00,NSW1,46.45,0,7665.76,1,20260922039,0,PUBLIC_DISPATCHIS_202609220715_0000000539180834.zip
2026-09-22 07:15:00,QLD1,40.28333,0,5739.61,1,20260922039,0,PUBLIC_DISPATCHIS_202609220715_0000000539180834.zip
2026-09-22 07:15:00,SA1,81.69866,0,1450.97,1,20260922039,0,PUBLIC_DISPATCHIS_202609220715_0000000539180834.zip
2026-09-22 07:15:00,TAS1,88.2,0,1316.46,1,20260922039,0,PUBLIC_DISPATCHIS_202609220715_0000000539180834.zip
2026-09-22 07:15:00,VIC1,84.91008,0,6214.78,1,20260922039,0,PUBLIC_DISPATCHIS_202609220715_0000000539180834.zip
2026-09-22 07:20:00,NSW1,40.09232,0,7579.46,1,20260922040,0,PUBLIC_DISPATCHIS_202609220720_0000000539181426.zip
2026-09-22 07:20:00,QLD1,10.82248,0,5709.68,1,20260922040,0,PUBLIC_DISPATCHIS_202609220720_0000000539181426.zip
2026-09-22 07:20:00,SA1,79.79243,0,1431.64,1,20260922040,0,PUBLIC_DISPATCHIS_202609220720_0000000539181426.zip
2026-09-22 07:20:00,TAS1,86.84276,0,1325.29,1,20260922040,0,PUBLIC_DISPATCHIS_202609220720_0000000539181426.zip
2026-09-22 07:20:00,VIC1,84.91008,0,6136.86,1,20260922040,0,PUBLIC_DISPATCHIS_202609220720_0000000539181426.zip
2026-09-22 07:25:00,NSW1,64.95014,0,7773.44,1,20260922041,0,PUBLIC_DISPATCHIS_202609220725_0000000539182133.zip
2026-09-22 07:25:00,QLD1,0.9,0,5594.1,1,20260922041,0,PUBLIC_DISPATCHIS_202609220725_0000000539182133.zip
2026-09-22 07:25:00,SA1,75.44,0,1423.79,1,20260922041,0,PUBLIC_DISPATCHIS_202609220725_0000000539182133.zip
2026-09-22 07:25:00,TAS1,82.27065,0,1330.41,1,20260922041,0,PUBLIC_DISPATCHIS_202609220725_0000000539182133.zip
2026-09-22 07:25:00,VIC1,80.18,0,6112.64,1,20260922041,0,PUBLIC_DISPATCHIS_202609220725_0000000539182133.zip
2026-09-22 07:30:00,NSW1,59.94793,0,7710.5,1,20260922042,0,PUBLIC_DISPATCHIS_202609220730_0000000539182640.zip
2026-09-22 07:30:00,QLD1,0.0,0,5532.43,1,20260922042,0,PUBLIC_DISPATCHIS_202609220730_0000000539182640.zip
2026-09-22 07:30:00,SA1,80.70248,0,1445.04,1,20260922042,0,PUBLIC_DISPATCHIS_202609220730_0000000539182640.zip
2026-09-22 07:30:00,TAS1,86.84263,0,1325.24,1,20260922042,0,PUBLIC_DISPATCHIS_202609220730_0000000539182640.zip
2026-09-22 07:30:00,VIC1,84.91008,0,6134.76,1,20260922042,0,PUBLIC_DISPATCHIS_202609220730_0000000539182640.zip
2026-09-22 07:35:00,NSW1,46.45,0,7677.71,1,20260922043,0,PUBLIC_DISPATCHIS_202609220735_0000000539183265.zip
2026-09-22 07:35:00,QLD1,0.91,0,5472.64,1,20260922043,0,PUBLIC_DISPATCHIS_202609220735_0000000539183265.zip
2026-09-22 07:35:00,SA1,79.49393,0,1407.51,1,20260922043,0,PUBLIC_DISPATCHIS_202609220735_0000000539183265.zip
2026-09-22 07:35:00,TAS1,86.56954,0,1313.89,1,20260922043,0,PUBLIC_DISPATCHIS_202609220735_0000000539183265.zip
2026-09-22 07:35:00,VIC1,84.91008,0,6091.15,1,20260922043,0,PUBLIC_DISPATCHIS_202609220735_0000000539183265.zip
2026-09-22 07:40:00,NSW1,4.69,0,7764.14,1,20260922044,0,PUBLIC_DISPATCHIS_202609220740_0000000539183862.zip
2026-09-22 07:40:00,QLD1,0.91,0,5360.44,1,20260922044,0,PUBLIC_DISPATCHIS_202609220740_0000000539183862.zip
2026-09-22 07:40:00,SA1,75.83851,0,1411.58,1,20260922044,0,PUBLIC_DISPATCHIS_202609220740_0000000539183862.zip
2026-09-22 07:40:00,TAS1,81.75125,0,1309.82,1,20260922044,0,PUBLIC_DISPATCHIS_202609220740_0000000539183862.zip
2026-09-22 07:40:00,VIC1,80.18,0,6063.54,1,20260922044,0,PUBLIC_DISPATCHIS_202609220740_0000000539183862.zip
2026-09-22 07:45:00,NSW1,42.45,0,7832.02,1,20260922045,0,PUBLIC_DISPATCHIS_202609220745_0000000539184386.zip
2026-09-22 07:45:00,QLD1,0.91,0,5274.67,1,20260922045,0,PUBLIC_DISPATCHIS_202609220745_0000000539184386.zip
2026-09-22 07:45:00,SA1,76.40604,0,1411.23,1,20260922045,0,PUBLIC_DISPATCHIS_202609220745_0000000539184386.zip
2026-09-22 07:45:00,TAS1,81.49395,0,1302.91,1,20260922045,0,PUBLIC_DISPATCHIS_202609220745_0000000539184386.zip
2026-09-22 07:45:00,VIC1,80.18,0,6021.06,1,20260922045,0,PUBLIC_DISPATCHIS_202609220745_0000000539184386.zip
2026-09-22 07:50:00,NSW1,46.45,0,7653.16,1,20260922046,0,PUBLIC_DISPATCHIS_202609220750_0000000539184905.zip
2026-09-22 07:50:00,QLD1,0.91,0,5203.4,1,20260922046,0,PUBLIC_DISPATCHIS_202609220750_0000000539184905.zip
2026-09-22 07:50:00,SA1,79.88984,0,1393.2,1,20260922046,0,PUBLIC_DISPATCHIS_202609220750_0000000539184905.zip
2026-09-22 07:50:00,TAS1,84.87488,0,1298.52,1,20260922046,0,PUBLIC_DISPATCHIS_202609220750_0000000539184905.zip
2026-09-22 07:50:00,VIC1,83.5,0,5964.06,1,20260922046,0,PUBLIC_DISPATCHIS_202609220750_0000000539184905.zip
2026-09-22 07:55:00,NSW1,46.45,0,7644.52,1,20260922047,0,PUBLIC_DISPATCHIS_202609220755_0000000539185527.zip
2026-09-22 07:55:00,QLD1,0.91,0,5124.6,1,20260922047,0,PUBLIC_DISPATCHIS_202609220755_0000000539185527.zip
2026-09-22 07:55:00,SA1,85.44,0,1367.14,1,20260922047,0,PUBLIC_DISPATCHIS_202609220755_0000000539185527.zip
2026-09-22 07:55:00,TAS1,88.2,0,1289.74,1,20260922047,0,PUBLIC_DISPATCHIS_202609220755_0000000539185527.zip
2026-09-22 07:55:00,VIC1,88.01449,0,5877.21,1,20260922047,0,PUBLIC_DISPATCHIS_202609220755_0000000539185527.zip
2026-09-22 08:00:00,NSW1,46.45,0,7635.27,1,20260922048,0,PUBLIC_DISPATCHIS_202609220800_0000000539186013.zip
2026-09-22 08:00:00,QLD1,0.91,0,5078.99,1,20260922048,0,PUBLIC_DISPATCHIS_202609220800_0000000539186013.zip
2026-09-22 08:00:00,SA1,57.19394,0,1337.26,1,20260922048,0,PUBLIC_DISPATCHIS_202609220800_0000000539186013.zip
2026-09-22 08:00:00,TAS1,60.56543,0,1288.04,1,20260922048,0,PUBLIC_DISPATCHIS_202609220800_0000000539186013.zip
2026-09-22 08:00:00,VIC1,59.18,0,5695.67,1,20260922048,0,PUBLIC_DISPATCHIS_202609220800_0000000539186013.zip
2026-09-22 08:05:00,NSW1,52.69779,0,7545.22,1,20260922049,0,PUBLIC_DISPATCHIS_202609220805_0000000539186534.zip
2026-09-22 08:05:00,QLD1,0.91,0,4933.24,1,20260922049,0,PUBLIC_DISPATCHIS_202609220805_0000000539186534.zip
2026-09-22 08:05:00,SA1,52.63091,0,1306.87,1,20260922049,0,PUBLIC_DISPATCHIS_202609220805_0000000539186534.zip
2026-09-22 08:05:00,TAS1,70.04,0,1282.94,1,20260922049,0,PUBLIC_DISPATCHIS_202609220805_0000000539186534.zip
2026-09-22 08:05:00,VIC1,55.46,0,5750.15,1,20260922049,0,PUBLIC_DISPATCHIS_202609220805_0000000539186534.zip
2026-09-22 08:10:00,NSW1,23.47864,0,7631.32,1,20260922050,0,PUBLIC_DISPATCHIS_202609220810_0000000539187693.zip
2026-09-22 08:10:00,QLD1,5.12,0,4941.72,1,20260922050,0,PUBLIC_DISPATCHIS_202609220810_0000000539187693.zip
2026-09-22 08:10:00,SA1,22.61221,0,1276.51,1,20260922050,0,PUBLIC_DISPATCHIS_202609220810_0000000539187693.zip
2026-09-22 08:10:00,TAS1,26.23011,0,1264.03,1,20260922050,0,PUBLIC_DISPATCHIS_202609220810_0000000539187693.zip
2026-09-22 08:10:00,VIC1,24.0,0,5443.57,1,20260922050,0,PUBLIC_DISPATCHIS_202609220810_0000000539187693.zip
2026-09-22 08:15:00,NSW1,52.9,0,7807.44,1,20260922051,0,PUBLIC_DISPATCHIS_202609220815_0000000539188167.zip
2026-09-22 08:15:00,QLD1,12.71623,0,4964.46,1,20260922051,0,PUBLIC_DISPATCHIS_202609220815_0000000539188167.zip
2026-09-22 08:15:00,SA1,50.59141,0,1263.82,1,20260922051,0,PUBLIC_DISPATCHIS_202609220815_0000000539188167.zip
2026-09-22 08:15:00,TAS1,56.47706,0,1265.0,1,20260922051,0,PUBLIC_DISPATCHIS_202609220815_0000000539188167.zip
2026-09-22 08:15:00,VIC1,53.9596,0,5408.8,1,20260922051,0,PUBLIC_DISPATCHIS_202609220815_0000000539188167.zip
2026-09-22 08:20:00,NSW1,52.9,0,7626.36,1,20260922052,0,PUBLIC_DISPATCHIS_202609220820_0000000539188749.zip
2026-09-22 08:20:00,QLD1,6.85,0,4912.62,1,20260922052,0,PUBLIC_DISPATCHIS_202609220820_0000000539188749.zip
2026-09-22 08:20:00,SA1,11.6998,0,1211.07,1,20260922052,0,PUBLIC_DISPATCHIS_202609220820_0000000539188749.zip
2026-09-22 08:20:00,TAS1,13.20792,0,1250.01,1,20260922052,0,PUBLIC_DISPATCHIS_202609220820_0000000539188749.zip
2026-09-22 08:20:00,VIC1,12.5,0,5281.72,1,20260922052,0,PUBLIC_DISPATCHIS_202609220820_0000000539188749.zip
2026-09-22 08:25:00,NSW1,52.9,0,7674.71,1,20260922053,0,PUBLIC_DISPATCHIS_202609220825_0000000539189498.zip
2026-09-22 08:25:00,QLD1,6.83,0,4840.74,1,20260922053,0,PUBLIC_DISPATCHIS_202609220825_0000000539189498.zip
2026-09-22 08:25:00,SA1,28.5164,0,1189.22,1,20260922053,0,PUBLIC_DISPATCHIS_202609220825_0000000539189498.zip
2026-09-22 08:25:00,TAS1,32.40878,0,1237.38,1,20260922053,0,PUBLIC_DISPATCHIS_202609220825_0000000539189498.zip
2026-09-22 08:25:00,VIC1,30.67902,0,5407.26,1,20260922053,0,PUBLIC_DISPATCHIS_202609220825_0000000539189498.zip
2026-09-22 08:30:00,NSW1,52.9,0,7635.68,1,20260922054,0,PUBLIC_DISPATCHIS_202609220830_0000000539190085.zip
2026-09-22 08:30:00,QLD1,9.76744,0,4770.17,1,20260922054,0,PUBLIC_DISPATCHIS_202609220830_0000000539190085.zip
2026-09-22 08:30:00,SA1,52.03855,0,1147.09,1,20260922054,0,PUBLIC_DISPATCHIS_202609220830_0000000539190085.zip
2026-09-22 08:30:00,TAS1,57.88442,0,1237.43,1,20260922054,0,PUBLIC_DISPATCHIS_202609220830_0000000539190085.zip
2026-09-22 08:30:00,VIC1,55.48125,0,5417.41,1,20260922054,0,PUBLIC_DISPATCHIS_202609220830_0000000539190085.zip
2026-09-22 08:35:00,NSW1,52.9,0,7572.52,1,20260922055,0,PUBLIC_DISPATCHIS_202609220835_0000000539190661.zip
2026-09-22 08:35:00,QLD1,14.63,0,4661.92,1,20260922055,0,PUBLIC_DISPATCHIS_202609220835_0000000539190661.zip
2026-09-22 08:35:00,SA1,16.16449,0,1106.54,1,20260922055,0,PUBLIC_DISPATCHIS_202609220835_0000000539190661.zip
2026-09-22 08:35:00,TAS1,20.55605,0,1222.63,1,20260922055,0,PUBLIC_DISPATCHIS_202609220835_0000000539190661.zip
2026-09-22 08:35:00,VIC1,17.66409,0,5273.35,1,20260922055,0,PUBLIC_DISPATCHIS_202609220835_0000000539190661.zip
2026-09-22 08:40:00,NSW1,42.54,0,7585.5,1,20260922056,0,PUBLIC_DISPATCHIS_202609220840_0000000539191202.zip
2026-09-22 08:40:00,QLD1,14.63,0,4707.92,1,20260922056,0,PUBLIC_DISPATCHIS_202609220840_0000000539191202.zip
2026-09-22 08:40:00,SA1,40.20664,0,1103.94,1,20260922056,0,PUBLIC_DISPATCHIS_202609220840_0000000539191202.zip
2026-09-22 08:40:00,TAS1,45.56641,0,1212.94,1,20260922056,0,PUBLIC_DISPATCHIS_202609220840_0000000539191202.zip
2026-09-22 08:40:00,VIC1,43.39219,0,5206.9,1,20260922056,0,PUBLIC_DISPATCHIS_202609220840_0000000539191202.zip
2026-09-22 08:45:00,NSW1,52.9,0,7556.74,1,20260922057,0,PUBLIC_DISPATCHIS_202609220845_0000000539191729.zip
2026-09-22 08:45:00,QLD1,14.63,0,4582.83,1,20260922057,0,PUBLIC_DISPATCHIS_202609220845_0000000539191729.zip
2026-09-22 08:45:00,SA1,21.41036,0,1051.72,1,20260922057,0,PUBLIC_DISPATCHIS_202609220845_0000000539191729.zip
2026-09-22 08:45:00,TAS1,24.9186,0,1198.45,1,20260922057,0,PUBLIC_DISPATCHIS_202609220845_0000000539191729.zip
2026-09-22 08:45:00,VIC1,23.73,0,5196.37,1,20260922057,0,PUBLIC_DISPATCHIS_202609220845_0000000539191729.zip
2026-09-22 08:50:00,NSW1,52.9,0,7499.91,1,20260922058,0,PUBLIC_DISPATCHIS_202609220850_0000000539192287.zip
2026-09-22 08:50:00,QLD1,6.85,0,4490.66,1,20260922058,0,PUBLIC_DISPATCHIS_202609220850_0000000539192287.zip
2026-09-22 08:50:00,SA1,13.2378,0,1032.9,1,20260922058,0,PUBLIC_DISPATCHIS_202609220850_0000000539192287.zip
2026-09-22 08:50:00,TAS1,16.66432,0,1184.4,1,20260922058,0,PUBLIC_DISPATCHIS_202609220850_0000000539192287.zip
2026-09-22 08:50:00,VIC1,15.08,0,5111.81,1,20260922058,0,PUBLIC_DISPATCHIS_202609220850_0000000539192287.zip
2026-09-22 08:55:00,NSW1,52.9,0,7434.27,1,20260922059,0,PUBLIC_DISPATCHIS_202609220855_0000000539192957.zip
2026-09-22 08:55:00,QLD1,22.22,0,4492.6,1,20260922059,0,PUBLIC_DISPATCHIS_202609220855_0000000539192957.zip
2026-09-22 08:55:00,SA1,11.59821,0,1002.92,1,20260922059,0,PUBLIC_DISPATCHIS_202609220855_0000000539192957.zip
2026-09-22 08:55:00,TAS1,13.69631,0,1176.3,1,20260922059,0,PUBLIC_DISPATCHIS_202609220855_0000000539192957.zip
2026-09-22 08:55:00,VIC1,12.96,0,5004.84,1,20260922059,0,PUBLIC_DISPATCHIS_202609220855_0000000539192957.zip
2026-09-22 09:00:00,NSW1,52.9,0,7376.04,1,20260922060,0,PUBLIC_DISPATCHIS_202609220900_0000000539193529.zip
2026-09-22 09:00:00,QLD1,14.63,0,4462.26,1,20260922060,0,PUBLIC_DISPATCHIS_202609220900_0000000539193529.zip
2026-09-22 09:00:00,SA1,13.8818,0,976.37,1,20260922060,0,PUBLIC_DISPATCHIS_202609220900_0000000539193529.zip
2026-09-22 09:00:00,TAS1,15.93813,0,1158.69,1,20260922060,0,PUBLIC_DISPATCHIS_202609220900_0000000539193529.zip
2026-09-22 09:00:00,VIC1,15.08,0,4920.77,1,20260922060,0,PUBLIC_DISPATCHIS_202609220900_0000000539193529.zip
2026-09-22 09:05:00,NSW1,76.15,0,7256.22,1,20260922061,0,PUBLIC_DISPATCHIS_202609220905_0000000539194126.zip
2026-09-22 09:05:00,QLD1,20.2771,0,4382.39,1,20260922061,0,PUBLIC_DISPATCHIS_202609220905_0000000539194126.zip
2026-09-22 09:05:00,SA1,13.3227,0,894.53,1,20260922061,0,PUBLIC_DISPATCHIS_202609220905_0000000539194126.zip
2026-09-22 09:05:00,TAS1,15.93838,0,1144.05,1,20260922061,0,PUBLIC_DISPATCHIS_202609220905_0000000539194126.zip
2026-09-22 09:05:00,VIC1,15.08,0,4895.46,1,20260922061,0,PUBLIC_DISPATCHIS_202609220905_0000000539194126.zip
2026-09-22 09:10:00,NSW1,65.99,0,7340.59,1,20260922062,0,PUBLIC_DISPATCHIS_202609220910_0000000539195249.zip
2026-09-22 09:10:00,QLD1,14.62,0,4312.1,1,20260922062,0,PUBLIC_DISPATCHIS_202609220910_0000000539195249.zip
2026-09-22 09:10:00,SA1,1.26051,0,872.62,1,20260922062,0,PUBLIC_DISPATCHIS_202609220910_0000000539195249.zip
2026-09-22 09:10:00,TAS1,2.23741,0,1136.31,1,20260922062,0,PUBLIC_DISPATCHIS_202609220910_0000000539195249.zip
2026-09-22 09:10:00,VIC1,1.45,0,4816.78,1,20260922062,0,PUBLIC_DISPATCHIS_202609220910_0000000539195249.zip
2026-09-22 09:15:00,NSW1,42.94,0,7314.13,1,20260922063,0,PUBLIC_DISPATCHIS_202609220915_0000000539195773.zip
2026-09-22 09:15:00,QLD1,14.63,0,4303.31,1,20260922063,0,PUBLIC_DISPATCHIS_202609220915_0000000539195773.zip
2026-09-22 09:15:00,SA1,9.26636,0,827.91,1,20260922063,0,PUBLIC_DISPATCHIS_202609220915_0000000539195773.zip
2026-09-22 09:15:00,TAS1,11.1019,0,1124.06,1,20260922063,0,PUBLIC_DISPATCHIS_202609220915_0000000539195773.zip
2026-09-22 09:15:00,VIC1,10.5,0,4605.25,1,20260922063,0,PUBLIC_DISPATCHIS_202609220915_0000000539195773.zip
2026-09-22 09:20:00,NSW1,52.9,0,7376.89,1,20260922064,0,PUBLIC_DISPATCHIS_202609220920_0000000539196328.zip
2026-09-22 09:20:00,QLD1,22.85,0,4217.8,1,20260922064,0,PUBLIC_DISPATCHIS_202609220920_0000000539196328.zip
2026-09-22 09:20:00,SA1,1.26936,0,819.66,1,20260922064,0,PUBLIC_DISPATCHIS_202609220920_0000000539196328.zip
2026-09-22 09:20:00,TAS1,1.52848,0,1108.42,1,20260922064,0,PUBLIC_DISPATCHIS_202609220920_0000000539196328.zip
2026-09-22 09:20:00,VIC1,1.45,0,4539.08,1,20260922064,0,PUBLIC_DISPATCHIS_202609220920_0000000539196328.zip
2026-09-22 09:25:00,NSW1,69.9,0,7374.47,1,20260922065,0,PUBLIC_DISPATCHIS_202609220925_0000000539197045.zip
2026-09-22 09:25:00,QLD1,14.63,0,4172.83,1,20260922065,0,PUBLIC_DISPATCHIS_202609220925_0000000539197045.zip
2026-09-22 09:25:00,SA1,0.5526,0,769.43,1,20260922065,0,PUBLIC_DISPATCHIS_202609220925_0000000539197045.zip
2026-09-22 09:25:00,TAS1,0.6705,0,1100.48,1,20260922065,0,PUBLIC_DISPATCHIS_202609220925_0000000539197045.zip
2026-09-22 09:25:00,VIC1,0.64,0,4490.9,1,20260922065,0,PUBLIC_DISPATCHIS_202609220925_0000000539197045.zip
2026-09-22 09:30:00,NSW1,76.15,0,7270.59,1,20260922066,0,PUBLIC_DISPATCHIS_202609220930_0000000539197578.zip
2026-09-22 09:30:00,QLD1,24.81,0,4174.06,1,20260922066,0,PUBLIC_DISPATCHIS_202609220930_0000000539197578.zip
2026-09-22 09:30:00,SA1,1.25027,0,733.06,1,20260922066,0,PUBLIC_DISPATCHIS_202609220930_0000000539197578.zip
2026-09-22 09:30:00,TAS1,1.53343,0,1089.82,1,20260922066,0,PUBLIC_DISPATCHIS_202609220930_0000000539197578.zip
2026-09-22 09:30:00,VIC1,1.45,0,4417.26,1,20260922066,0,PUBLIC_DISPATCHIS_202609220930_0000000539197578.zip
2026-09-22 09:35:00,NSW1,76.15,0,7257.27,1,20260922067,0,PUBLIC_DISPATCHIS_202609220935_0000000539198110.zip
2026-09-22 09:35:00,QLD1,22.22,0,4118.91,1,20260922067,0,PUBLIC_DISPATCHIS_202609220935_0000000539198110.zip
2026-09-22 09:35:00,SA1,7.75713,0,698.23,1,20260922067,0,PUBLIC_DISPATCHIS_202609220935_0000000539198110.zip
2026-09-22 09:35:00,TAS1,10.62403,0,1089.65,1,20260922067,0,PUBLIC_DISPATCHIS_202609220935_0000000539198110.zip
2026-09-22 09:35:00,VIC1,8.94,0,4318.65,1,20260922067,0,PUBLIC_DISPATCHIS_202609220935_0000000539198110.zip
2026-09-22 09:40:00,NSW1,65.99,0,7181.69,1,20260922068,0,PUBLIC_DISPATCHIS_202609220940_0000000539198622.zip
2026-09-22 09:40:00,QLD1,22.22,0,4056.36,1,20260922068,0,PUBLIC_DISPATCHIS_202609220940_0000000539198622.zip
2026-09-22 09:40:00,SA1,0.00943,0,656.94,1,20260922068,0,PUBLIC_DISPATCHIS_202609220940_0000000539198622.zip
2026-09-22 09:40:00,TAS1,0.73145,0,1077.15,1,20260922068,0,PUBLIC_DISPATCHIS_202609220940_0000000539198622.zip
2026-09-22 09:40:00,VIC1,0.01079,0,4245.33,1,20260922068,0,PUBLIC_DISPATCHIS_202609220940_0000000539198622.zip
2026-09-22 09:45:00,NSW1,68.59875,0,7281.49,1,20260922069,0,PUBLIC_DISPATCHIS_202609220945_0000000539199133.zip
2026-09-22 09:45:00,QLD1,24.81,0,4062.06,1,20260922069,0,PUBLIC_DISPATCHIS_202609220945_0000000539199133.zip
2026-09-22 09:45:00,SA1,1.20245,0,646.01,1,20260922069,0,PUBLIC_DISPATCHIS_202609220945_0000000539199133.zip
2026-09-22 09:45:00,TAS1,2.20556,0,1067.54,1,20260922069,0,PUBLIC_DISPATCHIS_202609220945_0000000539199133.zip
2026-09-22 09:45:00,VIC1,1.4,0,4192.19,1,20260922069,0,PUBLIC_DISPATCHIS_202609220945_0000000539199133.zip
2026-09-22 09:50:00,NSW1,88.89,0,7282.09,1,20260922070,0,PUBLIC_DISPATCHIS_202609220950_0000000539199658.zip
2026-09-22 09:50:00,QLD1,24.81,0,3960.4,1,20260922070,0,PUBLIC_DISPATCHIS_202609220950_0000000539199658.zip
2026-09-22 09:50:00,SA1,1.20777,0,638.05,1,20260922070,0,PUBLIC_DISPATCHIS_202609220950_0000000539199658.zip
2026-09-22 09:50:00,TAS1,2.18568,0,1062.39,1,20260922070,0,PUBLIC_DISPATCHIS_202609220950_0000000539199658.zip
2026-09-22 09:50:00,VIC1,1.4,0,4137.5,1,20260922070,0,PUBLIC_DISPATCHIS_202609220950_0000000539199658.zip
2026-09-22 09:55:00,NSW1,88.89,0,7241.02,1,20260922071,0,PUBLIC_DISPATCHIS_202609220955_0000000539200278.zip
2026-09-22 09:55:00,QLD1,24.81,0,3859.21,1,20260922071,0,PUBLIC_DISPATCHIS_202609220955_0000000539200278.zip
2026-09-22 09:55:00,SA1,0.35596,0,574.24,1,20260922071,0,PUBLIC_DISPATCHIS_202609220955_0000000539200278.zip
2026-09-22 09:55:00,TAS1,1.16,0,1060.15,1,20260922071,0,PUBLIC_DISPATCHIS_202609220955_0000000539200278.zip
2026-09-22 09:55:00,VIC1,0.41323,0,3931.53,1,20260922071,0,PUBLIC_DISPATCHIS_202609220955_0000000539200278.zip
2026-09-22 10:00:00,NSW1,65.99,0,7173.57,1,20260922072,0,PUBLIC_DISPATCHIS_202609221000_0000000539200809.zip
2026-09-22 10:00:00,QLD1,24.81,0,3856.05,1,20260922072,0,PUBLIC_DISPATCHIS_202609221000_0000000539200809.zip
2026-09-22 10:00:00,SA1,0.00923,0,512.15,1,20260922072,0,PUBLIC_DISPATCHIS_202609221000_0000000539200809.zip
2026-09-22 10:00:00,TAS1,2.71153,0,1055.76,1,20260922072,0,PUBLIC_DISPATCHIS_202609221000_0000000539200809.zip
2026-09-22 10:00:00,VIC1,0.01079,0,3941.16,1,20260922072,0,PUBLIC_DISPATCHIS_202609221000_0000000539200809.zip
2026-09-22 10:05:00,NSW1,65.99,0,7207.95,1,20260922073,0,PUBLIC_DISPATCHIS_202609221005_0000000539201406.zip
2026-09-22 10:05:00,QLD1,14.63,0,3810.22,1,20260922073,0,PUBLIC_DISPATCHIS_202609221005_0000000539201406.zip
2026-09-22 10:05:00,SA1,0.00918,0,501.1,1,20260922073,0,PUBLIC_DISPATCHIS_202609221005_0000000539201406.zip
2026-09-22 10:05:00,TAS1,1.16,0,1041.09,1,20260922073,0,PUBLIC_DISPATCHIS_202609221005_0000000539201406.zip
2026-09-22 10:05:00,VIC1,0.01079,0,3887.34,1,20260922073,0,PUBLIC_DISPATCHIS_202609221005_0000000539201406.zip
2026-09-22 10:10:00,NSW1,88.89,0,7278.91,1,20260922074,0,PUBLIC_DISPATCHIS_202609221010_0000000539202588.zip
2026-09-22 10:10:00,QLD1,22.22,0,3850.08,1,20260922074,0,PUBLIC_DISPATCHIS_202609221010_0000000539202588.zip
2026-09-22 10:10:00,SA1,1.20303,0,473.26,1,20260922074,0,PUBLIC_DISPATCHIS_202609221010_0000000539202588.zip
2026-09-22 10:10:00,TAS1,1.49072,0,1043.73,1,20260922074,0,PUBLIC_DISPATCHIS_202609221010_0000000539202588.zip
2026-09-22 10:10:00,VIC1,1.4,0,3905.19,1,20260922074,0,PUBLIC_DISPATCHIS_202609221010_0000000539202588.zip
2026-09-22 10:15:00,NSW1,65.99,0,7238.0,1,20260922075,0,PUBLIC_DISPATCHIS_202609221015_0000000539203111.zip
2026-09-22 10:15:00,QLD1,14.63,0,3819.5,1,20260922075,0,PUBLIC_DISPATCHIS_202609221015_0000000539203111.zip
2026-09-22 10:15:00,SA1,0.0,0,455.21,1,20260922075,0,PUBLIC_DISPATCHIS_202609221015_0000000539203111.zip
2026-09-22 10:15:00,TAS1,1.16,0,1034.1,1,20260922075,0,PUBLIC_DISPATCHIS_202609221015_0000000539203111.zip
2026-09-22 10:15:00,VIC1,0.0,0,3838.07,1,20260922075,0,PUBLIC_DISPATCHIS_202609221015_0000000539203111.zip
2026-09-22 10:20:00,NSW1,52.9,0,7131.17,1,20260922076,0,PUBLIC_DISPATCHIS_202609221020_0000000539203650.zip
2026-09-22 10:20:00,QLD1,22.22,0,3840.89,1,20260922076,0,PUBLIC_DISPATCHIS_202609221020_0000000539203650.zip
2026-09-22 10:20:00,SA1,-0.48022,0,462.94,1,20260922076,0,PUBLIC_DISPATCHIS_202609221020_0000000539203650.zip
2026-09-22 10:20:00,TAS1,1.14246,0,1026.89,1,20260922076,0,PUBLIC_DISPATCHIS_202609221020_0000000539203650.zip
2026-09-22 10:20:00,VIC1,-0.55,0,3779.19,1,20260922076,0,PUBLIC_DISPATCHIS_202609221020_0000000539203650.zip
2026-09-22 10:25:00,NSW1,76.15,0,7218.27,1,20260922077,0,PUBLIC_DISPATCHIS_202609221025_0000000539204286.zip
2026-09-22 10:25:00,QLD1,14.75,0,3836.89,1,20260922077,0,PUBLIC_DISPATCHIS_202609221025_0000000539204286.zip
2026-09-22 10:25:00,SA1,0.00871,0,457.02,1,20260922077,0,PUBLIC_DISPATCHIS_202609221025_0000000539204286.zip
2026-09-22 10:25:00,TAS1,1.16,0,1021.64,1,20260922077,0,PUBLIC_DISPATCHIS_202609221025_0000000539204286.zip
2026-09-22 10:25:00,VIC1,0.01022,0,3761.44,1,20260922077,0,PUBLIC_DISPATCHIS_202609221025_0000000539204286.zip
2026-09-22 10:30:00,NSW1,76.15,0,7154.94,1,20260922078,0,PUBLIC_DISPATCHIS_202609221030_0000000539204763.zip
2026-09-22 10:30:00,QLD1,24.81,0,3755.8,1,20260922078,0,PUBLIC_DISPATCHIS_202609221030_0000000539204763.zip
2026-09-22 10:30:00,SA1,0.00891,0,411.77,1,20260922078,0,PUBLIC_DISPATCHIS_202609221030_0000000539204763.zip
2026-09-22 10:30:00,TAS1,1.16,0,1015.35,1,20260922078,0,PUBLIC_DISPATCHIS_202609221030_0000000539204763.zip
2026-09-22 10:30:00,VIC1,0.0103,0,3680.77,1,20260922078,0,PUBLIC_DISPATCHIS_202609221030_0000000539204763.zip
2026-09-22 10:35:00,NSW1,73.3,0,7154.99,1,20260922079,0,PUBLIC_DISPATCHIS_202609221035_0000000539205404.zip
2026-09-22 10:35:00,QLD1,24.81,0,3756.95,1,20260922079,0,PUBLIC_DISPATCHIS_202609221035_0000000539205404.zip
2026-09-22 10:35:00,SA1,-2.62964,0,392.58,1,20260922079,0,PUBLIC_DISPATCHIS_202609221035_0000000539205404.zip
2026-09-22 10:35:00,TAS1,1.16,0,998.61,1,20260922079,0,PUBLIC_DISPATCHIS_202609221035_0000000539205404.zip
2026-09-22 10:35:00,VIC1,-2.99208,0,3536.05,1,20260922079,0,PUBLIC_DISPATCHIS_202609221035_0000000539205404.zip
2026-09-22 10:40:00,NSW1,73.29,0,7200.96,1,20260922080,0,PUBLIC_DISPATCHIS_202609221040_0000000539206010.zip
2026-09-22 10:40:00,QLD1,14.63,0,3695.15,1,20260922080,0,PUBLIC_DISPATCHIS_202609221040_0000000539206010.zip
2026-09-22 10:40:00,SA1,-4.49229,0,402.43,1,20260922080,0,PUBLIC_DISPATCHIS_202609221040_0000000539206010.zip
2026-09-22 10:40:00,TAS1,1.16,0,1005.29,1,20260922080,0,PUBLIC_DISPATCHIS_202609221040_0000000539206010.zip
2026-09-22 10:40:00,VIC1,-5.03,0,3533.96,1,20260922080,0,PUBLIC_DISPATCHIS_202609221040_0000000539206010.zip
2026-09-22 10:45:00,NSW1,65.99,0,7127.98,1,20260922081,0,PUBLIC_DISPATCHIS_202609221045_0000000539206573.zip
2026-09-22 10:45:00,QLD1,14.75,0,3743.46,1,20260922081,0,PUBLIC_DISPATCHIS_202609221045_0000000539206573.zip
2026-09-22 10:45:00,SA1,-1.1,0,399.38,1,20260922081,0,PUBLIC_DISPATCHIS_202609221045_0000000539206573.zip
2026-09-22 10:45:00,TAS1,0.3828,0,990.66,1,20260922081,0,PUBLIC_DISPATCHIS_202609221045_0000000539206573.zip
2026-09-22 10:45:00,VIC1,-1.23634,0,3478.07,1,20260922081,0,PUBLIC_DISPATCHIS_202609221045_0000000539206573.zip
2026-09-22 10:50:00,NSW1,65.99,0,7127.41,1,20260922082,0,PUBLIC_DISPATCHIS_202609221050_0000000539207107.zip
2026-09-22 10:50:00,QLD1,24.81,0,3660.38,1,20260922082,0,PUBLIC_DISPATCHIS_202609221050_0000000539207107.zip
2026-09-22 10:50:00,SA1,0.00891,0,374.67,1,20260922082,0,PUBLIC_DISPATCHIS_202609221050_0000000539207107.zip
2026-09-22 10:50:00,TAS1,1.16,0,980.73,1,20260922082,0,PUBLIC_DISPATCHIS_202609221050_0000000539207107.zip
2026-09-22 10:50:00,VIC1,0.0103,0,3456.19,1,20260922082,0,PUBLIC_DISPATCHIS_202609221050_0000000539207107.zip
2026-09-22 10:55:00,NSW1,99.01,0,7139.26,1,20260922083,0,PUBLIC_DISPATCHIS_202609221055_0000000539207753.zip
2026-09-22 10:55:00,QLD1,14.62,0,3677.63,1,20260922083,0,PUBLIC_DISPATCHIS_202609221055_0000000539207753.zip
2026-09-22 10:55:00,SA1,0.00024,0,371.01,1,20260922083,0,PUBLIC_DISPATCHIS_202609221055_0000000539207753.zip
2026-09-22 10:55:00,TAS1,0.16,0,968.6,1,20260922083,0,PUBLIC_DISPATCHIS_202609221055_0000000539207753.zip
2026-09-22 10:55:00,VIC1,0.00028,0,3458.44,1,20260922083,0,PUBLIC_DISPATCHIS_202609221055_0000000539207753.zip
2026-09-22 11:00:00,NSW1,124.29,0,7093.16,1,20260922084,0,PUBLIC_DISPATCHIS_202609221100_0000000539208213.zip
2026-09-22 11:00:00,QLD1,25.07,0,3697.91,1,20260922084,0,PUBLIC_DISPATCHIS_202609221100_0000000539208213.zip
2026-09-22 11:00:00,SA1,-4.16263,0,359.97,1,20260922084,0,PUBLIC_DISPATCHIS_202609221100_0000000539208213.zip
2026-09-22 11:00:00,TAS1,0.16,0,966.48,1,20260922084,0,PUBLIC_DISPATCHIS_202609221100_0000000539208213.zip
2026-09-22 11:00:00,VIC1,-4.67,0,3454.36,1,20260922084,0,PUBLIC_DISPATCHIS_202609221100_0000000539208213.zip
2026-09-22 11:05:00,NSW1,124.29,0,7125.74,1,20260922085,0,PUBLIC_DISPATCHIS_202609221105_0000000539208902.zip
2026-09-22 11:05:00,QLD1,14.75,0,3681.25,1,20260922085,0,PUBLIC_DISPATCHIS_202609221105_0000000539208902.zip
2026-09-22 11:05:00,SA1,0.00893,0,386.25,1,20260922085,0,PUBLIC_DISPATCHIS_202609221105_0000000539208902.zip
2026-09-22 11:05:00,TAS1,0.16,0,961.71,1,20260922085,0,PUBLIC_DISPATCHIS_202609221105_0000000539208902.zip
2026-09-22 11:05:00,VIC1,0.01,0,3408.87,1,20260922085,0,PUBLIC_DISPATCHIS_202609221105_0000000539208902.zip
2026-09-22 11:10:00,NSW1,124.29,0,7306.06,1,20260922086,0,PUBLIC_DISPATCHIS_202609221110_0000000539210218.zip
2026-09-22 11:10:00,QLD1,14.75,0,3734.44,1,20260922086,0,PUBLIC_DISPATCHIS_202609221110_0000000539210218.zip
2026-09-22 11:10:00,SA1,0.00886,0,308.71,1,20260922086,0,PUBLIC_DISPATCHIS_202609221110_0000000539210218.zip
2026-09-22 11:10:00,TAS1,1.16,0,969.33,1,20260922086,0,PUBLIC_DISPATCHIS_202609221110_0000000539210218.zip
2026-09-22 11:10:00,VIC1,0.0103,0,3483.45,1,20260922086,0,PUBLIC_DISPATCHIS_202609221110_0000000539210218.zip
2026-09-22 11:15:00,NSW1,124.29,0,7266.3,1,20260922087,0,PUBLIC_DISPATCHIS_202609221115_0000000539210784.zip
2026-09-22 11:15:00,QLD1,26.75,0,3846.3,1,20260922087,0,PUBLIC_DISPATCHIS_202609221115_0000000539210784.zip
2026-09-22 11:15:00,SA1,2.57568,0,278.69,1,20260922087,0,PUBLIC_DISPATCHIS_202609221115_0000000539210784.zip
2026-09-22 11:15:00,TAS1,3.16,0,976.98,1,20260922087,0,PUBLIC_DISPATCHIS_202609221115_0000000539210784.zip
2026-09-22 11:15:00,VIC1,2.97539,0,3497.16,1,20260922087,0,PUBLIC_DISPATCHIS_202609221115_0000000539210784.zip
2026-09-22 11:20:00,NSW1,132.55,0,7338.38,1,20260922088,0,PUBLIC_DISPATCHIS_202609221120_0000000539211438.zip
2026-09-22 11:20:00,QLD1,24.80999,0,3761.97,1,20260922088,0,PUBLIC_DISPATCHIS_202609221120_0000000539211438.zip
2026-09-22 11:20:00,SA1,0.00875,0,257.26,1,20260922088,0,PUBLIC_DISPATCHIS_202609221120_0000000539211438.zip
2026-09-22 11:20:00,TAS1,0.16,0,962.73,1,20260922088,0,PUBLIC_DISPATCHIS_202609221120_0000000539211438.zip
2026-09-22 11:20:00,VIC1,0.01,0,3405.06,1,20260922088,0,PUBLIC_DISPATCHIS_202609221120_0000000539211438.zip
2026-09-22 11:25:00,NSW1,132.55,0,7334.8,1,20260922089,0,PUBLIC_DISPATCHIS_202609221125_0000000539212134.zip
2026-09-22 11:25:00,QLD1,25.83,0,3859.81,1,20260922089,0,PUBLIC_DISPATCHIS_202609221125_0000000539212134.zip
2026-09-22 11:25:00,SA1,0.00884,0,229.98,1,20260922089,0,PUBLIC_DISPATCHIS_202609221125_0000000539212134.zip
2026-09-22 11:25:00,TAS1,0.06,0,963.93,1,20260922089,0,PUBLIC_DISPATCHIS_202609221125_0000000539212134.zip
2026-09-22 11:25:00,VIC1,0.01,0,3311.38,1,20260922089,0,PUBLIC_DISPATCHIS_202609221125_0000000539212134.zip
2026-09-22 11:30:00,NSW1,124.29,0,7269.29,1,20260922090,0,PUBLIC_DISPATCHIS_202609221130_0000000539212637.zip
2026-09-22 11:30:00,QLD1,14.62,0,3823.3,1,20260922090,0,PUBLIC_DISPATCHIS_202609221130_0000000539212637.zip
2026-09-22 11:30:00,SA1,0.00898,0,184.38,1,20260922090,0,PUBLIC_DISPATCHIS_202609221130_0000000539212637.zip
2026-09-22 11:30:00,TAS1,0.06,0,961.64,1,20260922090,0,PUBLIC_DISPATCHIS_202609221130_0000000539212637.zip
2026-09-22 11:30:00,VIC1,0.0103,0,3255.77,1,20260922090,0,PUBLIC_DISPATCHIS_202609221130_0000000539212637.zip
2026-09-22 11:35:00,NSW1,119.0001,0,7299.33,1,20260922091,0,PUBLIC_DISPATCHIS_202609221135_0000000539213160.zip
2026-09-22 11:35:00,QLD1,14.62,0,3804.85,1,20260922091,0,PUBLIC_DISPATCHIS_202609221135_0000000539213160.zip
2026-09-22 11:35:00,SA1,1.2536,0,184.94,1,20260922091,0,PUBLIC_DISPATCHIS_202609221135_0000000539213160.zip
2026-09-22 11:35:00,TAS1,2.16,0,961.8,1,20260922091,0,PUBLIC_DISPATCHIS_202609221135_0000000539213160.zip
2026-09-22 11:35:00,VIC1,1.45,0,3309.46,1,20260922091,0,PUBLIC_DISPATCHIS_202609221135_0000000539213160.zip
2026-09-22 11:40:00,NSW1,88.89,0,7421.83,1,20260922092,0,PUBLIC_DISPATCHIS_202609221140_0000000539213798.zip
2026-09-22 11:40:00,QLD1,24.45665,0,3816.35,1,20260922092,0,PUBLIC_DISPATCHIS_202609221140_0000000539213798.zip
2026-09-22 11:40:00,SA1,0.94423,0,165.97,1,20260922092,0,PUBLIC_DISPATCHIS_202609221140_0000000539213798.zip
2026-09-22 11:40:00,TAS1,1.16,0,954.66,1,20260922092,0,PUBLIC_DISPATCHIS_202609221140_0000000539213798.zip
2026-09-22 11:40:00,VIC1,1.08848,0,3242.38,1,20260922092,0,PUBLIC_DISPATCHIS_202609221140_0000000539213798.zip
2026-09-22 11:45:00,NSW1,124.29,0,7323.77,1,20260922093,0,PUBLIC_DISPATCHIS_202609221145_0000000539214316.zip
2026-09-22 11:45:00,QLD1,14.62,0,3793.25,1,20260922093,0,PUBLIC_DISPATCHIS_202609221145_0000000539214316.zip
2026-09-22 11:45:00,SA1,1.51,0,154.94,1,20260922093,0,PUBLIC_DISPATCHIS_202609221145_0000000539214316.zip
2026-09-22 11:45:00,TAS1,1.86427,0,946.55,1,20260922093,0,PUBLIC_DISPATCHIS_202609221145_0000000539214316.zip
2026-09-22 11:45:00,VIC1,1.75458,0,3187.59,1,20260922093,0,PUBLIC_DISPATCHIS_202609221145_0000000539214316.zip
2026-09-22 11:50:00,NSW1,103.19994,0,7283.99,1,20260922094,0,PUBLIC_DISPATCHIS_202609221150_0000000539214886.zip
2026-09-22 11:50:00,QLD1,14.62,0,3791.23,1,20260922094,0,PUBLIC_DISPATCHIS_202609221150_0000000539214886.zip
2026-09-22 11:50:00,SA1,9.1,0,146.53,1,20260922094,0,PUBLIC_DISPATCHIS_202609221150_0000000539214886.zip
2026-09-22 11:50:00,TAS1,11.15804,0,947.19,1,20260922094,0,PUBLIC_DISPATCHIS_202609221150_0000000539214886.zip
2026-09-22 11:50:00,VIC1,10.53324,0,3146.36,1,20260922094,0,PUBLIC_DISPATCHIS_202609221150_0000000539214886.zip
2026-09-22 11:55:00,NSW1,112.98,0,7260.0,1,20260922095,0,PUBLIC_DISPATCHIS_202609221155_0000000539215529.zip
2026-09-22 11:55:00,QLD1,26.75,0,3856.4,1,20260922095,0,PUBLIC_DISPATCHIS_202609221155_0000000539215529.zip
2026-09-22 11:55:00,SA1,12.94188,0,111.78,1,20260922095,0,PUBLIC_DISPATCHIS_202609221155_0000000539215529.zip
2026-09-22 11:55:00,TAS1,15.92326,0,944.43,1,20260922095,0,PUBLIC_DISPATCHIS_202609221155_0000000539215529.zip
2026-09-22 11:55:00,VIC1,15.08,0,3204.5,1,20260922095,0,PUBLIC_DISPATCHIS_202609221155_0000000539215529.zip
2026-09-22 12:00:00,NSW1,103.19979,0,7187.27,1,20260922096,0,PUBLIC_DISPATCHIS_202609221200_0000000539216183.zip
2026-09-22 12:00:00,QLD1,14.62,0,3783.65,1,20260922096,0,PUBLIC_DISPATCHIS_202609221200_0000000539216183.zip
2026-09-22 12:00:00,SA1,2.1,0,68.26,1,20260922096,0,PUBLIC_DISPATCHIS_202609221200_0000000539216183.zip
2026-09-22 12:00:00,TAS1,11.19035,0,944.64,1,20260922096,0,PUBLIC_DISPATCHIS_202609221200_0000000539216183.zip
2026-09-22 12:00:00,VIC1,10.5,0,3188.27,1,20260922096,0,PUBLIC_DISPATCHIS_202609221200_0000000539216183.zip
2026-09-22 12:05:00,NSW1,88.89,0,7210.05,1,20260922097,0,PUBLIC_DISPATCHIS_202609221205_0000000539216818.zip
2026-09-22 12:05:00,QLD1,14.62,0,3776.77,1,20260922097,0,PUBLIC_DISPATCHIS_202609221205_0000000539216818.zip
2026-09-22 12:05:00,SA1,1.51,0,87.02,1,20260922097,0,PUBLIC_DISPATCHIS_202609221205_0000000539216818.zip
2026-09-22 12:05:00,TAS1,1.88207,0,944.5,1,20260922097,0,PUBLIC_DISPATCHIS_202609221205_0000000539216818.zip
2026-09-22 12:05:00,VIC1,1.76581,0,3130.37,1,20260922097,0,PUBLIC_DISPATCHIS_202609221205_0000000539216818.zip
2026-09-22 12:10:00,NSW1,88.89,0,7231.63,1,20260922098,0,PUBLIC_DISPATCHIS_202609221210_0000000539218115.zip
2026-09-22 12:10:00,QLD1,23.67074,0,3849.88,1,20260922098,0,PUBLIC_DISPATCHIS_202609221210_0000000539218115.zip
2026-09-22 12:10:00,SA1,0.39253,0,95.5,1,20260922098,0,PUBLIC_DISPATCHIS_202609221210_0000000539218115.zip
2026-09-22 12:10:00,TAS1,1.16,0,943.6,1,20260922098,0,PUBLIC_DISPATCHIS_202609221210_0000000539218115.zip
2026-09-22 12:10:00,VIC1,0.45,0,3141.98,1,20260922098,0,PUBLIC_DISPATCHIS_202609221210_0000000539218115.zip
2026-09-22 12:15:00,NSW1,88.89,0,7220.37,1,20260922099,0,PUBLIC_DISPATCHIS_202609221215_0000000539218690.zip
2026-09-22 12:15:00,QLD1,14.75,0,3840.6,1,20260922099,0,PUBLIC_DISPATCHIS_202609221215_0000000539218690.zip
2026-09-22 12:15:00,SA1,13.35221,0,76.35,1,20260922099,0,PUBLIC_DISPATCHIS_202609221215_0000000539218690.zip
2026-09-22 12:15:00,TAS1,16.07484,0,943.53,1,20260922099,0,PUBLIC_DISPATCHIS_202609221215_0000000539218690.zip
2026-09-22 12:15:00,VIC1,15.08,0,3049.24,1,20260922099,0,PUBLIC_DISPATCHIS_202609221215_0000000539218690.zip
2026-09-22 12:20:00,NSW1,88.89,0,7159.67,1,20260922100,0,PUBLIC_DISPATCHIS_202609221220_0000000539219275.zip
2026-09-22 12:20:00,QLD1,14.62,0,3762.22,1,20260922100,0,PUBLIC_DISPATCHIS_202609221220_0000000539219275.zip
2026-09-22 12:20:00,SA1,10.78836,0,44.6,1,20260922100,0,PUBLIC_DISPATCHIS_202609221220_0000000539219275.zip
2026-09-22 12:20:00,TAS1,13.32403,0,943.34,1,20260922100,0,PUBLIC_DISPATCHIS_202609221220_0000000539219275.zip
2026-09-22 12:20:00,VIC1,12.49896,0,3033.03,1,20260922100,0,PUBLIC_DISPATCHIS_202609221220_0000000539219275.zip
2026-09-22 12:25:00,NSW1,42.94,0,7133.7,1,20260922101,0,PUBLIC_DISPATCHIS_202609221225_0000000539220063.zip
2026-09-22 12:25:00,QLD1,14.75,0,3815.09,1,20260922101,0,PUBLIC_DISPATCHIS_202609221225_0000000539220063.zip
2026-09-22 12:25:00,SA1,13.55674,0,10.08,1,20260922101,0,PUBLIC_DISPATCHIS_202609221225_0000000539220063.zip
2026-09-22 12:25:00,TAS1,16.02425,0,935.91,1,20260922101,0,PUBLIC_DISPATCHIS_202609221225_0000000539220063.zip
2026-09-22 12:25:00,VIC1,15.08,0,3085.82,1,20260922101,0,PUBLIC_DISPATCHIS_202609221225_0000000539220063.zip
2026-09-22 12:30:00,NSW1,65.99,0,7312.85,1,20260922102,0,PUBLIC_DISPATCHIS_202609221230_0000000539220576.zip
2026-09-22 12:30:00,QLD1,22.85,0,3810.97,1,20260922102,0,PUBLIC_DISPATCHIS_202609221230_0000000539220576.zip
2026-09-22 12:30:00,SA1,13.59866,0,9.78,1,20260922102,0,PUBLIC_DISPATCHIS_202609221230_0000000539220576.zip
2026-09-22 12:30:00,TAS1,16.02577,0,922.58,1,20260922102,0,PUBLIC_DISPATCHIS_202609221230_0000000539220576.zip
2026-09-22 12:30:00,VIC1,15.08,0,3023.94,1,20260922102,0,PUBLIC_DISPATCHIS_202609221230_0000000539220576.zip
2026-09-22 12:35:00,NSW1,65.99,0,7138.05,1,20260922103,0,PUBLIC_DISPATCHIS_202609221235_0000000539221224.zip
2026-09-22 12:35:00,QLD1,6.85,0,3813.9,1,20260922103,0,PUBLIC_DISPATCHIS_202609221235_0000000539221224.zip
2026-09-22 12:35:00,SA1,16.86608,0,-15.91,1,20260922103,0,PUBLIC_DISPATCHIS_202609221235_0000000539221224.zip
2026-09-22 12:35:00,TAS1,20.38196,0,929.11,1,20260922103,0,PUBLIC_DISPATCHIS_202609221235_0000000539221224.zip
2026-09-22 12:35:00,VIC1,19.17988,0,3073.3,1,20260922103,0,PUBLIC_DISPATCHIS_202609221235_0000000539221224.zip
2026-09-22 12:40:00,NSW1,65.99,0,7262.87,1,20260922104,0,PUBLIC_DISPATCHIS_202609221240_0000000539221777.zip
2026-09-22 12:40:00,QLD1,6.85,0,3804.32,1,20260922104,0,PUBLIC_DISPATCHIS_202609221240_0000000539221777.zip
2026-09-22 12:40:00,SA1,2.1,0,-10.4,1,20260922104,0,PUBLIC_DISPATCHIS_202609221240_0000000539221777.zip
2026-09-22 12:40:00,TAS1,2.56695,0,915.77,1,20260922104,0,PUBLIC_DISPATCHIS_202609221240_0000000539221777.zip
2026-09-22 12:40:00,VIC1,2.41566,0,3063.08,1,20260922104,0,PUBLIC_DISPATCHIS_202609221240_0000000539221777.zip
2026-09-22 12:45:00,NSW1,73.3,0,7277.66,1,20260922105,0,PUBLIC_DISPATCHIS_202609221245_0000000539222338.zip
2026-09-22 12:45:00,QLD1,6.85,0,3785.58,1,20260922105,0,PUBLIC_DISPATCHIS_202609221245_0000000539222338.zip
2026-09-22 12:45:00,SA1,13.23802,0,8.99,1,20260922105,0,PUBLIC_DISPATCHIS_202609221245_0000000539222338.zip
2026-09-22 12:45:00,TAS1,15.97554,0,912.13,1,20260922105,0,PUBLIC_DISPATCHIS_202609221245_0000000539222338.zip
2026-09-22 12:45:00,VIC1,15.08,0,3046.8,1,20260922105,0,PUBLIC_DISPATCHIS_202609221245_0000000539222338.zip
2026-09-22 12:50:00,NSW1,76.15,0,7253.65,1,20260922106,0,PUBLIC_DISPATCHIS_202609221250_0000000539222818.zip
2026-09-22 12:50:00,QLD1,14.62,0,3784.57,1,20260922106,0,PUBLIC_DISPATCHIS_202609221250_0000000539222818.zip
2026-09-22 12:50:00,SA1,12.98067,0,0.14,1,20260922106,0,PUBLIC_DISPATCHIS_202609221250_0000000539222818.zip
2026-09-22 12:50:00,TAS1,15.97635,0,905.46,1,20260922106,0,PUBLIC_DISPATCHIS_202609221250_0000000539222818.zip
2026-09-22 12:50:00,VIC1,15.08,0,2999.22,1,20260922106,0,PUBLIC_DISPATCHIS_202609221250_0000000539222818.zip
2026-09-22 12:55:00,NSW1,73.3,0,7284.9,1,20260922107,0,PUBLIC_DISPATCHIS_202609221255_0000000539223571.zip
2026-09-22 12:55:00,QLD1,25.07,0,3819.22,1,20260922107,0,PUBLIC_DISPATCHIS_202609221255_0000000539223571.zip
2026-09-22 12:55:00,SA1,0.00908,0,-12.65,1,20260922107,0,PUBLIC_DISPATCHIS_202609221255_0000000539223571.zip
2026-09-22 12:55:00,TAS1,0.04,0,911.98,1,20260922107,0,PUBLIC_DISPATCHIS_202609221255_0000000539223571.zip
2026-09-22 12:55:00,VIC1,0.0103,0,2928.15,1,20260922107,0,PUBLIC_DISPATCHIS_202609221255_0000000539223571.zip
2026-09-22 13:00:00,NSW1,76.15,0,7345.32,1,20260922108,0,PUBLIC_DISPATCHIS_202609221300_0000000539224087.zip
2026-09-22 13:00:00,QLD1,5.28437,0,3799.01,1,20260922108,0,PUBLIC_DISPATCHIS_202609221300_0000000539224087.zip
2026-09-22 13:00:00,SA1,13.31134,0,29.8,1,20260922108,0,PUBLIC_DISPATCHIS_202609221300_0000000539224087.zip
2026-09-22 13:00:00,TAS1,18.84458,0,912.13,1,20260922108,0,PUBLIC_DISPATCHIS_202609221300_0000000539224087.zip
2026-09-22 13:00:00,VIC1,15.0798,0,2976.51,1,20260922108,0,PUBLIC_DISPATCHIS_202609221300_0000000539224087.zip
2026-09-22 13:05:00,NSW1,88.89,0,7382.43,1,20260922109,0,PUBLIC_DISPATCHIS_202609221305_0000000539224808.zip
2026-09-22 13:05:00,QLD1,6.15534,0,3798.87,1,20260922109,0,PUBLIC_DISPATCHIS_202609221305_0000000539224808.zip
2026-09-22 13:05:00,SA1,9.1,0,-26.86,1,20260922109,0,PUBLIC_DISPATCHIS_202609221305_0000000539224808.zip
2026-09-22 13:05:00,TAS1,12.2255,0,894.83,1,20260922109,0,PUBLIC_DISPATCHIS_202609221305_0000000539224808.zip
2026-09-22 13:05:00,VIC1,10.5,0,3043.91,1,20260922109,0,PUBLIC_DISPATCHIS_202609221305_0000000539224808.zip
2026-09-22 13:10:00,NSW1,88.89,0,7408.5,1,20260922110,0,PUBLIC_DISPATCHIS_202609221310_0000000539225413.zip
2026-09-22 13:10:00,QLD1,-3.0,0,3830.39,1,20260922110,0,PUBLIC_DISPATCHIS_202609221310_0000000539225413.zip
2026-09-22 13:10:00,SA1,10.68687,0,-39.41,1,20260922110,0,PUBLIC_DISPATCHIS_202609221310_0000000539225413.zip
2026-09-22 13:10:00,TAS1,14.36112,0,895.61,1,20260922110,0,PUBLIC_DISPATCHIS_202609221310_0000000539225413.zip
2026-09-22 13:10:00,VIC1,12.49792,0,3072.62,1,20260922110,0,PUBLIC_DISPATCHIS_202609221310_0000000539225413.zip
2026-09-22 13:15:00,NSW1,76.15,0,7322.57,1,20260922111,0,PUBLIC_DISPATCHIS_202609221315_0000000539226025.zip
2026-09-22 13:15:00,QLD1,0.0,0,3883.93,1,20260922111,0,PUBLIC_DISPATCHIS_202609221315_0000000539226025.zip
2026-09-22 13:15:00,SA1,10.69863,0,-29.41,1,20260922111,0,PUBLIC_DISPATCHIS_202609221315_0000000539226025.zip
2026-09-22 13:15:00,TAS1,14.36187,0,896.91,1,20260922111,0,PUBLIC_DISPATCHIS_202609221315_0000000539226025.zip
2026-09-22 13:15:00,VIC1,12.49792,0,3037.21,1,20260922111,0,PUBLIC_DISPATCHIS_202609221315_0000000539226025.zip
2026-09-22 13:20:00,NSW1,76.15,0,7369.48,1,20260922112,0,PUBLIC_DISPATCHIS_202609221320_0000000539226544.zip
2026-09-22 13:20:00,QLD1,5e-05,0,3946.29,1,20260922112,0,PUBLIC_DISPATCHIS_202609221320_0000000539226544.zip
2026-09-22 13:20:00,SA1,9.13438,0,-31.94,1,20260922112,0,PUBLIC_DISPATCHIS_202609221320_0000000539226544.zip
2026-09-22 13:20:00,TAS1,14.97688,0,893.07,1,20260922112,0,PUBLIC_DISPATCHIS_202609221320_0000000539226544.zip
2026-09-22 13:20:00,VIC1,10.5,0,2966.01,1,20260922112,0,PUBLIC_DISPATCHIS_202609221320_0000000539226544.zip
2026-09-22 13:25:00,NSW1,76.15,0,7341.86,1,20260922113,0,PUBLIC_DISPATCHIS_202609221325_0000000539227306.zip
2026-09-22 13:25:00,QLD1,-3.0,0,3949.79,1,20260922113,0,PUBLIC_DISPATCHIS_202609221325_0000000539227306.zip
2026-09-22 13:25:00,SA1,13.11015,0,-27.64,1,20260922113,0,PUBLIC_DISPATCHIS_202609221325_0000000539227306.zip
2026-09-22 13:25:00,TAS1,18.57258,0,883.68,1,20260922113,0,PUBLIC_DISPATCHIS_202609221325_0000000539227306.zip
2026-09-22 13:25:00,VIC1,15.08,0,3049.72,1,20260922113,0,PUBLIC_DISPATCHIS_202609221325_0000000539227306.zip
2026-09-22 13:30:00,NSW1,88.89,0,7340.36,1,20260922114,0,PUBLIC_DISPATCHIS_202609221330_0000000539227962.zip
2026-09-22 13:30:00,QLD1,-7.11,0,4025.05,1,20260922114,0,PUBLIC_DISPATCHIS_202609221330_0000000539227962.zip
2026-09-22 13:30:00,SA1,13.14708,0,-37.01,1,20260922114,0,PUBLIC_DISPATCHIS_202609221330_0000000539227962.zip
2026-09-22 13:30:00,TAS1,16.07184,0,881.61,1,20260922114,0,PUBLIC_DISPATCHIS_202609221330_0000000539227962.zip
2026-09-22 13:30:00,VIC1,15.08,0,3065.16,1,20260922114,0,PUBLIC_DISPATCHIS_202609221330_0000000539227962.zip
2026-09-22 13:35:00,NSW1,76.15,0,7264.31,1,20260922115,0,PUBLIC_DISPATCHIS_202609221335_0000000539228654.zip
2026-09-22 13:35:00,QLD1,-6.0,0,4083.73,1,20260922115,0,PUBLIC_DISPATCHIS_202609221335_0000000539228654.zip
2026-09-22 13:35:00,SA1,7e-05,0,40.07,1,20260922115,0,PUBLIC_DISPATCHIS_202609221335_0000000539228654.zip
2026-09-22 13:35:00,TAS1,0.06,0,888.15,1,20260922115,0,PUBLIC_DISPATCHIS_202609221335_0000000539228654.zip
2026-09-22 13:35:00,VIC1,7e-05,0,3073.04,1,20260922115,0,PUBLIC_DISPATCHIS_202609221335_0000000539228654.zip
2026-09-22 13:40:00,NSW1,76.15,0,7326.01,1,20260922116,0,PUBLIC_DISPATCHIS_202609221340_0000000539229240.zip
2026-09-22 13:40:00,QLD1,-5.0,0,4110.01,1,20260922116,0,PUBLIC_DISPATCHIS_202609221340_0000000539229240.zip
2026-09-22 13:40:00,SA1,0.74523,0,21.43,1,20260922116,0,PUBLIC_DISPATCHIS_202609221340_0000000539229240.zip
2026-09-22 13:40:00,TAS1,0.86332,0,880.53,1,20260922116,0,PUBLIC_DISPATCHIS_202609221340_0000000539229240.zip
2026-09-22 13:40:00,VIC1,0.81,0,3054.09,1,20260922116,0,PUBLIC_DISPATCHIS_202609221340_0000000539229240.zip
2026-09-22 13:45:00,NSW1,76.15,0,7271.63,1,20260922117,0,PUBLIC_DISPATCHIS_202609221345_0000000539229845.zip
2026-09-22 13:45:00,QLD1,-5.0,0,4142.75,1,20260922117,0,PUBLIC_DISPATCHIS_202609221345_0000000539229845.zip
2026-09-22 13:45:00,SA1,0.88,0,41.56,1,20260922117,0,PUBLIC_DISPATCHIS_202609221345_0000000539229845.zip
2026-09-22 13:45:00,TAS1,1.02291,0,886.35,1,20260922117,0,PUBLIC_DISPATCHIS_202609221345_0000000539229845.zip
2026-09-22 13:45:00,VIC1,0.95977,0,3084.14,1,20260922117,0,PUBLIC_DISPATCHIS_202609221345_0000000539229845.zip
2026-09-22 13:50:00,NSW1,76.15,0,7331.14,1,20260922118,0,PUBLIC_DISPATCHIS_202609221350_0000000539230349.zip
2026-09-22 13:50:00,QLD1,-5e-05,0,4189.11,1,20260922118,0,PUBLIC_DISPATCHIS_202609221350_0000000539230349.zip
2026-09-22 13:50:00,SA1,11.18428,0,33.91,1,20260922118,0,PUBLIC_DISPATCHIS_202609221350_0000000539230349.zip
2026-09-22 13:50:00,TAS1,13.23781,0,890.27,1,20260922118,0,PUBLIC_DISPATCHIS_202609221350_0000000539230349.zip
2026-09-22 13:50:00,VIC1,12.49792,0,3121.56,1,20260922118,0,PUBLIC_DISPATCHIS_202609221350_0000000539230349.zip
2026-09-22 13:55:00,NSW1,76.15,0,7317.71,1,20260922119,0,PUBLIC_DISPATCHIS_202609221355_0000000539231120.zip
2026-09-22 13:55:00,QLD1,-3.0,0,4207.23,1,20260922119,0,PUBLIC_DISPATCHIS_202609221355_0000000539231120.zip
2026-09-22 13:55:00,SA1,12.37356,0,11.84,1,20260922119,0,PUBLIC_DISPATCHIS_202609221355_0000000539231120.zip
2026-09-22 13:55:00,TAS1,14.51975,0,891.08,1,20260922119,0,PUBLIC_DISPATCHIS_202609221355_0000000539231120.zip
2026-09-22 13:55:00,VIC1,13.61792,0,3060.78,1,20260922119,0,PUBLIC_DISPATCHIS_202609221355_0000000539231120.zip
2026-09-22 14:00:00,NSW1,76.15,0,7315.33,1,20260922120,0,PUBLIC_DISPATCHIS_202609221400_0000000539231618.zip
2026-09-22 14:00:00,QLD1,-3.0,0,4172.34,1,20260922120,0,PUBLIC_DISPATCHIS_202609221400_0000000539231618.zip
2026-09-22 14:00:00,SA1,11.71244,0,9.09,1,20260922120,0,PUBLIC_DISPATCHIS_202609221400_0000000539231618.zip
2026-09-22 14:00:00,TAS1,20.04,0,898.08,1,20260922120,0,PUBLIC_DISPATCHIS_202609221400_0000000539231618.zip
2026-09-22 14:00:00,VIC1,12.95896,0,3168.36,1,20260922120,0,PUBLIC_DISPATCHIS_202609221400_0000000539231618.zip
2026-09-22 14:05:00,NSW1,76.15,0,7324.67,1,20260922121,0,PUBLIC_DISPATCHIS_202609221405_0000000539232255.zip
2026-09-22 14:05:00,QLD1,5e-05,0,4201.94,1,20260922121,0,PUBLIC_DISPATCHIS_202609221405_0000000539232255.zip
2026-09-22 14:05:00,SA1,9.1,0,-1.71,1,20260922121,0,PUBLIC_DISPATCHIS_202609221405_0000000539232255.zip
2026-09-22 14:05:00,TAS1,10.78061,0,895.79,1,20260922121,0,PUBLIC_DISPATCHIS_202609221405_0000000539232255.zip
2026-09-22 14:05:00,VIC1,10.11651,0,3184.17,1,20260922121,0,PUBLIC_DISPATCHIS_202609221405_0000000539232255.zip
2026-09-22 14:10:00,NSW1,65.99,0,7267.13,1,20260922122,0,PUBLIC_DISPATCHIS_202609221410_0000000539232851.zip
2026-09-22 14:10:00,QLD1,0.0,0,4289.57,1,20260922122,0,PUBLIC_DISPATCHIS_202609221410_0000000539232851.zip
2026-09-22 14:10:00,SA1,1.27904,0,-8.91,1,20260922122,0,PUBLIC_DISPATCHIS_202609221410_0000000539232851.zip
2026-09-22 14:10:00,TAS1,1.49193,0,895.51,1,20260922122,0,PUBLIC_DISPATCHIS_202609221410_0000000539232851.zip
2026-09-22 14:10:00,VIC1,1.4,0,3166.88,1,20260922122,0,PUBLIC_DISPATCHIS_202609221410_0000000539232851.zip
2026-09-22 14:15:00,NSW1,57.38999,0,7311.22,1,20260922123,0,PUBLIC_DISPATCHIS_202609221415_0000000539233410.zip
2026-09-22 14:15:00,QLD1,0.00024,0,4372.31,1,20260922123,0,PUBLIC_DISPATCHIS_202609221415_0000000539233410.zip
2026-09-22 14:15:00,SA1,14.18279,0,20.87,1,20260922123,0,PUBLIC_DISPATCHIS_202609221415_0000000539233410.zip
2026-09-22 14:15:00,TAS1,20.04,0,897.32,1,20260922123,0,PUBLIC_DISPATCHIS_202609221415_0000000539233410.zip
2026-09-22 14:15:00,VIC1,15.86,0,3152.05,1,20260922123,0,PUBLIC_DISPATCHIS_202609221415_0000000539233410.zip
2026-09-22 14:20:00,NSW1,65.99,0,7373.67,1,20260922124,0,PUBLIC_DISPATCHIS_202609221420_0000000539234017.zip
2026-09-22 14:20:00,QLD1,22.85,0,4459.15,1,20260922124,0,PUBLIC_DISPATCHIS_202609221420_0000000539234017.zip
2026-09-22 14:20:00,SA1,9.31084,0,-2.77,1,20260922124,0,PUBLIC_DISPATCHIS_202609221420_0000000539234017.zip
2026-09-22 14:20:00,TAS1,15.22512,0,899.06,1,20260922124,0,PUBLIC_DISPATCHIS_202609221420_0000000539234017.zip
2026-09-22 14:20:00,VIC1,10.5,0,3068.16,1,20260922124,0,PUBLIC_DISPATCHIS_202609221420_0000000539234017.zip
2026-09-22 14:25:00,NSW1,73.3,0,7339.56,1,20260922125,0,PUBLIC_DISPATCHIS_202609221425_0000000539234757.zip
2026-09-22 14:25:00,QLD1,40.1,0,4484.06,1,20260922125,0,PUBLIC_DISPATCHIS_202609221425_0000000539234757.zip
2026-09-22 14:25:00,SA1,11.74919,0,-8.55,1,20260922125,0,PUBLIC_DISPATCHIS_202609221425_0000000539234757.zip
2026-09-22 14:25:00,TAS1,19.57212,0,907.01,1,20260922125,0,PUBLIC_DISPATCHIS_202609221425_0000000539234757.zip
2026-09-22 14:25:00,VIC1,12.95896,0,3160.07,1,20260922125,0,PUBLIC_DISPATCHIS_202609221425_0000000539234757.zip
2026-09-22 14:30:00,NSW1,76.1,0,7337.15,1,20260922126,0,PUBLIC_DISPATCHIS_202609221430_0000000539235322.zip
2026-09-22 14:30:00,QLD1,50.0,0,4533.81,1,20260922126,0,PUBLIC_DISPATCHIS_202609221430_0000000539235322.zip
2026-09-22 14:30:00,SA1,9.32934,0,1.45,1,20260922126,0,PUBLIC_DISPATCHIS_202609221430_0000000539235322.zip
2026-09-22 14:30:00,TAS1,15.94235,0,900.63,1,20260922126,0,PUBLIC_DISPATCHIS_202609221430_0000000539235322.zip
2026-09-22 14:30:00,VIC1,10.5,0,3243.13,1,20260922126,0,PUBLIC_DISPATCHIS_202609221430_0000000539235322.zip
2026-09-22 14:35:00,NSW1,76.15,0,7348.96,1,20260922127,0,PUBLIC_DISPATCHIS_202609221435_0000000539235940.zip
2026-09-22 14:35:00,QLD1,50.0,0,4643.85,1,20260922127,0,PUBLIC_DISPATCHIS_202609221435_0000000539235940.zip
2026-09-22 14:35:00,SA1,9.56005,0,6.46,1,20260922127,0,PUBLIC_DISPATCHIS_202609221435_0000000539235940.zip
2026-09-22 14:35:00,TAS1,11.19879,0,902.4,1,20260922127,0,PUBLIC_DISPATCHIS_202609221435_0000000539235940.zip
2026-09-22 14:35:00,VIC1,10.5,0,3191.26,1,20260922127,0,PUBLIC_DISPATCHIS_202609221435_0000000539235940.zip
2026-09-22 14:40:00,NSW1,76.15,0,7381.91,1,20260922128,0,PUBLIC_DISPATCHIS_202609221440_0000000539236662.zip
2026-09-22 14:40:00,QLD1,50.0,0,4690.58,1,20260922128,0,PUBLIC_DISPATCHIS_202609221440_0000000539236662.zip
2026-09-22 14:40:00,SA1,9.1,0,37.29,1,20260922128,0,PUBLIC_DISPATCHIS_202609221440_0000000539236662.zip
2026-09-22 14:40:00,TAS1,13.82624,0,905.49,1,20260922128,0,PUBLIC_DISPATCHIS_202609221440_0000000539236662.zip
2026-09-22 14:40:00,VIC1,9.75595,0,3307.51,1,20260922128,0,PUBLIC_DISPATCHIS_202609221440_0000000539236662.zip
2026-09-22 14:45:00,NSW1,76.15,0,7446.13,1,20260922129,0,PUBLIC_DISPATCHIS_202609221445_0000000539237293.zip
2026-09-22 14:45:00,QLD1,54.3349,0,4780.94,1,20260922129,0,PUBLIC_DISPATCHIS_202609221445_0000000539237293.zip
2026-09-22 14:45:00,SA1,9.56812,0,42.21,1,20260922129,0,PUBLIC_DISPATCHIS_202609221445_0000000539237293.zip
2026-09-22 14:45:00,TAS1,13.44128,0,916.07,1,20260922129,0,PUBLIC_DISPATCHIS_202609221445_0000000539237293.zip
2026-09-22 14:45:00,VIC1,10.5,0,3337.35,1,20260922129,0,PUBLIC_DISPATCHIS_202609221445_0000000539237293.zip
2026-09-22 14:50:00,NSW1,78.45072,0,7550.66,1,20260922130,0,PUBLIC_DISPATCHIS_202609221450_0000000539237967.zip
2026-09-22 14:50:00,QLD1,67.23,0,4848.98,1,20260922130,0,PUBLIC_DISPATCHIS_202609221450_0000000539237967.zip
2026-09-22 14:50:00,SA1,7.13,0,58.31,1,20260922130,0,PUBLIC_DISPATCHIS_202609221450_0000000539237967.zip
2026-09-22 14:50:00,TAS1,10.97089,0,912.49,1,20260922130,0,PUBLIC_DISPATCHIS_202609221450_0000000539237967.zip
2026-09-22 14:50:00,VIC1,7.731,0,3425.04,1,20260922130,0,PUBLIC_DISPATCHIS_202609221450_0000000539237967.zip
2026-09-22 14:55:00,NSW1,90.55,0,7503.14,1,20260922131,0,PUBLIC_DISPATCHIS_202609221455_0000000539238743.zip
2026-09-22 14:55:00,QLD1,77.21526,0,4942.02,1,20260922131,0,PUBLIC_DISPATCHIS_202609221455_0000000539238743.zip
2026-09-22 14:55:00,SA1,9.1,0,93.88,1,20260922131,0,PUBLIC_DISPATCHIS_202609221455_0000000539238743.zip
2026-09-22 14:55:00,TAS1,20.16,0,923.55,1,20260922131,0,PUBLIC_DISPATCHIS_202609221455_0000000539238743.zip
2026-09-22 14:55:00,VIC1,9.93678,0,3499.85,1,20260922131,0,PUBLIC_DISPATCHIS_202609221455_0000000539238743.zip
2026-09-22 15:00:00,NSW1,77.60213,0,7509.93,1,20260922132,0,PUBLIC_DISPATCHIS_202609221500_0000000539239283.zip
2026-09-22 15:00:00,QLD1,66.61,0,4955.79,1,20260922132,0,PUBLIC_DISPATCHIS_202609221500_0000000539239283.zip
2026-09-22 15:00:00,SA1,0.00897,0,98.48,1,20260922132,0,PUBLIC_DISPATCHIS_202609221500_0000000539239283.zip
2026-09-22 15:00:00,TAS1,20.16,0,924.4,1,20260922132,0,PUBLIC_DISPATCHIS_202609221500_0000000539239283.zip
2026-09-22 15:00:00,VIC1,0.00993,0,3466.85,1,20260922132,0,PUBLIC_DISPATCHIS_202609221500_0000000539239283.zip
2026-09-22 15:05:00,NSW1,76.15,0,7452.1,1,20260922133,0,PUBLIC_DISPATCHIS_202609221505_0000000539240012.zip
2026-09-22 15:05:00,QLD1,65.07626,0,5109.79,1,20260922133,0,PUBLIC_DISPATCHIS_202609221505_0000000539240012.zip
2026-09-22 15:05:00,SA1,0.76,0,141.03,1,20260922133,0,PUBLIC_DISPATCHIS_202609221505_0000000539240012.zip
2026-09-22 15:05:00,TAS1,4.81296,0,927.58,1,20260922133,0,PUBLIC_DISPATCHIS_202609221505_0000000539240012.zip
2026-09-22 15:05:00,VIC1,0.86653,0,3550.11,1,20260922133,0,PUBLIC_DISPATCHIS_202609221505_0000000539240012.zip
2026-09-22 15:10:00,NSW1,76.15,0,7494.66,1,20260922134,0,PUBLIC_DISPATCHIS_202609221510_0000000539240673.zip
2026-09-22 15:10:00,QLD1,66.84267,0,5223.91,1,20260922134,0,PUBLIC_DISPATCHIS_202609221510_0000000539240673.zip
2026-09-22 15:10:00,SA1,9.22885,0,166.85,1,20260922134,0,PUBLIC_DISPATCHIS_202609221510_0000000539240673.zip
2026-09-22 15:10:00,TAS1,11.14884,0,902.33,1,20260922134,0,PUBLIC_DISPATCHIS_202609221510_0000000539240673.zip
2026-09-22 15:10:00,VIC1,10.5,0,3522.07,1,20260922134,0,PUBLIC_DISPATCHIS_202609221510_0000000539240673.zip
2026-09-22 15:15:00,NSW1,83.9901,0,7576.21,1,20260922135,0,PUBLIC_DISPATCHIS_202609221515_0000000539241308.zip
2026-09-22 15:15:00,QLD1,73.8313,0,5346.6,1,20260922135,0,PUBLIC_DISPATCHIS_202609221515_0000000539241308.zip
2026-09-22 15:15:00,SA1,0.00909,0,173.29,1,20260922135,0,PUBLIC_DISPATCHIS_202609221515_0000000539241308.zip
2026-09-22 15:15:00,TAS1,0.04,0,852.68,1,20260922135,0,PUBLIC_DISPATCHIS_202609221515_0000000539241308.zip
2026-09-22 15:15:00,VIC1,0.0103,0,3529.75,1,20260922135,0,PUBLIC_DISPATCHIS_202609221515_0000000539241308.zip
2026-09-22 15:20:00,NSW1,83.99,0,7613.03,1,20260922136,0,PUBLIC_DISPATCHIS_202609221520_0000000539241898.zip
2026-09-22 15:20:00,QLD1,72.97169,0,5415.93,1,20260922136,0,PUBLIC_DISPATCHIS_202609221520_0000000539241898.zip
2026-09-22 15:20:00,SA1,2.1,0,206.56,1,20260922136,0,PUBLIC_DISPATCHIS_202609221520_0000000539241898.zip
2026-09-22 15:20:00,TAS1,2.93373,0,925.22,1,20260922136,0,PUBLIC_DISPATCHIS_202609221520_0000000539241898.zip
2026-09-22 15:20:00,VIC1,2.36065,0,3693.03,1,20260922136,0,PUBLIC_DISPATCHIS_202609221520_0000000539241898.zip
2026-09-22 15:25:00,NSW1,88.56796,0,7613.31,1,20260922137,0,PUBLIC_DISPATCHIS_202609221525_0000000539242655.zip
2026-09-22 15:25:00,QLD1,78.51,0,5500.97,1,20260922137,0,PUBLIC_DISPATCHIS_202609221525_0000000539242655.zip
2026-09-22 15:25:00,SA1,9.27519,0,226.59,1,20260922137,0,PUBLIC_DISPATCHIS_202609221525_0000000539242655.zip
2026-09-22 15:25:00,TAS1,20.04,0,947.08,1,20260922137,0,PUBLIC_DISPATCHIS_202609221525_0000000539242655.zip
2026-09-22 15:25:00,VIC1,10.49977,0,3736.39,1,20260922137,0,PUBLIC_DISPATCHIS_202609221525_0000000539242655.zip
2026-09-22 15:30:00,NSW1,84.79,0,7629.11,1,20260922138,0,PUBLIC_DISPATCHIS_202609221530_0000000539243177.zip
2026-09-22 15:30:00,QLD1,76.27105,0,5656.83,1,20260922138,0,PUBLIC_DISPATCHIS_202609221530_0000000539243177.zip
2026-09-22 15:30:00,SA1,10.07879,0,234.42,1,20260922138,0,PUBLIC_DISPATCHIS_202609221530_0000000539243177.zip
2026-09-22 15:30:00,TAS1,19.06,0,953.86,1,20260922138,0,PUBLIC_DISPATCHIS_202609221530_0000000539243177.zip
2026-09-22 15:30:00,VIC1,11.50023,0,3779.33,1,20260922138,0,PUBLIC_DISPATCHIS_202609221530_0000000539243177.zip
2026-09-22 15:35:00,NSW1,76.15,0,7782.07,1,20260922139,0,PUBLIC_DISPATCHIS_202609221535_0000000539243921.zip
2026-09-22 15:35:00,QLD1,69.81308,0,5648.99,1,20260922139,0,PUBLIC_DISPATCHIS_202609221535_0000000539243921.zip
2026-09-22 15:35:00,SA1,0.00888,0,240.18,1,20260922139,0,PUBLIC_DISPATCHIS_202609221535_0000000539243921.zip
2026-09-22 15:35:00,TAS1,0.04,0,958.77,1,20260922139,0,PUBLIC_DISPATCHIS_202609221535_0000000539243921.zip
2026-09-22 15:35:00,VIC1,0.0103,0,3825.08,1,20260922139,0,PUBLIC_DISPATCHIS_202609221535_0000000539243921.zip
2026-09-22 15:40:00,NSW1,90.55,0,7923.22,1,20260922140,0,PUBLIC_DISPATCHIS_202609221540_0000000539244507.zip
2026-09-22 15:40:00,QLD1,84.79273,0,5829.01,1,20260922140,0,PUBLIC_DISPATCHIS_202609221540_0000000539244507.zip
2026-09-22 15:40:00,SA1,0.00912,0,280.83,1,20260922140,0,PUBLIC_DISPATCHIS_202609221540_0000000539244507.zip
2026-09-22 15:40:00,TAS1,2.19097,0,963.13,1,20260922140,0,PUBLIC_DISPATCHIS_202609221540_0000000539244507.zip
2026-09-22 15:40:00,VIC1,0.0103,0,3814.44,1,20260922140,0,PUBLIC_DISPATCHIS_202609221540_0000000539244507.zip
2026-09-22 15:45:00,NSW1,76.15,0,7933.97,1,20260922141,0,PUBLIC_DISPATCHIS_202609221545_0000000539245153.zip
2026-09-22 15:45:00,QLD1,70.02627,0,5896.75,1,20260922141,0,PUBLIC_DISPATCHIS_202609221545_0000000539245153.zip
2026-09-22 15:45:00,SA1,33.71151,0,317.38,1,20260922141,0,PUBLIC_DISPATCHIS_202609221545_0000000539245153.zip
2026-09-22 15:45:00,TAS1,40.06,0,970.33,1,20260922141,0,PUBLIC_DISPATCHIS_202609221545_0000000539245153.zip
2026-09-22 15:45:00,VIC1,37.0598,0,3986.01,1,20260922141,0,PUBLIC_DISPATCHIS_202609221545_0000000539245153.zip
2026-09-22 15:50:00,NSW1,83.99,0,7856.67,1,20260922142,0,PUBLIC_DISPATCHIS_202609221550_0000000539245694.zip
2026-09-22 15:50:00,QLD1,78.51,0,6012.19,1,20260922142,0,PUBLIC_DISPATCHIS_202609221550_0000000539245694.zip
2026-09-22 15:50:00,SA1,23.42,0,318.37,1,20260922142,0,PUBLIC_DISPATCHIS_202609221550_0000000539245694.zip
2026-09-22 15:50:00,TAS1,40.04,0,981.83,1,20260922142,0,PUBLIC_DISPATCHIS_202609221550_0000000539245694.zip
2026-09-22 15:50:00,VIC1,25.75577,0,4010.28,1,20260922142,0,PUBLIC_DISPATCHIS_202609221550_0000000539245694.zip
2026-09-22 15:55:00,NSW1,90.55,0,7989.05,1,20260922143,0,PUBLIC_DISPATCHIS_202609221555_0000000539246451.zip
2026-09-22 15:55:00,QLD1,85.60342,0,6058.25,1,20260922143,0,PUBLIC_DISPATCHIS_202609221555_0000000539246451.zip
2026-09-22 15:55:00,SA1,49.62839,0,318.96,1,20260922143,0,PUBLIC_DISPATCHIS_202609221555_0000000539246451.zip
2026-09-22 15:55:00,TAS1,58.0479,0,987.12,1,20260922143,0,PUBLIC_DISPATCHIS_202609221555_0000000539246451.zip
2026-09-22 15:55:00,VIC1,54.87985,0,4163.85,1,20260922143,0,PUBLIC_DISPATCHIS_202609221555_0000000539246451.zip
2026-09-22 16:00:00,NSW1,90.55,0,8032.19,1,20260922144,0,PUBLIC_DISPATCHIS_202609221600_0000000539246979.zip
2026-09-22 16:00:00,QLD1,87.95373,0,6182.92,1,20260922144,0,PUBLIC_DISPATCHIS_202609221600_0000000539246979.zip
2026-09-22 16:00:00,SA1,9.74017,0,352.05,1,20260922144,0,PUBLIC_DISPATCHIS_202609221600_0000000539246979.zip
2026-09-22 16:00:00,TAS1,41.08,0,998.06,1,20260922144,0,PUBLIC_DISPATCHIS_202609221600_0000000539246979.zip
2026-09-22 16:00:00,VIC1,10.50026,0,4170.3,1,20260922144,0,PUBLIC_DISPATCHIS_202609221600_0000000539246979.zip
2026-09-22 16:05:00,NSW1,95.36392,0,8115.29,1,20260922145,0,PUBLIC_DISPATCHIS_202609221605_0000000539247675.zip
2026-09-22 16:05:00,QLD1,93.3,0,6257.62,1,20260922145,0,PUBLIC_DISPATCHIS_202609221605_0000000539247675.zip
2026-09-22 16:05:00,SA1,21.5909,0,387.26,1,20260922145,0,PUBLIC_DISPATCHIS_202609221605_0000000539247675.zip
2026-09-22 16:05:00,TAS1,27.5363,0,1001.0,1,20260922145,0,PUBLIC_DISPATCHIS_202609221605_0000000539247675.zip
2026-09-22 16:05:00,VIC1,23.08186,0,4308.61,1,20260922145,0,PUBLIC_DISPATCHIS_202609221605_0000000539247675.zip
2026-09-22 16:10:00,NSW1,102.33752,0,8103.35,1,20260922146,0,PUBLIC_DISPATCHIS_202609221610_0000000539248365.zip
2026-09-22 16:10:00,QLD1,99.6,0,6351.75,1,20260922146,0,PUBLIC_DISPATCHIS_202609221610_0000000539248365.zip
2026-09-22 16:10:00,SA1,22.48012,0,445.76,1,20260922146,0,PUBLIC_DISPATCHIS_202609221610_0000000539248365.zip
2026-09-22 16:10:00,TAS1,25.11795,0,999.43,1,20260922146,0,PUBLIC_DISPATCHIS_202609221610_0000000539248365.zip
2026-09-22 16:10:00,VIC1,23.61024,0,4449.14,1,20260922146,0,PUBLIC_DISPATCHIS_202609221610_0000000539248365.zip
2026-09-22 16:15:00,NSW1,104.04871,0,8188.69,1,20260922147,0,PUBLIC_DISPATCHIS_202609221615_0000000539248933.zip
2026-09-22 16:15:00,QLD1,99.6,0,6322.44,1,20260922147,0,PUBLIC_DISPATCHIS_202609221615_0000000539248933.zip
2026-09-22 16:15:00,SA1,22.12267,0,463.63,1,20260922147,0,PUBLIC_DISPATCHIS_202609221615_0000000539248933.zip
2026-09-22 16:15:00,TAS1,26.95916,0,1011.55,1,20260922147,0,PUBLIC_DISPATCHIS_202609221615_0000000539248933.zip
2026-09-22 16:15:00,VIC1,23.22186,0,4505.87,1,20260922147,0,PUBLIC_DISPATCHIS_202609221615_0000000539248933.zip
2026-09-22 16:20:00,NSW1,103.51548,0,8182.26,1,20260922148,0,PUBLIC_DISPATCHIS_202609221620_0000000539249498.zip
2026-09-22 16:20:00,QLD1,99.6,0,6462.81,1,20260922148,0,PUBLIC_DISPATCHIS_202609221620_0000000539249498.zip
2026-09-22 16:20:00,SA1,11.83676,0,496.54,1,20260922148,0,PUBLIC_DISPATCHIS_202609221620_0000000539249498.zip
2026-09-22 16:20:00,TAS1,39.06,0,1019.11,1,20260922148,0,PUBLIC_DISPATCHIS_202609221620_0000000539249498.zip
2026-09-22 16:20:00,VIC1,12.5,0,4535.59,1,20260922148,0,PUBLIC_DISPATCHIS_202609221620_0000000539249498.zip
2026-09-22 16:25:00,NSW1,108.77664,0,8272.31,1,20260922149,0,PUBLIC_DISPATCHIS_202609221625_0000000539250291.zip
2026-09-22 16:25:00,QLD1,102.8,0,6559.0,1,20260922149,0,PUBLIC_DISPATCHIS_202609221625_0000000539250291.zip
2026-09-22 16:25:00,SA1,23.13854,0,540.64,1,20260922149,0,PUBLIC_DISPATCHIS_202609221625_0000000539250291.zip
2026-09-22 16:25:00,TAS1,39.06,0,1026.15,1,20260922149,0,PUBLIC_DISPATCHIS_202609221625_0000000539250291.zip
2026-09-22 16:25:00,VIC1,24.30653,0,4662.59,1,20260922149,0,PUBLIC_DISPATCHIS_202609221625_0000000539250291.zip
2026-09-22 16:30:00,NSW1,109.33039,0,8295.86,1,20260922150,0,PUBLIC_DISPATCHIS_202609221630_0000000539250794.zip
2026-09-22 16:30:00,QLD1,102.8,0,6660.15,1,20260922150,0,PUBLIC_DISPATCHIS_202609221630_0000000539250794.zip
2026-09-22 16:30:00,SA1,51.47638,0,604.24,1,20260922150,0,PUBLIC_DISPATCHIS_202609221630_0000000539250794.zip
2026-09-22 16:30:00,TAS1,55.16,0,1035.7,1,20260922150,0,PUBLIC_DISPATCHIS_202609221630_0000000539250794.zip
2026-09-22 16:30:00,VIC1,53.51396,0,4787.77,1,20260922150,0,PUBLIC_DISPATCHIS_202609221630_0000000539250794.zip
2026-09-22 16:35:00,NSW1,104.45612,0,8366.2,1,20260922151,0,PUBLIC_DISPATCHIS_202609221635_0000000539251430.zip
2026-09-22 16:35:00,QLD1,99.6,0,6754.44,1,20260922151,0,PUBLIC_DISPATCHIS_202609221635_0000000539251430.zip
2026-09-22 16:35:00,SA1,50.07292,0,633.94,1,20260922151,0,PUBLIC_DISPATCHIS_202609221635_0000000539251430.zip
2026-09-22 16:35:00,TAS1,55.1,0,1051.92,1,20260922151,0,PUBLIC_DISPATCHIS_202609221635_0000000539251430.zip
2026-09-22 16:35:00,VIC1,51.82302,0,4923.45,1,20260922151,0,PUBLIC_DISPATCHIS_202609221635_0000000539251430.zip
2026-09-22 16:40:00,NSW1,112.98,0,8497.61,1,20260922152,0,PUBLIC_DISPATCHIS_202609221640_0000000539252074.zip
2026-09-22 16:40:00,QLD1,106.45543,0,6831.58,1,20260922152,0,PUBLIC_DISPATCHIS_202609221640_0000000539252074.zip
2026-09-22 16:40:00,SA1,52.72651,0,678.1,1,20260922152,0,PUBLIC_DISPATCHIS_202609221640_0000000539252074.zip
2026-09-22 16:40:00,TAS1,55.16,0,1007.7,1,20260922152,0,PUBLIC_DISPATCHIS_202609221640_0000000539252074.zip
2026-09-22 16:40:00,VIC1,54.04857,0,4990.95,1,20260922152,0,PUBLIC_DISPATCHIS_202609221640_0000000539252074.zip
2026-09-22 16:45:00,NSW1,112.98,0,8523.97,1,20260922153,0,PUBLIC_DISPATCHIS_202609221645_0000000539252683.zip
2026-09-22 16:45:00,QLD1,105.80406,0,6847.22,1,20260922153,0,PUBLIC_DISPATCHIS_202609221645_0000000539252683.zip
2026-09-22 16:45:00,SA1,54.8837,0,735.02,1,20260922153,0,PUBLIC_DISPATCHIS_202609221645_0000000539252683.zip
2026-09-22 16:45:00,TAS1,56.08,0,1026.14,1,20260922153,0,PUBLIC_DISPATCHIS_202609221645_0000000539252683.zip
2026-09-22 16:45:00,VIC1,55.46,0,5074.81,1,20260922153,0,PUBLIC_DISPATCHIS_202609221645_0000000539252683.zip
2026-09-22 16:50:00,NSW1,112.66392,0,8511.85,1,20260922154,0,PUBLIC_DISPATCHIS_202609221650_0000000539253202.zip
2026-09-22 16:50:00,QLD1,107.73,0,6978.66,1,20260922154,0,PUBLIC_DISPATCHIS_202609221650_0000000539253202.zip
2026-09-22 16:50:00,SA1,75.44,0,774.5,1,20260922154,0,PUBLIC_DISPATCHIS_202609221650_0000000539253202.zip
2026-09-22 16:50:00,TAS1,76.17808,0,1037.85,1,20260922154,0,PUBLIC_DISPATCHIS_202609221650_0000000539253202.zip
2026-09-22 16:50:00,VIC1,75.83,0,5179.94,1,20260922154,0,PUBLIC_DISPATCHIS_202609221650_0000000539253202.zip
2026-09-22 16:55:00,NSW1,112.98,0,8687.01,1,20260922155,0,PUBLIC_DISPATCHIS_202609221655_0000000539253987.zip
2026-09-22 16:55:00,QLD1,105.40433,0,7060.19,1,20260922155,0,PUBLIC_DISPATCHIS_202609221655_0000000539253987.zip
2026-09-22 16:55:00,SA1,56.30299,0,820.88,1,20260922155,0,PUBLIC_DISPATCHIS_202609221655_0000000539253987.zip
2026-09-22 16:55:00,TAS1,56.424,0,1049.09,1,20260922155,0,PUBLIC_DISPATCHIS_202609221655_0000000539253987.zip
2026-09-22 16:55:00,VIC1,55.46,0,5004.76,1,20260922155,0,PUBLIC_DISPATCHIS_202609221655_0000000539253987.zip
2026-09-22 17:00:00,NSW1,113.15413,0,8736.83,1,20260922156,0,PUBLIC_DISPATCHIS_202609221700_0000000539254524.zip
2026-09-22 17:00:00,QLD1,107.73,0,7135.21,1,20260922156,0,PUBLIC_DISPATCHIS_202609221700_0000000539254524.zip
2026-09-22 17:00:00,SA1,75.27736,0,868.2,1,20260922156,0,PUBLIC_DISPATCHIS_202609221700_0000000539254524.zip
2026-09-22 17:00:00,TAS1,74.16751,0,1065.9,1,20260922156,0,PUBLIC_DISPATCHIS_202609221700_0000000539254524.zip
2026-09-22 17:00:00,VIC1,73.37,0,5023.82,1,20260922156,0,PUBLIC_DISPATCHIS_202609221700_0000000539254524.zip
2026-09-22 17:05:00,NSW1,113.5,0,8815.64,1,20260922157,0,PUBLIC_DISPATCHIS_202609221705_0000000539255209.zip
2026-09-22 17:05:00,QLD1,108.84445,0,7203.6,1,20260922157,0,PUBLIC_DISPATCHIS_202609221705_0000000539255209.zip
2026-09-22 17:05:00,SA1,55.66176,0,909.16,1,20260922157,0,PUBLIC_DISPATCHIS_202609221705_0000000539255209.zip
2026-09-22 17:05:00,TAS1,56.41654,0,1077.56,1,20260922157,0,PUBLIC_DISPATCHIS_202609221705_0000000539255209.zip
2026-09-22 17:05:00,VIC1,55.46,0,5134.44,1,20260922157,0,PUBLIC_DISPATCHIS_202609221705_0000000539255209.zip
2026-09-22 17:10:00,NSW1,105.32379,0,8732.09,1,20260922158,0,PUBLIC_DISPATCHIS_202609221710_0000000539255919.zip
2026-09-22 17:10:00,QLD1,99.68,0,7165.28,1,20260922158,0,PUBLIC_DISPATCHIS_202609221710_0000000539255919.zip
2026-09-22 17:10:00,SA1,75.44,0,961.34,1,20260922158,0,PUBLIC_DISPATCHIS_202609221710_0000000539255919.zip
2026-09-22 17:10:00,TAS1,76.10654,0,1086.27,1,20260922158,0,PUBLIC_DISPATCHIS_202609221710_0000000539255919.zip
2026-09-22 17:10:00,VIC1,75.32881,0,5377.26,1,20260922158,0,PUBLIC_DISPATCHIS_202609221710_0000000539255919.zip
2026-09-22 17:15:00,NSW1,113.5,0,8831.92,1,20260922159,0,PUBLIC_DISPATCHIS_202609221715_0000000539256574.zip
2026-09-22 17:15:00,QLD1,108.92474,0,7257.42,1,20260922159,0,PUBLIC_DISPATCHIS_202609221715_0000000539256574.zip
2026-09-22 17:15:00,SA1,101.02,0,1005.09,1,20260922159,0,PUBLIC_DISPATCHIS_202609221715_0000000539256574.zip
2026-09-22 17:15:00,TAS1,88.2,0,1098.66,1,20260922159,0,PUBLIC_DISPATCHIS_202609221715_0000000539256574.zip
2026-09-22 17:15:00,VIC1,101.18,0,5545.89,1,20260922159,0,PUBLIC_DISPATCHIS_202609221715_0000000539256574.zip
2026-09-22 17:20:00,NSW1,112.98,0,8843.15,1,20260922160,0,PUBLIC_DISPATCHIS_202609221720_0000000539257108.zip
2026-09-22 17:20:00,QLD1,102.8,0,7280.34,1,20260922160,0,PUBLIC_DISPATCHIS_202609221720_0000000539257108.zip
2026-09-22 17:20:00,SA1,100.61284,0,1024.45,1,20260922160,0,PUBLIC_DISPATCHIS_202609221720_0000000539257108.zip
2026-09-22 17:20:00,TAS1,97.79348,0,1110.49,1,20260922160,0,PUBLIC_DISPATCHIS_202609221720_0000000539257108.zip
2026-09-22 17:20:00,VIC1,101.18,0,5659.05,1,20260922160,0,PUBLIC_DISPATCHIS_202609221720_0000000539257108.zip
2026-09-22 17:25:00,NSW1,112.98,0,8957.99,1,20260922161,0,PUBLIC_DISPATCHIS_202609221725_0000000539257891.zip
2026-09-22 17:25:00,QLD1,101.73171,0,7247.21,1,20260922161,0,PUBLIC_DISPATCHIS_202609221725_0000000539257891.zip
2026-09-22 17:25:00,SA1,101.02,0,1095.57,1,20260922161,0,PUBLIC_DISPATCHIS_202609221725_0000000539257891.zip
2026-09-22 17:25:00,TAS1,97.32004,0,1124.01,1,20260922161,0,PUBLIC_DISPATCHIS_202609221725_0000000539257891.zip
2026-09-22 17:25:00,VIC1,101.18,0,5843.51,1,20260922161,0,PUBLIC_DISPATCHIS_202609221725_0000000539257891.zip
2026-09-22 17:30:00,NSW1,104.92713,0,8958.7,1,20260922162,0,PUBLIC_DISPATCHIS_202609221730_0000000539258428.zip
2026-09-22 17:30:00,QLD1,99.6,0,7387.56,1,20260922162,0,PUBLIC_DISPATCHIS_202609221730_0000000539258428.zip
2026-09-22 17:30:00,SA1,107.75293,0,1129.85,1,20260922162,0,PUBLIC_DISPATCHIS_202609221730_0000000539258428.zip
2026-09-22 17:30:00,TAS1,105.30615,0,1139.74,1,20260922162,0,PUBLIC_DISPATCHIS_202609221730_0000000539258428.zip
2026-09-22 17:30:00,VIC1,109.54389,0,5860.71,1,20260922162,0,PUBLIC_DISPATCHIS_202609221730_0000000539258428.zip
2026-09-22 17:35:00,NSW1,106.28629,0,9129.21,1,20260922163,0,PUBLIC_DISPATCHIS_202609221735_0000000539259034.zip
2026-09-22 17:35:00,QLD1,101.56,0,7425.47,1,20260922163,0,PUBLIC_DISPATCHIS_202609221735_0000000539259034.zip
2026-09-22 17:35:00,SA1,101.02,0,1195.65,1,20260922163,0,PUBLIC_DISPATCHIS_202609221735_0000000539259034.zip
2026-09-22 17:35:00,TAS1,98.08402,0,1159.8,1,20260922163,0,PUBLIC_DISPATCHIS_202609221735_0000000539259034.zip
2026-09-22 17:35:00,VIC1,104.32559,0,5999.84,1,20260922163,0,PUBLIC_DISPATCHIS_202609221735_0000000539259034.zip
2026-09-22 17:40:00,NSW1,112.98,0,9228.07,1,20260922164,0,PUBLIC_DISPATCHIS_202609221740_0000000539259634.zip
2026-09-22 17:40:00,QLD1,104.65928,0,7498.38,1,20260922164,0,PUBLIC_DISPATCHIS_202609221740_0000000539259634.zip
2026-09-22 17:40:00,SA1,101.02,0,1231.48,1,20260922164,0,PUBLIC_DISPATCHIS_202609221740_0000000539259634.zip
2026-09-22 17:40:00,TAS1,98.98741,0,1160.88,1,20260922164,0,PUBLIC_DISPATCHIS_202609221740_0000000539259634.zip
2026-09-22 17:40:00,VIC1,105.92724,0,5962.45,1,20260922164,0,PUBLIC_DISPATCHIS_202609221740_0000000539259634.zip
2026-09-22 17:45:00,NSW1,104.33362,0,9223.7,1,20260922165,0,PUBLIC_DISPATCHIS_202609221745_0000000539260205.zip
2026-09-22 17:45:00,QLD1,99.68,0,7519.04,1,20260922165,0,PUBLIC_DISPATCHIS_202609221745_0000000539260205.zip
2026-09-22 17:45:00,SA1,101.02,0,1277.84,1,20260922165,0,PUBLIC_DISPATCHIS_202609221745_0000000539260205.zip
2026-09-22 17:45:00,TAS1,98.65728,0,1178.14,1,20260922165,0,PUBLIC_DISPATCHIS_202609221745_0000000539260205.zip
2026-09-22 17:45:00,VIC1,105.26009,0,6048.4,1,20260922165,0,PUBLIC_DISPATCHIS_202609221745_0000000539260205.zip
2026-09-22 17:50:00,NSW1,112.98,0,9333.3,1,20260922166,0,PUBLIC_DISPATCHIS_202609221750_0000000539260772.zip
2026-09-22 17:50:00,QLD1,104.08765,0,7566.18,1,20260922166,0,PUBLIC_DISPATCHIS_202609221750_0000000539260772.zip
2026-09-22 17:50:00,SA1,110.43,0,1319.77,1,20260922166,0,PUBLIC_DISPATCHIS_202609221750_0000000539260772.zip
2026-09-22 17:50:00,TAS1,111.07426,0,1188.85,1,20260922166,0,PUBLIC_DISPATCHIS_202609221750_0000000539260772.zip
2026-09-22 17:50:00,VIC1,118.17635,0,6221.39,1,20260922166,0,PUBLIC_DISPATCHIS_202609221750_0000000539260772.zip
2026-09-22 17:55:00,NSW1,110.97929,0,9385.99,1,20260922167,0,PUBLIC_DISPATCHIS_202609221755_0000000539261562.zip
2026-09-22 17:55:00,QLD1,101.61,0,7574.15,1,20260922167,0,PUBLIC_DISPATCHIS_202609221755_0000000539261562.zip
2026-09-22 17:55:00,SA1,106.26912,0,1370.89,1,20260922167,0,PUBLIC_DISPATCHIS_202609221755_0000000539261562.zip
2026-09-22 17:55:00,TAS1,105.25341,0,1198.36,1,20260922167,0,PUBLIC_DISPATCHIS_202609221755_0000000539261562.zip
2026-09-22 17:55:00,VIC1,111.98,0,6213.01,1,20260922167,0,PUBLIC_DISPATCHIS_202609221755_0000000539261562.zip
2026-09-22 18:00:00,NSW1,112.98,0,9379.42,1,20260922168,0,PUBLIC_DISPATCHIS_202609221800_0000000539262128.zip
2026-09-22 18:00:00,QLD1,105.4,0,7546.4,1,20260922168,0,PUBLIC_DISPATCHIS_202609221800_0000000539262128.zip
2026-09-22 18:00:00,SA1,110.43,0,1407.04,1,20260922168,0,PUBLIC_DISPATCHIS_202609221800_0000000539262128.zip
2026-09-22 18:00:00,TAS1,110.6019,0,1211.73,1,20260922168,0,PUBLIC_DISPATCHIS_202609221800_0000000539262128.zip
2026-09-22 18:00:00,VIC1,116.69219,0,6317.31,1,20260922168,0,PUBLIC_DISPATCHIS_202609221800_0000000539262128.zip
2026-09-22 18:05:00,NSW1,104.83138,0,9291.16,1,20260922169,0,PUBLIC_DISPATCHIS_202609221805_0000000539262762.zip
2026-09-22 18:05:00,QLD1,99.68,0,7544.89,1,20260922169,0,PUBLIC_DISPATCHIS_202609221805_0000000539262762.zip
2026-09-22 18:05:00,SA1,104.25761,0,1443.51,1,20260922169,0,PUBLIC_DISPATCHIS_202609221805_0000000539262762.zip
2026-09-22 18:05:00,TAS1,103.03061,0,1216.59,1,20260922169,0,PUBLIC_DISPATCHIS_202609221805_0000000539262762.zip
2026-09-22 18:05:00,VIC1,108.59524,0,6334.2,1,20260922169,0,PUBLIC_DISPATCHIS_202609221805_0000000539262762.zip
2026-09-22 18:10:00,NSW1,109.73927,0,9276.94,1,20260922170,0,PUBLIC_DISPATCHIS_202609221810_0000000539263612.zip
2026-09-22 18:10:00,QLD1,101.02016,0,7481.72,1,20260922170,0,PUBLIC_DISPATCHIS_202609221810_0000000539263612.zip
2026-09-22 18:10:00,SA1,110.43,0,1494.0,1,20260922170,0,PUBLIC_DISPATCHIS_202609221810_0000000539263612.zip
2026-09-22 18:10:00,TAS1,108.13925,0,1226.69,1,20260922170,0,PUBLIC_DISPATCHIS_202609221810_0000000539263612.zip
2026-09-22 18:10:00,VIC1,114.0435,0,6423.12,1,20260922170,0,PUBLIC_DISPATCHIS_202609221810_0000000539263612.zip
2026-09-22 18:15:00,NSW1,106.21838,0,9353.49,1,20260922171,0,PUBLIC_DISPATCHIS_202609221815_0000000539264183.zip
2026-09-22 18:15:00,QLD1,99.68,0,7523.03,1,20260922171,0,PUBLIC_DISPATCHIS_202609221815_0000000539264183.zip
2026-09-22 18:15:00,SA1,104.08,0,1494.89,1,20260922171,0,PUBLIC_DISPATCHIS_202609221815_0000000539264183.zip
2026-09-22 18:15:00,TAS1,100.35929,0,1230.84,1,20260922171,0,PUBLIC_DISPATCHIS_202609221815_0000000539264183.zip
2026-09-22 18:15:00,VIC1,106.8009,0,6410.33,1,20260922171,0,PUBLIC_DISPATCHIS_202609221815_0000000539264183.zip
2026-09-22 18:20:00,NSW1,104.73494,0,9356.34,1,20260922172,0,PUBLIC_DISPATCHIS_202609221820_0000000539264759.zip
2026-09-22 18:20:00,QLD1,99.6,0,7559.1,1,20260922172,0,PUBLIC_DISPATCHIS_202609221820_0000000539264759.zip
2026-09-22 18:20:00,SA1,104.54208,0,1525.35,1,20260922172,0,PUBLIC_DISPATCHIS_202609221820_0000000539264759.zip
2026-09-22 18:20:00,TAS1,101.77243,0,1242.93,1,20260922172,0,PUBLIC_DISPATCHIS_202609221820_0000000539264759.zip
2026-09-22 18:20:00,VIC1,107.26053,0,6502.64,1,20260922172,0,PUBLIC_DISPATCHIS_202609221820_0000000539264759.zip
2026-09-22 18:25:00,NSW1,109.13684,0,9482.14,1,20260922173,0,PUBLIC_DISPATCHIS_202609221825_0000000539265516.zip
2026-09-22 18:25:00,QLD1,100.47842,0,7524.84,1,20260922173,0,PUBLIC_DISPATCHIS_202609221825_0000000539265516.zip
2026-09-22 18:25:00,SA1,109.26364,0,1563.63,1,20260922173,0,PUBLIC_DISPATCHIS_202609221825_0000000539265516.zip
2026-09-22 18:25:00,TAS1,106.18152,0,1245.48,1,20260922173,0,PUBLIC_DISPATCHIS_202609221825_0000000539265516.zip
2026-09-22 18:25:00,VIC1,111.98,0,6603.29,1,20260922173,0,PUBLIC_DISPATCHIS_202609221825_0000000539265516.zip
2026-09-22 18:30:00,NSW1,111.83078,0,9361.6,1,20260922174,0,PUBLIC_DISPATCHIS_202609221830_0000000539266001.zip
2026-09-22 18:30:00,QLD1,101.06,0,7547.6,1,20260922174,0,PUBLIC_DISPATCHIS_202609221830_0000000539266001.zip
2026-09-22 18:30:00,SA1,115.50764,0,1577.68,1,20260922174,0,PUBLIC_DISPATCHIS_202609221830_0000000539266001.zip
2026-09-22 18:30:00,TAS1,112.00358,0,1251.3,1,20260922174,0,PUBLIC_DISPATCHIS_202609221830_0000000539266001.zip
2026-09-22 18:30:00,VIC1,117.81637,0,6641.96,1,20260922174,0,PUBLIC_DISPATCHIS_202609221830_0000000539266001.zip
2026-09-22 18:35:00,NSW1,105.49463,0,9311.88,1,20260922175,0,PUBLIC_DISPATCHIS_202609221835_0000000539266604.zip
2026-09-22 18:35:00,QLD1,99.68,0,7533.75,1,20260922175,0,PUBLIC_DISPATCHIS_202609221835_0000000539266604.zip
2026-09-22 18:35:00,SA1,108.22736,0,1584.26,1,20260922175,0,PUBLIC_DISPATCHIS_202609221835_0000000539266604.zip
2026-09-22 18:35:00,TAS1,108.34689,0,1259.11,1,20260922175,0,PUBLIC_DISPATCHIS_202609221835_0000000539266604.zip
2026-09-22 18:35:00,VIC1,111.25228,0,6685.54,1,20260922175,0,PUBLIC_DISPATCHIS_202609221835_0000000539266604.zip
2026-09-22 18:40:00,NSW1,96.71563,0,9418.53,1,20260922176,0,PUBLIC_DISPATCHIS_202609221840_0000000539267202.zip
2026-09-22 18:40:00,QLD1,93.12039,0,7520.13,1,20260922176,0,PUBLIC_DISPATCHIS_202609221840_0000000539267202.zip
2026-09-22 18:40:00,SA1,101.70947,0,1609.07,1,20260922176,0,PUBLIC_DISPATCHIS_202609221840_0000000539267202.zip
2026-09-22 18:40:00,TAS1,97.96386,0,1267.49,1,20260922176,0,PUBLIC_DISPATCHIS_202609221840_0000000539267202.zip
2026-09-22 18:40:00,VIC1,101.18,0,6656.76,1,20260922176,0,PUBLIC_DISPATCHIS_202609221840_0000000539267202.zip
2026-09-22 18:45:00,NSW1,108.92304,0,9443.34,1,20260922177,0,PUBLIC_DISPATCHIS_202609221845_0000000539267838.zip
2026-09-22 18:45:00,QLD1,99.69,0,7552.74,1,20260922177,0,PUBLIC_DISPATCHIS_202609221845_0000000539267838.zip
2026-09-22 18:45:00,SA1,109.81314,0,1619.29,1,20260922177,0,PUBLIC_DISPATCHIS_202609221845_0000000539267838.zip
2026-09-22 18:45:00,TAS1,109.5507,0,1269.32,1,20260922177,0,PUBLIC_DISPATCHIS_202609221845_0000000539267838.zip
2026-09-22 18:45:00,VIC1,113.1668,0,6753.3,1,20260922177,0,PUBLIC_DISPATCHIS_202609221845_0000000539267838.zip
2026-09-22 18:50:00,NSW1,113.0444,0,9288.11,1,20260922178,0,PUBLIC_DISPATCHIS_202609221850_0000000539268354.zip
2026-09-22 18:50:00,QLD1,104.12083,0,7532.33,1,20260922178,0,PUBLIC_DISPATCHIS_202609221850_0000000539268354.zip
2026-09-22 18:50:00,SA1,112.82795,0,1607.86,1,20260922178,0,PUBLIC_DISPATCHIS_202609221850_0000000539268354.zip
2026-09-22 18:50:00,TAS1,114.36788,0,1260.06,1,20260922178,0,PUBLIC_DISPATCHIS_202609221850_0000000539268354.zip
2026-09-22 18:50:00,VIC1,118.5,0,6757.34,1,20260922178,0,PUBLIC_DISPATCHIS_202609221850_0000000539268354.zip
2026-09-22 18:55:00,NSW1,95.70422,0,9230.95,1,20260922179,0,PUBLIC_DISPATCHIS_202609221855_0000000539269074.zip
2026-09-22 18:55:00,QLD1,89.73,0,7408.52,1,20260922179,0,PUBLIC_DISPATCHIS_202609221855_0000000539269074.zip
2026-09-22 18:55:00,SA1,101.02,0,1644.0,1,20260922179,0,PUBLIC_DISPATCHIS_202609221855_0000000539269074.zip
2026-09-22 18:55:00,TAS1,93.73359,0,1261.32,1,20260922179,0,PUBLIC_DISPATCHIS_202609221855_0000000539269074.zip
2026-09-22 18:55:00,VIC1,99.49074,0,6722.42,1,20260922179,0,PUBLIC_DISPATCHIS_202609221855_0000000539269074.zip
2026-09-22 19:00:00,NSW1,94.93694,0,9260.23,1,20260922180,0,PUBLIC_DISPATCHIS_202609221900_0000000539269546.zip
2026-09-22 19:00:00,QLD1,92.51,0,7453.72,1,20260922180,0,PUBLIC_DISPATCHIS_202609221900_0000000539269546.zip
2026-09-22 19:00:00,SA1,100.44,0,1664.71,1,20260922180,0,PUBLIC_DISPATCHIS_202609221900_0000000539269546.zip
2026-09-22 19:00:00,TAS1,94.8821,0,1266.24,1,20260922180,0,PUBLIC_DISPATCHIS_202609221900_0000000539269546.zip
2026-09-22 19:00:00,VIC1,99.99133,0,6745.82,1,20260922180,0,PUBLIC_DISPATCHIS_202609221900_0000000539269546.zip
2026-09-22 19:05:00,NSW1,113.19263,0,9285.8,1,20260922181,0,PUBLIC_DISPATCHIS_202609221905_0000000539270167.zip
2026-09-22 19:05:00,QLD1,102.8,0,7442.66,1,20260922181,0,PUBLIC_DISPATCHIS_202609221905_0000000539270167.zip
2026-09-22 19:05:00,SA1,114.39769,0,1672.2,1,20260922181,0,PUBLIC_DISPATCHIS_202609221905_0000000539270167.zip
2026-09-22 19:05:00,TAS1,112.29077,0,1268.18,1,20260922181,0,PUBLIC_DISPATCHIS_202609221905_0000000539270167.zip
2026-09-22 19:05:00,VIC1,118.14102,0,6816.03,1,20260922181,0,PUBLIC_DISPATCHIS_202609221905_0000000539270167.zip
2026-09-22 19:10:00,NSW1,95.40987,0,9066.98,1,20260922182,0,PUBLIC_DISPATCHIS_202609221910_0000000539270775.zip
2026-09-22 19:10:00,QLD1,90.49,0,7316.93,1,20260922182,0,PUBLIC_DISPATCHIS_202609221910_0000000539270775.zip
2026-09-22 19:10:00,SA1,101.02,0,1657.02,1,20260922182,0,PUBLIC_DISPATCHIS_202609221910_0000000539270775.zip
2026-09-22 19:10:00,TAS1,95.93561,0,1266.06,1,20260922182,0,PUBLIC_DISPATCHIS_202609221910_0000000539270775.zip
2026-09-22 19:10:00,VIC1,101.18,0,6739.18,1,20260922182,0,PUBLIC_DISPATCHIS_202609221910_0000000539270775.zip
2026-09-22 19:15:00,NSW1,105.67668,0,9174.28,1,20260922183,0,PUBLIC_DISPATCHIS_202609221915_0000000539271296.zip
2026-09-22 19:15:00,QLD1,99.6,0,7328.34,1,20260922183,0,PUBLIC_DISPATCHIS_202609221915_0000000539271296.zip
2026-09-22 19:15:00,SA1,105.24835,0,1701.66,1,20260922183,0,PUBLIC_DISPATCHIS_202609221915_0000000539271296.zip
2026-09-22 19:15:00,TAS1,102.99737,0,1260.6,1,20260922183,0,PUBLIC_DISPATCHIS_202609221915_0000000539271296.zip
2026-09-22 19:15:00,VIC1,108.63313,0,6714.58,1,20260922183,0,PUBLIC_DISPATCHIS_202609221915_0000000539271296.zip
2026-09-22 19:20:00,NSW1,97.71299,0,9085.14,1,20260922184,0,PUBLIC_DISPATCHIS_202609221920_0000000539271825.zip
2026-09-22 19:20:00,QLD1,90.49,0,7243.67,1,20260922184,0,PUBLIC_DISPATCHIS_202609221920_0000000539271825.zip
2026-09-22 19:20:00,SA1,100.44,0,1677.41,1,20260922184,0,PUBLIC_DISPATCHIS_202609221920_0000000539271825.zip
2026-09-22 19:20:00,TAS1,96.76902,0,1260.88,1,20260922184,0,PUBLIC_DISPATCHIS_202609221920_0000000539271825.zip
2026-09-22 19:20:00,VIC1,101.99443,0,6634.68,1,20260922184,0,PUBLIC_DISPATCHIS_202609221920_0000000539271825.zip
2026-09-22 19:25:00,NSW1,96.15197,0,9122.81,1,20260922185,0,PUBLIC_DISPATCHIS_202609221925_0000000539272594.zip
2026-09-22 19:25:00,QLD1,87.17828,0,7268.35,1,20260922185,0,PUBLIC_DISPATCHIS_202609221925_0000000539272594.zip
2026-09-22 19:25:00,SA1,98.03,0,1674.51,1,20260922185,0,PUBLIC_DISPATCHIS_202609221925_0000000539272594.zip
2026-09-22 19:25:00,TAS1,95.98472,0,1256.69,1,20260922185,0,PUBLIC_DISPATCHIS_202609221925_0000000539272594.zip
2026-09-22 19:25:00,VIC1,101.18,0,6672.73,1,20260922185,0,PUBLIC_DISPATCHIS_202609221925_0000000539272594.zip
2026-09-22 19:30:00,NSW1,92.07228,0,9096.22,1,20260922186,0,PUBLIC_DISPATCHIS_202609221930_0000000539273084.zip
2026-09-22 19:30:00,QLD1,85.43,0,7242.07,1,20260922186,0,PUBLIC_DISPATCHIS_202609221930_0000000539273084.zip
2026-09-22 19:30:00,SA1,94.5,0,1666.57,1,20260922186,0,PUBLIC_DISPATCHIS_202609221930_0000000539273084.zip
2026-09-22 19:30:00,TAS1,91.95835,0,1257.75,1,20260922186,0,PUBLIC_DISPATCHIS_202609221930_0000000539273084.zip
2026-09-22 19:30:00,VIC1,96.91566,0,6717.67,1,20260922186,0,PUBLIC_DISPATCHIS_202609221930_0000000539273084.zip
2026-09-22 19:35:00,NSW1,99.17221,0,9068.11,1,20260922187,0,PUBLIC_DISPATCHIS_202609221935_0000000539273661.zip
2026-09-22 19:35:00,QLD1,90.49,0,7244.77,1,20260922187,0,PUBLIC_DISPATCHIS_202609221935_0000000539273661.zip
2026-09-22 19:35:00,SA1,98.15032,0,1655.82,1,20260922187,0,PUBLIC_DISPATCHIS_202609221935_0000000539273661.zip
2026-09-22 19:35:00,TAS1,97.38759,0,1254.95,1,20260922187,0,PUBLIC_DISPATCHIS_202609221935_0000000539273661.zip
2026-09-22 19:35:00,VIC1,102.66572,0,6701.03,1,20260922187,0,PUBLIC_DISPATCHIS_202609221935_0000000539273661.zip
2026-09-22 19:40:00,NSW1,98.40924,0,9030.79,1,20260922188,0,PUBLIC_DISPATCHIS_202609221940_0000000539274248.zip
2026-09-22 19:40:00,QLD1,89.73,0,7194.36,1,20260922188,0,PUBLIC_DISPATCHIS_202609221940_0000000539274248.zip
2026-09-22 19:40:00,SA1,97.00425,0,1657.61,1,20260922188,0,PUBLIC_DISPATCHIS_202609221940_0000000539274248.zip
2026-09-22 19:40:00,TAS1,96.65795,0,1253.62,1,20260922188,0,PUBLIC_DISPATCHIS_202609221940_0000000539274248.zip
2026-09-22 19:40:00,VIC1,101.86788,0,6685.82,1,20260922188,0,PUBLIC_DISPATCHIS_202609221940_0000000539274248.zip
2026-09-22 19:45:00,NSW1,91.9,0,9016.09,1,20260922189,0,PUBLIC_DISPATCHIS_202609221945_0000000539274840.zip
2026-09-22 19:45:00,QLD1,85.43,0,7158.63,1,20260922189,0,PUBLIC_DISPATCHIS_202609221945_0000000539274840.zip
2026-09-22 19:45:00,SA1,91.54187,0,1640.09,1,20260922189,0,PUBLIC_DISPATCHIS_202609221945_0000000539274840.zip
2026-09-22 19:45:00,TAS1,90.22788,0,1252.52,1,20260922189,0,PUBLIC_DISPATCHIS_202609221945_0000000539274840.zip
2026-09-22 19:45:00,VIC1,95.05996,0,6655.52,1,20260922189,0,PUBLIC_DISPATCHIS_202609221945_0000000539274840.zip
2026-09-22 19:50:00,NSW1,94.72309,0,8989.26,1,20260922190,0,PUBLIC_DISPATCHIS_202609221950_0000000539275368.zip
2026-09-22 19:50:00,QLD1,85.7035,0,7109.37,1,20260922190,0,PUBLIC_DISPATCHIS_202609221950_0000000539275368.zip
2026-09-22 19:50:00,SA1,94.5,0,1658.74,1,20260922190,0,PUBLIC_DISPATCHIS_202609221950_0000000539275368.zip
2026-09-22 19:50:00,TAS1,92.12111,0,1247.75,1,20260922190,0,PUBLIC_DISPATCHIS_202609221950_0000000539275368.zip
2026-09-22 19:50:00,VIC1,98.07492,0,6678.45,1,20260922190,0,PUBLIC_DISPATCHIS_202609221950_0000000539275368.zip
2026-09-22 19:55:00,NSW1,92.96359,0,8911.29,1,20260922191,0,PUBLIC_DISPATCHIS_202609221955_0000000539276118.zip
2026-09-22 19:55:00,QLD1,85.19905,0,7114.15,1,20260922191,0,PUBLIC_DISPATCHIS_202609221955_0000000539276118.zip
2026-09-22 19:55:00,SA1,94.5,0,1648.35,1,20260922191,0,PUBLIC_DISPATCHIS_202609221955_0000000539276118.zip
2026-09-22 19:55:00,TAS1,90.36797,0,1248.06,1,20260922191,0,PUBLIC_DISPATCHIS_202609221955_0000000539276118.zip
2026-09-22 19:55:00,VIC1,96.20016,0,6628.77,1,20260922191,0,PUBLIC_DISPATCHIS_202609221955_0000000539276118.zip
2026-09-22 20:00:00,NSW1,91.9,0,8920.15,1,20260922192,0,PUBLIC_DISPATCHIS_202609222000_0000000539276616.zip
2026-09-22 20:00:00,QLD1,85.25,0,7163.69,1,20260922192,0,PUBLIC_DISPATCHIS_202609222000_0000000539276616.zip
2026-09-22 20:00:00,SA1,91.12197,0,1641.06,1,20260922192,0,PUBLIC_DISPATCHIS_202609222000_0000000539276616.zip
2026-09-22 20:00:00,TAS1,89.18,0,1249.62,1,20260922192,0,PUBLIC_DISPATCHIS_202609222000_0000000539276616.zip
2026-09-22 20:00:00,VIC1,94.23866,0,6593.3,1,20260922192,0,PUBLIC_DISPATCHIS_202609222000_0000000539276616.zip
2026-09-22 20:05:00,NSW1,91.9,0,8918.54,1,20260922193,0,PUBLIC_DISPATCHIS_202609222005_0000000539277183.zip
2026-09-22 20:05:00,QLD1,84.82986,0,7074.17,1,20260922193,0,PUBLIC_DISPATCHIS_202609222005_0000000539277183.zip
2026-09-22 20:05:00,SA1,91.63374,0,1638.23,1,20260922193,0,PUBLIC_DISPATCHIS_202609222005_0000000539277183.zip
2026-09-22 20:05:00,TAS1,88.22,0,1242.43,1,20260922193,0,PUBLIC_DISPATCHIS_202609222005_0000000539277183.zip
2026-09-22 20:05:00,VIC1,94.78324,0,6606.75,1,20260922193,0,PUBLIC_DISPATCHIS_202609222005_0000000539277183.zip
2026-09-22 20:10:00,NSW1,91.32543,0,8910.52,1,20260922194,0,PUBLIC_DISPATCHIS_202609222010_0000000539277755.zip
2026-09-22 20:10:00,QLD1,83.14382,0,7098.39,1,20260922194,0,PUBLIC_DISPATCHIS_202609222010_0000000539277755.zip
2026-09-22 20:10:00,SA1,89.54588,0,1638.3,1,20260922194,0,PUBLIC_DISPATCHIS_202609222010_0000000539277755.zip
2026-09-22 20:10:00,TAS1,88.2,0,1247.93,1,20260922194,0,PUBLIC_DISPATCHIS_202609222010_0000000539277755.zip
2026-09-22 20:10:00,VIC1,92.88949,0,6529.9,1,20260922194,0,PUBLIC_DISPATCHIS_202609222010_0000000539277755.zip
2026-09-22 20:15:00,NSW1,88.86,0,8790.64,1,20260922195,0,PUBLIC_DISPATCHIS_202609222015_0000000539278291.zip
2026-09-22 20:15:00,QLD1,80.315,0,7014.73,1,20260922195,0,PUBLIC_DISPATCHIS_202609222015_0000000539278291.zip
2026-09-22 20:15:00,SA1,88.07449,0,1647.16,1,20260922195,0,PUBLIC_DISPATCHIS_202609222015_0000000539278291.zip
2026-09-22 20:15:00,TAS1,88.2,0,1248.01,1,20260922195,0,PUBLIC_DISPATCHIS_202609222015_0000000539278291.zip
2026-09-22 20:15:00,VIC1,91.21817,0,6491.65,1,20260922195,0,PUBLIC_DISPATCHIS_202609222015_0000000539278291.zip
2026-09-22 20:20:00,NSW1,89.96883,0,8773.22,1,20260922196,0,PUBLIC_DISPATCHIS_202609222020_0000000539278781.zip
2026-09-22 20:20:00,QLD1,81.32362,0,7023.87,1,20260922196,0,PUBLIC_DISPATCHIS_202609222020_0000000539278781.zip
2026-09-22 20:20:00,SA1,87.90963,0,1625.2,1,20260922196,0,PUBLIC_DISPATCHIS_202609222020_0000000539278781.zip
2026-09-22 20:20:00,TAS1,88.2,0,1248.31,1,20260922196,0,PUBLIC_DISPATCHIS_202609222020_0000000539278781.zip
2026-09-22 20:20:00,VIC1,92.32899,0,6558.77,1,20260922196,0,PUBLIC_DISPATCHIS_202609222020_0000000539278781.zip
2026-09-22 20:25:00,NSW1,88.86,0,8707.86,1,20260922197,0,PUBLIC_DISPATCHIS_202609222025_0000000539279473.zip
2026-09-22 20:25:00,QLD1,80.33016,0,7031.29,1,20260922197,0,PUBLIC_DISPATCHIS_202609222025_0000000539279473.zip
2026-09-22 20:25:00,SA1,88.74533,0,1632.98,1,20260922197,0,PUBLIC_DISPATCHIS_202609222025_0000000539279473.zip
2026-09-22 20:25:00,TAS1,88.2,0,1239.98,1,20260922197,0,PUBLIC_DISPATCHIS_202609222025_0000000539279473.zip
2026-09-22 20:25:00,VIC1,91.22203,0,6473.73,1,20260922197,0,PUBLIC_DISPATCHIS_202609222025_0000000539279473.zip
2026-09-22 20:30:00,NSW1,90.0,0,8794.05,1,20260922198,0,PUBLIC_DISPATCHIS_202609222030_0000000539279983.zip
2026-09-22 20:30:00,QLD1,81.82,0,6985.52,1,20260922198,0,PUBLIC_DISPATCHIS_202609222030_0000000539279983.zip
2026-09-22 20:30:00,SA1,89.48901,0,1635.04,1,20260922198,0,PUBLIC_DISPATCHIS_202609222030_0000000539279983.zip
2026-09-22 20:30:00,TAS1,88.2,0,1234.87,1,20260922198,0,PUBLIC_DISPATCHIS_202609222030_0000000539279983.zip
2026-09-22 20:30:00,VIC1,92.38174,0,6509.53,1,20260922198,0,PUBLIC_DISPATCHIS_202609222030_0000000539279983.zip
2026-09-22 20:35:00,NSW1,94.96124,0,8771.49,1,20260922199,0,PUBLIC_DISPATCHIS_202609222035_0000000539280566.zip
2026-09-22 20:35:00,QLD1,85.18381,0,6929.24,1,20260922199,0,PUBLIC_DISPATCHIS_202609222035_0000000539280566.zip
2026-09-22 20:35:00,SA1,94.5,0,1652.64,1,20260922199,0,PUBLIC_DISPATCHIS_202609222035_0000000539280566.zip
2026-09-22 20:35:00,TAS1,94.40905,0,1232.32,1,20260922199,0,PUBLIC_DISPATCHIS_202609222035_0000000539280566.zip
2026-09-22 20:35:00,VIC1,99.87266,0,6504.24,1,20260922199,0,PUBLIC_DISPATCHIS_202609222035_0000000539280566.zip
2026-09-22 20:40:00,NSW1,102.00557,0,8692.98,1,20260922200,0,PUBLIC_DISPATCHIS_202609222040_0000000539281123.zip
2026-09-22 20:40:00,QLD1,90.49,0,7045.87,1,20260922200,0,PUBLIC_DISPATCHIS_202609222040_0000000539281123.zip
2026-09-22 20:40:00,SA1,95.84078,0,1609.24,1,20260922200,0,PUBLIC_DISPATCHIS_202609222040_0000000539281123.zip
2026-09-22 20:40:00,TAS1,97.95227,0,1228.04,1,20260922200,0,PUBLIC_DISPATCHIS_202609222040_0000000539281123.zip
2026-09-22 20:40:00,VIC1,102.93966,0,6448.57,1,20260922200,0,PUBLIC_DISPATCHIS_202609222040_0000000539281123.zip
2026-09-22 20:45:00,NSW1,95.53817,0,8679.1,1,20260922201,0,PUBLIC_DISPATCHIS_202609222045_0000000539281720.zip
2026-09-22 20:45:00,QLD1,85.25,0,6995.03,1,20260922201,0,PUBLIC_DISPATCHIS_202609222045_0000000539281720.zip
2026-09-22 20:45:00,SA1,92.93055,0,1621.16,1,20260922201,0,PUBLIC_DISPATCHIS_202609222045_0000000539281720.zip
2026-09-22 20:45:00,TAS1,93.24369,0,1230.25,1,20260922201,0,PUBLIC_DISPATCHIS_202609222045_0000000539281720.zip
2026-09-22 20:45:00,VIC1,97.94652,0,6465.49,1,20260922201,0,PUBLIC_DISPATCHIS_202609222045_0000000539281720.zip
2026-09-22 20:50:00,NSW1,89.73819,0,8586.91,1,20260922202,0,PUBLIC_DISPATCHIS_202609222050_0000000539282240.zip
2026-09-22 20:50:00,QLD1,81.82,0,6937.31,1,20260922202,0,PUBLIC_DISPATCHIS_202609222050_0000000539282240.zip
2026-09-22 20:50:00,SA1,87.55728,0,1604.2,1,20260922202,0,PUBLIC_DISPATCHIS_202609222050_0000000539282240.zip
2026-09-22 20:50:00,TAS1,88.2,0,1221.71,1,20260922202,0,PUBLIC_DISPATCHIS_202609222050_0000000539282240.zip
2026-09-22 20:50:00,VIC1,91.95893,0,6321.68,1,20260922202,0,PUBLIC_DISPATCHIS_202609222050_0000000539282240.zip
2026-09-22 20:55:00,NSW1,90.0,0,8523.82,1,20260922203,0,PUBLIC_DISPATCHIS_202609222055_0000000539282926.zip
2026-09-22 20:55:00,QLD1,81.82,0,6960.48,1,20260922203,0,PUBLIC_DISPATCHIS_202609222055_0000000539282926.zip
2026-09-22 20:55:00,SA1,88.74586,0,1608.91,1,20260922203,0,PUBLIC_DISPATCHIS_202609222055_0000000539282926.zip
2026-09-22 20:55:00,TAS1,88.2,0,1212.17,1,20260922203,0,PUBLIC_DISPATCHIS_202609222055_0000000539282926.zip
2026-09-22 20:55:00,VIC1,93.07855,0,6385.79,1,20260922203,0,PUBLIC_DISPATCHIS_202609222055_0000000539282926.zip
2026-09-22 21:00:00,NSW1,91.9,0,8538.17,1,20260922204,0,PUBLIC_DISPATCHIS_202609222100_0000000539283421.zip
2026-09-22 21:00:00,QLD1,82.43448,0,6912.97,1,20260922204,0,PUBLIC_DISPATCHIS_202609222100_0000000539283421.zip
2026-09-22 21:00:00,SA1,90.92286,0,1598.89,1,20260922204,0,PUBLIC_DISPATCHIS_202609222100_0000000539283421.zip
2026-09-22 21:00:00,TAS1,90.24683,0,1212.06,1,20260922204,0,PUBLIC_DISPATCHIS_202609222100_0000000539283421.zip
2026-09-22 21:00:00,VIC1,95.74289,0,6362.42,1,20260922204,0,PUBLIC_DISPATCHIS_202609222100_0000000539283421.zip
2026-09-22 21:05:00,NSW1,100.35952,0,8522.43,1,20260922205,0,PUBLIC_DISPATCHIS_202609222105_0000000539284127.zip
2026-09-22 21:05:00,QLD1,89.73,0,6891.45,1,20260922205,0,PUBLIC_DISPATCHIS_202609222105_0000000539284127.zip
2026-09-22 21:05:00,SA1,94.30856,0,1598.4,1,20260922205,0,PUBLIC_DISPATCHIS_202609222105_0000000539284127.zip
2026-09-22 21:05:00,TAS1,95.08908,0,1207.04,1,20260922205,0,PUBLIC_DISPATCHIS_202609222105_0000000539284127.zip
2026-09-22 21:05:00,VIC1,101.18,0,6288.92,1,20260922205,0,PUBLIC_DISPATCHIS_202609222105_0000000539284127.zip
2026-09-22 21:10:00,NSW1,99.97374,0,8473.23,1,20260922206,0,PUBLIC_DISPATCHIS_202609222110_0000000539284711.zip
2026-09-22 21:10:00,QLD1,89.73,0,6952.08,1,20260922206,0,PUBLIC_DISPATCHIS_202609222110_0000000539284711.zip
2026-09-22 21:10:00,SA1,94.5,0,1571.14,1,20260922206,0,PUBLIC_DISPATCHIS_202609222110_0000000539284711.zip
2026-09-22 21:10:00,TAS1,95.38272,0,1208.68,1,20260922206,0,PUBLIC_DISPATCHIS_202609222110_0000000539284711.zip
2026-09-22 21:10:00,VIC1,101.18,0,6271.2,1,20260922206,0,PUBLIC_DISPATCHIS_202609222110_0000000539284711.zip
2026-09-22 21:15:00,NSW1,91.9,0,8376.8,1,20260922207,0,PUBLIC_DISPATCHIS_202609222115_0000000539285313.zip
2026-09-22 21:15:00,QLD1,84.50967,0,6853.2,1,20260922207,0,PUBLIC_DISPATCHIS_202609222115_0000000539285313.zip
2026-09-22 21:15:00,SA1,88.26757,0,1588.98,1,20260922207,0,PUBLIC_DISPATCHIS_202609222115_0000000539285313.zip
2026-09-22 21:15:00,TAS1,88.2,0,1204.36,1,20260922207,0,PUBLIC_DISPATCHIS_202609222115_0000000539285313.zip
2026-09-22 21:15:00,VIC1,93.35981,0,6271.29,1,20260922207,0,PUBLIC_DISPATCHIS_202609222115_0000000539285313.zip
2026-09-22 21:20:00,NSW1,102.74446,0,8379.68,1,20260922208,0,PUBLIC_DISPATCHIS_202609222120_0000000539285904.zip
2026-09-22 21:20:00,QLD1,89.73,0,6800.56,1,20260922208,0,PUBLIC_DISPATCHIS_202609222120_0000000539285904.zip
2026-09-22 21:20:00,SA1,94.5,0,1599.23,1,20260922208,0,PUBLIC_DISPATCHIS_202609222120_0000000539285904.zip
2026-09-22 21:20:00,TAS1,95.08885,0,1199.52,1,20260922208,0,PUBLIC_DISPATCHIS_202609222120_0000000539285904.zip
2026-09-22 21:20:00,VIC1,101.18,0,6276.34,1,20260922208,0,PUBLIC_DISPATCHIS_202609222120_0000000539285904.zip
2026-09-22 21:25:00,NSW1,102.64517,0,8334.53,1,20260922209,0,PUBLIC_DISPATCHIS_202609222125_0000000539286674.zip
2026-09-22 21:25:00,QLD1,89.73,0,6866.54,1,20260922209,0,PUBLIC_DISPATCHIS_202609222125_0000000539286674.zip
2026-09-22 21:25:00,SA1,94.5,0,1579.05,1,20260922209,0,PUBLIC_DISPATCHIS_202609222125_0000000539286674.zip
2026-09-22 21:25:00,TAS1,94.154,0,1195.59,1,20260922209,0,PUBLIC_DISPATCHIS_202609222125_0000000539286674.zip
2026-09-22 21:25:00,VIC1,100.17138,0,6178.91,1,20260922209,0,PUBLIC_DISPATCHIS_202609222125_0000000539286674.zip
2026-09-22 21:30:00,NSW1,95.95613,0,8263.06,1,20260922210,0,PUBLIC_DISPATCHIS_202609222130_0000000539287232.zip
2026-09-22 21:30:00,QLD1,85.44,0,6813.68,1,20260922210,0,PUBLIC_DISPATCHIS_202609222130_0000000539287232.zip
2026-09-22 21:30:00,SA1,89.12396,0,1571.3,1,20260922210,0,PUBLIC_DISPATCHIS_202609222130_0000000539287232.zip
2026-09-22 21:30:00,TAS1,88.2,0,1188.69,1,20260922210,0,PUBLIC_DISPATCHIS_202609222130_0000000539287232.zip
2026-09-22 21:30:00,VIC1,93.60437,0,6162.57,1,20260922210,0,PUBLIC_DISPATCHIS_202609222130_0000000539287232.zip
2026-09-22 21:35:00,NSW1,90.21,0,8269.03,1,20260922211,0,PUBLIC_DISPATCHIS_202609222135_0000000539287885.zip
2026-09-22 21:35:00,QLD1,83.99936,0,6837.02,1,20260922211,0,PUBLIC_DISPATCHIS_202609222135_0000000539287885.zip
2026-09-22 21:35:00,SA1,85.44,0,1581.14,1,20260922211,0,PUBLIC_DISPATCHIS_202609222135_0000000539287885.zip
2026-09-22 21:35:00,TAS1,88.2,0,1183.48,1,20260922211,0,PUBLIC_DISPATCHIS_202609222135_0000000539287885.zip
2026-09-22 21:35:00,VIC1,89.42482,0,6147.52,1,20260922211,0,PUBLIC_DISPATCHIS_202609222135_0000000539287885.zip
2026-09-22 21:40:00,NSW1,104.09685,0,8171.32,1,20260922212,0,PUBLIC_DISPATCHIS_202609222140_0000000539288470.zip
2026-09-22 21:40:00,QLD1,93.21,0,6766.73,1,20260922212,0,PUBLIC_DISPATCHIS_202609222140_0000000539288470.zip
2026-09-22 21:40:00,SA1,94.5,0,1585.47,1,20260922212,0,PUBLIC_DISPATCHIS_202609222140_0000000539288470.zip
2026-09-22 21:40:00,TAS1,93.812,0,1182.37,1,20260922212,0,PUBLIC_DISPATCHIS_202609222140_0000000539288470.zip
2026-09-22 21:40:00,VIC1,100.11059,0,6151.52,1,20260922212,0,PUBLIC_DISPATCHIS_202609222140_0000000539288470.zip
2026-09-22 21:45:00,NSW1,98.35188,0,8091.49,1,20260922213,0,PUBLIC_DISPATCHIS_202609222145_0000000539288985.zip
2026-09-22 21:45:00,QLD1,89.73,0,6730.58,1,20260922213,0,PUBLIC_DISPATCHIS_202609222145_0000000539288985.zip
2026-09-22 21:45:00,SA1,90.88849,0,1560.91,1,20260922213,0,PUBLIC_DISPATCHIS_202609222145_0000000539288985.zip
2026-09-22 21:45:00,TAS1,89.91167,0,1176.35,1,20260922213,0,PUBLIC_DISPATCHIS_202609222145_0000000539288985.zip
2026-09-22 21:45:00,VIC1,95.9375,0,6076.84,1,20260922213,0,PUBLIC_DISPATCHIS_202609222145_0000000539288985.zip
2026-09-22 21:50:00,NSW1,100.37458,0,8176.13,1,20260922214,0,PUBLIC_DISPATCHIS_202609222150_0000000539289523.zip
2026-09-22 21:50:00,QLD1,89.73,0,6630.25,1,20260922214,0,PUBLIC_DISPATCHIS_202609222150_0000000539289523.zip
2026-09-22 21:50:00,SA1,90.76114,0,1555.9,1,20260922214,0,PUBLIC_DISPATCHIS_202609222150_0000000539289523.zip
2026-09-22 21:50:00,TAS1,90.21703,0,1174.44,1,20260922214,0,PUBLIC_DISPATCHIS_202609222150_0000000539289523.zip
2026-09-22 21:50:00,VIC1,96.26653,0,6107.1,1,20260922214,0,PUBLIC_DISPATCHIS_202609222150_0000000539289523.zip
2026-09-22 21:55:00,NSW1,104.41599,0,8097.9,1,20260922215,0,PUBLIC_DISPATCHIS_202609222155_0000000539290289.zip
2026-09-22 21:55:00,QLD1,93.21,0,6670.3,1,20260922215,0,PUBLIC_DISPATCHIS_202609222155_0000000539290289.zip
2026-09-22 21:55:00,SA1,94.5,0,1569.66,1,20260922215,0,PUBLIC_DISPATCHIS_202609222155_0000000539290289.zip
2026-09-22 21:55:00,TAS1,93.60063,0,1167.35,1,20260922215,0,PUBLIC_DISPATCHIS_202609222155_0000000539290289.zip
2026-09-22 21:55:00,VIC1,100.18261,0,6088.0,1,20260922215,0,PUBLIC_DISPATCHIS_202609222155_0000000539290289.zip
2026-09-22 22:00:00,NSW1,90.99997,0,7989.93,1,20260922216,0,PUBLIC_DISPATCHIS_202609222200_0000000539290879.zip
2026-09-22 22:00:00,QLD1,81.82,0,6579.23,1,20260922216,0,PUBLIC_DISPATCHIS_202609222200_0000000539290879.zip
2026-09-22 22:00:00,SA1,85.23037,0,1539.34,1,20260922216,0,PUBLIC_DISPATCHIS_202609222200_0000000539290879.zip
2026-09-22 22:00:00,TAS1,88.2,0,1161.59,1,20260922216,0,PUBLIC_DISPATCHIS_202609222200_0000000539290879.zip
2026-09-22 22:00:00,VIC1,90.02457,0,6040.91,1,20260922216,0,PUBLIC_DISPATCHIS_202609222200_0000000539290879.zip
2026-09-22 22:05:00,NSW1,88.86,0,7934.2,1,20260922217,0,PUBLIC_DISPATCHIS_202609222205_0000000539291401.zip
2026-09-22 22:05:00,QLD1,76.1,0,6490.58,1,20260922217,0,PUBLIC_DISPATCHIS_202609222205_0000000539291401.zip
2026-09-22 22:05:00,SA1,84.62836,0,1537.08,1,20260922217,0,PUBLIC_DISPATCHIS_202609222205_0000000539291401.zip
2026-09-22 22:05:00,TAS1,88.2,0,1152.08,1,20260922217,0,PUBLIC_DISPATCHIS_202609222205_0000000539291401.zip
2026-09-22 22:05:00,VIC1,88.59157,0,5891.58,1,20260922217,0,PUBLIC_DISPATCHIS_202609222205_0000000539291401.zip
2026-09-22 22:10:00,NSW1,113.5,0,8184.89,1,20260922218,0,PUBLIC_DISPATCHIS_202609222210_0000000539291952.zip
2026-09-22 22:10:00,QLD1,89.73,0,6484.9,1,20260922218,0,PUBLIC_DISPATCHIS_202609222210_0000000539291952.zip
2026-09-22 22:10:00,SA1,105.27818,0,1538.86,1,20260922218,0,PUBLIC_DISPATCHIS_202609222210_0000000539291952.zip
2026-09-22 22:10:00,TAS1,108.51509,0,1142.77,1,20260922218,0,PUBLIC_DISPATCHIS_202609222210_0000000539291952.zip
2026-09-22 22:10:00,VIC1,112.98682,0,5928.24,1,20260922218,0,PUBLIC_DISPATCHIS_202609222210_0000000539291952.zip
2026-09-22 22:15:00,NSW1,103.71119,0,8032.44,1,20260922219,0,PUBLIC_DISPATCHIS_202609222215_0000000539292503.zip
2026-09-22 22:15:00,QLD1,89.73,0,6548.48,1,20260922219,0,PUBLIC_DISPATCHIS_202609222215_0000000539292503.zip
2026-09-22 22:15:00,SA1,95.68077,0,1517.55,1,20260922219,0,PUBLIC_DISPATCHIS_202609222215_0000000539292503.zip
2026-09-22 22:15:00,TAS1,95.42631,0,1140.82,1,20260922219,0,PUBLIC_DISPATCHIS_202609222215_0000000539292503.zip
2026-09-22 22:15:00,VIC1,101.18,0,5918.51,1,20260922219,0,PUBLIC_DISPATCHIS_202609222215_0000000539292503.zip
2026-09-22 22:20:00,NSW1,106.87865,0,8132.19,1,20260922220,0,PUBLIC_DISPATCHIS_202609222220_0000000539293160.zip
2026-09-22 22:20:00,QLD1,90.49,0,6479.82,1,20260922220,0,PUBLIC_DISPATCHIS_202609222220_0000000539293160.zip
2026-09-22 22:20:00,SA1,95.65079,0,1506.05,1,20260922220,0,PUBLIC_DISPATCHIS_202609222220_0000000539293160.zip
2026-09-22 22:20:00,TAS1,95.14747,0,1131.27,1,20260922220,0,PUBLIC_DISPATCHIS_202609222220_0000000539293160.zip
2026-09-22 22:20:00,VIC1,101.18,0,5817.15,1,20260922220,0,PUBLIC_DISPATCHIS_202609222220_0000000539293160.zip
2026-09-22 22:25:00,NSW1,88.82593,0,8028.38,1,20260922221,0,PUBLIC_DISPATCHIS_202609222225_0000000539293907.zip
2026-09-22 22:25:00,QLD1,76.27539,0,6446.73,1,20260922221,0,PUBLIC_DISPATCHIS_202609222225_0000000539293907.zip
2026-09-22 22:25:00,SA1,82.0645,0,1490.35,1,20260922221,0,PUBLIC_DISPATCHIS_202609222225_0000000539293907.zip
2026-09-22 22:25:00,TAS1,88.2,0,1128.49,1,20260922221,0,PUBLIC_DISPATCHIS_202609222225_0000000539293907.zip
2026-09-22 22:25:00,VIC1,87.56846,0,5857.88,1,20260922221,0,PUBLIC_DISPATCHIS_202609222225_0000000539293907.zip
2026-09-22 22:30:00,NSW1,90.21,0,8010.63,1,20260922222,0,PUBLIC_DISPATCHIS_202609222230_0000000539294444.zip
2026-09-22 22:30:00,QLD1,79.91199,0,6400.57,1,20260922222,0,PUBLIC_DISPATCHIS_202609222230_0000000539294444.zip
2026-09-22 22:30:00,SA1,84.53786,0,1484.73,1,20260922222,0,PUBLIC_DISPATCHIS_202609222230_0000000539294444.zip
2026-09-22 22:30:00,TAS1,88.2,0,1123.91,1,20260922222,0,PUBLIC_DISPATCHIS_202609222230_0000000539294444.zip
2026-09-22 22:30:00,VIC1,90.5,0,5805.53,1,20260922222,0,PUBLIC_DISPATCHIS_202609222230_0000000539294444.zip
2026-09-22 22:35:00,NSW1,105.13473,0,7962.6,1,20260922223,0,PUBLIC_DISPATCHIS_202609222235_0000000539294999.zip
2026-09-22 22:35:00,QLD1,85.25,0,6307.05,1,20260922223,0,PUBLIC_DISPATCHIS_202609222235_0000000539294999.zip
2026-09-22 22:35:00,SA1,94.92052,0,1479.57,1,20260922223,0,PUBLIC_DISPATCHIS_202609222235_0000000539294999.zip
2026-09-22 22:35:00,TAS1,96.4838,0,1113.8,1,20260922223,0,PUBLIC_DISPATCHIS_202609222235_0000000539294999.zip
2026-09-22 22:35:00,VIC1,101.97451,0,5776.08,1,20260922223,0,PUBLIC_DISPATCHIS_202609222235_0000000539294999.zip
2026-09-22 22:40:00,NSW1,112.77072,0,7992.58,1,20260922224,0,PUBLIC_DISPATCHIS_202609222240_0000000539295509.zip
2026-09-22 22:40:00,QLD1,85.25,0,6306.57,1,20260922224,0,PUBLIC_DISPATCHIS_202609222240_0000000539295509.zip
2026-09-22 22:40:00,SA1,100.44,0,1463.39,1,20260922224,0,PUBLIC_DISPATCHIS_202609222240_0000000539295509.zip
2026-09-22 22:40:00,TAS1,103.23589,0,1110.89,1,20260922224,0,PUBLIC_DISPATCHIS_202609222240_0000000539295509.zip
2026-09-22 22:40:00,VIC1,108.38653,0,5730.4,1,20260922224,0,PUBLIC_DISPATCHIS_202609222240_0000000539295509.zip
2026-09-22 22:45:00,NSW1,96.8299,0,7917.57,1,20260922225,0,PUBLIC_DISPATCHIS_202609222245_0000000539296071.zip
2026-09-22 22:45:00,QLD1,83.47612,0,6255.38,1,20260922225,0,PUBLIC_DISPATCHIS_202609222245_0000000539296071.zip
2026-09-22 22:45:00,SA1,85.32412,0,1433.71,1,20260922225,0,PUBLIC_DISPATCHIS_202609222245_0000000539296071.zip
2026-09-22 22:45:00,TAS1,88.2,0,1106.99,1,20260922225,0,PUBLIC_DISPATCHIS_202609222245_0000000539296071.zip
2026-09-22 22:45:00,VIC1,92.15895,0,5636.45,1,20260922225,0,PUBLIC_DISPATCHIS_202609222245_0000000539296071.zip
2026-09-22 22:50:00,NSW1,106.6502,0,7957.19,1,20260922226,0,PUBLIC_DISPATCHIS_202609222250_0000000539296607.zip
2026-09-22 22:50:00,QLD1,85.25,0,6207.05,1,20260922226,0,PUBLIC_DISPATCHIS_202609222250_0000000539296607.zip
2026-09-22 22:50:00,SA1,94.5,0,1449.61,1,20260922226,0,PUBLIC_DISPATCHIS_202609222250_0000000539296607.zip
2026-09-22 22:50:00,TAS1,96.61141,0,1098.84,1,20260922226,0,PUBLIC_DISPATCHIS_202609222250_0000000539296607.zip
2026-09-22 22:50:00,VIC1,102.4099,0,5681.91,1,20260922226,0,PUBLIC_DISPATCHIS_202609222250_0000000539296607.zip
2026-09-22 22:55:00,NSW1,94.23165,0,7812.26,1,20260922227,0,PUBLIC_DISPATCHIS_202609222255_0000000539297301.zip
2026-09-22 22:55:00,QLD1,81.14871,0,6174.52,1,20260922227,0,PUBLIC_DISPATCHIS_202609222255_0000000539297301.zip
2026-09-22 22:55:00,SA1,83.20368,0,1436.92,1,20260922227,0,PUBLIC_DISPATCHIS_202609222255_0000000539297301.zip
2026-09-22 22:55:00,TAS1,88.2,0,1094.14,1,20260922227,0,PUBLIC_DISPATCHIS_202609222255_0000000539297301.zip
2026-09-22 22:55:00,VIC1,90.5,0,5639.15,1,20260922227,0,PUBLIC_DISPATCHIS_202609222255_0000000539297301.zip
2026-09-22 23:00:00,NSW1,87.05871,0,7804.03,1,20260922228,0,PUBLIC_DISPATCHIS_202609222300_0000000539297795.zip
2026-09-22 23:00:00,QLD1,74.49106,0,6172.91,1,20260922228,0,PUBLIC_DISPATCHIS_202609222300_0000000539297795.zip
2026-09-22 23:00:00,SA1,76.43033,0,1414.21,1,20260922228,0,PUBLIC_DISPATCHIS_202609222300_0000000539297795.zip
2026-09-22 23:00:00,TAS1,88.2,0,1088.03,1,20260922228,0,PUBLIC_DISPATCHIS_202609222300_0000000539297795.zip
2026-09-22 23:00:00,VIC1,83.5,0,5580.81,1,20260922228,0,PUBLIC_DISPATCHIS_202609222300_0000000539297795.zip
2026-09-22 23:05:00,NSW1,92.80695,0,7773.9,1,20260922229,0,PUBLIC_DISPATCHIS_202609222305_0000000539298367.zip
2026-09-22 23:05:00,QLD1,79.31927,0,6157.27,1,20260922229,0,PUBLIC_DISPATCHIS_202609222305_0000000539298367.zip
2026-09-22 23:05:00,SA1,83.44567,0,1412.23,1,20260922229,0,PUBLIC_DISPATCHIS_202609222305_0000000539298367.zip
2026-09-22 23:05:00,TAS1,88.2,0,1084.4,1,20260922229,0,PUBLIC_DISPATCHIS_202609222305_0000000539298367.zip
2026-09-22 23:05:00,VIC1,90.5,0,5631.51,1,20260922229,0,PUBLIC_DISPATCHIS_202609222305_0000000539298367.zip
2026-09-22 23:10:00,NSW1,106.45959,0,7828.52,1,20260922230,0,PUBLIC_DISPATCHIS_202609222310_0000000539298919.zip
2026-09-22 23:10:00,QLD1,81.82,0,6119.46,1,20260922230,0,PUBLIC_DISPATCHIS_202609222310_0000000539298919.zip
2026-09-22 23:10:00,SA1,94.5,0,1408.96,1,20260922230,0,PUBLIC_DISPATCHIS_202609222310_0000000539298919.zip
2026-09-22 23:10:00,TAS1,99.74794,0,1075.65,1,20260922230,0,PUBLIC_DISPATCHIS_202609222310_0000000539298919.zip
2026-09-22 23:10:00,VIC1,103.85022,0,5752.54,1,20260922230,0,PUBLIC_DISPATCHIS_202609222310_0000000539298919.zip
2026-09-22 23:15:00,NSW1,92.13732,0,7752.91,1,20260922231,0,PUBLIC_DISPATCHIS_202609222315_0000000539299490.zip
2026-09-22 23:15:00,QLD1,79.31927,0,6140.22,1,20260922231,0,PUBLIC_DISPATCHIS_202609222315_0000000539299490.zip
2026-09-22 23:15:00,SA1,82.78649,0,1403.14,1,20260922231,0,PUBLIC_DISPATCHIS_202609222315_0000000539299490.zip
2026-09-22 23:15:00,TAS1,88.2,0,1066.42,1,20260922231,0,PUBLIC_DISPATCHIS_202609222315_0000000539299490.zip
2026-09-22 23:15:00,VIC1,90.66712,0,5796.43,1,20260922231,0,PUBLIC_DISPATCHIS_202609222315_0000000539299490.zip
2026-09-22 23:20:00,NSW1,94.68804,0,7766.07,1,20260922232,0,PUBLIC_DISPATCHIS_202609222320_0000000539300047.zip
2026-09-22 23:20:00,QLD1,80.97085,0,6119.14,1,20260922232,0,PUBLIC_DISPATCHIS_202609222320_0000000539300047.zip
2026-09-22 23:20:00,SA1,83.67408,0,1389.66,1,20260922232,0,PUBLIC_DISPATCHIS_202609222320_0000000539300047.zip
2026-09-22 23:20:00,TAS1,88.2,0,1062.4,1,20260922232,0,PUBLIC_DISPATCHIS_202609222320_0000000539300047.zip
2026-09-22 23:20:00,VIC1,92.33474,0,5760.11,1,20260922232,0,PUBLIC_DISPATCHIS_202609222320_0000000539300047.zip
2026-09-22 23:25:00,NSW1,94.474,0,7694.34,1,20260922233,0,PUBLIC_DISPATCHIS_202609222325_0000000539300795.zip
2026-09-22 23:25:00,QLD1,81.79443,0,6093.78,1,20260922233,0,PUBLIC_DISPATCHIS_202609222325_0000000539300795.zip
2026-09-22 23:25:00,SA1,83.45556,0,1387.85,1,20260922233,0,PUBLIC_DISPATCHIS_202609222325_0000000539300795.zip
2026-09-22 23:25:00,TAS1,88.2,0,1060.71,1,20260922233,0,PUBLIC_DISPATCHIS_202609222325_0000000539300795.zip
2026-09-22 23:25:00,VIC1,91.37556,0,5682.76,1,20260922233,0,PUBLIC_DISPATCHIS_202609222325_0000000539300795.zip
2026-09-22 23:30:00,NSW1,93.68311,0,7697.04,1,20260922234,0,PUBLIC_DISPATCHIS_202609222330_0000000539301264.zip
2026-09-22 23:30:00,QLD1,79.31927,0,6055.12,1,20260922234,0,PUBLIC_DISPATCHIS_202609222330_0000000539301264.zip
2026-09-22 23:30:00,SA1,80.0,0,1396.91,1,20260922234,0,PUBLIC_DISPATCHIS_202609222330_0000000539301264.zip
2026-09-22 23:30:00,TAS1,88.2,0,1054.44,1,20260922234,0,PUBLIC_DISPATCHIS_202609222330_0000000539301264.zip
2026-09-22 23:30:00,VIC1,91.3567,0,5693.88,1,20260922234,0,PUBLIC_DISPATCHIS_202609222330_0000000539301264.zip
2026-09-22 23:35:00,NSW1,94.58759,0,7674.89,1,20260922235,0,PUBLIC_DISPATCHIS_202609222335_0000000539301826.zip
2026-09-22 23:35:00,QLD1,80.83767,0,6068.43,1,20260922235,0,PUBLIC_DISPATCHIS_202609222335_0000000539301826.zip
2026-09-22 23:35:00,SA1,83.78926,0,1425.2,1,20260922235,0,PUBLIC_DISPATCHIS_202609222335_0000000539301826.zip
2026-09-22 23:35:00,TAS1,88.2,0,1052.17,1,20260922235,0,PUBLIC_DISPATCHIS_202609222335_0000000539301826.zip
2026-09-22 23:35:00,VIC1,92.37227,0,5696.46,1,20260922235,0,PUBLIC_DISPATCHIS_202609222335_0000000539301826.zip
2026-09-22 23:40:00,NSW1,94.85385,0,7686.96,1,20260922236,0,PUBLIC_DISPATCHIS_202609222340_0000000539302381.zip
2026-09-22 23:40:00,QLD1,79.31927,0,6041.56,1,20260922236,0,PUBLIC_DISPATCHIS_202609222340_0000000539302381.zip
2026-09-22 23:40:00,SA1,80.0,0,1442.11,1,20260922236,0,PUBLIC_DISPATCHIS_202609222340_0000000539302381.zip
2026-09-22 23:40:00,TAS1,88.2,0,1046.8,1,20260922236,0,PUBLIC_DISPATCHIS_202609222340_0000000539302381.zip
2026-09-22 23:40:00,VIC1,91.89167,0,5639.54,1,20260922236,0,PUBLIC_DISPATCHIS_202609222340_0000000539302381.zip
2026-09-22 23:45:00,NSW1,93.73335,0,7598.64,1,20260922237,0,PUBLIC_DISPATCHIS_202609222345_0000000539302945.zip
2026-09-22 23:45:00,QLD1,80.58399,0,6028.72,1,20260922237,0,PUBLIC_DISPATCHIS_202609222345_0000000539302945.zip
2026-09-22 23:45:00,SA1,80.0,0,1439.93,1,20260922237,0,PUBLIC_DISPATCHIS_202609222345_0000000539302945.zip
2026-09-22 23:45:00,TAS1,88.2,0,1044.58,1,20260922237,0,PUBLIC_DISPATCHIS_202609222345_0000000539302945.zip
2026-09-22 23:45:00,VIC1,90.76408,0,5568.0,1,20260922237,0,PUBLIC_DISPATCHIS_202609222345_0000000539302945.zip
2026-09-22 23:50:00,NSW1,92.8614,0,7587.5,1,20260922238,0,PUBLIC_DISPATCHIS_202609222350_0000000539303480.zip
2026-09-22 23:50:00,QLD1,79.31927,0,6016.82,1,20260922238,0,PUBLIC_DISPATCHIS_202609222350_0000000539303480.zip
2026-09-22 23:50:00,SA1,78.15235,0,1447.62,1,20260922238,0,PUBLIC_DISPATCHIS_202609222350_0000000539303480.zip
2026-09-22 23:50:00,TAS1,88.2,0,1038.71,1,20260922238,0,PUBLIC_DISPATCHIS_202609222350_0000000539303480.zip
2026-09-22 23:50:00,VIC1,89.9053,0,5526.56,1,20260922238,0,PUBLIC_DISPATCHIS_202609222350_0000000539303480.zip
2026-09-22 23:55:00,NSW1,91.74183,0,7452.95,1,20260922239,0,PUBLIC_DISPATCHIS_202609222355_0000000539304159.zip
2026-09-22 23:55:00,QLD1,79.31927,0,5971.87,1,20260922239,0,PUBLIC_DISPATCHIS_202609222355_0000000539304159.zip
2026-09-22 23:55:00,SA1,80.34023,0,1423.39,1,20260922239,0,PUBLIC_DISPATCHIS_202609222355_0000000539304159.zip
2026-09-22 23:55:00,TAS1,88.2,0,1035.86,1,20260922239,0,PUBLIC_DISPATCHIS_202609222355_0000000539304159.zip
2026-09-22 23:55:00,VIC1,88.76186,0,5487.74,1,20260922239,0,PUBLIC_DISPATCHIS_202609222355_0000000539304159.zip
2026-09-23 00:00:00,NSW1,91.78013,0,7447.89,1,20260922240,0,PUBLIC_DISPATCHIS_202609230000_0000000539304631.zip
2026-09-23 00:00:00,QLD1,79.31927,0,5936.87,1,20260922240,0,PUBLIC_DISPATCHIS_202609230000_0000000539304631.zip
2026-09-23 00:00:00,SA1,80.0,0,1428.28,1,20260922240,0,PUBLIC_DISPATCHIS_202609230000_0000000539304631.zip
2026-09-23 00:00:00,TAS1,88.2,0,1038.23,1,20260922240,0,PUBLIC_DISPATCHIS_202609230000_0000000539304631.zip
2026-09-23 00:00:00,VIC1,88.82877,0,5493.83,1,20260922240,0,PUBLIC_DISPATCHIS_202609230000_0000000539304631.zip
2026-09-23 00:05:00,NSW1,96.81114,0,7507.28,1,20260922241,0,PUBLIC_DISPATCHIS_202609230005_0000000539305180.zip
2026-09-23 00:05:00,QLD1,84.17831,0,5919.78,1,20260922241,0,PUBLIC_DISPATCHIS_202609230005_0000000539305180.zip
2026-09-23 00:05:00,SA1,83.44555,0,1429.93,1,20260922241,0,PUBLIC_DISPATCHIS_202609230005_0000000539305180.zip
2026-09-23 00:05:00,TAS1,88.2,0,1031.3,1,20260922241,0,PUBLIC_DISPATCHIS_202609230005_0000000539305180.zip
2026-09-23 00:05:00,VIC1,92.1927,0,5485.76,1,20260922241,0,PUBLIC_DISPATCHIS_202609230005_0000000539305180.zip
2026-09-23 00:10:00,NSW1,113.5,0,7581.82,1,20260922242,0,PUBLIC_DISPATCHIS_202609230010_0000000539305798.zip
2026-09-23 00:10:00,QLD1,103.12873,0,5896.41,1,20260922242,0,PUBLIC_DISPATCHIS_202609230010_0000000539305798.zip
2026-09-23 00:10:00,SA1,94.5,0,1435.9,1,20260922242,0,PUBLIC_DISPATCHIS_202609230010_0000000539305798.zip
2026-09-23 00:10:00,TAS1,98.03746,0,1028.57,1,20260922242,0,PUBLIC_DISPATCHIS_202609230010_0000000539305798.zip
2026-09-23 00:10:00,VIC1,105.50868,0,5448.0,1,20260922242,0,PUBLIC_DISPATCHIS_202609230010_0000000539305798.zip
2026-09-23 00:15:00,NSW1,130.01,0,7643.7,1,20260922243,0,PUBLIC_DISPATCHIS_202609230015_0000000539306362.zip
2026-09-23 00:15:00,QLD1,117.30052,0,5865.32,1,20260922243,0,PUBLIC_DISPATCHIS_202609230015_0000000539306362.zip
2026-09-23 00:15:00,SA1,80.0,0,1422.45,1,20260922243,0,PUBLIC_DISPATCHIS_202609230015_0000000539306362.zip
2026-09-23 00:15:00,TAS1,110.10978,0,1032.84,1,20260922243,0,PUBLIC_DISPATCHIS_202609230015_0000000539306362.zip
2026-09-23 00:15:00,VIC1,118.5,0,5436.0,1,20260922243,0,PUBLIC_DISPATCHIS_202609230015_0000000539306362.zip
2026-09-23 00:20:00,NSW1,96.44716,0,7564.91,1,20260922244,0,PUBLIC_DISPATCHIS_202609230020_0000000539306903.zip
2026-09-23 00:20:00,QLD1,87.53357,0,5818.45,1,20260922244,0,PUBLIC_DISPATCHIS_202609230020_0000000539306903.zip
2026-09-23 00:20:00,SA1,83.3942,0,1470.22,1,20260922244,0,PUBLIC_DISPATCHIS_202609230020_0000000539306903.zip
2026-09-23 00:20:00,TAS1,88.2,0,1028.01,1,20260922244,0,PUBLIC_DISPATCHIS_202609230020_0000000539306903.zip
2026-09-23 00:20:00,VIC1,91.31127,0,5408.26,1,20260922244,0,PUBLIC_DISPATCHIS_202609230020_0000000539306903.zip
2026-09-23 00:25:00,NSW1,99.28302,0,7545.98,1,20260922245,0,PUBLIC_DISPATCHIS_202609230025_0000000539307589.zip
2026-09-23 00:25:00,QLD1,89.55355,0,5845.7,1,20260922245,0,PUBLIC_DISPATCHIS_202609230025_0000000539307589.zip
2026-09-23 00:25:00,SA1,84.72523,0,1464.61,1,20260922245,0,PUBLIC_DISPATCHIS_202609230025_0000000539307589.zip
2026-09-23 00:25:00,TAS1,88.2,0,1026.74,1,20260922245,0,PUBLIC_DISPATCHIS_202609230025_0000000539307589.zip
2026-09-23 00:25:00,VIC1,93.17821,0,5393.73,1,20260922245,0,PUBLIC_DISPATCHIS_202609230025_0000000539307589.zip
2026-09-23 00:30:00,NSW1,129.27422,0,7548.42,1,20260922246,0,PUBLIC_DISPATCHIS_202609230030_0000000539308067.zip
2026-09-23 00:30:00,QLD1,115.04175,0,5772.53,1,20260922246,0,PUBLIC_DISPATCHIS_202609230030_0000000539308067.zip
2026-09-23 00:30:00,SA1,94.79,0,1468.01,1,20260922246,0,PUBLIC_DISPATCHIS_202609230030_0000000539308067.zip
2026-09-23 00:30:00,TAS1,109.76969,0,1021.56,1,20260922246,0,PUBLIC_DISPATCHIS_202609230030_0000000539308067.zip
2026-09-23 00:30:00,VIC1,118.5,0,5434.67,1,20260922246,0,PUBLIC_DISPATCHIS_202609230030_0000000539308067.zip
2026-09-23 00:35:00,NSW1,93.6759,0,7330.01,1,20260922247,0,PUBLIC_DISPATCHIS_202609230035_0000000539308625.zip
2026-09-23 00:35:00,QLD1,85.00983,0,5800.17,1,20260922247,0,PUBLIC_DISPATCHIS_202609230035_0000000539308625.zip
2026-09-23 00:35:00,SA1,82.60704,0,1490.16,1,20260922247,0,PUBLIC_DISPATCHIS_202609230035_0000000539308625.zip
2026-09-23 00:35:00,TAS1,88.2,0,1024.32,1,20260922247,0,PUBLIC_DISPATCHIS_202609230035_0000000539308625.zip
2026-09-23 00:35:00,VIC1,91.0277,0,5408.45,1,20260922247,0,PUBLIC_DISPATCHIS_202609230035_0000000539308625.zip
2026-09-23 00:40:00,NSW1,108.52264,0,7490.48,1,20260922248,0,PUBLIC_DISPATCHIS_202609230040_0000000539309150.zip
2026-09-23 00:40:00,QLD1,94.72339,0,5735.66,1,20260922248,0,PUBLIC_DISPATCHIS_202609230040_0000000539309150.zip
2026-09-23 00:40:00,SA1,93.14062,0,1488.47,1,20260922248,0,PUBLIC_DISPATCHIS_202609230040_0000000539309150.zip
2026-09-23 00:40:00,TAS1,94.0217,0,1018.97,1,20260922248,0,PUBLIC_DISPATCHIS_202609230040_0000000539309150.zip
2026-09-23 00:40:00,VIC1,101.18,0,5399.57,1,20260922248,0,PUBLIC_DISPATCHIS_202609230040_0000000539309150.zip
2026-09-23 00:45:00,NSW1,95.78483,0,7430.21,1,20260922249,0,PUBLIC_DISPATCHIS_202609230045_0000000539309674.zip
2026-09-23 00:45:00,QLD1,85.25,0,5771.96,1,20260922249,0,PUBLIC_DISPATCHIS_202609230045_0000000539309674.zip
2026-09-23 00:45:00,SA1,84.82996,0,1489.56,1,20260922249,0,PUBLIC_DISPATCHIS_202609230045_0000000539309674.zip
2026-09-23 00:45:00,TAS1,88.2,0,1023.09,1,20260922249,0,PUBLIC_DISPATCHIS_202609230045_0000000539309674.zip
2026-09-23 00:45:00,VIC1,92.12253,0,5350.65,1,20260922249,0,PUBLIC_DISPATCHIS_202609230045_0000000539309674.zip
2026-09-23 00:50:00,NSW1,105.2815,0,7400.98,1,20260922250,0,PUBLIC_DISPATCHIS_202609230050_0000000539310153.zip
2026-09-23 00:50:00,QLD1,92.5,0,5763.08,1,20260922250,0,PUBLIC_DISPATCHIS_202609230050_0000000539310153.zip
2026-09-23 00:50:00,SA1,91.51352,0,1501.85,1,20260922250,0,PUBLIC_DISPATCHIS_202609230050_0000000539310153.zip
2026-09-23 00:50:00,TAS1,91.64229,0,1018.57,1,20260922250,0,PUBLIC_DISPATCHIS_202609230050_0000000539310153.zip
2026-09-23 00:50:00,VIC1,98.91606,0,5347.97,1,20260922250,0,PUBLIC_DISPATCHIS_202609230050_0000000539310153.zip
2026-09-23 00:55:00,NSW1,97.90152,0,7315.01,1,20260922251,0,PUBLIC_DISPATCHIS_202609230055_0000000539310856.zip
2026-09-23 00:55:00,QLD1,85.93014,0,5676.38,1,20260922251,0,PUBLIC_DISPATCHIS_202609230055_0000000539310856.zip
2026-09-23 00:55:00,SA1,86.83851,0,1510.55,1,20260922251,0,PUBLIC_DISPATCHIS_202609230055_0000000539310856.zip
2026-09-23 00:55:00,TAS1,88.2,0,1020.83,1,20260922251,0,PUBLIC_DISPATCHIS_202609230055_0000000539310856.zip
2026-09-23 00:55:00,VIC1,92.75508,0,5255.64,1,20260922251,0,PUBLIC_DISPATCHIS_202609230055_0000000539310856.zip
2026-09-23 01:00:00,NSW1,98.97714,0,7348.56,1,20260922252,0,PUBLIC_DISPATCHIS_202609230100_0000000539311354.zip
2026-09-23 01:00:00,QLD1,86.31753,0,5657.32,1,20260922252,0,PUBLIC_DISPATCHIS_202609230100_0000000539311354.zip
2026-09-23 01:00:00,SA1,87.18672,0,1489.44,1,20260922252,0,PUBLIC_DISPATCHIS_202609230100_0000000539311354.zip
2026-09-23 01:00:00,TAS1,88.2,0,1018.12,1,20260922252,0,PUBLIC_DISPATCHIS_202609230100_0000000539311354.zip
2026-09-23 01:00:00,VIC1,93.72801,0,5241.66,1,20260922252,0,PUBLIC_DISPATCHIS_202609230100_0000000539311354.zip
2026-09-23 01:05:00,NSW1,99.87259,0,7337.26,1,20260922253,0,PUBLIC_DISPATCHIS_202609230105_0000000539311946.zip
2026-09-23 01:05:00,QLD1,86.51379,0,5640.16,1,20260922253,0,PUBLIC_DISPATCHIS_202609230105_0000000539311946.zip
2026-09-23 01:05:00,SA1,88.3239,0,1501.02,1,20260922253,0,PUBLIC_DISPATCHIS_202609230105_0000000539311946.zip
2026-09-23 01:05:00,TAS1,88.2,0,1018.1,1,20260922253,0,PUBLIC_DISPATCHIS_202609230105_0000000539311946.zip
2026-09-23 01:05:00,VIC1,94.59941,0,5266.21,1,20260922253,0,PUBLIC_DISPATCHIS_202609230105_0000000539311946.zip
2026-09-23 01:10:00,NSW1,108.71869,0,7311.01,1,20260922254,0,PUBLIC_DISPATCHIS_202609230110_0000000539312608.zip
2026-09-23 01:10:00,QLD1,95.41571,0,5667.05,1,20260922254,0,PUBLIC_DISPATCHIS_202609230110_0000000539312608.zip
2026-09-23 01:10:00,SA1,94.5,0,1480.48,1,20260922254,0,PUBLIC_DISPATCHIS_202609230110_0000000539312608.zip
2026-09-23 01:10:00,TAS1,94.27355,0,1016.42,1,20260922254,0,PUBLIC_DISPATCHIS_202609230110_0000000539312608.zip
2026-09-23 01:10:00,VIC1,102.04931,0,5199.61,1,20260922254,0,PUBLIC_DISPATCHIS_202609230110_0000000539312608.zip
2026-09-23 01:15:00,NSW1,98.99914,0,7224.34,1,20260922255,0,PUBLIC_DISPATCHIS_202609230115_0000000539313143.zip
2026-09-23 01:15:00,QLD1,87.4157,0,5644.15,1,20260922255,0,PUBLIC_DISPATCHIS_202609230115_0000000539313143.zip
2026-09-23 01:15:00,SA1,86.48775,0,1475.43,1,20260922255,0,PUBLIC_DISPATCHIS_202609230115_0000000539313143.zip
2026-09-23 01:15:00,TAS1,88.2,0,1018.58,1,20260922255,0,PUBLIC_DISPATCHIS_202609230115_0000000539313143.zip
2026-09-23 01:15:00,VIC1,93.71811,0,5183.14,1,20260922255,0,PUBLIC_DISPATCHIS_202609230115_0000000539313143.zip
2026-09-23 01:20:00,NSW1,96.53141,0,7141.83,1,20260922256,0,PUBLIC_DISPATCHIS_202609230120_0000000539313673.zip
2026-09-23 01:20:00,QLD1,85.25,0,5648.15,1,20260922256,0,PUBLIC_DISPATCHIS_202609230120_0000000539313673.zip
2026-09-23 01:20:00,SA1,85.20139,0,1446.59,1,20260922256,0,PUBLIC_DISPATCHIS_202609230120_0000000539313673.zip
2026-09-23 01:20:00,TAS1,88.2,0,1014.1,1,20260922256,0,PUBLIC_DISPATCHIS_202609230120_0000000539313673.zip
2026-09-23 01:20:00,VIC1,92.81546,0,5213.72,1,20260922256,0,PUBLIC_DISPATCHIS_202609230120_0000000539313673.zip
2026-09-23 01:25:00,NSW1,96.93766,0,7134.52,1,20260922257,0,PUBLIC_DISPATCHIS_202609230125_0000000539314333.zip
2026-09-23 01:25:00,QLD1,85.51,0,5639.12,1,20260922257,0,PUBLIC_DISPATCHIS_202609230125_0000000539314333.zip
2026-09-23 01:25:00,SA1,85.86861,0,1441.62,1,20260922257,0,PUBLIC_DISPATCHIS_202609230125_0000000539314333.zip
2026-09-23 01:25:00,TAS1,88.2,0,1012.08,1,20260922257,0,PUBLIC_DISPATCHIS_202609230125_0000000539314333.zip
2026-09-23 01:25:00,VIC1,93.14256,0,5150.64,1,20260922257,0,PUBLIC_DISPATCHIS_202609230125_0000000539314333.zip
2026-09-23 01:30:00,NSW1,97.2373,0,7105.19,1,20260922258,0,PUBLIC_DISPATCHIS_202609230130_0000000539314858.zip
2026-09-23 01:30:00,QLD1,85.84343,0,5619.19,1,20260922258,0,PUBLIC_DISPATCHIS_202609230130_0000000539314858.zip
2026-09-23 01:30:00,SA1,85.76033,0,1436.94,1,20260922258,0,PUBLIC_DISPATCHIS_202609230130_0000000539314858.zip
2026-09-23 01:30:00,TAS1,88.2,0,1011.44,1,20260922258,0,PUBLIC_DISPATCHIS_202609230130_0000000539314858.zip
2026-09-23 01:30:00,VIC1,93.42932,0,5165.83,1,20260922258,0,PUBLIC_DISPATCHIS_202609230130_0000000539314858.zip
2026-09-23 01:35:00,NSW1,96.58578,0,7066.78,1,20260922259,0,PUBLIC_DISPATCHIS_202609230135_0000000539315419.zip
2026-09-23 01:35:00,QLD1,85.25,0,5599.56,1,20260922259,0,PUBLIC_DISPATCHIS_202609230135_0000000539315419.zip
2026-09-23 01:35:00,SA1,87.08311,0,1419.91,1,20260922259,0,PUBLIC_DISPATCHIS_202609230135_0000000539315419.zip
2026-09-23 01:35:00,TAS1,88.2,0,1010.12,1,20260922259,0,PUBLIC_DISPATCHIS_202609230135_0000000539315419.zip
2026-09-23 01:35:00,VIC1,93.42345,0,5123.86,1,20260922259,0,PUBLIC_DISPATCHIS_202609230135_0000000539315419.zip
2026-09-23 01:40:00,NSW1,96.16586,0,6990.86,1,20260922260,0,PUBLIC_DISPATCHIS_202609230140_0000000539316002.zip
2026-09-23 01:40:00,QLD1,84.83008,0,5549.93,1,20260922260,0,PUBLIC_DISPATCHIS_202609230140_0000000539316002.zip
2026-09-23 01:40:00,SA1,86.38987,0,1399.38,1,20260922260,0,PUBLIC_DISPATCHIS_202609230140_0000000539316002.zip
2026-09-23 01:40:00,TAS1,88.2,0,1011.59,1,20260922260,0,PUBLIC_DISPATCHIS_202609230140_0000000539316002.zip
2026-09-23 01:40:00,VIC1,93.13742,0,5118.42,1,20260922260,0,PUBLIC_DISPATCHIS_202609230140_0000000539316002.zip
2026-09-23 01:45:00,NSW1,96.91184,0,7028.42,1,20260922261,0,PUBLIC_DISPATCHIS_202609230145_0000000539316562.zip
2026-09-23 01:45:00,QLD1,84.83008,0,5530.49,1,20260922261,0,PUBLIC_DISPATCHIS_202609230145_0000000539316562.zip
2026-09-23 01:45:00,SA1,87.57142,0,1396.32,1,20260922261,0,PUBLIC_DISPATCHIS_202609230145_0000000539316562.zip
2026-09-23 01:45:00,TAS1,88.2,0,1011.81,1,20260922261,0,PUBLIC_DISPATCHIS_202609230145_0000000539316562.zip
2026-09-23 01:45:00,VIC1,93.70547,0,5103.48,1,20260922261,0,PUBLIC_DISPATCHIS_202609230145_0000000539316562.zip
2026-09-23 01:50:00,NSW1,96.64396,0,7010.65,1,20260922262,0,PUBLIC_DISPATCHIS_202609230150_0000000539317115.zip
2026-09-23 01:50:00,QLD1,85.25,0,5552.37,1,20260922262,0,PUBLIC_DISPATCHIS_202609230150_0000000539317115.zip
2026-09-23 01:50:00,SA1,86.64428,0,1399.97,1,20260922262,0,PUBLIC_DISPATCHIS_202609230150_0000000539317115.zip
2026-09-23 01:50:00,TAS1,88.2,0,1013.05,1,20260922262,0,PUBLIC_DISPATCHIS_202609230150_0000000539317115.zip
2026-09-23 01:50:00,VIC1,92.63985,0,5007.71,1,20260922262,0,PUBLIC_DISPATCHIS_202609230150_0000000539317115.zip
2026-09-23 01:55:00,NSW1,96.48785,0,7024.35,1,20260922263,0,PUBLIC_DISPATCHIS_202609230155_0000000539317858.zip
2026-09-23 01:55:00,QLD1,85.25,0,5530.03,1,20260922263,0,PUBLIC_DISPATCHIS_202609230155_0000000539317858.zip
2026-09-23 01:55:00,SA1,86.11644,0,1393.59,1,20260922263,0,PUBLIC_DISPATCHIS_202609230155_0000000539317858.zip
2026-09-23 01:55:00,TAS1,88.2,0,1013.92,1,20260922263,0,PUBLIC_DISPATCHIS_202609230155_0000000539317858.zip
2026-09-23 01:55:00,VIC1,92.42749,0,4964.16,1,20260922263,0,PUBLIC_DISPATCHIS_202609230155_0000000539317858.zip
2026-09-23 02:00:00,NSW1,95.96107,0,6993.98,1,20260922264,0,PUBLIC_DISPATCHIS_202609230200_0000000539318398.zip
2026-09-23 02:00:00,QLD1,84.66893,0,5459.42,1,20260922264,0,PUBLIC_DISPATCHIS_202609230200_0000000539318398.zip
2026-09-23 02:00:00,SA1,84.79871,0,1371.15,1,20260922264,0,PUBLIC_DISPATCHIS_202609230200_0000000539318398.zip
2026-09-23 02:00:00,TAS1,88.2,0,1009.5,1,20260922264,0,PUBLIC_DISPATCHIS_202609230200_0000000539318398.zip
2026-09-23 02:00:00,VIC1,91.87585,0,5006.76,1,20260922264,0,PUBLIC_DISPATCHIS_202609230200_0000000539318398.zip
2026-09-23 02:05:00,NSW1,96.41076,0,6903.67,1,20260922265,0,PUBLIC_DISPATCHIS_202609230205_0000000539319002.zip
2026-09-23 02:05:00,QLD1,85.25,0,5514.08,1,20260922265,0,PUBLIC_DISPATCHIS_202609230205_0000000539319002.zip
2026-09-23 02:05:00,SA1,86.29344,0,1372.24,1,20260922265,0,PUBLIC_DISPATCHIS_202609230205_0000000539319002.zip
2026-09-23 02:05:00,TAS1,88.2,0,1009.95,1,20260922265,0,PUBLIC_DISPATCHIS_202609230205_0000000539319002.zip
2026-09-23 02:05:00,VIC1,93.12399,0,5023.25,1,20260922265,0,PUBLIC_DISPATCHIS_202609230205_0000000539319002.zip
2026-09-23 02:10:00,NSW1,96.22936,0,6925.48,1,20260922266,0,PUBLIC_DISPATCHIS_202609230210_0000000539319545.zip
2026-09-23 02:10:00,QLD1,85.25,0,5501.13,1,20260922266,0,PUBLIC_DISPATCHIS_202609230210_0000000539319545.zip
2026-09-23 02:10:00,SA1,86.13319,0,1375.25,1,20260922266,0,PUBLIC_DISPATCHIS_202609230210_0000000539319545.zip
2026-09-23 02:10:00,TAS1,88.2,0,1011.9,1,20260922266,0,PUBLIC_DISPATCHIS_202609230210_0000000539319545.zip
2026-09-23 02:10:00,VIC1,92.14308,0,4933.87,1,20260922266,0,PUBLIC_DISPATCHIS_202609230210_0000000539319545.zip
2026-09-23 02:15:00,NSW1,119.0,0,6948.42,1,20260922267,0,PUBLIC_DISPATCHIS_202609230215_0000000539320103.zip
2026-09-23 02:15:00,QLD1,106.9681,0,5538.46,1,20260922267,0,PUBLIC_DISPATCHIS_202609230215_0000000539320103.zip
2026-09-23 02:15:00,SA1,103.44753,0,1366.93,1,20260922267,0,PUBLIC_DISPATCHIS_202609230215_0000000539320103.zip
2026-09-23 02:15:00,TAS1,104.11381,0,1009.59,1,20260922267,0,PUBLIC_DISPATCHIS_202609230215_0000000539320103.zip
2026-09-23 02:15:00,VIC1,113.01623,0,5007.08,1,20260922267,0,PUBLIC_DISPATCHIS_202609230215_0000000539320103.zip
2026-09-23 02:20:00,NSW1,95.76599,0,6857.42,1,20260922268,0,PUBLIC_DISPATCHIS_202609230220_0000000539320676.zip
2026-09-23 02:20:00,QLD1,85.8007,0,5524.84,1,20260922268,0,PUBLIC_DISPATCHIS_202609230220_0000000539320676.zip
2026-09-23 02:20:00,SA1,85.5186,0,1352.04,1,20260922268,0,PUBLIC_DISPATCHIS_202609230220_0000000539320676.zip
2026-09-23 02:20:00,TAS1,88.2,0,1009.6,1,20260922268,0,PUBLIC_DISPATCHIS_202609230220_0000000539320676.zip
2026-09-23 02:20:00,VIC1,92.40173,0,4988.51,1,20260922268,0,PUBLIC_DISPATCHIS_202609230220_0000000539320676.zip
2026-09-23 02:25:00,NSW1,90.21,0,6783.61,1,20260922269,0,PUBLIC_DISPATCHIS_202609230225_0000000539321413.zip
2026-09-23 02:25:00,QLD1,81.35,0,5544.67,1,20260922269,0,PUBLIC_DISPATCHIS_202609230225_0000000539321413.zip
2026-09-23 02:25:00,SA1,83.24569,0,1354.41,1,20260922269,0,PUBLIC_DISPATCHIS_202609230225_0000000539321413.zip
2026-09-23 02:25:00,TAS1,88.2,0,1013.0,1,20260922269,0,PUBLIC_DISPATCHIS_202609230225_0000000539321413.zip
2026-09-23 02:25:00,VIC1,89.20639,0,4983.49,1,20260922269,0,PUBLIC_DISPATCHIS_202609230225_0000000539321413.zip
2026-09-23 02:30:00,NSW1,96.13654,0,6811.1,1,20260922270,0,PUBLIC_DISPATCHIS_202609230230_0000000539321912.zip
2026-09-23 02:30:00,QLD1,85.25,0,5476.96,1,20260922270,0,PUBLIC_DISPATCHIS_202609230230_0000000539321912.zip
2026-09-23 02:30:00,SA1,83.56764,0,1351.39,1,20260922270,0,PUBLIC_DISPATCHIS_202609230230_0000000539321912.zip
2026-09-23 02:30:00,TAS1,88.2,0,1012.88,1,20260922270,0,PUBLIC_DISPATCHIS_202609230230_0000000539321912.zip
2026-09-23 02:30:00,VIC1,91.25664,0,4914.76,1,20260922270,0,PUBLIC_DISPATCHIS_202609230230_0000000539321912.zip
2026-09-23 02:35:00,NSW1,96.99,0,6800.81,1,20260922271,0,PUBLIC_DISPATCHIS_202609230235_0000000539322462.zip
2026-09-23 02:35:00,QLD1,85.47955,0,5480.73,1,20260922271,0,PUBLIC_DISPATCHIS_202609230235_0000000539322462.zip
2026-09-23 02:35:00,SA1,85.06537,0,1356.74,1,20260922271,0,PUBLIC_DISPATCHIS_202609230235_0000000539322462.zip
2026-09-23 02:35:00,TAS1,88.2,0,1011.91,1,20260922271,0,PUBLIC_DISPATCHIS_202609230235_0000000539322462.zip
2026-09-23 02:35:00,VIC1,92.88679,0,4962.44,1,20260922271,0,PUBLIC_DISPATCHIS_202609230235_0000000539322462.zip
2026-09-23 02:40:00,NSW1,95.63191,0,6805.46,1,20260922272,0,PUBLIC_DISPATCHIS_202609230240_0000000539322998.zip
2026-09-23 02:40:00,QLD1,84.83008,0,5485.99,1,20260922272,0,PUBLIC_DISPATCHIS_202609230240_0000000539322998.zip
2026-09-23 02:40:00,SA1,85.58515,0,1373.34,1,20260922272,0,PUBLIC_DISPATCHIS_202609230240_0000000539322998.zip
2026-09-23 02:40:00,TAS1,88.2,0,1011.09,1,20260922272,0,PUBLIC_DISPATCHIS_202609230240_0000000539322998.zip
2026-09-23 02:40:00,VIC1,91.82316,0,4865.12,1,20260922272,0,PUBLIC_DISPATCHIS_202609230240_0000000539322998.zip
2026-09-23 02:45:00,NSW1,96.72589,0,6784.78,1,20260922273,0,PUBLIC_DISPATCHIS_202609230245_0000000539323586.zip
2026-09-23 02:45:00,QLD1,85.25,0,5475.51,1,20260922273,0,PUBLIC_DISPATCHIS_202609230245_0000000539323586.zip
2026-09-23 02:45:00,SA1,88.4293,0,1381.22,1,20260922273,0,PUBLIC_DISPATCHIS_202609230245_0000000539323586.zip
2026-09-23 02:45:00,TAS1,88.2,0,1011.9,1,20260922273,0,PUBLIC_DISPATCHIS_202609230245_0000000539323586.zip
2026-09-23 02:45:00,VIC1,94.18154,0,4920.1,1,20260922273,0,PUBLIC_DISPATCHIS_202609230245_0000000539323586.zip
2026-09-23 02:50:00,NSW1,105.59746,0,6794.84,1,20260922274,0,PUBLIC_DISPATCHIS_202609230250_0000000539324133.zip
2026-09-23 02:50:00,QLD1,93.05194,0,5457.54,1,20260922274,0,PUBLIC_DISPATCHIS_202609230250_0000000539324133.zip
2026-09-23 02:50:00,SA1,96.7,0,1401.34,1,20260922274,0,PUBLIC_DISPATCHIS_202609230250_0000000539324133.zip
2026-09-23 02:50:00,TAS1,95.71572,0,1012.77,1,20260922274,0,PUBLIC_DISPATCHIS_202609230250_0000000539324133.zip
2026-09-23 02:50:00,VIC1,102.92507,0,4960.19,1,20260922274,0,PUBLIC_DISPATCHIS_202609230250_0000000539324133.zip
2026-09-23 02:55:00,NSW1,96.45494,0,6757.6,1,20260922275,0,PUBLIC_DISPATCHIS_202609230255_0000000539324865.zip
2026-09-23 02:55:00,QLD1,84.5,0,5500.19,1,20260922275,0,PUBLIC_DISPATCHIS_202609230255_0000000539324865.zip
2026-09-23 02:55:00,SA1,89.70971,0,1391.8,1,20260922275,0,PUBLIC_DISPATCHIS_202609230255_0000000539324865.zip
2026-09-23 02:55:00,TAS1,88.2,0,1020.18,1,20260922275,0,PUBLIC_DISPATCHIS_202609230255_0000000539324865.zip
2026-09-23 02:55:00,VIC1,94.73253,0,4915.78,1,20260922275,0,PUBLIC_DISPATCHIS_202609230255_0000000539324865.zip
2026-09-23 03:00:00,NSW1,95.8787,0,6713.15,1,20260922276,0,PUBLIC_DISPATCHIS_202609230300_0000000539325360.zip
2026-09-23 03:00:00,QLD1,84.5,0,5449.54,1,20260922276,0,PUBLIC_DISPATCHIS_202609230300_0000000539325360.zip
2026-09-23 03:00:00,SA1,89.61646,0,1402.97,1,20260922276,0,PUBLIC_DISPATCHIS_202609230300_0000000539325360.zip
2026-09-23 03:00:00,TAS1,88.2,0,1017.8,1,20260922276,0,PUBLIC_DISPATCHIS_202609230300_0000000539325360.zip
2026-09-23 03:00:00,VIC1,94.25259,0,4935.25,1,20260922276,0,PUBLIC_DISPATCHIS_202609230300_0000000539325360.zip
2026-09-23 03:05:00,NSW1,95.91388,0,6676.55,1,20260922277,0,PUBLIC_DISPATCHIS_202609230305_0000000539325927.zip
2026-09-23 03:05:00,QLD1,84.51686,0,5439.46,1,20260922277,0,PUBLIC_DISPATCHIS_202609230305_0000000539325927.zip
2026-09-23 03:05:00,SA1,89.22595,0,1392.41,1,20260922277,0,PUBLIC_DISPATCHIS_202609230305_0000000539325927.zip
2026-09-23 03:05:00,TAS1,88.2,0,1017.63,1,20260922277,0,PUBLIC_DISPATCHIS_202609230305_0000000539325927.zip
2026-09-23 03:05:00,VIC1,94.2542,0,4942.29,1,20260922277,0,PUBLIC_DISPATCHIS_202609230305_0000000539325927.zip
2026-09-23 03:10:00,NSW1,98.63086,0,6768.19,1,20260922278,0,PUBLIC_DISPATCHIS_202609230310_0000000539326472.zip
2026-09-23 03:10:00,QLD1,85.25,0,5421.53,1,20260922278,0,PUBLIC_DISPATCHIS_202609230310_0000000539326472.zip
2026-09-23 03:10:00,SA1,93.24921,0,1403.09,1,20260922278,0,PUBLIC_DISPATCHIS_202609230310_0000000539326472.zip
2026-09-23 03:10:00,TAS1,90.8532,0,1023.33,1,20260922278,0,PUBLIC_DISPATCHIS_202609230310_0000000539326472.zip
2026-09-23 03:10:00,VIC1,97.68724,0,4931.88,1,20260922278,0,PUBLIC_DISPATCHIS_202609230310_0000000539326472.zip
2026-09-23 03:15:00,NSW1,103.32013,0,6789.98,1,20260922279,0,PUBLIC_DISPATCHIS_202609230315_0000000539327032.zip
2026-09-23 03:15:00,QLD1,90.4651,0,5444.09,1,20260922279,0,PUBLIC_DISPATCHIS_202609230315_0000000539327032.zip
2026-09-23 03:15:00,SA1,97.21,0,1403.49,1,20260922279,0,PUBLIC_DISPATCHIS_202609230315_0000000539327032.zip
2026-09-23 03:15:00,TAS1,94.6204,0,1027.3,1,20260922279,0,PUBLIC_DISPATCHIS_202609230315_0000000539327032.zip
2026-09-23 03:15:00,VIC1,101.40983,0,4858.5,1,20260922279,0,PUBLIC_DISPATCHIS_202609230315_0000000539327032.zip
2026-09-23 03:20:00,NSW1,107.55266,0,6770.26,1,20260922280,0,PUBLIC_DISPATCHIS_202609230320_0000000539327584.zip
2026-09-23 03:20:00,QLD1,93.62941,0,5492.47,1,20260922280,0,PUBLIC_DISPATCHIS_202609230320_0000000539327584.zip
2026-09-23 03:20:00,SA1,101.02,0,1388.52,1,20260922280,0,PUBLIC_DISPATCHIS_202609230320_0000000539327584.zip
2026-09-23 03:20:00,TAS1,99.26398,0,1029.96,1,20260922280,0,PUBLIC_DISPATCHIS_202609230320_0000000539327584.zip
2026-09-23 03:20:00,VIC1,106.39952,0,4927.39,1,20260922280,0,PUBLIC_DISPATCHIS_202609230320_0000000539327584.zip
2026-09-23 03:25:00,NSW1,95.59644,0,6665.61,1,20260922281,0,PUBLIC_DISPATCHIS_202609230325_0000000539328296.zip
2026-09-23 03:25:00,QLD1,84.80523,0,5471.72,1,20260922281,0,PUBLIC_DISPATCHIS_202609230325_0000000539328296.zip
2026-09-23 03:25:00,SA1,90.76029,0,1374.19,1,20260922281,0,PUBLIC_DISPATCHIS_202609230325_0000000539328296.zip
2026-09-23 03:25:00,TAS1,88.2,0,1022.96,1,20260922281,0,PUBLIC_DISPATCHIS_202609230325_0000000539328296.zip
2026-09-23 03:25:00,VIC1,94.53775,0,4903.64,1,20260922281,0,PUBLIC_DISPATCHIS_202609230325_0000000539328296.zip
2026-09-23 03:30:00,NSW1,96.99,0,6754.12,1,20260922282,0,PUBLIC_DISPATCHIS_202609230330_0000000539328825.zip
2026-09-23 03:30:00,QLD1,84.66893,0,5461.87,1,20260922282,0,PUBLIC_DISPATCHIS_202609230330_0000000539328825.zip
2026-09-23 03:30:00,SA1,92.18581,0,1392.93,1,20260922282,0,PUBLIC_DISPATCHIS_202609230330_0000000539328825.zip
2026-09-23 03:30:00,TAS1,89.47853,0,1025.75,1,20260922282,0,PUBLIC_DISPATCHIS_202609230330_0000000539328825.zip
2026-09-23 03:30:00,VIC1,95.89836,0,4857.68,1,20260922282,0,PUBLIC_DISPATCHIS_202609230330_0000000539328825.zip
2026-09-23 03:35:00,NSW1,105.62081,0,6738.51,1,20260922283,0,PUBLIC_DISPATCHIS_202609230335_0000000539329437.zip
2026-09-23 03:35:00,QLD1,91.91942,0,5474.6,1,20260922283,0,PUBLIC_DISPATCHIS_202609230335_0000000539329437.zip
2026-09-23 03:35:00,SA1,101.02,0,1375.86,1,20260922283,0,PUBLIC_DISPATCHIS_202609230335_0000000539329437.zip
2026-09-23 03:35:00,TAS1,98.18834,0,1024.95,1,20260922283,0,PUBLIC_DISPATCHIS_202609230335_0000000539329437.zip
2026-09-23 03:35:00,VIC1,105.24196,0,4906.33,1,20260922283,0,PUBLIC_DISPATCHIS_202609230335_0000000539329437.zip
2026-09-23 03:40:00,NSW1,97.27039,0,6733.69,1,20260922284,0,PUBLIC_DISPATCHIS_202609230340_0000000539329999.zip
2026-09-23 03:40:00,QLD1,85.25,0,5528.46,1,20260922284,0,PUBLIC_DISPATCHIS_202609230340_0000000539329999.zip
2026-09-23 03:40:00,SA1,92.02184,0,1348.49,1,20260922284,0,PUBLIC_DISPATCHIS_202609230340_0000000539329999.zip
2026-09-23 03:40:00,TAS1,89.30745,0,1024.48,1,20260922284,0,PUBLIC_DISPATCHIS_202609230340_0000000539329999.zip
2026-09-23 03:40:00,VIC1,96.01826,0,4895.41,1,20260922284,0,PUBLIC_DISPATCHIS_202609230340_0000000539329999.zip
2026-09-23 03:45:00,NSW1,98.5702,0,6803.88,1,20260922285,0,PUBLIC_DISPATCHIS_202609230345_0000000539330580.zip
2026-09-23 03:45:00,QLD1,85.25,0,5485.02,1,20260922285,0,PUBLIC_DISPATCHIS_202609230345_0000000539330580.zip
2026-09-23 03:45:00,SA1,93.57463,0,1343.69,1,20260922285,0,PUBLIC_DISPATCHIS_202609230345_0000000539330580.zip
2026-09-23 03:45:00,TAS1,91.20635,0,1017.72,1,20260922285,0,PUBLIC_DISPATCHIS_202609230345_0000000539330580.zip
2026-09-23 03:45:00,VIC1,98.06695,0,4928.71,1,20260922285,0,PUBLIC_DISPATCHIS_202609230345_0000000539330580.zip
2026-09-23 03:50:00,NSW1,96.89534,0,6766.23,1,20260922286,0,PUBLIC_DISPATCHIS_202609230350_0000000539331137.zip
2026-09-23 03:50:00,QLD1,85.39392,0,5461.75,1,20260922286,0,PUBLIC_DISPATCHIS_202609230350_0000000539331137.zip
2026-09-23 03:50:00,SA1,90.28291,0,1344.0,1,20260922286,0,PUBLIC_DISPATCHIS_202609230350_0000000539331137.zip
2026-09-23 03:50:00,TAS1,88.2,0,1016.2,1,20260922286,0,PUBLIC_DISPATCHIS_202609230350_0000000539331137.zip
2026-09-23 03:50:00,VIC1,94.82158,0,4845.73,1,20260922286,0,PUBLIC_DISPATCHIS_202609230350_0000000539331137.zip
2026-09-23 03:55:00,NSW1,95.99493,0,6674.48,1,20260922287,0,PUBLIC_DISPATCHIS_202609230355_0000000539331872.zip
2026-09-23 03:55:00,QLD1,84.66893,0,5466.98,1,20260922287,0,PUBLIC_DISPATCHIS_202609230355_0000000539331872.zip
2026-09-23 03:55:00,SA1,90.29047,0,1341.52,1,20260922287,0,PUBLIC_DISPATCHIS_202609230355_0000000539331872.zip
2026-09-23 03:55:00,TAS1,88.2,0,1017.77,1,20260922287,0,PUBLIC_DISPATCHIS_202609230355_0000000539331872.zip
2026-09-23 03:55:00,VIC1,94.82952,0,4894.97,1,20260922287,0,PUBLIC_DISPATCHIS_202609230355_0000000539331872.zip
2026-09-23 04:00:00,NSW1,96.31629,0,6734.09,1,20260922288,0,PUBLIC_DISPATCHIS_202609230400_0000000539332380.zip
2026-09-23 04:00:00,QLD1,84.90146,0,5487.9,1,20260922288,0,PUBLIC_DISPATCHIS_202609230400_0000000539332380.zip
2026-09-23 04:00:00,SA1,89.28026,0,1329.39,1,20260922288,0,PUBLIC_DISPATCHIS_202609230400_0000000539332380.zip
2026-09-23 04:00:00,TAS1,88.2,0,1023.83,1,20260922288,0,PUBLIC_DISPATCHIS_202609230400_0000000539332380.zip
2026-09-23 04:00:00,VIC1,94.23283,0,4827.54,1,20260922288,0,PUBLIC_DISPATCHIS_202609230400_0000000539332380.zip
2026-09-23 04:05:00,NSW1,96.99,0,6733.21,1,20260923001,0,PUBLIC_DISPATCHIS_202609230405_0000000539332970.zip
2026-09-23 04:05:00,QLD1,85.25,0,5501.25,1,20260923001,0,PUBLIC_DISPATCHIS_202609230405_0000000539332970.zip
2026-09-23 04:05:00,SA1,89.85858,0,1323.75,1,20260923001,0,PUBLIC_DISPATCHIS_202609230405_0000000539332970.zip
2026-09-23 04:05:00,TAS1,88.79719,0,1024.45,1,20260923001,0,PUBLIC_DISPATCHIS_202609230405_0000000539332970.zip
2026-09-23 04:05:00,VIC1,94.87093,0,4832.55,1,20260923001,0,PUBLIC_DISPATCHIS_202609230405_0000000539332970.zip
2026-09-23 04:10:00,NSW1,109.80293,0,6774.33,1,20260923002,0,PUBLIC_DISPATCHIS_202609230410_0000000539333971.zip
2026-09-23 04:10:00,QLD1,95.61282,0,5519.01,1,20260923002,0,PUBLIC_DISPATCHIS_202609230410_0000000539333971.zip
2026-09-23 04:10:00,SA1,101.02,0,1335.16,1,20260923002,0,PUBLIC_DISPATCHIS_202609230410_0000000539333971.zip
2026-09-23 04:10:00,TAS1,101.72669,0,1038.38,1,20260923002,0,PUBLIC_DISPATCHIS_202609230410_0000000539333971.zip
2026-09-23 04:10:00,VIC1,108.36316,0,4911.82,1,20260923002,0,PUBLIC_DISPATCHIS_202609230410_0000000539333971.zip
2026-09-23 04:15:00,NSW1,97.80817,0,6717.25,1,20260923003,0,PUBLIC_DISPATCHIS_202609230415_0000000539335361.zip
2026-09-23 04:15:00,QLD1,85.25,0,5594.86,1,20260923003,0,PUBLIC_DISPATCHIS_202609230415_0000000539335361.zip
2026-09-23 04:15:00,SA1,92.85291,0,1319.78,1,20260923003,0,PUBLIC_DISPATCHIS_202609230415_0000000539335361.zip
2026-09-23 04:15:00,TAS1,92.09321,0,1033.24,1,20260923003,0,PUBLIC_DISPATCHIS_202609230415_0000000539335361.zip
2026-09-23 04:15:00,VIC1,98.10311,0,4908.7,1,20260923003,0,PUBLIC_DISPATCHIS_202609230415_0000000539335361.zip
2026-09-23 04:20:00,NSW1,95.92222,0,6785.08,1,20260923004,0,PUBLIC_DISPATCHIS_202609230420_0000000539335774.zip
2026-09-23 04:20:00,QLD1,85.25,0,5629.73,1,20260923004,0,PUBLIC_DISPATCHIS_202609230420_0000000539335774.zip
2026-09-23 04:20:00,SA1,89.53934,0,1316.26,1,20260923004,0,PUBLIC_DISPATCHIS_202609230420_0000000539335774.zip
2026-09-23 04:20:00,TAS1,89.51954,0,1039.22,1,20260923004,0,PUBLIC_DISPATCHIS_202609230420_0000000539335774.zip
2026-09-23 04:20:00,VIC1,95.35525,0,4888.91,1,20260923004,0,PUBLIC_DISPATCHIS_202609230420_0000000539335774.zip
2026-09-23 04:25:00,NSW1,90.47382,0,6798.81,1,20260923005,0,PUBLIC_DISPATCHIS_202609230425_0000000539336450.zip
2026-09-23 04:25:00,QLD1,80.37316,0,5595.71,1,20260923005,0,PUBLIC_DISPATCHIS_202609230425_0000000539336450.zip
2026-09-23 04:25:00,SA1,85.28486,0,1330.94,1,20260923005,0,PUBLIC_DISPATCHIS_202609230425_0000000539336450.zip
2026-09-23 04:25:00,TAS1,88.2,0,1042.3,1,20260923005,0,PUBLIC_DISPATCHIS_202609230425_0000000539336450.zip
2026-09-23 04:25:00,VIC1,91.5073,0,4949.91,1,20260923005,0,PUBLIC_DISPATCHIS_202609230425_0000000539336450.zip
2026-09-23 04:30:00,NSW1,113.40198,0,6821.1,1,20260923006,0,PUBLIC_DISPATCHIS_202609230430_0000000539336875.zip
2026-09-23 04:30:00,QLD1,98.81533,0,5581.8,1,20260923006,0,PUBLIC_DISPATCHIS_202609230430_0000000539336875.zip
2026-09-23 04:30:00,SA1,101.02,0,1321.65,1,20260923006,0,PUBLIC_DISPATCHIS_202609230430_0000000539336875.zip
2026-09-23 04:30:00,TAS1,104.52873,0,1038.52,1,20260923006,0,PUBLIC_DISPATCHIS_202609230430_0000000539336875.zip
2026-09-23 04:30:00,VIC1,111.01764,0,4964.01,1,20260923006,0,PUBLIC_DISPATCHIS_202609230430_0000000539336875.zip
2026-09-23 04:35:00,NSW1,113.94,0,6745.2,1,20260923007,0,PUBLIC_DISPATCHIS_202609230435_0000000539337397.zip
2026-09-23 04:35:00,QLD1,99.31162,0,5590.77,1,20260923007,0,PUBLIC_DISPATCHIS_202609230435_0000000539337397.zip
2026-09-23 04:35:00,SA1,103.87126,0,1308.94,1,20260923007,0,PUBLIC_DISPATCHIS_202609230435_0000000539337397.zip
2026-09-23 04:35:00,TAS1,106.21517,0,1045.71,1,20260923007,0,PUBLIC_DISPATCHIS_202609230435_0000000539337397.zip
2026-09-23 04:35:00,VIC1,112.46712,0,4984.91,1,20260923007,0,PUBLIC_DISPATCHIS_202609230435_0000000539337397.zip
2026-09-23 04:40:00,NSW1,90.21,0,6749.99,1,20260923008,0,PUBLIC_DISPATCHIS_202609230440_0000000539337873.zip
2026-09-23 04:40:00,QLD1,81.16179,0,5586.54,1,20260923008,0,PUBLIC_DISPATCHIS_202609230440_0000000539337873.zip
2026-09-23 04:40:00,SA1,86.00766,0,1301.09,1,20260923008,0,PUBLIC_DISPATCHIS_202609230440_0000000539337873.zip
2026-09-23 04:40:00,TAS1,88.2,0,1050.65,1,20260923008,0,PUBLIC_DISPATCHIS_202609230440_0000000539337873.zip
2026-09-23 04:40:00,VIC1,91.82365,0,5012.62,1,20260923008,0,PUBLIC_DISPATCHIS_202609230440_0000000539337873.zip
2026-09-23 04:45:00,NSW1,96.47939,0,6810.51,1,20260923009,0,PUBLIC_DISPATCHIS_202609230445_0000000539338374.zip
2026-09-23 04:45:00,QLD1,85.25,0,5684.32,1,20260923009,0,PUBLIC_DISPATCHIS_202609230445_0000000539338374.zip
2026-09-23 04:45:00,SA1,93.22553,0,1319.44,1,20260923009,0,PUBLIC_DISPATCHIS_202609230445_0000000539338374.zip
2026-09-23 04:45:00,TAS1,92.82954,0,1050.43,1,20260923009,0,PUBLIC_DISPATCHIS_202609230445_0000000539338374.zip
2026-09-23 04:45:00,VIC1,98.29186,0,4993.49,1,20260923009,0,PUBLIC_DISPATCHIS_202609230445_0000000539338374.zip
2026-09-23 04:50:00,NSW1,120.16443,0,6803.32,1,20260923010,0,PUBLIC_DISPATCHIS_202609230450_0000000539338777.zip
2026-09-23 04:50:00,QLD1,102.8,0,5678.61,1,20260923010,0,PUBLIC_DISPATCHIS_202609230450_0000000539338777.zip
2026-09-23 04:50:00,SA1,110.43,0,1317.87,1,20260923010,0,PUBLIC_DISPATCHIS_202609230450_0000000539338777.zip
2026-09-23 04:50:00,TAS1,111.23645,0,1056.76,1,20260923010,0,PUBLIC_DISPATCHIS_202609230450_0000000539338777.zip
2026-09-23 04:50:00,VIC1,118.5,0,4983.42,1,20260923010,0,PUBLIC_DISPATCHIS_202609230450_0000000539338777.zip
2026-09-23 04:55:00,NSW1,120.30399,0,6819.44,1,20260923011,0,PUBLIC_DISPATCHIS_202609230455_0000000539339423.zip
2026-09-23 04:55:00,QLD1,101.68227,0,5658.7,1,20260923011,0,PUBLIC_DISPATCHIS_202609230455_0000000539339423.zip
2026-09-23 04:55:00,SA1,110.42633,0,1293.75,1,20260923011,0,PUBLIC_DISPATCHIS_202609230455_0000000539339423.zip
2026-09-23 04:55:00,TAS1,111.22991,0,1053.4,1,20260923011,0,PUBLIC_DISPATCHIS_202609230455_0000000539339423.zip
2026-09-23 04:55:00,VIC1,118.5,0,5012.16,1,20260923011,0,PUBLIC_DISPATCHIS_202609230455_0000000539339423.zip
2026-09-23 05:00:00,NSW1,120.96561,0,6871.71,1,20260923012,0,PUBLIC_DISPATCHIS_202609230500_0000000539339811.zip
2026-09-23 05:00:00,QLD1,102.27667,0,5689.24,1,20260923012,0,PUBLIC_DISPATCHIS_202609230500_0000000539339811.zip
2026-09-23 05:00:00,SA1,108.82669,0,1304.4,1,20260923012,0,PUBLIC_DISPATCHIS_202609230500_0000000539339811.zip
2026-09-23 05:00:00,TAS1,111.30593,0,1064.15,1,20260923012,0,PUBLIC_DISPATCHIS_202609230500_0000000539339811.zip
2026-09-23 05:00:00,VIC1,118.22,0,5032.32,1,20260923012,0,PUBLIC_DISPATCHIS_202609230500_0000000539339811.zip
2026-09-23 05:05:00,NSW1,115.02026,0,6888.38,1,20260923013,0,PUBLIC_DISPATCHIS_202609230505_0000000539340313.zip
2026-09-23 05:05:00,QLD1,99.68,0,5752.88,1,20260923013,0,PUBLIC_DISPATCHIS_202609230505_0000000539340313.zip
2026-09-23 05:05:00,SA1,101.02,0,1291.21,1,20260923013,0,PUBLIC_DISPATCHIS_202609230505_0000000539340313.zip
2026-09-23 05:05:00,TAS1,103.00408,0,1072.69,1,20260923013,0,PUBLIC_DISPATCHIS_202609230505_0000000539340313.zip
2026-09-23 05:05:00,VIC1,109.73948,0,5046.54,1,20260923013,0,PUBLIC_DISPATCHIS_202609230505_0000000539340313.zip
2026-09-23 05:10:00,NSW1,116.5178,0,6944.2,1,20260923014,0,PUBLIC_DISPATCHIS_202609230510_0000000539340752.zip
2026-09-23 05:10:00,QLD1,99.68,0,5742.58,1,20260923014,0,PUBLIC_DISPATCHIS_202609230510_0000000539340752.zip
2026-09-23 05:10:00,SA1,101.04,0,1310.94,1,20260923014,0,PUBLIC_DISPATCHIS_202609230510_0000000539340752.zip
2026-09-23 05:10:00,TAS1,104.18793,0,1080.18,1,20260923014,0,PUBLIC_DISPATCHIS_202609230510_0000000539340752.zip
2026-09-23 05:10:00,VIC1,111.35896,0,5139.48,1,20260923014,0,PUBLIC_DISPATCHIS_202609230510_0000000539340752.zip
2026-09-23 05:15:00,NSW1,122.15,0,7000.28,1,20260923015,0,PUBLIC_DISPATCHIS_202609230515_0000000539341236.zip
2026-09-23 05:15:00,QLD1,104.76401,0,5821.51,1,20260923015,0,PUBLIC_DISPATCHIS_202609230515_0000000539341236.zip
2026-09-23 05:15:00,SA1,105.61351,0,1317.15,1,20260923015,0,PUBLIC_DISPATCHIS_202609230515_0000000539341236.zip
2026-09-23 05:15:00,TAS1,109.63149,0,1088.22,1,20260923015,0,PUBLIC_DISPATCHIS_202609230515_0000000539341236.zip
2026-09-23 05:15:00,VIC1,116.82564,0,5188.5,1,20260923015,0,PUBLIC_DISPATCHIS_202609230515_0000000539341236.zip
2026-09-23 05:20:00,NSW1,124.83555,0,7038.36,1,20260923016,0,PUBLIC_DISPATCHIS_202609230520_0000000539341665.zip
2026-09-23 05:20:00,QLD1,108.42512,0,5808.4,1,20260923016,0,PUBLIC_DISPATCHIS_202609230520_0000000539341665.zip
2026-09-23 05:20:00,SA1,104.66159,0,1339.22,1,20260923016,0,PUBLIC_DISPATCHIS_202609230520_0000000539341665.zip
2026-09-23 05:20:00,TAS1,111.53969,0,1097.25,1,20260923016,0,PUBLIC_DISPATCHIS_202609230520_0000000539341665.zip
2026-09-23 05:20:00,VIC1,118.5,0,5225.95,1,20260923016,0,PUBLIC_DISPATCHIS_202609230520_0000000539341665.zip
2026-09-23 05:25:00,NSW1,132.55,0,7073.18,1,20260923017,0,PUBLIC_DISPATCHIS_202609230525_0000000539342302.zip
2026-09-23 05:25:00,QLD1,114.68,0,5853.79,1,20260923017,0,PUBLIC_DISPATCHIS_202609230525_0000000539342302.zip
2026-09-23 05:25:00,SA1,110.65034,0,1318.58,1,20260923017,0,PUBLIC_DISPATCHIS_202609230525_0000000539342302.zip
2026-09-23 05:25:00,TAS1,116.58153,0,1099.77,1,20260923017,0,PUBLIC_DISPATCHIS_202609230525_0000000539342302.zip
2026-09-23 05:25:00,VIC1,123.86664,0,5255.14,1,20260923017,0,PUBLIC_DISPATCHIS_202609230525_0000000539342302.zip
2026-09-23 05:30:00,NSW1,132.55,0,7104.59,1,20260923018,0,PUBLIC_DISPATCHIS_202609230530_0000000539342717.zip
2026-09-23 05:30:00,QLD1,114.68,0,5836.28,1,20260923018,0,PUBLIC_DISPATCHIS_202609230530_0000000539342717.zip
2026-09-23 05:30:00,SA1,101.14,0,1320.91,1,20260923018,0,PUBLIC_DISPATCHIS_202609230530_0000000539342717.zip
2026-09-23 05:30:00,TAS1,116.0036,0,1108.74,1,20260923018,0,PUBLIC_DISPATCHIS_202609230530_0000000539342717.zip
2026-09-23 05:30:00,VIC1,122.88242,0,5299.5,1,20260923018,0,PUBLIC_DISPATCHIS_202609230530_0000000539342717.zip
2026-09-23 05:35:00,NSW1,134.46941,0,7122.57,1,20260923019,0,PUBLIC_DISPATCHIS_202609230535_0000000539343208.zip
2026-09-23 05:35:00,QLD1,114.68,0,5882.3,1,20260923019,0,PUBLIC_DISPATCHIS_202609230535_0000000539343208.zip
2026-09-23 05:35:00,SA1,115.95193,0,1360.97,1,20260923019,0,PUBLIC_DISPATCHIS_202609230535_0000000539343208.zip
2026-09-23 05:35:00,TAS1,120.16,0,1122.81,1,20260923019,0,PUBLIC_DISPATCHIS_202609230535_0000000539343208.zip
2026-09-23 05:35:00,VIC1,125.96025,0,5343.04,1,20260923019,0,PUBLIC_DISPATCHIS_202609230535_0000000539343208.zip
2026-09-23 05:40:00,NSW1,130.01,0,7219.69,1,20260923020,0,PUBLIC_DISPATCHIS_202609230540_0000000539343659.zip
2026-09-23 05:40:00,QLD1,114.68,0,5855.92,1,20260923020,0,PUBLIC_DISPATCHIS_202609230540_0000000539343659.zip
2026-09-23 05:40:00,SA1,109.42807,0,1351.4,1,20260923020,0,PUBLIC_DISPATCHIS_202609230540_0000000539343659.zip
2026-09-23 05:40:00,TAS1,116.55705,0,1132.5,1,20260923020,0,PUBLIC_DISPATCHIS_202609230540_0000000539343659.zip
2026-09-23 05:40:00,VIC1,121.6304,0,5421.55,1,20260923020,0,PUBLIC_DISPATCHIS_202609230540_0000000539343659.zip
2026-09-23 05:45:00,NSW1,197.99035,0,7199.5,1,20260923021,0,PUBLIC_DISPATCHIS_202609230545_0000000539344161.zip
2026-09-23 05:45:00,QLD1,171.12282,0,5944.46,1,20260923021,0,PUBLIC_DISPATCHIS_202609230545_0000000539344161.zip
2026-09-23 05:45:00,SA1,155.9,0,1351.76,1,20260923021,0,PUBLIC_DISPATCHIS_202609230545_0000000539344161.zip
2026-09-23 05:45:00,TAS1,169.81096,0,1139.41,1,20260923021,0,PUBLIC_DISPATCHIS_202609230545_0000000539344161.zip
2026-09-23 05:45:00,VIC1,178.21968,0,5484.75,1,20260923021,0,PUBLIC_DISPATCHIS_202609230545_0000000539344161.zip
2026-09-23 05:50:00,NSW1,146.11,0,7173.84,1,20260923022,0,PUBLIC_DISPATCHIS_202609230550_0000000539344641.zip
2026-09-23 05:50:00,QLD1,124.64491,0,5904.05,1,20260923022,0,PUBLIC_DISPATCHIS_202609230550_0000000539344641.zip
2026-09-23 05:50:00,SA1,124.3131,0,1329.06,1,20260923022,0,PUBLIC_DISPATCHIS_202609230550_0000000539344641.zip
2026-09-23 05:50:00,TAS1,129.0988,0,1141.39,1,20260923022,0,PUBLIC_DISPATCHIS_202609230550_0000000539344641.zip
2026-09-23 05:50:00,VIC1,136.7964,0,5517.37,1,20260923022,0,PUBLIC_DISPATCHIS_202609230550_0000000539344641.zip
2026-09-23 05:55:00,NSW1,230.59,0,7318.94,1,20260923023,0,PUBLIC_DISPATCHIS_202609230555_0000000539345280.zip
2026-09-23 05:55:00,QLD1,197.94413,0,5887.26,1,20260923023,0,PUBLIC_DISPATCHIS_202609230555_0000000539345280.zip
2026-09-23 05:55:00,SA1,186.88874,0,1383.11,1,20260923023,0,PUBLIC_DISPATCHIS_202609230555_0000000539345280.zip
2026-09-23 05:55:00,TAS1,192.89292,0,1148.76,1,20260923023,0,PUBLIC_DISPATCHIS_202609230555_0000000539345280.zip
2026-09-23 05:55:00,VIC1,210.18,0,5590.78,1,20260923023,0,PUBLIC_DISPATCHIS_202609230555_0000000539345280.zip
2026-09-23 06:00:00,NSW1,209.78617,0,7240.93,1,20260923024,0,PUBLIC_DISPATCHIS_202609230600_0000000539345693.zip
2026-09-23 06:00:00,QLD1,181.8233,0,5843.5,1,20260923024,0,PUBLIC_DISPATCHIS_202609230600_0000000539345693.zip
2026-09-23 06:00:00,SA1,169.12723,0,1364.41,1,20260923024,0,PUBLIC_DISPATCHIS_202609230600_0000000539345693.zip
2026-09-23 06:00:00,TAS1,175.35519,0,1169.19,1,20260923024,0,PUBLIC_DISPATCHIS_202609230600_0000000539345693.zip
2026-09-23 06:00:00,VIC1,190.47,0,5595.15,1,20260923024,0,PUBLIC_DISPATCHIS_202609230600_0000000539345693.zip
2026-09-23 06:05:00,NSW1,178.62922,0,7318.65,1,20260923025,0,PUBLIC_DISPATCHIS_202609230605_0000000539346211.zip
2026-09-23 06:05:00,QLD1,154.20781,0,5845.48,1,20260923025,0,PUBLIC_DISPATCHIS_202609230605_0000000539346211.zip
2026-09-23 06:05:00,SA1,139.42564,0,1365.13,1,20260923025,0,PUBLIC_DISPATCHIS_202609230605_0000000539346211.zip
2026-09-23 06:05:00,TAS1,144.69144,0,1185.56,1,20260923025,0,PUBLIC_DISPATCHIS_202609230605_0000000539346211.zip
2026-09-23 06:05:00,VIC1,157.18,0,5672.28,1,20260923025,0,PUBLIC_DISPATCHIS_202609230605_0000000539346211.zip
2026-09-23 06:10:00,NSW1,167.29319,0,7418.33,1,20260923026,0,PUBLIC_DISPATCHIS_202609230610_0000000539347210.zip
2026-09-23 06:10:00,QLD1,141.92789,0,6002.02,1,20260923026,0,PUBLIC_DISPATCHIS_202609230610_0000000539347210.zip
2026-09-23 06:10:00,SA1,137.51886,0,1384.12,1,20260923026,0,PUBLIC_DISPATCHIS_202609230610_0000000539347210.zip
2026-09-23 06:10:00,TAS1,140.14999,0,1208.47,1,20260923026,0,PUBLIC_DISPATCHIS_202609230610_0000000539347210.zip
2026-09-23 06:10:00,VIC1,153.21257,0,5723.14,1,20260923026,0,PUBLIC_DISPATCHIS_202609230610_0000000539347210.zip
2026-09-23 06:15:00,NSW1,167.34811,0,7499.27,1,20260923027,0,PUBLIC_DISPATCHIS_202609230615_0000000539347732.zip
2026-09-23 06:15:00,QLD1,145.0419,0,6018.07,1,20260923027,0,PUBLIC_DISPATCHIS_202609230615_0000000539347732.zip
2026-09-23 06:15:00,SA1,142.67502,0,1404.8,1,20260923027,0,PUBLIC_DISPATCHIS_202609230615_0000000539347732.zip
2026-09-23 06:15:00,TAS1,143.29887,0,1219.27,1,20260923027,0,PUBLIC_DISPATCHIS_202609230615_0000000539347732.zip
2026-09-23 06:15:00,VIC1,157.18,0,5884.61,1,20260923027,0,PUBLIC_DISPATCHIS_202609230615_0000000539347732.zip
2026-09-23 06:20:00,NSW1,230.59,0,7531.94,1,20260923028,0,PUBLIC_DISPATCHIS_202609230620_0000000539348176.zip
2026-09-23 06:20:00,QLD1,198.15231,0,6014.66,1,20260923028,0,PUBLIC_DISPATCHIS_202609230620_0000000539348176.zip
2026-09-23 06:20:00,SA1,191.30179,0,1415.2,1,20260923028,0,PUBLIC_DISPATCHIS_202609230620_0000000539348176.zip
2026-09-23 06:20:00,TAS1,196.65469,0,1230.4,1,20260923028,0,PUBLIC_DISPATCHIS_202609230620_0000000539348176.zip
2026-09-23 06:20:00,VIC1,215.05753,0,5995.21,1,20260923028,0,PUBLIC_DISPATCHIS_202609230620_0000000539348176.zip
2026-09-23 06:25:00,NSW1,230.59,0,7501.46,1,20260923029,0,PUBLIC_DISPATCHIS_202609230625_0000000539348839.zip
2026-09-23 06:25:00,QLD1,175.11,0,6013.06,1,20260923029,0,PUBLIC_DISPATCHIS_202609230625_0000000539348839.zip
2026-09-23 06:25:00,SA1,197.96728,0,1393.0,1,20260923029,0,PUBLIC_DISPATCHIS_202609230625_0000000539348839.zip
2026-09-23 06:25:00,TAS1,205.23593,0,1242.39,1,20260923029,0,PUBLIC_DISPATCHIS_202609230625_0000000539348839.zip
2026-09-23 06:25:00,VIC1,223.7484,0,6025.41,1,20260923029,0,PUBLIC_DISPATCHIS_202609230625_0000000539348839.zip
2026-09-23 06:30:00,NSW1,159.8366,0,7571.85,1,20260923030,0,PUBLIC_DISPATCHIS_202609230630_0000000539349251.zip
2026-09-23 06:30:00,QLD1,137.39871,0,6051.28,1,20260923030,0,PUBLIC_DISPATCHIS_202609230630_0000000539349251.zip
2026-09-23 06:30:00,SA1,139.60986,0,1405.61,1,20260923030,0,PUBLIC_DISPATCHIS_202609230630_0000000539349251.zip
2026-09-23 06:30:00,TAS1,143.74814,0,1254.49,1,20260923030,0,PUBLIC_DISPATCHIS_202609230630_0000000539349251.zip
2026-09-23 06:30:00,VIC1,157.71,0,6071.38,1,20260923030,0,PUBLIC_DISPATCHIS_202609230630_0000000539349251.zip
2026-09-23 06:35:00,NSW1,154.65629,0,7624.16,1,20260923031,0,PUBLIC_DISPATCHIS_202609230635_0000000539349789.zip
2026-09-23 06:35:00,QLD1,130.75,0,5989.62,1,20260923031,0,PUBLIC_DISPATCHIS_202609230635_0000000539349789.zip
2026-09-23 06:35:00,SA1,143.04839,0,1425.93,1,20260923031,0,PUBLIC_DISPATCHIS_202609230635_0000000539349789.zip
2026-09-23 06:35:00,TAS1,144.20161,0,1261.29,1,20260923031,0,PUBLIC_DISPATCHIS_202609230635_0000000539349789.zip
2026-09-23 06:35:00,VIC1,157.71,0,6088.4,1,20260923031,0,PUBLIC_DISPATCHIS_202609230635_0000000539349789.zip
2026-09-23 06:40:00,NSW1,131.41625,0,7631.36,1,20260923032,0,PUBLIC_DISPATCHIS_202609230640_0000000539350276.zip
2026-09-23 06:40:00,QLD1,115.02,0,5978.02,1,20260923032,0,PUBLIC_DISPATCHIS_202609230640_0000000539350276.zip
2026-09-23 06:40:00,SA1,119.61054,0,1421.59,1,20260923032,0,PUBLIC_DISPATCHIS_202609230640_0000000539350276.zip
2026-09-23 06:40:00,TAS1,122.67234,0,1268.86,1,20260923032,0,PUBLIC_DISPATCHIS_202609230640_0000000539350276.zip
2026-09-23 06:40:00,VIC1,134.18,0,6172.1,1,20260923032,0,PUBLIC_DISPATCHIS_202609230640_0000000539350276.zip
2026-09-23 06:45:00,NSW1,114.08151,0,7658.44,1,20260923033,0,PUBLIC_DISPATCHIS_202609230645_0000000539350807.zip
2026-09-23 06:45:00,QLD1,99.87473,0,6016.39,1,20260923033,0,PUBLIC_DISPATCHIS_202609230645_0000000539350807.zip
2026-09-23 06:45:00,SA1,105.52728,0,1468.22,1,20260923033,0,PUBLIC_DISPATCHIS_202609230645_0000000539350807.zip
2026-09-23 06:45:00,TAS1,108.6394,0,1160.39,1,20260923033,0,PUBLIC_DISPATCHIS_202609230645_0000000539350807.zip
2026-09-23 06:45:00,VIC1,118.5,0,6175.85,1,20260923033,0,PUBLIC_DISPATCHIS_202609230645_0000000539350807.zip
2026-09-23 06:50:00,NSW1,93.84842,0,7621.28,1,20260923034,0,PUBLIC_DISPATCHIS_202609230650_0000000539351284.zip
2026-09-23 06:50:00,QLD1,82.65197,0,5974.8,1,20260923034,0,PUBLIC_DISPATCHIS_202609230650_0000000539351284.zip
2026-09-23 06:50:00,SA1,91.25,0,1489.22,1,20260923034,0,PUBLIC_DISPATCHIS_202609230650_0000000539351284.zip
2026-09-23 06:50:00,TAS1,90.22611,0,1159.87,1,20260923034,0,PUBLIC_DISPATCHIS_202609230650_0000000539351284.zip
2026-09-23 06:50:00,VIC1,98.41795,0,6195.28,1,20260923034,0,PUBLIC_DISPATCHIS_202609230650_0000000539351284.zip
2026-09-23 06:55:00,NSW1,90.21,0,7666.01,1,20260923035,0,PUBLIC_DISPATCHIS_202609230655_0000000539351936.zip
2026-09-23 06:55:00,QLD1,80.45658,0,5969.26,1,20260923035,0,PUBLIC_DISPATCHIS_202609230655_0000000539351936.zip
2026-09-23 06:55:00,SA1,88.92862,0,1499.26,1,20260923035,0,PUBLIC_DISPATCHIS_202609230655_0000000539351936.zip
2026-09-23 06:55:00,TAS1,88.2,0,1160.22,1,20260923035,0,PUBLIC_DISPATCHIS_202609230655_0000000539351936.zip
2026-09-23 06:55:00,VIC1,95.18,0,6187.51,1,20260923035,0,PUBLIC_DISPATCHIS_202609230655_0000000539351936.zip
2026-09-23 07:00:00,NSW1,71.17954,0,7586.51,1,20260923036,0,PUBLIC_DISPATCHIS_202609230700_0000000539352360.zip
2026-09-23 07:00:00,QLD1,43.66,0,6001.73,1,20260923036,0,PUBLIC_DISPATCHIS_202609230700_0000000539352360.zip
2026-09-23 07:00:00,SA1,70.15102,0,1473.83,1,20260923036,0,PUBLIC_DISPATCHIS_202609230700_0000000539352360.zip
2026-09-23 07:00:00,TAS1,72.52558,0,1161.85,1,20260923036,0,PUBLIC_DISPATCHIS_202609230700_0000000539352360.zip
2026-09-23 07:00:00,VIC1,75.18,0,6189.79,1,20260923036,0,PUBLIC_DISPATCHIS_202609230700_0000000539352360.zip
2026-09-23 07:05:00,NSW1,80.36582,0,7612.62,1,20260923037,0,PUBLIC_DISPATCHIS_202609230705_0000000539352864.zip
2026-09-23 07:05:00,QLD1,2.12,0,5919.42,1,20260923037,0,PUBLIC_DISPATCHIS_202609230705_0000000539352864.zip
2026-09-23 07:05:00,SA1,80.22429,0,1482.23,1,20260923037,0,PUBLIC_DISPATCHIS_202609230705_0000000539352864.zip
2026-09-23 07:05:00,TAS1,82.73727,0,1163.42,1,20260923037,0,PUBLIC_DISPATCHIS_202609230705_0000000539352864.zip
2026-09-23 07:05:00,VIC1,84.91005,0,6196.22,1,20260923037,0,PUBLIC_DISPATCHIS_202609230705_0000000539352864.zip
2026-09-23 07:10:00,NSW1,64.95016,0,7607.63,1,20260923038,0,PUBLIC_DISPATCHIS_202609230710_0000000539354002.zip
2026-09-23 07:10:00,QLD1,2.12,0,5913.98,1,20260923038,0,PUBLIC_DISPATCHIS_202609230710_0000000539354002.zip
2026-09-23 07:10:00,SA1,62.64618,0,1476.15,1,20260923038,0,PUBLIC_DISPATCHIS_202609230710_0000000539354002.zip
2026-09-23 07:10:00,TAS1,70.16,0,1159.28,1,20260923038,0,PUBLIC_DISPATCHIS_202609230710_0000000539354002.zip
2026-09-23 07:10:00,VIC1,66.91445,0,6173.91,1,20260923038,0,PUBLIC_DISPATCHIS_202609230710_0000000539354002.zip
2026-09-23 07:15:00,NSW1,72.03922,0,7667.82,1,20260923039,0,PUBLIC_DISPATCHIS_202609230715_0000000539354486.zip
2026-09-23 07:15:00,QLD1,28.92564,0,5878.44,1,20260923039,0,PUBLIC_DISPATCHIS_202609230715_0000000539354486.zip
2026-09-23 07:15:00,SA1,69.97265,0,1453.08,1,20260923039,0,PUBLIC_DISPATCHIS_202609230715_0000000539354486.zip
2026-09-23 07:15:00,TAS1,74.07936,0,1221.29,1,20260923039,0,PUBLIC_DISPATCHIS_202609230715_0000000539354486.zip
2026-09-23 07:15:00,VIC1,75.34,0,6175.49,1,20260923039,0,PUBLIC_DISPATCHIS_202609230715_0000000539354486.zip
2026-09-23 07:20:00,NSW1,82.67519,0,7667.53,1,20260923040,0,PUBLIC_DISPATCHIS_202609230720_0000000539355018.zip
2026-09-23 07:20:00,QLD1,71.68,0,5822.97,1,20260923040,0,PUBLIC_DISPATCHIS_202609230720_0000000539355018.zip
2026-09-23 07:20:00,SA1,80.0,0,1447.55,1,20260923040,0,PUBLIC_DISPATCHIS_202609230720_0000000539355018.zip
2026-09-23 07:20:00,TAS1,87.16474,0,1279.52,1,20260923040,0,PUBLIC_DISPATCHIS_202609230720_0000000539355018.zip
2026-09-23 07:20:00,VIC1,85.78533,0,6169.1,1,20260923040,0,PUBLIC_DISPATCHIS_202609230720_0000000539355018.zip
2026-09-23 07:25:00,NSW1,83.99015,0,7748.24,1,20260923041,0,PUBLIC_DISPATCHIS_202609230725_0000000539355689.zip
2026-09-23 07:25:00,QLD1,77.24746,0,5803.88,1,20260923041,0,PUBLIC_DISPATCHIS_202609230725_0000000539355689.zip
2026-09-23 07:25:00,SA1,77.66881,0,1443.78,1,20260923041,0,PUBLIC_DISPATCHIS_202609230725_0000000539355689.zip
2026-09-23 07:25:00,TAS1,86.60962,0,1275.53,1,20260923041,0,PUBLIC_DISPATCHIS_202609230725_0000000539355689.zip
2026-09-23 07:25:00,VIC1,84.96405,0,6144.67,1,20260923041,0,PUBLIC_DISPATCHIS_202609230725_0000000539355689.zip
2026-09-23 07:30:00,NSW1,90.94525,0,7658.18,1,20260923042,0,PUBLIC_DISPATCHIS_202609230730_0000000539356143.zip
2026-09-23 07:30:00,QLD1,2.64981,0,5817.34,1,20260923042,0,PUBLIC_DISPATCHIS_202609230730_0000000539356143.zip
2026-09-23 07:30:00,SA1,82.08873,0,1419.73,1,20260923042,0,PUBLIC_DISPATCHIS_202609230730_0000000539356143.zip
2026-09-23 07:30:00,TAS1,88.2,0,1268.33,1,20260923042,0,PUBLIC_DISPATCHIS_202609230730_0000000539356143.zip
2026-09-23 07:30:00,VIC1,90.5,0,6091.66,1,20260923042,0,PUBLIC_DISPATCHIS_202609230730_0000000539356143.zip
2026-09-23 07:35:00,NSW1,116.35931,0,7650.48,1,20260923043,0,PUBLIC_DISPATCHIS_202609230735_0000000539356802.zip
2026-09-23 07:35:00,QLD1,0.91,0,5789.35,1,20260923043,0,PUBLIC_DISPATCHIS_202609230735_0000000539356802.zip
2026-09-23 07:35:00,SA1,105.28889,0,1396.74,1,20260923043,0,PUBLIC_DISPATCHIS_202609230735_0000000539356802.zip
2026-09-23 07:35:00,TAS1,113.78217,0,1257.36,1,20260923043,0,PUBLIC_DISPATCHIS_202609230735_0000000539356802.zip
2026-09-23 07:35:00,VIC1,118.5,0,6069.47,1,20260923043,0,PUBLIC_DISPATCHIS_202609230735_0000000539356802.zip
2026-09-23 07:40:00,NSW1,103.19959,0,7696.75,1,20260923044,0,PUBLIC_DISPATCHIS_202609230740_0000000539357364.zip
2026-09-23 07:40:00,QLD1,2.12,0,5675.61,1,20260923044,0,PUBLIC_DISPATCHIS_202609230740_0000000539357364.zip
2026-09-23 07:40:00,SA1,92.44113,0,1386.29,1,20260923044,0,PUBLIC_DISPATCHIS_202609230740_0000000539357364.zip
2026-09-23 07:40:00,TAS1,101.67119,0,1273.49,1,20260923044,0,PUBLIC_DISPATCHIS_202609230740_0000000539357364.zip
2026-09-23 07:40:00,VIC1,102.46052,0,6017.91,1,20260923044,0,PUBLIC_DISPATCHIS_202609230740_0000000539357364.zip
2026-09-23 07:45:00,NSW1,89.28574,0,7636.73,1,20260923045,0,PUBLIC_DISPATCHIS_202609230745_0000000539357864.zip
2026-09-23 07:45:00,QLD1,2.12,0,5670.29,1,20260923045,0,PUBLIC_DISPATCHIS_202609230745_0000000539357864.zip
2026-09-23 07:45:00,SA1,80.20352,0,1385.25,1,20260923045,0,PUBLIC_DISPATCHIS_202609230745_0000000539357864.zip
2026-09-23 07:45:00,TAS1,88.2,0,1272.07,1,20260923045,0,PUBLIC_DISPATCHIS_202609230745_0000000539357864.zip
2026-09-23 07:45:00,VIC1,88.59839,0,5992.68,1,20260923045,0,PUBLIC_DISPATCHIS_202609230745_0000000539357864.zip
2026-09-23 07:50:00,NSW1,88.12282,0,7586.15,1,20260923046,0,PUBLIC_DISPATCHIS_202609230750_0000000539358367.zip
2026-09-23 07:50:00,QLD1,2.12,0,5630.07,1,20260923046,0,PUBLIC_DISPATCHIS_202609230750_0000000539358367.zip
2026-09-23 07:50:00,SA1,79.34099,0,1373.54,1,20260923046,0,PUBLIC_DISPATCHIS_202609230750_0000000539358367.zip
2026-09-23 07:50:00,TAS1,88.2,0,1261.56,1,20260923046,0,PUBLIC_DISPATCHIS_202609230750_0000000539358367.zip
2026-09-23 07:50:00,VIC1,87.33541,0,5914.57,1,20260923046,0,PUBLIC_DISPATCHIS_202609230750_0000000539358367.zip
2026-09-23 07:55:00,NSW1,96.99,0,7649.48,1,20260923047,0,PUBLIC_DISPATCHIS_202609230755_0000000539359052.zip
2026-09-23 07:55:00,QLD1,2.12,0,5680.53,1,20260923047,0,PUBLIC_DISPATCHIS_202609230755_0000000539359052.zip
2026-09-23 07:55:00,SA1,85.57817,0,1344.74,1,20260923047,0,PUBLIC_DISPATCHIS_202609230755_0000000539359052.zip
2026-09-23 07:55:00,TAS1,95.29528,0,1255.19,1,20260923047,0,PUBLIC_DISPATCHIS_202609230755_0000000539359052.zip
2026-09-23 07:55:00,VIC1,94.35307,0,5851.59,1,20260923047,0,PUBLIC_DISPATCHIS_202609230755_0000000539359052.zip
2026-09-23 08:00:00,NSW1,87.34779,0,7580.18,1,20260923048,0,PUBLIC_DISPATCHIS_202609230800_0000000539359518.zip
2026-09-23 08:00:00,QLD1,0.91,0,5639.22,1,20260923048,0,PUBLIC_DISPATCHIS_202609230800_0000000539359518.zip
2026-09-23 08:00:00,SA1,76.30416,0,1320.98,1,20260923048,0,PUBLIC_DISPATCHIS_202609230800_0000000539359518.zip
2026-09-23 08:00:00,TAS1,88.2,0,1241.28,1,20260923048,0,PUBLIC_DISPATCHIS_202609230800_0000000539359518.zip
2026-09-23 08:00:00,VIC1,84.85292,0,5785.2,1,20260923048,0,PUBLIC_DISPATCHIS_202609230800_0000000539359518.zip
2026-09-23 08:05:00,NSW1,96.98983,0,7518.42,1,20260923049,0,PUBLIC_DISPATCHIS_202609230805_0000000539360104.zip
2026-09-23 08:05:00,QLD1,1.77129,0,5602.03,1,20260923049,0,PUBLIC_DISPATCHIS_202609230805_0000000539360104.zip
2026-09-23 08:05:00,SA1,85.55967,0,1298.17,1,20260923049,0,PUBLIC_DISPATCHIS_202609230805_0000000539360104.zip
2026-09-23 08:05:00,TAS1,95.69888,0,1237.15,1,20260923049,0,PUBLIC_DISPATCHIS_202609230805_0000000539360104.zip
2026-09-23 08:05:00,VIC1,94.13306,0,5743.66,1,20260923049,0,PUBLIC_DISPATCHIS_202609230805_0000000539360104.zip
2026-09-23 08:10:00,NSW1,96.99017,0,7518.86,1,20260923050,0,PUBLIC_DISPATCHIS_202609230810_0000000539361149.zip
2026-09-23 08:10:00,QLD1,2.12,0,5605.89,1,20260923050,0,PUBLIC_DISPATCHIS_202609230810_0000000539361149.zip
2026-09-23 08:10:00,SA1,85.14612,0,1260.02,1,20260923050,0,PUBLIC_DISPATCHIS_202609230810_0000000539361149.zip
2026-09-23 08:10:00,TAS1,95.44876,0,1234.98,1,20260923050,0,PUBLIC_DISPATCHIS_202609230810_0000000539361149.zip
2026-09-23 08:10:00,VIC1,93.87701,0,5679.79,1,20260923050,0,PUBLIC_DISPATCHIS_202609230810_0000000539361149.zip
2026-09-23 08:15:00,NSW1,96.99,0,7494.57,1,20260923051,0,PUBLIC_DISPATCHIS_202609230815_0000000539361720.zip
2026-09-23 08:15:00,QLD1,6.85,0,5622.87,1,20260923051,0,PUBLIC_DISPATCHIS_202609230815_0000000539361720.zip
2026-09-23 08:15:00,SA1,78.04782,0,1212.33,1,20260923051,0,PUBLIC_DISPATCHIS_202609230815_0000000539361720.zip
2026-09-23 08:15:00,TAS1,88.2,0,1218.03,1,20260923051,0,PUBLIC_DISPATCHIS_202609230815_0000000539361720.zip
2026-09-23 08:15:00,VIC1,85.91533,0,5619.22,1,20260923051,0,PUBLIC_DISPATCHIS_202609230815_0000000539361720.zip
2026-09-23 08:20:00,NSW1,87.81985,0,7422.7,1,20260923052,0,PUBLIC_DISPATCHIS_202609230820_0000000539362242.zip
2026-09-23 08:20:00,QLD1,14.8,0,5597.03,1,20260923052,0,PUBLIC_DISPATCHIS_202609230820_0000000539362242.zip
2026-09-23 08:20:00,SA1,77.18753,0,1190.01,1,20260923052,0,PUBLIC_DISPATCHIS_202609230820_0000000539362242.zip
2026-09-23 08:20:00,TAS1,88.2,0,1203.48,1,20260923052,0,PUBLIC_DISPATCHIS_202609230820_0000000539362242.zip
2026-09-23 08:20:00,VIC1,85.36902,0,5571.04,1,20260923052,0,PUBLIC_DISPATCHIS_202609230820_0000000539362242.zip
2026-09-23 08:25:00,NSW1,96.98983,0,7391.85,1,20260923053,0,PUBLIC_DISPATCHIS_202609230825_0000000539362927.zip
2026-09-23 08:25:00,QLD1,14.8,0,5531.87,1,20260923053,0,PUBLIC_DISPATCHIS_202609230825_0000000539362927.zip
2026-09-23 08:25:00,SA1,80.07685,0,1156.32,1,20260923053,0,PUBLIC_DISPATCHIS_202609230825_0000000539362927.zip
2026-09-23 08:25:00,TAS1,88.2,0,1189.88,1,20260923053,0,PUBLIC_DISPATCHIS_202609230825_0000000539362927.zip
2026-09-23 08:25:00,VIC1,87.29305,0,5490.79,1,20260923053,0,PUBLIC_DISPATCHIS_202609230825_0000000539362927.zip
2026-09-23 08:30:00,NSW1,96.99,0,7322.59,1,20260923054,0,PUBLIC_DISPATCHIS_202609230830_0000000539363410.zip
2026-09-23 08:30:00,QLD1,9.31776,0,5392.3,1,20260923054,0,PUBLIC_DISPATCHIS_202609230830_0000000539363410.zip
2026-09-23 08:30:00,SA1,-5.99998,0,1128.61,1,20260923054,0,PUBLIC_DISPATCHIS_202609230830_0000000539363410.zip
2026-09-23 08:30:00,TAS1,88.2,0,1180.8,1,20260923054,0,PUBLIC_DISPATCHIS_202609230830_0000000539363410.zip
2026-09-23 08:30:00,VIC1,85.90223,0,5468.71,1,20260923054,0,PUBLIC_DISPATCHIS_202609230830_0000000539363410.zip
2026-09-23 08:35:00,NSW1,88.98819,0,7263.88,1,20260923055,0,PUBLIC_DISPATCHIS_202609230835_0000000539364038.zip
2026-09-23 08:35:00,QLD1,6.85,0,5335.08,1,20260923055,0,PUBLIC_DISPATCHIS_202609230835_0000000539364038.zip
2026-09-23 08:35:00,SA1,-18.58,0,1124.78,1,20260923055,0,PUBLIC_DISPATCHIS_202609230835_0000000539364038.zip
2026-09-23 08:35:00,TAS1,88.2,0,1169.52,1,20260923055,0,PUBLIC_DISPATCHIS_202609230835_0000000539364038.zip
2026-09-23 08:35:00,VIC1,84.80617,0,5320.38,1,20260923055,0,PUBLIC_DISPATCHIS_202609230835_0000000539364038.zip
2026-09-23 08:40:00,NSW1,69.67873,0,7230.07,1,20260923056,0,PUBLIC_DISPATCHIS_202609230840_0000000539364583.zip
2026-09-23 08:40:00,QLD1,14.8,0,5256.2,1,20260923056,0,PUBLIC_DISPATCHIS_202609230840_0000000539364583.zip
2026-09-23 08:40:00,SA1,28.76,0,1153.42,1,20260923056,0,PUBLIC_DISPATCHIS_202609230840_0000000539364583.zip
2026-09-23 08:40:00,TAS1,70.16,0,1161.86,1,20260923056,0,PUBLIC_DISPATCHIS_202609230840_0000000539364583.zip
2026-09-23 08:40:00,VIC1,67.03673,0,5281.45,1,20260923056,0,PUBLIC_DISPATCHIS_202609230840_0000000539364583.zip
2026-09-23 08:45:00,NSW1,96.99,0,7178.6,1,20260923057,0,PUBLIC_DISPATCHIS_202609230845_0000000539365151.zip
2026-09-23 08:45:00,QLD1,43.01,0,5239.39,1,20260923057,0,PUBLIC_DISPATCHIS_202609230845_0000000539365151.zip
2026-09-23 08:45:00,SA1,-5.99998,0,1068.32,1,20260923057,0,PUBLIC_DISPATCHIS_202609230845_0000000539365151.zip
2026-09-23 08:45:00,TAS1,55.1,0,1160.46,1,20260923057,0,PUBLIC_DISPATCHIS_202609230845_0000000539365151.zip
2026-09-23 08:45:00,VIC1,52.15249,0,5182.96,1,20260923057,0,PUBLIC_DISPATCHIS_202609230845_0000000539365151.zip
2026-09-23 08:50:00,NSW1,90.21,0,7170.87,1,20260923058,0,PUBLIC_DISPATCHIS_202609230850_0000000539365640.zip
2026-09-23 08:50:00,QLD1,40.8,0,5186.88,1,20260923058,0,PUBLIC_DISPATCHIS_202609230850_0000000539365640.zip
2026-09-23 08:50:00,SA1,-7.0,0,1028.03,1,20260923058,0,PUBLIC_DISPATCHIS_202609230850_0000000539365640.zip
2026-09-23 08:50:00,TAS1,45.16,0,1143.78,1,20260923058,0,PUBLIC_DISPATCHIS_202609230850_0000000539365640.zip
2026-09-23 08:50:00,VIC1,42.7418,0,5117.36,1,20260923058,0,PUBLIC_DISPATCHIS_202609230850_0000000539365640.zip
2026-09-23 08:55:00,NSW1,52.9,0,7113.6,1,20260923059,0,PUBLIC_DISPATCHIS_202609230855_0000000539366359.zip
2026-09-23 08:55:00,QLD1,6.85,0,5189.18,1,20260923059,0,PUBLIC_DISPATCHIS_202609230855_0000000539366359.zip
2026-09-23 08:55:00,SA1,-4.32,0,1002.2,1,20260923059,0,PUBLIC_DISPATCHIS_202609230855_0000000539366359.zip
2026-09-23 08:55:00,TAS1,53.57295,0,1127.76,1,20260923059,0,PUBLIC_DISPATCHIS_202609230855_0000000539366359.zip
2026-09-23 08:55:00,VIC1,50.54547,0,5055.21,1,20260923059,0,PUBLIC_DISPATCHIS_202609230855_0000000539366359.zip
2026-09-23 09:00:00,NSW1,64.89,0,7173.66,1,20260923060,0,PUBLIC_DISPATCHIS_202609230900_0000000539366817.zip
2026-09-23 09:00:00,QLD1,6.85,0,5123.51,1,20260923060,0,PUBLIC_DISPATCHIS_202609230900_0000000539366817.zip
2026-09-23 09:00:00,SA1,-5.99997,0,935.92,1,20260923060,0,PUBLIC_DISPATCHIS_202609230900_0000000539366817.zip
2026-09-23 09:00:00,TAS1,26.63649,0,1119.33,1,20260923060,0,PUBLIC_DISPATCHIS_202609230900_0000000539366817.zip
2026-09-23 09:00:00,VIC1,25.13,0,4995.61,1,20260923060,0,PUBLIC_DISPATCHIS_202609230900_0000000539366817.zip
2026-09-23 09:05:00,NSW1,48.80275,0,7111.01,1,20260923061,0,PUBLIC_DISPATCHIS_202609230905_0000000539367495.zip
2026-09-23 09:05:00,QLD1,45.75,0,5071.63,1,20260923061,0,PUBLIC_DISPATCHIS_202609230905_0000000539367495.zip
2026-09-23 09:05:00,SA1,5e-05,0,888.21,1,20260923061,0,PUBLIC_DISPATCHIS_202609230905_0000000539367495.zip
2026-09-23 09:05:00,TAS1,45.2,0,1106.62,1,20260923061,0,PUBLIC_DISPATCHIS_202609230905_0000000539367495.zip
2026-09-23 09:05:00,VIC1,42.64094,0,4941.1,1,20260923061,0,PUBLIC_DISPATCHIS_202609230905_0000000539367495.zip
2026-09-23 09:10:00,NSW1,57.39007,0,7200.72,1,20260923062,0,PUBLIC_DISPATCHIS_202609230910_0000000539368678.zip
2026-09-23 09:10:00,QLD1,45.75,0,4928.0,1,20260923062,0,PUBLIC_DISPATCHIS_202609230910_0000000539368678.zip
2026-09-23 09:10:00,SA1,0.0,0,830.47,1,20260923062,0,PUBLIC_DISPATCHIS_202609230910_0000000539368678.zip
2026-09-23 09:10:00,TAS1,26.55732,0,1091.11,1,20260923062,0,PUBLIC_DISPATCHIS_202609230910_0000000539368678.zip
2026-09-23 09:10:00,VIC1,25.13,0,4885.18,1,20260923062,0,PUBLIC_DISPATCHIS_202609230910_0000000539368678.zip
2026-09-23 09:15:00,NSW1,88.89,0,7195.2,1,20260923063,0,PUBLIC_DISPATCHIS_202609230915_0000000539369344.zip
2026-09-23 09:15:00,QLD1,63.73,0,4990.84,1,20260923063,0,PUBLIC_DISPATCHIS_202609230915_0000000539369344.zip
2026-09-23 09:15:00,SA1,0.0,0,801.18,1,20260923063,0,PUBLIC_DISPATCHIS_202609230915_0000000539369344.zip
2026-09-23 09:15:00,TAS1,11.86695,0,1087.01,1,20260923063,0,PUBLIC_DISPATCHIS_202609230915_0000000539369344.zip
2026-09-23 09:15:00,VIC1,10.49974,0,4743.43,1,20260923063,0,PUBLIC_DISPATCHIS_202609230915_0000000539369344.zip
2026-09-23 09:20:00,NSW1,76.1,0,7070.62,1,20260923064,0,PUBLIC_DISPATCHIS_202609230920_0000000539369896.zip
2026-09-23 09:20:00,QLD1,45.69,0,4990.22,1,20260923064,0,PUBLIC_DISPATCHIS_202609230920_0000000539369896.zip
2026-09-23 09:20:00,SA1,-7.0,0,774.04,1,20260923064,0,PUBLIC_DISPATCHIS_202609230920_0000000539369896.zip
2026-09-23 09:20:00,TAS1,26.48398,0,1078.85,1,20260923064,0,PUBLIC_DISPATCHIS_202609230920_0000000539369896.zip
2026-09-23 09:20:00,VIC1,25.13,0,4650.6,1,20260923064,0,PUBLIC_DISPATCHIS_202609230920_0000000539369896.zip
2026-09-23 09:25:00,NSW1,65.99,0,7126.47,1,20260923065,0,PUBLIC_DISPATCHIS_202609230925_0000000539370627.zip
2026-09-23 09:25:00,QLD1,60.62102,0,5007.78,1,20260923065,0,PUBLIC_DISPATCHIS_202609230925_0000000539370627.zip
2026-09-23 09:25:00,SA1,-4.01,0,755.02,1,20260923065,0,PUBLIC_DISPATCHIS_202609230925_0000000539370627.zip
2026-09-23 09:25:00,TAS1,0.14,0,1068.57,1,20260923065,0,PUBLIC_DISPATCHIS_202609230925_0000000539370627.zip
2026-09-23 09:25:00,VIC1,0.00028,0,4533.68,1,20260923065,0,PUBLIC_DISPATCHIS_202609230925_0000000539370627.zip
2026-09-23 09:30:00,NSW1,44.44,0,7133.8,1,20260923066,0,PUBLIC_DISPATCHIS_202609230930_0000000539371092.zip
2026-09-23 09:30:00,QLD1,41.35423,0,5044.19,1,20260923066,0,PUBLIC_DISPATCHIS_202609230930_0000000539371092.zip
2026-09-23 09:30:00,SA1,-6.00001,0,723.15,1,20260923066,0,PUBLIC_DISPATCHIS_202609230930_0000000539371092.zip
2026-09-23 09:30:00,TAS1,5.31861,0,1056.76,1,20260923066,0,PUBLIC_DISPATCHIS_202609230930_0000000539371092.zip
2026-09-23 09:30:00,VIC1,5.03,0,4473.06,1,20260923066,0,PUBLIC_DISPATCHIS_202609230930_0000000539371092.zip
2026-09-23 09:35:00,NSW1,51.12948,0,7172.83,1,20260923067,0,PUBLIC_DISPATCHIS_202609230935_0000000539371706.zip
2026-09-23 09:35:00,QLD1,45.82,0,5073.27,1,20260923067,0,PUBLIC_DISPATCHIS_202609230935_0000000539371706.zip
2026-09-23 09:35:00,SA1,-7.0,0,695.71,1,20260923067,0,PUBLIC_DISPATCHIS_202609230935_0000000539371706.zip
2026-09-23 09:35:00,TAS1,8.05853,0,1052.7,1,20260923067,0,PUBLIC_DISPATCHIS_202609230935_0000000539371706.zip
2026-09-23 09:35:00,VIC1,5.03,0,4383.4,1,20260923067,0,PUBLIC_DISPATCHIS_202609230935_0000000539371706.zip
2026-09-23 09:40:00,NSW1,76.1,0,7267.97,1,20260923068,0,PUBLIC_DISPATCHIS_202609230940_0000000539372266.zip
2026-09-23 09:40:00,QLD1,55.53,0,5058.34,1,20260923068,0,PUBLIC_DISPATCHIS_202609230940_0000000539372266.zip
2026-09-23 09:40:00,SA1,-4.01,0,688.71,1,20260923068,0,PUBLIC_DISPATCHIS_202609230940_0000000539372266.zip
2026-09-23 09:40:00,TAS1,17.94072,0,1039.14,1,20260923068,0,PUBLIC_DISPATCHIS_202609230940_0000000539372266.zip
2026-09-23 09:40:00,VIC1,16.86,0,4325.2,1,20260923068,0,PUBLIC_DISPATCHIS_202609230940_0000000539372266.zip
2026-09-23 09:45:00,NSW1,99.01,0,7184.93,1,20260923069,0,PUBLIC_DISPATCHIS_202609230945_0000000539372796.zip
2026-09-23 09:45:00,QLD1,55.96665,0,5088.16,1,20260923069,0,PUBLIC_DISPATCHIS_202609230945_0000000539372796.zip
2026-09-23 09:45:00,SA1,-7.0,0,656.34,1,20260923069,0,PUBLIC_DISPATCHIS_202609230945_0000000539372796.zip
2026-09-23 09:45:00,TAS1,0.14,0,1032.48,1,20260923069,0,PUBLIC_DISPATCHIS_202609230945_0000000539372796.zip
2026-09-23 09:45:00,VIC1,-7.88253,0,4221.3,1,20260923069,0,PUBLIC_DISPATCHIS_202609230945_0000000539372796.zip
2026-09-23 09:50:00,NSW1,76.1,0,7202.67,1,20260923070,0,PUBLIC_DISPATCHIS_202609230950_0000000539373262.zip
2026-09-23 09:50:00,QLD1,45.82,0,5076.33,1,20260923070,0,PUBLIC_DISPATCHIS_202609230950_0000000539373262.zip
2026-09-23 09:50:00,SA1,-4.01,0,658.39,1,20260923070,0,PUBLIC_DISPATCHIS_202609230950_0000000539373262.zip
2026-09-23 09:50:00,TAS1,35.85226,0,1024.59,1,20260923070,0,PUBLIC_DISPATCHIS_202609230950_0000000539373262.zip
2026-09-23 09:50:00,VIC1,34.0,0,4203.56,1,20260923070,0,PUBLIC_DISPATCHIS_202609230950_0000000539373262.zip
2026-09-23 09:55:00,NSW1,97.63,0,7176.27,1,20260923071,0,PUBLIC_DISPATCHIS_202609230955_0000000539373945.zip
2026-09-23 09:55:00,QLD1,43.73,0,5052.03,1,20260923071,0,PUBLIC_DISPATCHIS_202609230955_0000000539373945.zip
2026-09-23 09:55:00,SA1,-7.11504,0,593.61,1,20260923071,0,PUBLIC_DISPATCHIS_202609230955_0000000539373945.zip
2026-09-23 09:55:00,TAS1,0.04,0,1012.26,1,20260923071,0,PUBLIC_DISPATCHIS_202609230955_0000000539373945.zip
2026-09-23 09:55:00,VIC1,-8.0001,0,4083.44,1,20260923071,0,PUBLIC_DISPATCHIS_202609230955_0000000539373945.zip
2026-09-23 10:00:00,NSW1,88.89,0,7184.76,1,20260923072,0,PUBLIC_DISPATCHIS_202609231000_0000000539374398.zip
2026-09-23 10:00:00,QLD1,43.73,0,4947.97,1,20260923072,0,PUBLIC_DISPATCHIS_202609231000_0000000539374398.zip
2026-09-23 10:00:00,SA1,-7.01,0,579.65,1,20260923072,0,PUBLIC_DISPATCHIS_202609231000_0000000539374398.zip
2026-09-23 10:00:00,TAS1,5.35868,0,1004.59,1,20260923072,0,PUBLIC_DISPATCHIS_202609231000_0000000539374398.zip
2026-09-23 10:00:00,VIC1,5.05,0,4100.58,1,20260923072,0,PUBLIC_DISPATCHIS_202609231000_0000000539374398.zip
2026-09-23 10:05:00,NSW1,90.55,0,7169.34,1,20260923073,0,PUBLIC_DISPATCHIS_202609231005_0000000539375001.zip
2026-09-23 10:05:00,QLD1,45.69,0,4979.11,1,20260923073,0,PUBLIC_DISPATCHIS_202609231005_0000000539375001.zip
2026-09-23 10:05:00,SA1,-7.0,0,550.82,1,20260923073,0,PUBLIC_DISPATCHIS_202609231005_0000000539375001.zip
2026-09-23 10:05:00,TAS1,0.2,0,1006.99,1,20260923073,0,PUBLIC_DISPATCHIS_202609231005_0000000539375001.zip
2026-09-23 10:05:00,VIC1,-7.88805,0,3992.57,1,20260923073,0,PUBLIC_DISPATCHIS_202609231005_0000000539375001.zip
2026-09-23 10:10:00,NSW1,96.99,0,7304.25,1,20260923074,0,PUBLIC_DISPATCHIS_202609231010_0000000539376172.zip
2026-09-23 10:10:00,QLD1,45.68,0,4948.29,1,20260923074,0,PUBLIC_DISPATCHIS_202609231010_0000000539376172.zip
2026-09-23 10:10:00,SA1,-6.02,0,561.69,1,20260923074,0,PUBLIC_DISPATCHIS_202609231010_0000000539376172.zip
2026-09-23 10:10:00,TAS1,26.42284,0,1000.35,1,20260923074,0,PUBLIC_DISPATCHIS_202609231010_0000000539376172.zip
2026-09-23 10:10:00,VIC1,25.13,0,4021.23,1,20260923074,0,PUBLIC_DISPATCHIS_202609231010_0000000539376172.zip
2026-09-23 10:15:00,NSW1,102.99,0,7319.03,1,20260923075,0,PUBLIC_DISPATCHIS_202609231015_0000000539376723.zip
2026-09-23 10:15:00,QLD1,45.82,0,4941.22,1,20260923075,0,PUBLIC_DISPATCHIS_202609231015_0000000539376723.zip
2026-09-23 10:15:00,SA1,-6.0,0,534.64,1,20260923075,0,PUBLIC_DISPATCHIS_202609231015_0000000539376723.zip
2026-09-23 10:15:00,TAS1,-6.83407,0,986.74,1,20260923075,0,PUBLIC_DISPATCHIS_202609231015_0000000539376723.zip
2026-09-23 10:15:00,VIC1,-7.0957,0,3936.9,1,20260923075,0,PUBLIC_DISPATCHIS_202609231015_0000000539376723.zip
2026-09-23 10:20:00,NSW1,97.63,0,7270.89,1,20260923076,0,PUBLIC_DISPATCHIS_202609231020_0000000539377261.zip
2026-09-23 10:20:00,QLD1,45.82,0,4932.18,1,20260923076,0,PUBLIC_DISPATCHIS_202609231020_0000000539377261.zip
2026-09-23 10:20:00,SA1,-4.01,0,528.27,1,20260923076,0,PUBLIC_DISPATCHIS_202609231020_0000000539377261.zip
2026-09-23 10:20:00,TAS1,6.4253,0,994.52,1,20260923076,0,PUBLIC_DISPATCHIS_202609231020_0000000539377261.zip
2026-09-23 10:20:00,VIC1,5.03,0,3884.73,1,20260923076,0,PUBLIC_DISPATCHIS_202609231020_0000000539377261.zip
2026-09-23 10:25:00,NSW1,102.99,0,7304.87,1,20260923077,0,PUBLIC_DISPATCHIS_202609231025_0000000539377965.zip
2026-09-23 10:25:00,QLD1,45.82,0,4968.43,1,20260923077,0,PUBLIC_DISPATCHIS_202609231025_0000000539377965.zip
2026-09-23 10:25:00,SA1,-6.02,0,496.88,1,20260923077,0,PUBLIC_DISPATCHIS_202609231025_0000000539377965.zip
2026-09-23 10:25:00,TAS1,-6.39011,0,992.9,1,20260923077,0,PUBLIC_DISPATCHIS_202609231025_0000000539377965.zip
2026-09-23 10:25:00,VIC1,-7.00587,0,3775.03,1,20260923077,0,PUBLIC_DISPATCHIS_202609231025_0000000539377965.zip
2026-09-23 10:30:00,NSW1,96.98983,0,7248.43,1,20260923078,0,PUBLIC_DISPATCHIS_202609231030_0000000539378392.zip
2026-09-23 10:30:00,QLD1,45.82,0,4854.81,1,20260923078,0,PUBLIC_DISPATCHIS_202609231030_0000000539378392.zip
2026-09-23 10:30:00,SA1,-4.20031,0,462.14,1,20260923078,0,PUBLIC_DISPATCHIS_202609231030_0000000539378392.zip
2026-09-23 10:30:00,TAS1,-4.62437,0,992.21,1,20260923078,0,PUBLIC_DISPATCHIS_202609231030_0000000539378392.zip
2026-09-23 10:30:00,VIC1,-5.0,0,3772.13,1,20260923078,0,PUBLIC_DISPATCHIS_202609231030_0000000539378392.zip
2026-09-23 10:35:00,NSW1,102.95442,0,7293.82,1,20260923079,0,PUBLIC_DISPATCHIS_202609231035_0000000539378988.zip
2026-09-23 10:35:00,QLD1,45.75,0,4795.53,1,20260923079,0,PUBLIC_DISPATCHIS_202609231035_0000000539378988.zip
2026-09-23 10:35:00,SA1,-4.01,0,451.46,1,20260923079,0,PUBLIC_DISPATCHIS_202609231035_0000000539378988.zip
2026-09-23 10:35:00,TAS1,0.2,0,976.92,1,20260923079,0,PUBLIC_DISPATCHIS_202609231035_0000000539378988.zip
2026-09-23 10:35:00,VIC1,-4.75227,0,3688.29,1,20260923079,0,PUBLIC_DISPATCHIS_202609231035_0000000539378988.zip
2026-09-23 10:40:00,NSW1,102.99,0,7309.04,1,20260923080,0,PUBLIC_DISPATCHIS_202609231040_0000000539379516.zip
2026-09-23 10:40:00,QLD1,45.68,0,4794.14,1,20260923080,0,PUBLIC_DISPATCHIS_202609231040_0000000539379516.zip
2026-09-23 10:40:00,SA1,-0.39997,0,475.82,1,20260923080,0,PUBLIC_DISPATCHIS_202609231040_0000000539379516.zip
2026-09-23 10:40:00,TAS1,0.2,0,973.0,1,20260923080,0,PUBLIC_DISPATCHIS_202609231040_0000000539379516.zip
2026-09-23 10:40:00,VIC1,-0.46949,0,3671.32,1,20260923080,0,PUBLIC_DISPATCHIS_202609231040_0000000539379516.zip
2026-09-23 10:45:00,NSW1,99.77,0,7293.52,1,20260923081,0,PUBLIC_DISPATCHIS_202609231045_0000000539380177.zip
2026-09-23 10:45:00,QLD1,45.82,0,4725.47,1,20260923081,0,PUBLIC_DISPATCHIS_202609231045_0000000539380177.zip
2026-09-23 10:45:00,SA1,0.0,0,447.45,1,20260923081,0,PUBLIC_DISPATCHIS_202609231045_0000000539380177.zip
2026-09-23 10:45:00,TAS1,1.48203,0,972.45,1,20260923081,0,PUBLIC_DISPATCHIS_202609231045_0000000539380177.zip
2026-09-23 10:45:00,VIC1,1.4,0,3593.92,1,20260923081,0,PUBLIC_DISPATCHIS_202609231045_0000000539380177.zip
2026-09-23 10:50:00,NSW1,102.55985,0,7251.86,1,20260923082,0,PUBLIC_DISPATCHIS_202609231050_0000000539380640.zip
2026-09-23 10:50:00,QLD1,45.75,0,4702.83,1,20260923082,0,PUBLIC_DISPATCHIS_202609231050_0000000539380640.zip
2026-09-23 10:50:00,SA1,0.8427,0,445.32,1,20260923082,0,PUBLIC_DISPATCHIS_202609231050_0000000539380640.zip
2026-09-23 10:50:00,TAS1,1.75448,0,972.02,1,20260923082,0,PUBLIC_DISPATCHIS_202609231050_0000000539380640.zip
2026-09-23 10:50:00,VIC1,0.99,0,3579.35,1,20260923082,0,PUBLIC_DISPATCHIS_202609231050_0000000539380640.zip
2026-09-23 10:55:00,NSW1,102.99,0,7179.38,1,20260923083,0,PUBLIC_DISPATCHIS_202609231055_0000000539381401.zip
2026-09-23 10:55:00,QLD1,69.1,0,4724.37,1,20260923083,0,PUBLIC_DISPATCHIS_202609231055_0000000539381401.zip
2026-09-23 10:55:00,SA1,-5.99999,0,438.63,1,20260923083,0,PUBLIC_DISPATCHIS_202609231055_0000000539381401.zip
2026-09-23 10:55:00,TAS1,-7.27533,0,961.19,1,20260923083,0,PUBLIC_DISPATCHIS_202609231055_0000000539381401.zip
2026-09-23 10:55:00,VIC1,-6.82971,0,3495.04,1,20260923083,0,PUBLIC_DISPATCHIS_202609231055_0000000539381401.zip
2026-09-23 11:00:00,NSW1,102.99,0,7163.14,1,20260923084,0,PUBLIC_DISPATCHIS_202609231100_0000000539381842.zip
2026-09-23 11:00:00,QLD1,69.1,0,4692.06,1,20260923084,0,PUBLIC_DISPATCHIS_202609231100_0000000539381842.zip
2026-09-23 11:00:00,SA1,-6.6236,0,425.19,1,20260923084,0,PUBLIC_DISPATCHIS_202609231100_0000000539381842.zip
2026-09-23 11:00:00,TAS1,-7.89072,0,958.51,1,20260923084,0,PUBLIC_DISPATCHIS_202609231100_0000000539381842.zip
2026-09-23 11:00:00,VIC1,-7.42992,0,3469.76,1,20260923084,0,PUBLIC_DISPATCHIS_202609231100_0000000539381842.zip
2026-09-23 11:05:00,NSW1,102.99,0,7091.43,1,20260923085,0,PUBLIC_DISPATCHIS_202609231105_0000000539382457.zip
2026-09-23 11:05:00,QLD1,69.1,0,4656.58,1,20260923085,0,PUBLIC_DISPATCHIS_202609231105_0000000539382457.zip
2026-09-23 11:05:00,SA1,0.0,0,388.89,1,20260923085,0,PUBLIC_DISPATCHIS_202609231105_0000000539382457.zip
2026-09-23 11:05:00,TAS1,1.59065,0,948.67,1,20260923085,0,PUBLIC_DISPATCHIS_202609231105_0000000539382457.zip
2026-09-23 11:05:00,VIC1,0.01,0,3453.88,1,20260923085,0,PUBLIC_DISPATCHIS_202609231105_0000000539382457.zip
2026-09-23 11:10:00,NSW1,102.99,0,7277.58,1,20260923086,0,PUBLIC_DISPATCHIS_202609231110_0000000539383086.zip
2026-09-23 11:10:00,QLD1,53.85115,0,4784.1,1,20260923086,0,PUBLIC_DISPATCHIS_202609231110_0000000539383086.zip
2026-09-23 11:10:00,SA1,-1.09996,0,352.78,1,20260923086,0,PUBLIC_DISPATCHIS_202609231110_0000000539383086.zip
2026-09-23 11:10:00,TAS1,0.2,0,950.96,1,20260923086,0,PUBLIC_DISPATCHIS_202609231110_0000000539383086.zip
2026-09-23 11:10:00,VIC1,0.01,0,3456.1,1,20260923086,0,PUBLIC_DISPATCHIS_202609231110_0000000539383086.zip
2026-09-23 11:15:00,NSW1,112.33697,0,7299.01,1,20260923087,0,PUBLIC_DISPATCHIS_202609231115_0000000539383549.zip
2026-09-23 11:15:00,QLD1,69.1,0,4724.48,1,20260923087,0,PUBLIC_DISPATCHIS_202609231115_0000000539383549.zip
2026-09-23 11:15:00,SA1,-5.99999,0,321.51,1,20260923087,0,PUBLIC_DISPATCHIS_202609231115_0000000539383549.zip
2026-09-23 11:15:00,TAS1,0.2,0,942.58,1,20260923087,0,PUBLIC_DISPATCHIS_202609231115_0000000539383549.zip
2026-09-23 11:15:00,VIC1,0.00028,0,3453.08,1,20260923087,0,PUBLIC_DISPATCHIS_202609231115_0000000539383549.zip
2026-09-23 11:20:00,NSW1,102.99,0,7281.23,1,20260923088,0,PUBLIC_DISPATCHIS_202609231120_0000000539384045.zip
2026-09-23 11:20:00,QLD1,64.69,0,4655.56,1,20260923088,0,PUBLIC_DISPATCHIS_202609231120_0000000539384045.zip
2026-09-23 11:20:00,SA1,-2.54,0,301.82,1,20260923088,0,PUBLIC_DISPATCHIS_202609231120_0000000539384045.zip
2026-09-23 11:20:00,TAS1,-3.18644,0,933.12,1,20260923088,0,PUBLIC_DISPATCHIS_202609231120_0000000539384045.zip
2026-09-23 11:20:00,VIC1,-2.99104,0,3382.66,1,20260923088,0,PUBLIC_DISPATCHIS_202609231120_0000000539384045.zip
2026-09-23 11:25:00,NSW1,131.05,0,7252.07,1,20260923089,0,PUBLIC_DISPATCHIS_202609231125_0000000539384685.zip
2026-09-23 11:25:00,QLD1,64.69,0,4721.08,1,20260923089,0,PUBLIC_DISPATCHIS_202609231125_0000000539384685.zip
2026-09-23 11:25:00,SA1,-6.02,0,271.39,1,20260923089,0,PUBLIC_DISPATCHIS_202609231125_0000000539384685.zip
2026-09-23 11:25:00,TAS1,-7.51265,0,922.12,1,20260923089,0,PUBLIC_DISPATCHIS_202609231125_0000000539384685.zip
2026-09-23 11:25:00,VIC1,-7.07356,0,3357.11,1,20260923089,0,PUBLIC_DISPATCHIS_202609231125_0000000539384685.zip
2026-09-23 11:30:00,NSW1,102.99,0,7192.38,1,20260923090,0,PUBLIC_DISPATCHIS_202609231130_0000000539385288.zip
2026-09-23 11:30:00,QLD1,69.10003,0,4652.12,1,20260923090,0,PUBLIC_DISPATCHIS_202609231130_0000000539385288.zip
2026-09-23 11:30:00,SA1,-1.09996,0,289.79,1,20260923090,0,PUBLIC_DISPATCHIS_202609231130_0000000539385288.zip
2026-09-23 11:30:00,TAS1,0.01062,0,921.34,1,20260923090,0,PUBLIC_DISPATCHIS_202609231130_0000000539385288.zip
2026-09-23 11:30:00,VIC1,0.01,0,3361.38,1,20260923090,0,PUBLIC_DISPATCHIS_202609231130_0000000539385288.zip
2026-09-23 11:35:00,NSW1,131.05,0,7168.89,1,20260923091,0,PUBLIC_DISPATCHIS_202609231135_0000000539386038.zip
2026-09-23 11:35:00,QLD1,69.75,0,4670.47,1,20260923091,0,PUBLIC_DISPATCHIS_202609231135_0000000539386038.zip
2026-09-23 11:35:00,SA1,-2.40457,0,251.12,1,20260923091,0,PUBLIC_DISPATCHIS_202609231135_0000000539386038.zip
2026-09-23 11:35:00,TAS1,-2.34719,0,921.05,1,20260923091,0,PUBLIC_DISPATCHIS_202609231135_0000000539386038.zip
2026-09-23 11:35:00,VIC1,-2.86,0,3277.66,1,20260923091,0,PUBLIC_DISPATCHIS_202609231135_0000000539386038.zip
2026-09-23 11:40:00,NSW1,102.99,0,7165.28,1,20260923092,0,PUBLIC_DISPATCHIS_202609231140_0000000539386565.zip
2026-09-23 11:40:00,QLD1,70.69,0,4747.81,1,20260923092,0,PUBLIC_DISPATCHIS_202609231140_0000000539386565.zip
2026-09-23 11:40:00,SA1,-3.97381,0,214.74,1,20260923092,0,PUBLIC_DISPATCHIS_202609231140_0000000539386565.zip
2026-09-23 11:40:00,TAS1,-4.32926,0,922.07,1,20260923092,0,PUBLIC_DISPATCHIS_202609231140_0000000539386565.zip
2026-09-23 11:40:00,VIC1,-4.72,0,3264.02,1,20260923092,0,PUBLIC_DISPATCHIS_202609231140_0000000539386565.zip
2026-09-23 11:45:00,NSW1,104.23136,0,7179.37,1,20260923093,0,PUBLIC_DISPATCHIS_202609231145_0000000539387049.zip
2026-09-23 11:45:00,QLD1,73.73,0,4751.54,1,20260923093,0,PUBLIC_DISPATCHIS_202609231145_0000000539387049.zip
2026-09-23 11:45:00,SA1,-5.99999,0,204.44,1,20260923093,0,PUBLIC_DISPATCHIS_202609231145_0000000539387049.zip
2026-09-23 11:45:00,TAS1,-6.79923,0,919.76,1,20260923093,0,PUBLIC_DISPATCHIS_202609231145_0000000539387049.zip
2026-09-23 11:45:00,VIC1,-7.04703,0,3211.43,1,20260923093,0,PUBLIC_DISPATCHIS_202609231145_0000000539387049.zip
2026-09-23 11:50:00,NSW1,109.86464,0,7215.41,1,20260923094,0,PUBLIC_DISPATCHIS_202609231150_0000000539387553.zip
2026-09-23 11:50:00,QLD1,81.35,0,4700.81,1,20260923094,0,PUBLIC_DISPATCHIS_202609231150_0000000539387553.zip
2026-09-23 11:50:00,SA1,-4.01,0,191.1,1,20260923094,0,PUBLIC_DISPATCHIS_202609231150_0000000539387553.zip
2026-09-23 11:50:00,TAS1,-3.18725,0,914.25,1,20260923094,0,PUBLIC_DISPATCHIS_202609231150_0000000539387553.zip
2026-09-23 11:50:00,VIC1,-2.99104,0,3194.92,1,20260923094,0,PUBLIC_DISPATCHIS_202609231150_0000000539387553.zip
2026-09-23 11:55:00,NSW1,119.0,0,7181.67,1,20260923095,0,PUBLIC_DISPATCHIS_202609231155_0000000539388220.zip
2026-09-23 11:55:00,QLD1,81.35,0,4672.82,1,20260923095,0,PUBLIC_DISPATCHIS_202609231155_0000000539388220.zip
2026-09-23 11:55:00,SA1,-1.09996,0,157.48,1,20260923095,0,PUBLIC_DISPATCHIS_202609231155_0000000539388220.zip
2026-09-23 11:55:00,TAS1,0.01062,0,905.21,1,20260923095,0,PUBLIC_DISPATCHIS_202609231155_0000000539388220.zip
2026-09-23 11:55:00,VIC1,0.01,0,3165.56,1,20260923095,0,PUBLIC_DISPATCHIS_202609231155_0000000539388220.zip
2026-09-23 12:00:00,NSW1,124.29016,0,7166.06,1,20260923096,0,PUBLIC_DISPATCHIS_202609231200_0000000539388712.zip
2026-09-23 12:00:00,QLD1,95.03,0,4672.66,1,20260923096,0,PUBLIC_DISPATCHIS_202609231200_0000000539388712.zip
2026-09-23 12:00:00,SA1,-4.01,0,161.88,1,20260923096,0,PUBLIC_DISPATCHIS_202609231200_0000000539388712.zip
2026-09-23 12:00:00,TAS1,-3.17768,0,899.96,1,20260923096,0,PUBLIC_DISPATCHIS_202609231200_0000000539388712.zip
2026-09-23 12:00:00,VIC1,-2.99104,0,3112.04,1,20260923096,0,PUBLIC_DISPATCHIS_202609231200_0000000539388712.zip
2026-09-23 12:05:00,NSW1,111.58836,0,7134.18,1,20260923097,0,PUBLIC_DISPATCHIS_202609231205_0000000539389301.zip
2026-09-23 12:05:00,QLD1,91.75,0,4654.2,1,20260923097,0,PUBLIC_DISPATCHIS_202609231205_0000000539389301.zip
2026-09-23 12:05:00,SA1,-1.09996,0,163.38,1,20260923097,0,PUBLIC_DISPATCHIS_202609231205_0000000539389301.zip
2026-09-23 12:05:00,TAS1,-1.3806,0,882.23,1,20260923097,0,PUBLIC_DISPATCHIS_202609231205_0000000539389301.zip
2026-09-23 12:05:00,VIC1,-1.30354,0,3108.49,1,20260923097,0,PUBLIC_DISPATCHIS_202609231205_0000000539389301.zip
2026-09-23 12:10:00,NSW1,124.29,0,7203.37,1,20260923098,0,PUBLIC_DISPATCHIS_202609231210_0000000539389965.zip
2026-09-23 12:10:00,QLD1,85.25007,0,4663.12,1,20260923098,0,PUBLIC_DISPATCHIS_202609231210_0000000539389965.zip
2026-09-23 12:10:00,SA1,-5.0,0,195.32,1,20260923098,0,PUBLIC_DISPATCHIS_202609231210_0000000539389965.zip
2026-09-23 12:10:00,TAS1,-6.21546,0,885.28,1,20260923098,0,PUBLIC_DISPATCHIS_202609231210_0000000539389965.zip
2026-09-23 12:10:00,VIC1,-5.85069,0,3134.73,1,20260923098,0,PUBLIC_DISPATCHIS_202609231210_0000000539389965.zip
2026-09-23 12:15:00,NSW1,124.29,0,7149.38,1,20260923099,0,PUBLIC_DISPATCHIS_202609231215_0000000539390568.zip
2026-09-23 12:15:00,QLD1,95.03003,0,4734.58,1,20260923099,0,PUBLIC_DISPATCHIS_202609231215_0000000539390568.zip
2026-09-23 12:15:00,SA1,0.0,0,182.15,1,20260923099,0,PUBLIC_DISPATCHIS_202609231215_0000000539390568.zip
2026-09-23 12:15:00,TAS1,0.01066,0,898.29,1,20260923099,0,PUBLIC_DISPATCHIS_202609231215_0000000539390568.zip
2026-09-23 12:15:00,VIC1,0.01,0,3137.53,1,20260923099,0,PUBLIC_DISPATCHIS_202609231215_0000000539390568.zip
2026-09-23 12:20:00,NSW1,119.0,0,7126.59,1,20260923100,0,PUBLIC_DISPATCHIS_202609231220_0000000539391133.zip
2026-09-23 12:20:00,QLD1,95.03003,0,4713.87,1,20260923100,0,PUBLIC_DISPATCHIS_202609231220_0000000539391133.zip
2026-09-23 12:20:00,SA1,0.0,0,171.6,1,20260923100,0,PUBLIC_DISPATCHIS_202609231220_0000000539391133.zip
2026-09-23 12:20:00,TAS1,5.32765,0,906.29,1,20260923100,0,PUBLIC_DISPATCHIS_202609231220_0000000539391133.zip
2026-09-23 12:20:00,VIC1,5.03,0,3115.82,1,20260923100,0,PUBLIC_DISPATCHIS_202609231220_0000000539391133.zip
2026-09-23 12:25:00,NSW1,102.99,0,7106.15,1,20260923101,0,PUBLIC_DISPATCHIS_202609231225_0000000539391838.zip
2026-09-23 12:25:00,QLD1,81.35,0,4749.2,1,20260923101,0,PUBLIC_DISPATCHIS_202609231225_0000000539391838.zip
2026-09-23 12:25:00,SA1,-1.09996,0,127.06,1,20260923101,0,PUBLIC_DISPATCHIS_202609231225_0000000539391838.zip
2026-09-23 12:25:00,TAS1,0.32442,0,902.67,1,20260923101,0,PUBLIC_DISPATCHIS_202609231225_0000000539391838.zip
2026-09-23 12:25:00,VIC1,-1.28676,0,3074.07,1,20260923101,0,PUBLIC_DISPATCHIS_202609231225_0000000539391838.zip
2026-09-23 12:30:00,NSW1,124.29,0,7070.48,1,20260923102,0,PUBLIC_DISPATCHIS_202609231230_0000000539392340.zip
2026-09-23 12:30:00,QLD1,69.76,0,4652.64,1,20260923102,0,PUBLIC_DISPATCHIS_202609231230_0000000539392340.zip
2026-09-23 12:30:00,SA1,-6.00001,0,106.48,1,20260923102,0,PUBLIC_DISPATCHIS_202609231230_0000000539392340.zip
2026-09-23 12:30:00,TAS1,-6.96239,0,910.49,1,20260923102,0,PUBLIC_DISPATCHIS_202609231230_0000000539392340.zip
2026-09-23 12:30:00,VIC1,-8.0,0,3087.04,1,20260923102,0,PUBLIC_DISPATCHIS_202609231230_0000000539392340.zip
2026-09-23 12:35:00,NSW1,115.02092,0,7021.15,1,20260923103,0,PUBLIC_DISPATCHIS_202609231235_0000000539392987.zip
2026-09-23 12:35:00,QLD1,69.76,0,4627.3,1,20260923103,0,PUBLIC_DISPATCHIS_202609231235_0000000539392987.zip
2026-09-23 12:35:00,SA1,2.1,0,149.13,1,20260923103,0,PUBLIC_DISPATCHIS_202609231235_0000000539392987.zip
2026-09-23 12:35:00,TAS1,4.33843,0,911.32,1,20260923103,0,PUBLIC_DISPATCHIS_202609231235_0000000539392987.zip
2026-09-23 12:35:00,VIC1,2.46818,0,3150.04,1,20260923103,0,PUBLIC_DISPATCHIS_202609231235_0000000539392987.zip
2026-09-23 12:40:00,NSW1,117.71227,0,6963.02,1,20260923104,0,PUBLIC_DISPATCHIS_202609231240_0000000539393570.zip
2026-09-23 12:40:00,QLD1,81.35,0,4688.08,1,20260923104,0,PUBLIC_DISPATCHIS_202609231240_0000000539393570.zip
2026-09-23 12:40:00,SA1,0.00855,0,139.05,1,20260923104,0,PUBLIC_DISPATCHIS_202609231240_0000000539393570.zip
2026-09-23 12:40:00,TAS1,0.01063,0,889.58,1,20260923104,0,PUBLIC_DISPATCHIS_202609231240_0000000539393570.zip
2026-09-23 12:40:00,VIC1,0.01,0,3045.08,1,20260923104,0,PUBLIC_DISPATCHIS_202609231240_0000000539393570.zip
2026-09-23 12:45:00,NSW1,102.99,0,6884.97,1,20260923105,0,PUBLIC_DISPATCHIS_202609231245_0000000539394175.zip
2026-09-23 12:45:00,QLD1,73.73,0,4664.58,1,20260923105,0,PUBLIC_DISPATCHIS_202609231245_0000000539394175.zip
2026-09-23 12:45:00,SA1,1.14112,0,115.97,1,20260923105,0,PUBLIC_DISPATCHIS_202609231245_0000000539394175.zip
2026-09-23 12:45:00,TAS1,0.47815,0,883.19,1,20260923105,0,PUBLIC_DISPATCHIS_202609231245_0000000539394175.zip
2026-09-23 12:45:00,VIC1,0.45,0,3031.63,1,20260923105,0,PUBLIC_DISPATCHIS_202609231245_0000000539394175.zip
2026-09-23 12:50:00,NSW1,102.99,0,6846.15,1,20260923106,0,PUBLIC_DISPATCHIS_202609231250_0000000539394735.zip
2026-09-23 12:50:00,QLD1,73.73,0,4610.07,1,20260923106,0,PUBLIC_DISPATCHIS_202609231250_0000000539394735.zip
2026-09-23 12:50:00,SA1,0.00851,0,101.57,1,20260923106,0,PUBLIC_DISPATCHIS_202609231250_0000000539394735.zip
2026-09-23 12:50:00,TAS1,0.01059,0,876.94,1,20260923106,0,PUBLIC_DISPATCHIS_202609231250_0000000539394735.zip
2026-09-23 12:50:00,VIC1,0.01,0,3061.13,1,20260923106,0,PUBLIC_DISPATCHIS_202609231250_0000000539394735.zip
2026-09-23 12:55:00,NSW1,102.99,0,6872.39,1,20260923107,0,PUBLIC_DISPATCHIS_202609231255_0000000539395416.zip
2026-09-23 12:55:00,QLD1,73.73,0,4656.73,1,20260923107,0,PUBLIC_DISPATCHIS_202609231255_0000000539395416.zip
2026-09-23 12:55:00,SA1,1.19558,0,91.36,1,20260923107,0,PUBLIC_DISPATCHIS_202609231255_0000000539395416.zip
2026-09-23 12:55:00,TAS1,1.48298,0,875.69,1,20260923107,0,PUBLIC_DISPATCHIS_202609231255_0000000539395416.zip
2026-09-23 12:55:00,VIC1,1.4,0,3032.02,1,20260923107,0,PUBLIC_DISPATCHIS_202609231255_0000000539395416.zip
2026-09-23 13:00:00,NSW1,102.99,0,6834.0,1,20260923108,0,PUBLIC_DISPATCHIS_202609231300_0000000539395974.zip
2026-09-23 13:00:00,QLD1,81.35,0,4693.55,1,20260923108,0,PUBLIC_DISPATCHIS_202609231300_0000000539395974.zip
2026-09-23 13:00:00,SA1,0.38376,0,69.47,1,20260923108,0,PUBLIC_DISPATCHIS_202609231300_0000000539395974.zip
2026-09-23 13:00:00,TAS1,0.47667,0,870.02,1,20260923108,0,PUBLIC_DISPATCHIS_202609231300_0000000539395974.zip
2026-09-23 13:00:00,VIC1,0.45,0,3023.57,1,20260923108,0,PUBLIC_DISPATCHIS_202609231300_0000000539395974.zip
2026-09-23 13:05:00,NSW1,102.99,0,6825.43,1,20260923109,0,PUBLIC_DISPATCHIS_202609231305_0000000539396595.zip
2026-09-23 13:05:00,QLD1,91.57591,0,4733.6,1,20260923109,0,PUBLIC_DISPATCHIS_202609231305_0000000539396595.zip
2026-09-23 13:05:00,SA1,2.1,0,73.73,1,20260923109,0,PUBLIC_DISPATCHIS_202609231305_0000000539396595.zip
2026-09-23 13:05:00,TAS1,2.59887,0,862.76,1,20260923109,0,PUBLIC_DISPATCHIS_202609231305_0000000539396595.zip
2026-09-23 13:05:00,VIC1,2.45361,0,3056.66,1,20260923109,0,PUBLIC_DISPATCHIS_202609231305_0000000539396595.zip
2026-09-23 13:10:00,NSW1,113.52294,0,6871.57,1,20260923110,0,PUBLIC_DISPATCHIS_202609231310_0000000539397203.zip
2026-09-23 13:10:00,QLD1,95.03,0,4714.15,1,20260923110,0,PUBLIC_DISPATCHIS_202609231310_0000000539397203.zip
2026-09-23 13:10:00,SA1,2.1,0,68.68,1,20260923110,0,PUBLIC_DISPATCHIS_202609231310_0000000539397203.zip
2026-09-23 13:10:00,TAS1,2.58976,0,860.29,1,20260923110,0,PUBLIC_DISPATCHIS_202609231310_0000000539397203.zip
2026-09-23 13:10:00,VIC1,2.44495,0,3026.93,1,20260923110,0,PUBLIC_DISPATCHIS_202609231310_0000000539397203.zip
2026-09-23 13:15:00,NSW1,102.99,0,6833.97,1,20260923111,0,PUBLIC_DISPATCHIS_202609231315_0000000539397761.zip
2026-09-23 13:15:00,QLD1,88.64759,0,4682.19,1,20260923111,0,PUBLIC_DISPATCHIS_202609231315_0000000539397761.zip
2026-09-23 13:15:00,SA1,4.30275,0,66.78,1,20260923111,0,PUBLIC_DISPATCHIS_202609231315_0000000539397761.zip
2026-09-23 13:15:00,TAS1,6.43086,0,864.24,1,20260923111,0,PUBLIC_DISPATCHIS_202609231315_0000000539397761.zip
2026-09-23 13:15:00,VIC1,5.03,0,3033.54,1,20260923111,0,PUBLIC_DISPATCHIS_202609231315_0000000539397761.zip
2026-09-23 13:20:00,NSW1,102.99,0,6834.11,1,20260923112,0,PUBLIC_DISPATCHIS_202609231320_0000000539398311.zip
2026-09-23 13:20:00,QLD1,81.35,0,4731.33,1,20260923112,0,PUBLIC_DISPATCHIS_202609231320_0000000539398311.zip
2026-09-23 13:20:00,SA1,0.58192,0,58.27,1,20260923112,0,PUBLIC_DISPATCHIS_202609231320_0000000539398311.zip
2026-09-23 13:20:00,TAS1,2.11631,0,871.21,1,20260923112,0,PUBLIC_DISPATCHIS_202609231320_0000000539398311.zip
2026-09-23 13:20:00,VIC1,0.67,0,2989.39,1,20260923112,0,PUBLIC_DISPATCHIS_202609231320_0000000539398311.zip
2026-09-23 13:25:00,NSW1,102.99,0,6824.36,1,20260923113,0,PUBLIC_DISPATCHIS_202609231325_0000000539399134.zip
2026-09-23 13:25:00,QLD1,85.25,0,4669.41,1,20260923113,0,PUBLIC_DISPATCHIS_202609231325_0000000539399134.zip
2026-09-23 13:25:00,SA1,4.3161,0,63.17,1,20260923113,0,PUBLIC_DISPATCHIS_202609231325_0000000539399134.zip
2026-09-23 13:25:00,TAS1,6.79736,0,871.32,1,20260923113,0,PUBLIC_DISPATCHIS_202609231325_0000000539399134.zip
2026-09-23 13:25:00,VIC1,5.03,0,3036.35,1,20260923113,0,PUBLIC_DISPATCHIS_202609231325_0000000539399134.zip
2026-09-23 13:30:00,NSW1,102.99,0,6787.05,1,20260923114,0,PUBLIC_DISPATCHIS_202609231330_0000000539399677.zip
2026-09-23 13:30:00,QLD1,81.35,0,4619.8,1,20260923114,0,PUBLIC_DISPATCHIS_202609231330_0000000539399677.zip
2026-09-23 13:30:00,SA1,4.3286,0,38.28,1,20260923114,0,PUBLIC_DISPATCHIS_202609231330_0000000539399677.zip
2026-09-23 13:30:00,TAS1,25.2,0,874.35,1,20260923114,0,PUBLIC_DISPATCHIS_202609231330_0000000539399677.zip
2026-09-23 13:30:00,VIC1,5.03,0,3050.13,1,20260923114,0,PUBLIC_DISPATCHIS_202609231330_0000000539399677.zip
2026-09-23 13:35:00,NSW1,102.99,0,6836.22,1,20260923115,0,PUBLIC_DISPATCHIS_202609231335_0000000539400327.zip
2026-09-23 13:35:00,QLD1,73.73,0,4621.96,1,20260923115,0,PUBLIC_DISPATCHIS_202609231335_0000000539400327.zip
2026-09-23 13:35:00,SA1,0.0087,0,46.86,1,20260923115,0,PUBLIC_DISPATCHIS_202609231335_0000000539400327.zip
2026-09-23 13:35:00,TAS1,0.01062,0,873.25,1,20260923115,0,PUBLIC_DISPATCHIS_202609231335_0000000539400327.zip
2026-09-23 13:35:00,VIC1,0.01,0,3060.61,1,20260923115,0,PUBLIC_DISPATCHIS_202609231335_0000000539400327.zip
2026-09-23 13:40:00,NSW1,102.99,0,6815.09,1,20260923116,0,PUBLIC_DISPATCHIS_202609231340_0000000539400934.zip
2026-09-23 13:40:00,QLD1,81.35,0,4673.65,1,20260923116,0,PUBLIC_DISPATCHIS_202609231340_0000000539400934.zip
2026-09-23 13:40:00,SA1,1.22871,0,60.74,1,20260923116,0,PUBLIC_DISPATCHIS_202609231340_0000000539400934.zip
2026-09-23 13:40:00,TAS1,1.48748,0,870.46,1,20260923116,0,PUBLIC_DISPATCHIS_202609231340_0000000539400934.zip
2026-09-23 13:40:00,VIC1,1.4,0,3057.52,1,20260923116,0,PUBLIC_DISPATCHIS_202609231340_0000000539400934.zip
2026-09-23 13:45:00,NSW1,102.99,0,6801.33,1,20260923117,0,PUBLIC_DISPATCHIS_202609231345_0000000539401526.zip
2026-09-23 13:45:00,QLD1,73.73,0,4668.67,1,20260923117,0,PUBLIC_DISPATCHIS_202609231345_0000000539401526.zip
2026-09-23 13:45:00,SA1,1.24965,0,76.01,1,20260923117,0,PUBLIC_DISPATCHIS_202609231345_0000000539401526.zip
2026-09-23 13:45:00,TAS1,1.492,0,873.15,1,20260923117,0,PUBLIC_DISPATCHIS_202609231345_0000000539401526.zip
2026-09-23 13:45:00,VIC1,1.4,0,3081.8,1,20260923117,0,PUBLIC_DISPATCHIS_202609231345_0000000539401526.zip
2026-09-23 13:50:00,NSW1,102.99,0,6806.97,1,20260923118,0,PUBLIC_DISPATCHIS_202609231350_0000000539402105.zip
2026-09-23 13:50:00,QLD1,73.73,0,4690.28,1,20260923118,0,PUBLIC_DISPATCHIS_202609231350_0000000539402105.zip
2026-09-23 13:50:00,SA1,0.00893,0,87.01,1,20260923118,0,PUBLIC_DISPATCHIS_202609231350_0000000539402105.zip
2026-09-23 13:50:00,TAS1,0.01066,0,873.91,1,20260923118,0,PUBLIC_DISPATCHIS_202609231350_0000000539402105.zip
2026-09-23 13:50:00,VIC1,0.01,0,3099.09,1,20260923118,0,PUBLIC_DISPATCHIS_202609231350_0000000539402105.zip
2026-09-23 13:55:00,NSW1,102.99,0,6788.22,1,20260923119,0,PUBLIC_DISPATCHIS_202609231355_0000000539402873.zip
2026-09-23 13:55:00,QLD1,81.35,0,4704.7,1,20260923119,0,PUBLIC_DISPATCHIS_202609231355_0000000539402873.zip
2026-09-23 13:55:00,SA1,1.30458,0,82.46,1,20260923119,0,PUBLIC_DISPATCHIS_202609231355_0000000539402873.zip
2026-09-23 13:55:00,TAS1,1.5452,0,876.92,1,20260923119,0,PUBLIC_DISPATCHIS_202609231355_0000000539402873.zip
2026-09-23 13:55:00,VIC1,1.45,0,3134.17,1,20260923119,0,PUBLIC_DISPATCHIS_202609231355_0000000539402873.zip
2026-09-23 14:00:00,NSW1,102.99,0,6756.7,1,20260923120,0,PUBLIC_DISPATCHIS_202609231400_0000000539403370.zip
2026-09-23 14:00:00,QLD1,73.73,0,4709.64,1,20260923120,0,PUBLIC_DISPATCHIS_202609231400_0000000539403370.zip
2026-09-23 14:00:00,SA1,9.1,0,73.96,1,20260923120,0,PUBLIC_DISPATCHIS_202609231400_0000000539403370.zip
2026-09-23 14:00:00,TAS1,12.94946,0,890.1,1,20260923120,0,PUBLIC_DISPATCHIS_202609231400_0000000539403370.zip
2026-09-23 14:00:00,VIC1,10.52408,0,3145.48,1,20260923120,0,PUBLIC_DISPATCHIS_202609231400_0000000539403370.zip
2026-09-23 14:05:00,NSW1,102.99,0,6793.0,1,20260923121,0,PUBLIC_DISPATCHIS_202609231405_0000000539404060.zip
2026-09-23 14:05:00,QLD1,69.77,0,4727.94,1,20260923121,0,PUBLIC_DISPATCHIS_202609231405_0000000539404060.zip
2026-09-23 14:05:00,SA1,9.1,0,47.02,1,20260923121,0,PUBLIC_DISPATCHIS_202609231405_0000000539404060.zip
2026-09-23 14:05:00,TAS1,12.63597,0,895.3,1,20260923121,0,PUBLIC_DISPATCHIS_202609231405_0000000539404060.zip
2026-09-23 14:05:00,VIC1,10.4928,0,3149.49,1,20260923121,0,PUBLIC_DISPATCHIS_202609231405_0000000539404060.zip
2026-09-23 14:10:00,NSW1,102.99,0,6683.0,1,20260923122,0,PUBLIC_DISPATCHIS_202609231410_0000000539404683.zip
2026-09-23 14:10:00,QLD1,81.35,0,4721.91,1,20260923122,0,PUBLIC_DISPATCHIS_202609231410_0000000539404683.zip
2026-09-23 14:10:00,SA1,0.56691,0,68.74,1,20260923122,0,PUBLIC_DISPATCHIS_202609231410_0000000539404683.zip
2026-09-23 14:10:00,TAS1,2.10414,0,894.82,1,20260923122,0,PUBLIC_DISPATCHIS_202609231410_0000000539404683.zip
2026-09-23 14:10:00,VIC1,0.64,0,3122.28,1,20260923122,0,PUBLIC_DISPATCHIS_202609231410_0000000539404683.zip
2026-09-23 14:15:00,NSW1,99.01,0,6730.59,1,20260923123,0,PUBLIC_DISPATCHIS_202609231415_0000000539405270.zip
2026-09-23 14:15:00,QLD1,69.77,0,4826.1,1,20260923123,0,PUBLIC_DISPATCHIS_202609231415_0000000539405270.zip
2026-09-23 14:15:00,SA1,2.1,0,106.28,1,20260923123,0,PUBLIC_DISPATCHIS_202609231415_0000000539405270.zip
2026-09-23 14:15:00,TAS1,4.10963,0,894.41,1,20260923123,0,PUBLIC_DISPATCHIS_202609231415_0000000539405270.zip
2026-09-23 14:15:00,VIC1,2.36655,0,3168.7,1,20260923123,0,PUBLIC_DISPATCHIS_202609231415_0000000539405270.zip
2026-09-23 14:20:00,NSW1,102.99,0,6726.62,1,20260923124,0,PUBLIC_DISPATCHIS_202609231420_0000000539405768.zip
2026-09-23 14:20:00,QLD1,69.77,0,4889.49,1,20260923124,0,PUBLIC_DISPATCHIS_202609231420_0000000539405768.zip
2026-09-23 14:20:00,SA1,2.1,0,131.85,1,20260923124,0,PUBLIC_DISPATCHIS_202609231420_0000000539405768.zip
2026-09-23 14:20:00,TAS1,4.23784,0,893.07,1,20260923124,0,PUBLIC_DISPATCHIS_202609231420_0000000539405768.zip
2026-09-23 14:20:00,VIC1,2.37441,0,3221.69,1,20260923124,0,PUBLIC_DISPATCHIS_202609231420_0000000539405768.zip
2026-09-23 14:25:00,NSW1,99.01,0,6768.95,1,20260923125,0,PUBLIC_DISPATCHIS_202609231425_0000000539406524.zip
2026-09-23 14:25:00,QLD1,81.79071,0,4897.17,1,20260923125,0,PUBLIC_DISPATCHIS_202609231425_0000000539406524.zip
2026-09-23 14:25:00,SA1,4.399,0,137.94,1,20260923125,0,PUBLIC_DISPATCHIS_202609231425_0000000539406524.zip
2026-09-23 14:25:00,TAS1,25.2,0,902.01,1,20260923125,0,PUBLIC_DISPATCHIS_202609231425_0000000539406524.zip
2026-09-23 14:25:00,VIC1,5.03,0,3236.19,1,20260923125,0,PUBLIC_DISPATCHIS_202609231425_0000000539406524.zip
2026-09-23 14:30:00,NSW1,102.99,0,6756.55,1,20260923126,0,PUBLIC_DISPATCHIS_202609231430_0000000539407059.zip
2026-09-23 14:30:00,QLD1,84.54372,0,4924.1,1,20260923126,0,PUBLIC_DISPATCHIS_202609231430_0000000539407059.zip
2026-09-23 14:30:00,SA1,0.60696,0,142.49,1,20260923126,0,PUBLIC_DISPATCHIS_202609231430_0000000539407059.zip
2026-09-23 14:30:00,TAS1,25.2,0,899.11,1,20260923126,0,PUBLIC_DISPATCHIS_202609231430_0000000539407059.zip
2026-09-23 14:30:00,VIC1,0.67,0,3238.27,1,20260923126,0,PUBLIC_DISPATCHIS_202609231430_0000000539407059.zip
2026-09-23 14:35:00,NSW1,102.99,0,6824.71,1,20260923127,0,PUBLIC_DISPATCHIS_202609231435_0000000539407711.zip
2026-09-23 14:35:00,QLD1,85.70421,0,4967.29,1,20260923127,0,PUBLIC_DISPATCHIS_202609231435_0000000539407711.zip
2026-09-23 14:35:00,SA1,0.16,0,142.48,1,20260923127,0,PUBLIC_DISPATCHIS_202609231435_0000000539407711.zip
2026-09-23 14:35:00,TAS1,0.06058,0,894.89,1,20260923127,0,PUBLIC_DISPATCHIS_202609231435_0000000539407711.zip
2026-09-23 14:35:00,VIC1,0.05738,0,3280.54,1,20260923127,0,PUBLIC_DISPATCHIS_202609231435_0000000539407711.zip
2026-09-23 14:40:00,NSW1,102.39,0,6799.9,1,20260923128,0,PUBLIC_DISPATCHIS_202609231440_0000000539408260.zip
2026-09-23 14:40:00,QLD1,85.25,0,5073.71,1,20260923128,0,PUBLIC_DISPATCHIS_202609231440_0000000539408260.zip
2026-09-23 14:40:00,SA1,2.1,0,164.39,1,20260923128,0,PUBLIC_DISPATCHIS_202609231440_0000000539408260.zip
2026-09-23 14:40:00,TAS1,2.43881,0,889.89,1,20260923128,0,PUBLIC_DISPATCHIS_202609231440_0000000539408260.zip
2026-09-23 14:40:00,VIC1,2.31045,0,3351.31,1,20260923128,0,PUBLIC_DISPATCHIS_202609231440_0000000539408260.zip
2026-09-23 14:45:00,NSW1,99.01,0,6769.08,1,20260923129,0,PUBLIC_DISPATCHIS_202609231445_0000000539408880.zip
2026-09-23 14:45:00,QLD1,73.73,0,5133.22,1,20260923129,0,PUBLIC_DISPATCHIS_202609231445_0000000539408880.zip
2026-09-23 14:45:00,SA1,2.1,0,180.72,1,20260923129,0,PUBLIC_DISPATCHIS_202609231445_0000000539408880.zip
2026-09-23 14:45:00,TAS1,3.57787,0,899.35,1,20260923129,0,PUBLIC_DISPATCHIS_202609231445_0000000539408880.zip
2026-09-23 14:45:00,VIC1,2.33527,0,3369.31,1,20260923129,0,PUBLIC_DISPATCHIS_202609231445_0000000539408880.zip
2026-09-23 14:50:00,NSW1,102.99,0,6840.45,1,20260923130,0,PUBLIC_DISPATCHIS_202609231450_0000000539409420.zip
2026-09-23 14:50:00,QLD1,85.92348,0,5154.12,1,20260923130,0,PUBLIC_DISPATCHIS_202609231450_0000000539409420.zip
2026-09-23 14:50:00,SA1,2.66,0,189.76,1,20260923130,0,PUBLIC_DISPATCHIS_202609231450_0000000539409420.zip
2026-09-23 14:50:00,TAS1,4.57089,0,906.45,1,20260923130,0,PUBLIC_DISPATCHIS_202609231450_0000000539409420.zip
2026-09-23 14:50:00,VIC1,2.9578,0,3416.98,1,20260923130,0,PUBLIC_DISPATCHIS_202609231450_0000000539409420.zip
2026-09-23 14:55:00,NSW1,102.99,0,6845.51,1,20260923131,0,PUBLIC_DISPATCHIS_202609231455_0000000539410159.zip
2026-09-23 14:55:00,QLD1,87.15825,0,5299.27,1,20260923131,0,PUBLIC_DISPATCHIS_202609231455_0000000539410159.zip
2026-09-23 14:55:00,SA1,9.1,0,205.4,1,20260923131,0,PUBLIC_DISPATCHIS_202609231455_0000000539410159.zip
2026-09-23 14:55:00,TAS1,12.80188,0,911.35,1,20260923131,0,PUBLIC_DISPATCHIS_202609231455_0000000539410159.zip
2026-09-23 14:55:00,VIC1,10.39083,0,3489.28,1,20260923131,0,PUBLIC_DISPATCHIS_202609231455_0000000539410159.zip
2026-09-23 15:00:00,NSW1,102.99,0,6832.79,1,20260923132,0,PUBLIC_DISPATCHIS_202609231500_0000000539410659.zip
2026-09-23 15:00:00,QLD1,86.63503,0,5342.31,1,20260923132,0,PUBLIC_DISPATCHIS_202609231500_0000000539410659.zip
2026-09-23 15:00:00,SA1,11.39135,0,206.32,1,20260923132,0,PUBLIC_DISPATCHIS_202609231500_0000000539410659.zip
2026-09-23 15:00:00,TAS1,25.2,0,918.2,1,20260923132,0,PUBLIC_DISPATCHIS_202609231500_0000000539410659.zip
2026-09-23 15:00:00,VIC1,12.95792,0,3537.7,1,20260923132,0,PUBLIC_DISPATCHIS_202609231500_0000000539410659.zip
2026-09-23 15:05:00,NSW1,112.95862,0,6839.87,1,20260923133,0,PUBLIC_DISPATCHIS_202609231505_0000000539411351.zip
2026-09-23 15:05:00,QLD1,98.75,0,5363.18,1,20260923133,0,PUBLIC_DISPATCHIS_202609231505_0000000539411351.zip
2026-09-23 15:05:00,SA1,7.19452,0,241.79,1,20260923133,0,PUBLIC_DISPATCHIS_202609231505_0000000539411351.zip
2026-09-23 15:05:00,TAS1,8.30719,0,927.12,1,20260923133,0,PUBLIC_DISPATCHIS_202609231505_0000000539411351.zip
2026-09-23 15:05:00,VIC1,7.8,0,3592.99,1,20260923133,0,PUBLIC_DISPATCHIS_202609231505_0000000539411351.zip
2026-09-23 15:10:00,NSW1,119.00005,0,6772.88,1,20260923134,0,PUBLIC_DISPATCHIS_202609231510_0000000539411965.zip
2026-09-23 15:10:00,QLD1,100.02,0,5434.47,1,20260923134,0,PUBLIC_DISPATCHIS_202609231510_0000000539411965.zip
2026-09-23 15:10:00,SA1,7.80467,0,283.66,1,20260923134,0,PUBLIC_DISPATCHIS_202609231510_0000000539411965.zip
2026-09-23 15:10:00,TAS1,10.28036,0,934.91,1,20260923134,0,PUBLIC_DISPATCHIS_202609231510_0000000539411965.zip
2026-09-23 15:10:00,VIC1,8.31,0,3624.73,1,20260923134,0,PUBLIC_DISPATCHIS_202609231510_0000000539411965.zip
2026-09-23 15:15:00,NSW1,117.87549,0,6791.11,1,20260923135,0,PUBLIC_DISPATCHIS_202609231515_0000000539412580.zip
2026-09-23 15:15:00,QLD1,98.75,0,5479.37,1,20260923135,0,PUBLIC_DISPATCHIS_202609231515_0000000539412580.zip
2026-09-23 15:15:00,SA1,5.9468,0,328.0,1,20260923135,0,PUBLIC_DISPATCHIS_202609231515_0000000539412580.zip
2026-09-23 15:15:00,TAS1,8.09404,0,933.48,1,20260923135,0,PUBLIC_DISPATCHIS_202609231515_0000000539412580.zip
2026-09-23 15:15:00,VIC1,6.26684,0,3657.28,1,20260923135,0,PUBLIC_DISPATCHIS_202609231515_0000000539412580.zip
2026-09-23 15:20:00,NSW1,102.99,0,6801.33,1,20260923136,0,PUBLIC_DISPATCHIS_202609231520_0000000539413146.zip
2026-09-23 15:20:00,QLD1,87.52179,0,5606.75,1,20260923136,0,PUBLIC_DISPATCHIS_202609231520_0000000539413146.zip
2026-09-23 15:20:00,SA1,0.0102,0,345.33,1,20260923136,0,PUBLIC_DISPATCHIS_202609231520_0000000539413146.zip
2026-09-23 15:20:00,TAS1,0.73153,0,931.02,1,20260923136,0,PUBLIC_DISPATCHIS_202609231520_0000000539413146.zip
2026-09-23 15:20:00,VIC1,0.01083,0,3772.86,1,20260923136,0,PUBLIC_DISPATCHIS_202609231520_0000000539413146.zip
2026-09-23 15:25:00,NSW1,102.99,0,6881.18,1,20260923137,0,PUBLIC_DISPATCHIS_202609231525_0000000539413956.zip
2026-09-23 15:25:00,QLD1,88.63834,0,5611.28,1,20260923137,0,PUBLIC_DISPATCHIS_202609231525_0000000539413956.zip
2026-09-23 15:25:00,SA1,0.00902,0,325.46,1,20260923137,0,PUBLIC_DISPATCHIS_202609231525_0000000539413956.zip
2026-09-23 15:25:00,TAS1,0.73038,0,934.26,1,20260923137,0,PUBLIC_DISPATCHIS_202609231525_0000000539413956.zip
2026-09-23 15:25:00,VIC1,0.00975,0,3804.81,1,20260923137,0,PUBLIC_DISPATCHIS_202609231525_0000000539413956.zip
2026-09-23 15:30:00,NSW1,96.9901,0,6900.46,1,20260923138,0,PUBLIC_DISPATCHIS_202609231530_0000000539414485.zip
2026-09-23 15:30:00,QLD1,85.68431,0,5685.57,1,20260923138,0,PUBLIC_DISPATCHIS_202609231530_0000000539414485.zip
2026-09-23 15:30:00,SA1,17.90801,0,380.15,1,20260923138,0,PUBLIC_DISPATCHIS_202609231530_0000000539414485.zip
2026-09-23 15:30:00,TAS1,25.2,0,943.52,1,20260923138,0,PUBLIC_DISPATCHIS_202609231530_0000000539414485.zip
2026-09-23 15:30:00,VIC1,19.8275,0,3852.24,1,20260923138,0,PUBLIC_DISPATCHIS_202609231530_0000000539414485.zip
2026-09-23 15:35:00,NSW1,99.01,0,6993.65,1,20260923139,0,PUBLIC_DISPATCHIS_202609231535_0000000539415199.zip
2026-09-23 15:35:00,QLD1,78.51,0,5779.86,1,20260923139,0,PUBLIC_DISPATCHIS_202609231535_0000000539415199.zip
2026-09-23 15:35:00,SA1,17.37463,0,365.38,1,20260923139,0,PUBLIC_DISPATCHIS_202609231535_0000000539415199.zip
2026-09-23 15:35:00,TAS1,20.35666,0,951.0,1,20260923139,0,PUBLIC_DISPATCHIS_202609231535_0000000539415199.zip
2026-09-23 15:35:00,VIC1,19.18,0,3898.94,1,20260923139,0,PUBLIC_DISPATCHIS_202609231535_0000000539415199.zip
2026-09-23 15:40:00,NSW1,76.1,0,7070.59,1,20260923140,0,PUBLIC_DISPATCHIS_202609231540_0000000539415811.zip
2026-09-23 15:40:00,QLD1,69.76,0,5878.63,1,20260923140,0,PUBLIC_DISPATCHIS_202609231540_0000000539415811.zip
2026-09-23 15:40:00,SA1,17.38031,0,388.14,1,20260923140,0,PUBLIC_DISPATCHIS_202609231540_0000000539415811.zip
2026-09-23 15:40:00,TAS1,21.07435,0,951.7,1,20260923140,0,PUBLIC_DISPATCHIS_202609231540_0000000539415811.zip
2026-09-23 15:40:00,VIC1,19.18,0,3985.44,1,20260923140,0,PUBLIC_DISPATCHIS_202609231540_0000000539415811.zip
2026-09-23 15:45:00,NSW1,93.07441,0,7241.34,1,20260923141,0,PUBLIC_DISPATCHIS_202609231545_0000000539416421.zip
2026-09-23 15:45:00,QLD1,85.25,0,6044.6,1,20260923141,0,PUBLIC_DISPATCHIS_202609231545_0000000539416421.zip
2026-09-23 15:45:00,SA1,17.44427,0,459.21,1,20260923141,0,PUBLIC_DISPATCHIS_202609231545_0000000539416421.zip
2026-09-23 15:45:00,TAS1,21.06225,0,959.92,1,20260923141,0,PUBLIC_DISPATCHIS_202609231545_0000000539416421.zip
2026-09-23 15:45:00,VIC1,19.18,0,4052.95,1,20260923141,0,PUBLIC_DISPATCHIS_202609231545_0000000539416421.zip
2026-09-23 15:50:00,NSW1,99.01,0,7271.27,1,20260923142,0,PUBLIC_DISPATCHIS_202609231550_0000000539416915.zip
2026-09-23 15:50:00,QLD1,88.99377,0,6058.52,1,20260923142,0,PUBLIC_DISPATCHIS_202609231550_0000000539416915.zip
2026-09-23 15:50:00,SA1,50.70639,0,552.23,1,20260923142,0,PUBLIC_DISPATCHIS_202609231550_0000000539416915.zip
2026-09-23 15:50:00,TAS1,57.69077,0,970.18,1,20260923142,0,PUBLIC_DISPATCHIS_202609231550_0000000539416915.zip
2026-09-23 15:50:00,VIC1,54.88,0,4139.23,1,20260923142,0,PUBLIC_DISPATCHIS_202609231550_0000000539416915.zip
2026-09-23 15:55:00,NSW1,102.99,0,7331.11,1,20260923143,0,PUBLIC_DISPATCHIS_202609231555_0000000539417716.zip
2026-09-23 15:55:00,QLD1,100.02,0,6126.67,1,20260923143,0,PUBLIC_DISPATCHIS_202609231555_0000000539417716.zip
2026-09-23 15:55:00,SA1,74.46296,0,597.77,1,20260923143,0,PUBLIC_DISPATCHIS_202609231555_0000000539417716.zip
2026-09-23 15:55:00,TAS1,83.79655,0,982.44,1,20260923143,0,PUBLIC_DISPATCHIS_202609231555_0000000539417716.zip
2026-09-23 15:55:00,VIC1,79.72,0,4206.65,1,20260923143,0,PUBLIC_DISPATCHIS_202609231555_0000000539417716.zip
2026-09-23 16:00:00,NSW1,102.99,0,7278.92,1,20260923144,0,PUBLIC_DISPATCHIS_202609231600_0000000539418224.zip
2026-09-23 16:00:00,QLD1,98.81081,0,6178.83,1,20260923144,0,PUBLIC_DISPATCHIS_202609231600_0000000539418224.zip
2026-09-23 16:00:00,SA1,93.98038,0,653.61,1,20260923144,0,PUBLIC_DISPATCHIS_202609231600_0000000539418224.zip
2026-09-23 16:00:00,TAS1,104.2135,0,996.26,1,20260923144,0,PUBLIC_DISPATCHIS_202609231600_0000000539418224.zip
2026-09-23 16:00:00,VIC1,99.15149,0,4279.41,1,20260923144,0,PUBLIC_DISPATCHIS_202609231600_0000000539418224.zip
2026-09-23 16:05:00,NSW1,96.99,0,7386.63,1,20260923145,0,PUBLIC_DISPATCHIS_202609231605_0000000539418914.zip
2026-09-23 16:05:00,QLD1,87.34544,0,6208.55,1,20260923145,0,PUBLIC_DISPATCHIS_202609231605_0000000539418914.zip
2026-09-23 16:05:00,SA1,63.16996,0,682.09,1,20260923145,0,PUBLIC_DISPATCHIS_202609231605_0000000539418914.zip
2026-09-23 16:05:00,TAS1,70.1,0,1002.94,1,20260923145,0,PUBLIC_DISPATCHIS_202609231605_0000000539418914.zip
2026-09-23 16:05:00,VIC1,67.11964,0,4363.75,1,20260923145,0,PUBLIC_DISPATCHIS_202609231605_0000000539418914.zip
2026-09-23 16:10:00,NSW1,96.99,0,7481.48,1,20260923146,0,PUBLIC_DISPATCHIS_202609231610_0000000539419521.zip
2026-09-23 16:10:00,QLD1,86.38107,0,6330.2,1,20260923146,0,PUBLIC_DISPATCHIS_202609231610_0000000539419521.zip
2026-09-23 16:10:00,SA1,81.01299,0,725.06,1,20260923146,0,PUBLIC_DISPATCHIS_202609231610_0000000539419521.zip
2026-09-23 16:10:00,TAS1,88.2,0,1019.43,1,20260923146,0,PUBLIC_DISPATCHIS_202609231610_0000000539419521.zip
2026-09-23 16:10:00,VIC1,85.2566,0,4447.95,1,20260923146,0,PUBLIC_DISPATCHIS_202609231610_0000000539419521.zip
2026-09-23 16:15:00,NSW1,102.99,0,7527.6,1,20260923147,0,PUBLIC_DISPATCHIS_202609231615_0000000539420150.zip
2026-09-23 16:15:00,QLD1,92.97728,0,6396.75,1,20260923147,0,PUBLIC_DISPATCHIS_202609231615_0000000539420150.zip
2026-09-23 16:15:00,SA1,78.17334,0,674.93,1,20260923147,0,PUBLIC_DISPATCHIS_202609231615_0000000539420150.zip
2026-09-23 16:15:00,TAS1,88.2,0,1029.39,1,20260923147,0,PUBLIC_DISPATCHIS_202609231615_0000000539420150.zip
2026-09-23 16:15:00,VIC1,85.53532,0,4522.56,1,20260923147,0,PUBLIC_DISPATCHIS_202609231615_0000000539420150.zip
2026-09-23 16:20:00,NSW1,111.44864,0,7582.57,1,20260923148,0,PUBLIC_DISPATCHIS_202609231620_0000000539420680.zip
2026-09-23 16:20:00,QLD1,100.02,0,6436.23,1,20260923148,0,PUBLIC_DISPATCHIS_202609231620_0000000539420680.zip
2026-09-23 16:20:00,SA1,79.37378,0,668.36,1,20260923148,0,PUBLIC_DISPATCHIS_202609231620_0000000539420680.zip
2026-09-23 16:20:00,TAS1,88.2,0,1030.93,1,20260923148,0,PUBLIC_DISPATCHIS_202609231620_0000000539420680.zip
2026-09-23 16:20:00,VIC1,86.92003,0,4585.11,1,20260923148,0,PUBLIC_DISPATCHIS_202609231620_0000000539420680.zip
2026-09-23 16:25:00,NSW1,116.45323,0,7680.18,1,20260923149,0,PUBLIC_DISPATCHIS_202609231625_0000000539421470.zip
2026-09-23 16:25:00,QLD1,105.4,0,6592.87,1,20260923149,0,PUBLIC_DISPATCHIS_202609231625_0000000539421470.zip
2026-09-23 16:25:00,SA1,91.41237,0,662.5,1,20260923149,0,PUBLIC_DISPATCHIS_202609231625_0000000539421470.zip
2026-09-23 16:25:00,TAS1,101.97207,0,1044.27,1,20260923149,0,PUBLIC_DISPATCHIS_202609231625_0000000539421470.zip
2026-09-23 16:25:00,VIC1,101.85,0,4687.64,1,20260923149,0,PUBLIC_DISPATCHIS_202609231625_0000000539421470.zip
2026-09-23 16:30:00,NSW1,117.3216,0,7781.97,1,20260923150,0,PUBLIC_DISPATCHIS_202609231630_0000000539421936.zip
2026-09-23 16:30:00,QLD1,102.8,0,6527.97,1,20260923150,0,PUBLIC_DISPATCHIS_202609231630_0000000539421936.zip
2026-09-23 16:30:00,SA1,101.18308,0,682.77,1,20260923150,0,PUBLIC_DISPATCHIS_202609231630_0000000539421936.zip
2026-09-23 16:30:00,TAS1,113.7471,0,1052.99,1,20260923150,0,PUBLIC_DISPATCHIS_202609231630_0000000539421936.zip
2026-09-23 16:30:00,VIC1,113.22127,0,4799.2,1,20260923150,0,PUBLIC_DISPATCHIS_202609231630_0000000539421936.zip
2026-09-23 16:35:00,NSW1,111.17165,0,7805.19,1,20260923151,0,PUBLIC_DISPATCHIS_202609231635_0000000539422586.zip
2026-09-23 16:35:00,QLD1,100.02,0,6606.68,1,20260923151,0,PUBLIC_DISPATCHIS_202609231635_0000000539422586.zip
2026-09-23 16:35:00,SA1,89.724,0,744.83,1,20260923151,0,PUBLIC_DISPATCHIS_202609231635_0000000539422586.zip
2026-09-23 16:35:00,TAS1,88.22,0,1058.49,1,20260923151,0,PUBLIC_DISPATCHIS_202609231635_0000000539422586.zip
2026-09-23 16:35:00,VIC1,97.4409,0,4849.76,1,20260923151,0,PUBLIC_DISPATCHIS_202609231635_0000000539422586.zip
2026-09-23 16:40:00,NSW1,124.98,0,7974.12,1,20260923152,0,PUBLIC_DISPATCHIS_202609231640_0000000539423190.zip
2026-09-23 16:40:00,QLD1,113.96562,0,6672.93,1,20260923152,0,PUBLIC_DISPATCHIS_202609231640_0000000539423190.zip
2026-09-23 16:40:00,SA1,84.44821,0,790.24,1,20260923152,0,PUBLIC_DISPATCHIS_202609231640_0000000539423190.zip
2026-09-23 16:40:00,TAS1,89.92747,0,1068.86,1,20260923152,0,PUBLIC_DISPATCHIS_202609231640_0000000539423190.zip
2026-09-23 16:40:00,VIC1,91.58068,0,4970.03,1,20260923152,0,PUBLIC_DISPATCHIS_202609231640_0000000539423190.zip
2026-09-23 16:45:00,NSW1,130.01,0,8023.91,1,20260923153,0,PUBLIC_DISPATCHIS_202609231645_0000000539423856.zip
2026-09-23 16:45:00,QLD1,124.88865,0,6769.67,1,20260923153,0,PUBLIC_DISPATCHIS_202609231645_0000000539423856.zip
2026-09-23 16:45:00,SA1,109.95624,0,848.13,1,20260923153,0,PUBLIC_DISPATCHIS_202609231645_0000000539423856.zip
2026-09-23 16:45:00,TAS1,116.0096,0,1087.22,1,20260923153,0,PUBLIC_DISPATCHIS_202609231645_0000000539423856.zip
2026-09-23 16:45:00,VIC1,118.5,0,5051.9,1,20260923153,0,PUBLIC_DISPATCHIS_202609231645_0000000539423856.zip
2026-09-23 16:50:00,NSW1,130.01,0,8063.4,1,20260923154,0,PUBLIC_DISPATCHIS_202609231650_0000000539424379.zip
2026-09-23 16:50:00,QLD1,121.84088,0,6851.8,1,20260923154,0,PUBLIC_DISPATCHIS_202609231650_0000000539424379.zip
2026-09-23 16:50:00,SA1,100.44,0,850.48,1,20260923154,0,PUBLIC_DISPATCHIS_202609231650_0000000539424379.zip
2026-09-23 16:50:00,TAS1,104.72501,0,1099.55,1,20260923154,0,PUBLIC_DISPATCHIS_202609231650_0000000539424379.zip
2026-09-23 16:50:00,VIC1,106.9825,0,5119.84,1,20260923154,0,PUBLIC_DISPATCHIS_202609231650_0000000539424379.zip
2026-09-23 16:55:00,NSW1,130.01,0,8181.25,1,20260923155,0,PUBLIC_DISPATCHIS_202609231655_0000000539425130.zip
2026-09-23 16:55:00,QLD1,121.12015,0,6911.54,1,20260923155,0,PUBLIC_DISPATCHIS_202609231655_0000000539425130.zip
2026-09-23 16:55:00,SA1,100.44,0,872.8,1,20260923155,0,PUBLIC_DISPATCHIS_202609231655_0000000539425130.zip
2026-09-23 16:55:00,TAS1,100.94279,0,1105.61,1,20260923155,0,PUBLIC_DISPATCHIS_202609231655_0000000539425130.zip
2026-09-23 16:55:00,VIC1,104.98827,0,5232.5,1,20260923155,0,PUBLIC_DISPATCHIS_202609231655_0000000539425130.zip
2026-09-23 17:00:00,NSW1,131.05591,0,8216.45,1,20260923156,0,PUBLIC_DISPATCHIS_202609231700_0000000539425690.zip
2026-09-23 17:00:00,QLD1,123.06939,0,7022.76,1,20260923156,0,PUBLIC_DISPATCHIS_202609231700_0000000539425690.zip
2026-09-23 17:00:00,SA1,120.3,0,935.53,1,20260923156,0,PUBLIC_DISPATCHIS_202609231700_0000000539425690.zip
2026-09-23 17:00:00,TAS1,120.16,0,1119.28,1,20260923156,0,PUBLIC_DISPATCHIS_202609231700_0000000539425690.zip
2026-09-23 17:00:00,VIC1,124.99061,0,5319.27,1,20260923156,0,PUBLIC_DISPATCHIS_202609231700_0000000539425690.zip
2026-09-23 17:05:00,NSW1,130.01,0,8324.84,1,20260923157,0,PUBLIC_DISPATCHIS_202609231705_0000000539426328.zip
2026-09-23 17:05:00,QLD1,128.11,0,6998.34,1,20260923157,0,PUBLIC_DISPATCHIS_202609231705_0000000539426328.zip
2026-09-23 17:05:00,SA1,98.3267,0,965.08,1,20260923157,0,PUBLIC_DISPATCHIS_202609231705_0000000539426328.zip
2026-09-23 17:05:00,TAS1,97.54043,0,1130.66,1,20260923157,0,PUBLIC_DISPATCHIS_202609231705_0000000539426328.zip
2026-09-23 17:05:00,VIC1,101.63468,0,5384.49,1,20260923157,0,PUBLIC_DISPATCHIS_202609231705_0000000539426328.zip
2026-09-23 17:10:00,NSW1,125.00568,0,8258.27,1,20260923158,0,PUBLIC_DISPATCHIS_202609231710_0000000539427036.zip
2026-09-23 17:10:00,QLD1,121.12,0,6994.31,1,20260923158,0,PUBLIC_DISPATCHIS_202609231710_0000000539427036.zip
2026-09-23 17:10:00,SA1,100.44,0,989.87,1,20260923158,0,PUBLIC_DISPATCHIS_202609231710_0000000539427036.zip
2026-09-23 17:10:00,TAS1,100.89605,0,1140.83,1,20260923158,0,PUBLIC_DISPATCHIS_202609231710_0000000539427036.zip
2026-09-23 17:10:00,VIC1,104.84702,0,5440.0,1,20260923158,0,PUBLIC_DISPATCHIS_202609231710_0000000539427036.zip
2026-09-23 17:15:00,NSW1,127.22678,0,8332.46,1,20260923159,0,PUBLIC_DISPATCHIS_202609231715_0000000539427641.zip
2026-09-23 17:15:00,QLD1,121.12,0,7118.79,1,20260923159,0,PUBLIC_DISPATCHIS_202609231715_0000000539427641.zip
2026-09-23 17:15:00,SA1,104.41368,0,1039.85,1,20260923159,0,PUBLIC_DISPATCHIS_202609231715_0000000539427641.zip
2026-09-23 17:15:00,TAS1,106.60739,0,1155.33,1,20260923159,0,PUBLIC_DISPATCHIS_202609231715_0000000539427641.zip
2026-09-23 17:15:00,VIC1,110.5,0,5507.89,1,20260923159,0,PUBLIC_DISPATCHIS_202609231715_0000000539427641.zip
2026-09-23 17:20:00,NSW1,125.14215,0,8361.19,1,20260923160,0,PUBLIC_DISPATCHIS_202609231720_0000000539428200.zip
2026-09-23 17:20:00,QLD1,114.69,0,7048.59,1,20260923160,0,PUBLIC_DISPATCHIS_202609231720_0000000539428200.zip
2026-09-23 17:20:00,SA1,108.77842,0,1087.69,1,20260923160,0,PUBLIC_DISPATCHIS_202609231720_0000000539428200.zip
2026-09-23 17:20:00,TAS1,114.25962,0,1164.32,1,20260923160,0,PUBLIC_DISPATCHIS_202609231720_0000000539428200.zip
2026-09-23 17:20:00,VIC1,118.5,0,5592.19,1,20260923160,0,PUBLIC_DISPATCHIS_202609231720_0000000539428200.zip
2026-09-23 17:25:00,NSW1,130.01,0,8472.22,1,20260923161,0,PUBLIC_DISPATCHIS_202609231725_0000000539428936.zip
2026-09-23 17:25:00,QLD1,118.37018,0,7124.76,1,20260923161,0,PUBLIC_DISPATCHIS_202609231725_0000000539428936.zip
2026-09-23 17:25:00,SA1,116.58673,0,1130.56,1,20260923161,0,PUBLIC_DISPATCHIS_202609231725_0000000539428936.zip
2026-09-23 17:25:00,TAS1,120.16,0,1170.07,1,20260923161,0,PUBLIC_DISPATCHIS_202609231725_0000000539428936.zip
2026-09-23 17:25:00,VIC1,125.3227,0,5651.45,1,20260923161,0,PUBLIC_DISPATCHIS_202609231725_0000000539428936.zip
2026-09-23 17:30:00,NSW1,132.55,0,8555.2,1,20260923162,0,PUBLIC_DISPATCHIS_202609231730_0000000539429444.zip
2026-09-23 17:30:00,QLD1,121.12009,0,7122.74,1,20260923162,0,PUBLIC_DISPATCHIS_202609231730_0000000539429444.zip
2026-09-23 17:30:00,SA1,120.0,0,1162.93,1,20260923162,0,PUBLIC_DISPATCHIS_202609231730_0000000539429444.zip
2026-09-23 17:30:00,TAS1,122.13894,0,1187.31,1,20260923162,0,PUBLIC_DISPATCHIS_202609231730_0000000539429444.zip
2026-09-23 17:30:00,VIC1,127.92904,0,5717.11,1,20260923162,0,PUBLIC_DISPATCHIS_202609231730_0000000539429444.zip
2026-09-23 17:35:00,NSW1,126.62913,0,8617.52,1,20260923163,0,PUBLIC_DISPATCHIS_202609231735_0000000539430031.zip
2026-09-23 17:35:00,QLD1,114.68,0,7205.03,1,20260923163,0,PUBLIC_DISPATCHIS_202609231735_0000000539430031.zip
2026-09-23 17:35:00,SA1,108.78783,0,1222.74,1,20260923163,0,PUBLIC_DISPATCHIS_202609231735_0000000539430031.zip
2026-09-23 17:35:00,TAS1,111.78956,0,1201.62,1,20260923163,0,PUBLIC_DISPATCHIS_202609231735_0000000539430031.zip
2026-09-23 17:35:00,VIC1,117.78837,0,5765.78,1,20260923163,0,PUBLIC_DISPATCHIS_202609231735_0000000539430031.zip
2026-09-23 17:40:00,NSW1,128.93251,0,8690.53,1,20260923164,0,PUBLIC_DISPATCHIS_202609231740_0000000539430609.zip
2026-09-23 17:40:00,QLD1,117.69,0,7213.5,1,20260923164,0,PUBLIC_DISPATCHIS_202609231740_0000000539430609.zip
2026-09-23 17:40:00,SA1,110.37819,0,1295.07,1,20260923164,0,PUBLIC_DISPATCHIS_202609231740_0000000539430609.zip
2026-09-23 17:40:00,TAS1,111.10849,0,1171.7,1,20260923164,0,PUBLIC_DISPATCHIS_202609231740_0000000539430609.zip
2026-09-23 17:40:00,VIC1,118.5,0,5802.65,1,20260923164,0,PUBLIC_DISPATCHIS_202609231740_0000000539430609.zip
2026-09-23 17:45:00,NSW1,123.22802,0,8769.09,1,20260923165,0,PUBLIC_DISPATCHIS_202609231745_0000000539431197.zip
2026-09-23 17:45:00,QLD1,114.58,0,7279.94,1,20260923165,0,PUBLIC_DISPATCHIS_202609231745_0000000539431197.zip
2026-09-23 17:45:00,SA1,106.36887,0,1338.71,1,20260923165,0,PUBLIC_DISPATCHIS_202609231745_0000000539431197.zip
2026-09-23 17:45:00,TAS1,107.26842,0,1178.37,1,20260923165,0,PUBLIC_DISPATCHIS_202609231745_0000000539431197.zip
2026-09-23 17:45:00,VIC1,114.41744,0,5876.56,1,20260923165,0,PUBLIC_DISPATCHIS_202609231745_0000000539431197.zip
2026-09-23 17:50:00,NSW1,122.15,0,8791.77,1,20260923166,0,PUBLIC_DISPATCHIS_202609231750_0000000539431690.zip
2026-09-23 17:50:00,QLD1,109.38392,0,7333.39,1,20260923166,0,PUBLIC_DISPATCHIS_202609231750_0000000539431690.zip
2026-09-23 17:50:00,SA1,104.98805,0,1373.23,1,20260923166,0,PUBLIC_DISPATCHIS_202609231750_0000000539431690.zip
2026-09-23 17:50:00,TAS1,104.55243,0,1190.04,1,20260923166,0,PUBLIC_DISPATCHIS_202609231750_0000000539431690.zip
2026-09-23 17:50:00,VIC1,111.87639,0,5966.14,1,20260923166,0,PUBLIC_DISPATCHIS_202609231750_0000000539431690.zip
2026-09-23 17:55:00,NSW1,122.15,0,8874.39,1,20260923167,0,PUBLIC_DISPATCHIS_202609231755_0000000539432452.zip
2026-09-23 17:55:00,QLD1,107.73,0,7369.88,1,20260923167,0,PUBLIC_DISPATCHIS_202609231755_0000000539432452.zip
2026-09-23 17:55:00,SA1,107.64069,0,1400.64,1,20260923167,0,PUBLIC_DISPATCHIS_202609231755_0000000539432452.zip
2026-09-23 17:55:00,TAS1,107.49383,0,1202.27,1,20260923167,0,PUBLIC_DISPATCHIS_202609231755_0000000539432452.zip
2026-09-23 17:55:00,VIC1,114.68449,0,6052.76,1,20260923167,0,PUBLIC_DISPATCHIS_202609231755_0000000539432452.zip
2026-09-23 18:00:00,NSW1,130.01,0,8894.45,1,20260923168,0,PUBLIC_DISPATCHIS_202609231800_0000000539432948.zip
2026-09-23 18:00:00,QLD1,114.68,0,7419.65,1,20260923168,0,PUBLIC_DISPATCHIS_202609231800_0000000539432948.zip
2026-09-23 18:00:00,SA1,114.81485,0,1425.44,1,20260923168,0,PUBLIC_DISPATCHIS_202609231800_0000000539432948.zip
2026-09-23 18:00:00,TAS1,114.89538,0,1213.31,1,20260923168,0,PUBLIC_DISPATCHIS_202609231800_0000000539432948.zip
2026-09-23 18:00:00,VIC1,122.21065,0,6101.86,1,20260923168,0,PUBLIC_DISPATCHIS_202609231800_0000000539432948.zip
2026-09-23 18:05:00,NSW1,121.1,0,8860.9,1,20260923169,0,PUBLIC_DISPATCHIS_202609231805_0000000539433571.zip
2026-09-23 18:05:00,QLD1,109.91045,0,7363.39,1,20260923169,0,PUBLIC_DISPATCHIS_202609231805_0000000539433571.zip
2026-09-23 18:05:00,SA1,104.78739,0,1451.4,1,20260923169,0,PUBLIC_DISPATCHIS_202609231805_0000000539433571.zip
2026-09-23 18:05:00,TAS1,102.93798,0,1221.14,1,20260923169,0,PUBLIC_DISPATCHIS_202609231805_0000000539433571.zip
2026-09-23 18:05:00,VIC1,110.5,0,6079.61,1,20260923169,0,PUBLIC_DISPATCHIS_202609231805_0000000539433571.zip
2026-09-23 18:10:00,NSW1,121.1,0,8868.4,1,20260923170,0,PUBLIC_DISPATCHIS_202609231810_0000000539434405.zip
2026-09-23 18:10:00,QLD1,109.89412,0,7332.79,1,20260923170,0,PUBLIC_DISPATCHIS_202609231810_0000000539434405.zip
2026-09-23 18:10:00,SA1,106.17718,0,1489.75,1,20260923170,0,PUBLIC_DISPATCHIS_202609231810_0000000539434405.zip
2026-09-23 18:10:00,TAS1,104.20635,0,1225.33,1,20260923170,0,PUBLIC_DISPATCHIS_202609231810_0000000539434405.zip
2026-09-23 18:10:00,VIC1,111.51489,0,6046.43,1,20260923170,0,PUBLIC_DISPATCHIS_202609231810_0000000539434405.zip
2026-09-23 18:15:00,NSW1,121.1,0,8806.2,1,20260923171,0,PUBLIC_DISPATCHIS_202609231815_0000000539434977.zip
2026-09-23 18:15:00,QLD1,113.50145,0,7362.97,1,20260923171,0,PUBLIC_DISPATCHIS_202609231815_0000000539434977.zip
2026-09-23 18:15:00,SA1,108.14447,0,1550.02,1,20260923171,0,PUBLIC_DISPATCHIS_202609231815_0000000539434977.zip
2026-09-23 18:15:00,TAS1,105.07562,0,1235.18,1,20260923171,0,PUBLIC_DISPATCHIS_202609231815_0000000539434977.zip
2026-09-23 18:15:00,VIC1,112.79573,0,6074.15,1,20260923171,0,PUBLIC_DISPATCHIS_202609231815_0000000539434977.zip
2026-09-23 18:20:00,NSW1,121.1,0,8852.79,1,20260923172,0,PUBLIC_DISPATCHIS_202609231820_0000000539435625.zip
2026-09-23 18:20:00,QLD1,112.77331,0,7399.84,1,20260923172,0,PUBLIC_DISPATCHIS_202609231820_0000000539435625.zip
2026-09-23 18:20:00,SA1,111.36026,0,1581.9,1,20260923172,0,PUBLIC_DISPATCHIS_202609231820_0000000539435625.zip
2026-09-23 18:20:00,TAS1,106.87593,0,1244.48,1,20260923172,0,PUBLIC_DISPATCHIS_202609231820_0000000539435625.zip
2026-09-23 18:20:00,VIC1,114.73647,0,6160.44,1,20260923172,0,PUBLIC_DISPATCHIS_202609231820_0000000539435625.zip
2026-09-23 18:25:00,NSW1,121.1,0,8941.06,1,20260923173,0,PUBLIC_DISPATCHIS_202609231825_0000000539436372.zip
2026-09-23 18:25:00,QLD1,112.73239,0,7374.77,1,20260923173,0,PUBLIC_DISPATCHIS_202609231825_0000000539436372.zip
2026-09-23 18:25:00,SA1,106.99902,0,1566.1,1,20260923173,0,PUBLIC_DISPATCHIS_202609231825_0000000539436372.zip
2026-09-23 18:25:00,TAS1,105.92234,0,1250.8,1,20260923173,0,PUBLIC_DISPATCHIS_202609231825_0000000539436372.zip
2026-09-23 18:25:00,VIC1,113.71376,0,6173.05,1,20260923173,0,PUBLIC_DISPATCHIS_202609231825_0000000539436372.zip
2026-09-23 18:30:00,NSW1,121.1,0,9009.33,1,20260923174,0,PUBLIC_DISPATCHIS_202609231830_0000000539436809.zip
2026-09-23 18:30:00,QLD1,114.14002,0,7347.47,1,20260923174,0,PUBLIC_DISPATCHIS_202609231830_0000000539436809.zip
2026-09-23 18:30:00,SA1,105.44619,0,1587.08,1,20260923174,0,PUBLIC_DISPATCHIS_202609231830_0000000539436809.zip
2026-09-23 18:30:00,TAS1,102.92585,0,1254.01,1,20260923174,0,PUBLIC_DISPATCHIS_202609231830_0000000539436809.zip
2026-09-23 18:30:00,VIC1,110.5,0,6195.6,1,20260923174,0,PUBLIC_DISPATCHIS_202609231830_0000000539436809.zip
2026-09-23 18:35:00,NSW1,121.1,0,8980.24,1,20260923175,0,PUBLIC_DISPATCHIS_202609231835_0000000539437403.zip
2026-09-23 18:35:00,QLD1,108.42027,0,7304.21,1,20260923175,0,PUBLIC_DISPATCHIS_202609231835_0000000539437403.zip
2026-09-23 18:35:00,SA1,104.08,0,1610.21,1,20260923175,0,PUBLIC_DISPATCHIS_202609231835_0000000539437403.zip
2026-09-23 18:35:00,TAS1,104.92805,0,1264.36,1,20260923175,0,PUBLIC_DISPATCHIS_202609231835_0000000539437403.zip
2026-09-23 18:35:00,VIC1,112.3068,0,6231.83,1,20260923175,0,PUBLIC_DISPATCHIS_202609231835_0000000539437403.zip
2026-09-23 18:40:00,NSW1,121.1,0,8945.96,1,20260923176,0,PUBLIC_DISPATCHIS_202609231840_0000000539438013.zip
2026-09-23 18:40:00,QLD1,107.66145,0,7231.61,1,20260923176,0,PUBLIC_DISPATCHIS_202609231840_0000000539438013.zip
2026-09-23 18:40:00,SA1,107.08053,0,1605.62,1,20260923176,0,PUBLIC_DISPATCHIS_202609231840_0000000539438013.zip
2026-09-23 18:40:00,TAS1,106.20609,0,1267.45,1,20260923176,0,PUBLIC_DISPATCHIS_202609231840_0000000539438013.zip
2026-09-23 18:40:00,VIC1,114.03184,0,6267.63,1,20260923176,0,PUBLIC_DISPATCHIS_202609231840_0000000539438013.zip
2026-09-23 18:45:00,NSW1,119.21212,0,8920.82,1,20260923177,0,PUBLIC_DISPATCHIS_202609231845_0000000539438571.zip
2026-09-23 18:45:00,QLD1,105.4,0,7298.26,1,20260923177,0,PUBLIC_DISPATCHIS_202609231845_0000000539438571.zip
2026-09-23 18:45:00,SA1,104.08,0,1619.34,1,20260923177,0,PUBLIC_DISPATCHIS_202609231845_0000000539438571.zip
2026-09-23 18:45:00,TAS1,108.05222,0,1268.44,1,20260923177,0,PUBLIC_DISPATCHIS_202609231845_0000000539438571.zip
2026-09-23 18:45:00,VIC1,116.02796,0,6338.14,1,20260923177,0,PUBLIC_DISPATCHIS_202609231845_0000000539438571.zip
2026-09-23 18:50:00,NSW1,113.5,0,8864.76,1,20260923178,0,PUBLIC_DISPATCHIS_202609231850_0000000539439100.zip
2026-09-23 18:50:00,QLD1,101.59915,0,7270.33,1,20260923178,0,PUBLIC_DISPATCHIS_202609231850_0000000539439100.zip
2026-09-23 18:50:00,SA1,104.08,0,1639.18,1,20260923178,0,PUBLIC_DISPATCHIS_202609231850_0000000539439100.zip
2026-09-23 18:50:00,TAS1,100.86887,0,1269.73,1,20260923178,0,PUBLIC_DISPATCHIS_202609231850_0000000539439100.zip
2026-09-23 18:50:00,VIC1,108.30579,0,6301.06,1,20260923178,0,PUBLIC_DISPATCHIS_202609231850_0000000539439100.zip
2026-09-23 18:55:00,NSW1,117.9195,0,8979.46,1,20260923179,0,PUBLIC_DISPATCHIS_202609231855_0000000539439806.zip
2026-09-23 18:55:00,QLD1,105.4,0,7166.63,1,20260923179,0,PUBLIC_DISPATCHIS_202609231855_0000000539439806.zip
2026-09-23 18:55:00,SA1,104.92553,0,1658.38,1,20260923179,0,PUBLIC_DISPATCHIS_202609231855_0000000539439806.zip
2026-09-23 18:55:00,TAS1,105.30709,0,1271.36,1,20260923179,0,PUBLIC_DISPATCHIS_202609231855_0000000539439806.zip
2026-09-23 18:55:00,VIC1,113.08059,0,6348.75,1,20260923179,0,PUBLIC_DISPATCHIS_202609231855_0000000539439806.zip
2026-09-23 19:00:00,NSW1,122.15,0,8928.79,1,20260923180,0,PUBLIC_DISPATCHIS_202609231900_0000000539440262.zip
2026-09-23 19:00:00,QLD1,110.60888,0,7197.95,1,20260923180,0,PUBLIC_DISPATCHIS_202609231900_0000000539440262.zip
2026-09-23 19:00:00,SA1,115.30626,0,1665.76,1,20260923180,0,PUBLIC_DISPATCHIS_202609231900_0000000539440262.zip
2026-09-23 19:00:00,TAS1,110.0132,0,1263.62,1,20260923180,0,PUBLIC_DISPATCHIS_202609231900_0000000539440262.zip
2026-09-23 19:00:00,VIC1,118.5,0,6326.29,1,20260923180,0,PUBLIC_DISPATCHIS_202609231900_0000000539440262.zip
2026-09-23 19:05:00,NSW1,114.95,0,8845.61,1,20260923181,0,PUBLIC_DISPATCHIS_202609231905_0000000539440842.zip
2026-09-23 19:05:00,QLD1,103.39497,0,7171.29,1,20260923181,0,PUBLIC_DISPATCHIS_202609231905_0000000539440842.zip
2026-09-23 19:05:00,SA1,108.33152,0,1638.38,1,20260923181,0,PUBLIC_DISPATCHIS_202609231905_0000000539440842.zip
2026-09-23 19:05:00,TAS1,103.99518,0,1265.99,1,20260923181,0,PUBLIC_DISPATCHIS_202609231905_0000000539440842.zip
2026-09-23 19:05:00,VIC1,112.03024,0,6393.11,1,20260923181,0,PUBLIC_DISPATCHIS_202609231905_0000000539440842.zip
2026-09-23 19:10:00,NSW1,117.96347,0,8811.43,1,20260923182,0,PUBLIC_DISPATCHIS_202609231910_0000000539441391.zip
2026-09-23 19:10:00,QLD1,105.4,0,7140.26,1,20260923182,0,PUBLIC_DISPATCHIS_202609231910_0000000539441391.zip
2026-09-23 19:10:00,SA1,110.72613,0,1634.35,1,20260923182,0,PUBLIC_DISPATCHIS_202609231910_0000000539441391.zip
2026-09-23 19:10:00,TAS1,105.85101,0,1262.47,1,20260923182,0,PUBLIC_DISPATCHIS_202609231910_0000000539441391.zip
2026-09-23 19:10:00,VIC1,114.02227,0,6351.8,1,20260923182,0,PUBLIC_DISPATCHIS_202609231910_0000000539441391.zip
2026-09-23 19:15:00,NSW1,119.50583,0,8787.42,1,20260923183,0,PUBLIC_DISPATCHIS_202609231915_0000000539441922.zip
2026-09-23 19:15:00,QLD1,105.4,0,7114.36,1,20260923183,0,PUBLIC_DISPATCHIS_202609231915_0000000539441922.zip
2026-09-23 19:15:00,SA1,111.28551,0,1628.93,1,20260923183,0,PUBLIC_DISPATCHIS_202609231915_0000000539441922.zip
2026-09-23 19:15:00,TAS1,106.37964,0,1261.59,1,20260923183,0,PUBLIC_DISPATCHIS_202609231915_0000000539441922.zip
2026-09-23 19:15:00,VIC1,114.58951,0,6345.7,1,20260923183,0,PUBLIC_DISPATCHIS_202609231915_0000000539441922.zip
2026-09-23 19:20:00,NSW1,113.36986,0,8705.85,1,20260923184,0,PUBLIC_DISPATCHIS_202609231920_0000000539442392.zip
2026-09-23 19:20:00,QLD1,100.59416,0,7081.0,1,20260923184,0,PUBLIC_DISPATCHIS_202609231920_0000000539442392.zip
2026-09-23 19:20:00,SA1,107.92732,0,1638.71,1,20260923184,0,PUBLIC_DISPATCHIS_202609231920_0000000539442392.zip
2026-09-23 19:20:00,TAS1,102.59776,0,1258.11,1,20260923184,0,PUBLIC_DISPATCHIS_202609231920_0000000539442392.zip
2026-09-23 19:20:00,VIC1,110.5,0,6264.38,1,20260923184,0,PUBLIC_DISPATCHIS_202609231920_0000000539442392.zip
2026-09-23 19:25:00,NSW1,113.5,0,8753.61,1,20260923185,0,PUBLIC_DISPATCHIS_202609231925_0000000539443104.zip
2026-09-23 19:25:00,QLD1,99.69,0,7026.6,1,20260923185,0,PUBLIC_DISPATCHIS_202609231925_0000000539443104.zip
2026-09-23 19:25:00,SA1,110.75644,0,1656.2,1,20260923185,0,PUBLIC_DISPATCHIS_202609231925_0000000539443104.zip
2026-09-23 19:25:00,TAS1,103.63759,0,1256.96,1,20260923185,0,PUBLIC_DISPATCHIS_202609231925_0000000539443104.zip
2026-09-23 19:25:00,VIC1,111.6366,0,6353.63,1,20260923185,0,PUBLIC_DISPATCHIS_202609231925_0000000539443104.zip
2026-09-23 19:30:00,NSW1,114.54,0,8684.02,1,20260923186,0,PUBLIC_DISPATCHIS_202609231930_0000000539443561.zip
2026-09-23 19:30:00,QLD1,99.69,0,7054.58,1,20260923186,0,PUBLIC_DISPATCHIS_202609231930_0000000539443561.zip
2026-09-23 19:30:00,SA1,113.04568,0,1610.7,1,20260923186,0,PUBLIC_DISPATCHIS_202609231930_0000000539443561.zip
2026-09-23 19:30:00,TAS1,105.24494,0,1256.12,1,20260923186,0,PUBLIC_DISPATCHIS_202609231930_0000000539443561.zip
2026-09-23 19:30:00,VIC1,113.36833,0,6351.21,1,20260923186,0,PUBLIC_DISPATCHIS_202609231930_0000000539443561.zip
2026-09-23 19:35:00,NSW1,120.81062,0,8657.43,1,20260923187,0,PUBLIC_DISPATCHIS_202609231935_0000000539444181.zip
2026-09-23 19:35:00,QLD1,105.4,0,7023.88,1,20260923187,0,PUBLIC_DISPATCHIS_202609231935_0000000539444181.zip
2026-09-23 19:35:00,SA1,117.55261,0,1588.66,1,20260923187,0,PUBLIC_DISPATCHIS_202609231935_0000000539444181.zip
2026-09-23 19:35:00,TAS1,110.35003,0,1251.37,1,20260923187,0,PUBLIC_DISPATCHIS_202609231935_0000000539444181.zip
2026-09-23 19:35:00,VIC1,118.5,0,6343.45,1,20260923187,0,PUBLIC_DISPATCHIS_202609231935_0000000539444181.zip
2026-09-23 19:40:00,NSW1,117.50843,0,8632.63,1,20260923188,0,PUBLIC_DISPATCHIS_202609231940_0000000539444838.zip
2026-09-23 19:40:00,QLD1,102.8,0,6957.98,1,20260923188,0,PUBLIC_DISPATCHIS_202609231940_0000000539444838.zip
2026-09-23 19:40:00,SA1,113.75776,0,1573.76,1,20260923188,0,PUBLIC_DISPATCHIS_202609231940_0000000539444838.zip
2026-09-23 19:40:00,TAS1,107.26681,0,1248.38,1,20260923188,0,PUBLIC_DISPATCHIS_202609231940_0000000539444838.zip
2026-09-23 19:40:00,VIC1,115.18479,0,6317.44,1,20260923188,0,PUBLIC_DISPATCHIS_202609231940_0000000539444838.zip
2026-09-23 19:45:00,NSW1,113.94537,0,8601.91,1,20260923189,0,PUBLIC_DISPATCHIS_202609231945_0000000539445508.zip
2026-09-23 19:45:00,QLD1,99.69,0,6971.97,1,20260923189,0,PUBLIC_DISPATCHIS_202609231945_0000000539445508.zip
2026-09-23 19:45:00,SA1,109.15251,0,1581.06,1,20260923189,0,PUBLIC_DISPATCHIS_202609231945_0000000539445508.zip
2026-09-23 19:45:00,TAS1,103.18265,0,1247.2,1,20260923189,0,PUBLIC_DISPATCHIS_202609231945_0000000539445508.zip
2026-09-23 19:45:00,VIC1,110.78076,0,6220.07,1,20260923189,0,PUBLIC_DISPATCHIS_202609231945_0000000539445508.zip
2026-09-23 19:50:00,NSW1,113.5,0,8654.92,1,20260923190,0,PUBLIC_DISPATCHIS_202609231950_0000000539445950.zip
2026-09-23 19:50:00,QLD1,99.69,0,6956.03,1,20260923190,0,PUBLIC_DISPATCHIS_202609231950_0000000539445950.zip
2026-09-23 19:50:00,SA1,108.21777,0,1602.11,1,20260923190,0,PUBLIC_DISPATCHIS_202609231950_0000000539445950.zip
2026-09-23 19:50:00,TAS1,102.9219,0,1250.49,1,20260923190,0,PUBLIC_DISPATCHIS_202609231950_0000000539445950.zip
2026-09-23 19:50:00,VIC1,110.5,0,6220.02,1,20260923190,0,PUBLIC_DISPATCHIS_202609231950_0000000539445950.zip
2026-09-23 19:55:00,NSW1,114.95,0,8696.07,1,20260923191,0,PUBLIC_DISPATCHIS_202609231955_0000000539446699.zip
2026-09-23 19:55:00,QLD1,99.69,0,6895.96,1,20260923191,0,PUBLIC_DISPATCHIS_202609231955_0000000539446699.zip
2026-09-23 19:55:00,SA1,105.25964,0,1587.94,1,20260923191,0,PUBLIC_DISPATCHIS_202609231955_0000000539446699.zip
2026-09-23 19:55:00,TAS1,104.16105,0,1247.7,1,20260923191,0,PUBLIC_DISPATCHIS_202609231955_0000000539446699.zip
2026-09-23 19:55:00,VIC1,111.83003,0,6209.23,1,20260923191,0,PUBLIC_DISPATCHIS_202609231955_0000000539446699.zip
2026-09-23 20:00:00,NSW1,114.06385,0,8711.16,1,20260923192,0,PUBLIC_DISPATCHIS_202609232000_0000000539447197.zip
2026-09-23 20:00:00,QLD1,99.68,0,6876.91,1,20260923192,0,PUBLIC_DISPATCHIS_202609232000_0000000539447197.zip
2026-09-23 20:00:00,SA1,109.647,0,1589.09,1,20260923192,0,PUBLIC_DISPATCHIS_202609232000_0000000539447197.zip
2026-09-23 20:00:00,TAS1,103.90482,0,1238.56,1,20260923192,0,PUBLIC_DISPATCHIS_202609232000_0000000539447197.zip
2026-09-23 20:00:00,VIC1,111.90206,0,6200.69,1,20260923192,0,PUBLIC_DISPATCHIS_202609232000_0000000539447197.zip
2026-09-23 20:05:00,NSW1,121.1,0,8622.28,1,20260923193,0,PUBLIC_DISPATCHIS_202609232005_0000000539447800.zip
2026-09-23 20:05:00,QLD1,103.19918,0,6897.22,1,20260923193,0,PUBLIC_DISPATCHIS_202609232005_0000000539447800.zip
2026-09-23 20:05:00,SA1,116.41372,0,1568.71,1,20260923193,0,PUBLIC_DISPATCHIS_202609232005_0000000539447800.zip
2026-09-23 20:05:00,TAS1,110.71179,0,1234.91,1,20260923193,0,PUBLIC_DISPATCHIS_202609232005_0000000539447800.zip
2026-09-23 20:05:00,VIC1,118.5,0,6206.87,1,20260923193,0,PUBLIC_DISPATCHIS_202609232005_0000000539447800.zip
2026-09-23 20:10:00,NSW1,121.1,0,8583.11,1,20260923194,0,PUBLIC_DISPATCHIS_202609232010_0000000539448365.zip
2026-09-23 20:10:00,QLD1,101.8239,0,6824.57,1,20260923194,0,PUBLIC_DISPATCHIS_202609232010_0000000539448365.zip
2026-09-23 20:10:00,SA1,113.80568,0,1522.89,1,20260923194,0,PUBLIC_DISPATCHIS_202609232010_0000000539448365.zip
2026-09-23 20:10:00,TAS1,109.79335,0,1240.88,1,20260923194,0,PUBLIC_DISPATCHIS_202609232010_0000000539448365.zip
2026-09-23 20:10:00,VIC1,117.50507,0,6163.47,1,20260923194,0,PUBLIC_DISPATCHIS_202609232010_0000000539448365.zip
2026-09-23 20:15:00,NSW1,114.73496,0,8551.83,1,20260923195,0,PUBLIC_DISPATCHIS_202609232015_0000000539448947.zip
2026-09-23 20:15:00,QLD1,99.54607,0,6786.51,1,20260923195,0,PUBLIC_DISPATCHIS_202609232015_0000000539448947.zip
2026-09-23 20:15:00,SA1,102.95,0,1532.28,1,20260923195,0,PUBLIC_DISPATCHIS_202609232015_0000000539448947.zip
2026-09-23 20:15:00,TAS1,103.24873,0,1236.97,1,20260923195,0,PUBLIC_DISPATCHIS_202609232015_0000000539448947.zip
2026-09-23 20:15:00,VIC1,110.5,0,6157.11,1,20260923195,0,PUBLIC_DISPATCHIS_202609232015_0000000539448947.zip
2026-09-23 20:20:00,NSW1,114.54,0,8545.98,1,20260923196,0,PUBLIC_DISPATCHIS_202609232020_0000000539449476.zip
2026-09-23 20:20:00,QLD1,99.68,0,6758.68,1,20260923196,0,PUBLIC_DISPATCHIS_202609232020_0000000539449476.zip
2026-09-23 20:20:00,SA1,106.02379,0,1559.56,1,20260923196,0,PUBLIC_DISPATCHIS_202609232020_0000000539449476.zip
2026-09-23 20:20:00,TAS1,103.23899,0,1232.55,1,20260923196,0,PUBLIC_DISPATCHIS_202609232020_0000000539449476.zip
2026-09-23 20:20:00,VIC1,110.5,0,6201.93,1,20260923196,0,PUBLIC_DISPATCHIS_202609232020_0000000539449476.zip
2026-09-23 20:25:00,NSW1,121.1,0,8489.84,1,20260923197,0,PUBLIC_DISPATCHIS_202609232025_0000000539450228.zip
2026-09-23 20:25:00,QLD1,99.69,0,6769.42,1,20260923197,0,PUBLIC_DISPATCHIS_202609232025_0000000539450228.zip
2026-09-23 20:25:00,SA1,105.0016,0,1533.45,1,20260923197,0,PUBLIC_DISPATCHIS_202609232025_0000000539450228.zip
2026-09-23 20:25:00,TAS1,106.98958,0,1227.25,1,20260923197,0,PUBLIC_DISPATCHIS_202609232025_0000000539450228.zip
2026-09-23 20:25:00,VIC1,114.8698,0,6196.73,1,20260923197,0,PUBLIC_DISPATCHIS_202609232025_0000000539450228.zip
2026-09-23 20:30:00,NSW1,121.1,0,8489.59,1,20260923198,0,PUBLIC_DISPATCHIS_202609232030_0000000539450734.zip
2026-09-23 20:30:00,QLD1,99.69,0,6768.06,1,20260923198,0,PUBLIC_DISPATCHIS_202609232030_0000000539450734.zip
2026-09-23 20:30:00,SA1,101.02,0,1540.02,1,20260923198,0,PUBLIC_DISPATCHIS_202609232030_0000000539450734.zip
2026-09-23 20:30:00,TAS1,106.9792,0,1220.61,1,20260923198,0,PUBLIC_DISPATCHIS_202609232030_0000000539450734.zip
2026-09-23 20:30:00,VIC1,114.85024,0,6141.63,1,20260923198,0,PUBLIC_DISPATCHIS_202609232030_0000000539450734.zip
2026-09-23 20:35:00,NSW1,120.01168,0,8425.35,1,20260923199,0,PUBLIC_DISPATCHIS_202609232035_0000000539451359.zip
2026-09-23 20:35:00,QLD1,99.68,0,6783.68,1,20260923199,0,PUBLIC_DISPATCHIS_202609232035_0000000539451359.zip
2026-09-23 20:35:00,SA1,114.08226,0,1545.62,1,20260923199,0,PUBLIC_DISPATCHIS_202609232035_0000000539451359.zip
2026-09-23 20:35:00,TAS1,110.38492,0,1223.1,1,20260923199,0,PUBLIC_DISPATCHIS_202609232035_0000000539451359.zip
2026-09-23 20:35:00,VIC1,118.5,0,6114.62,1,20260923199,0,PUBLIC_DISPATCHIS_202609232035_0000000539451359.zip
2026-09-23 20:40:00,NSW1,121.1,0,8427.84,1,20260923200,0,PUBLIC_DISPATCHIS_202609232040_0000000539451906.zip
2026-09-23 20:40:00,QLD1,99.68,0,6826.58,1,20260923200,0,PUBLIC_DISPATCHIS_202609232040_0000000539451906.zip
2026-09-23 20:40:00,SA1,110.29252,0,1506.66,1,20260923200,0,PUBLIC_DISPATCHIS_202609232040_0000000539451906.zip
2026-09-23 20:40:00,TAS1,109.34732,0,1227.46,1,20260923200,0,PUBLIC_DISPATCHIS_202609232040_0000000539451906.zip
2026-09-23 20:40:00,VIC1,117.38182,0,6104.66,1,20260923200,0,PUBLIC_DISPATCHIS_202609232040_0000000539451906.zip
2026-09-23 20:45:00,NSW1,121.1,0,8319.34,1,20260923201,0,PUBLIC_DISPATCHIS_202609232045_0000000539452475.zip
2026-09-23 20:45:00,QLD1,99.69,0,6858.2,1,20260923201,0,PUBLIC_DISPATCHIS_202609232045_0000000539452475.zip
2026-09-23 20:45:00,SA1,110.43,0,1515.57,1,20260923201,0,PUBLIC_DISPATCHIS_202609232045_0000000539452475.zip
2026-09-23 20:45:00,TAS1,110.38922,0,1223.98,1,20260923201,0,PUBLIC_DISPATCHIS_202609232045_0000000539452475.zip
2026-09-23 20:45:00,VIC1,118.5,0,6100.33,1,20260923201,0,PUBLIC_DISPATCHIS_202609232045_0000000539452475.zip
2026-09-23 20:50:00,NSW1,121.1,0,8323.75,1,20260923202,0,PUBLIC_DISPATCHIS_202609232050_0000000539452956.zip
2026-09-23 20:50:00,QLD1,99.20509,0,6822.95,1,20260923202,0,PUBLIC_DISPATCHIS_202609232050_0000000539452956.zip
2026-09-23 20:50:00,SA1,113.32824,0,1517.39,1,20260923202,0,PUBLIC_DISPATCHIS_202609232050_0000000539452956.zip
2026-09-23 20:50:00,TAS1,110.38582,0,1220.05,1,20260923202,0,PUBLIC_DISPATCHIS_202609232050_0000000539452956.zip
2026-09-23 20:50:00,VIC1,118.5,0,6111.01,1,20260923202,0,PUBLIC_DISPATCHIS_202609232050_0000000539452956.zip
2026-09-23 20:55:00,NSW1,116.14424,0,8310.2,1,20260923203,0,PUBLIC_DISPATCHIS_202609232055_0000000539453677.zip
2026-09-23 20:55:00,QLD1,99.69,0,6921.85,1,20260923203,0,PUBLIC_DISPATCHIS_202609232055_0000000539453677.zip
2026-09-23 20:55:00,SA1,110.43,0,1497.28,1,20260923203,0,PUBLIC_DISPATCHIS_202609232055_0000000539453677.zip
2026-09-23 20:55:00,TAS1,108.25562,0,1212.6,1,20260923203,0,PUBLIC_DISPATCHIS_202609232055_0000000539453677.zip
2026-09-23 20:55:00,VIC1,116.21232,0,6088.54,1,20260923203,0,PUBLIC_DISPATCHIS_202609232055_0000000539453677.zip
2026-09-23 21:00:00,NSW1,120.44191,0,8321.91,1,20260923204,0,PUBLIC_DISPATCHIS_202609232100_0000000539454134.zip
2026-09-23 21:00:00,QLD1,101.3272,0,6856.66,1,20260923204,0,PUBLIC_DISPATCHIS_202609232100_0000000539454134.zip
2026-09-23 21:00:00,SA1,113.13555,0,1485.24,1,20260923204,0,PUBLIC_DISPATCHIS_202609232100_0000000539454134.zip
2026-09-23 21:00:00,TAS1,110.73101,0,1209.45,1,20260923204,0,PUBLIC_DISPATCHIS_202609232100_0000000539454134.zip
2026-09-23 21:00:00,VIC1,118.5,0,6070.93,1,20260923204,0,PUBLIC_DISPATCHIS_202609232100_0000000539454134.zip
2026-09-23 21:05:00,NSW1,112.98,0,8330.07,1,20260923205,0,PUBLIC_DISPATCHIS_202609232105_0000000539454741.zip
2026-09-23 21:05:00,QLD1,97.42751,0,6794.57,1,20260923205,0,PUBLIC_DISPATCHIS_202609232105_0000000539454741.zip
2026-09-23 21:05:00,SA1,106.40889,0,1475.6,1,20260923205,0,PUBLIC_DISPATCHIS_202609232105_0000000539454741.zip
2026-09-23 21:05:00,TAS1,103.76723,0,1195.74,1,20260923205,0,PUBLIC_DISPATCHIS_202609232105_0000000539454741.zip
2026-09-23 21:05:00,VIC1,111.04174,0,6019.41,1,20260923205,0,PUBLIC_DISPATCHIS_202609232105_0000000539454741.zip
2026-09-23 21:10:00,NSW1,123.52304,0,8303.37,1,20260923206,0,PUBLIC_DISPATCHIS_202609232110_0000000539455265.zip
2026-09-23 21:10:00,QLD1,106.61232,0,6880.94,1,20260923206,0,PUBLIC_DISPATCHIS_202609232110_0000000539455265.zip
2026-09-23 21:10:00,SA1,111.88416,0,1471.54,1,20260923206,0,PUBLIC_DISPATCHIS_202609232110_0000000539455265.zip
2026-09-23 21:10:00,TAS1,110.75043,0,1201.87,1,20260923206,0,PUBLIC_DISPATCHIS_202609232110_0000000539455265.zip
2026-09-23 21:10:00,VIC1,118.5,0,5960.23,1,20260923206,0,PUBLIC_DISPATCHIS_202609232110_0000000539455265.zip
2026-09-23 21:15:00,NSW1,112.98,0,8204.19,1,20260923207,0,PUBLIC_DISPATCHIS_202609232115_0000000539455802.zip
2026-09-23 21:15:00,QLD1,98.72449,0,6846.49,1,20260923207,0,PUBLIC_DISPATCHIS_202609232115_0000000539455802.zip
2026-09-23 21:15:00,SA1,103.97025,0,1461.03,1,20260923207,0,PUBLIC_DISPATCHIS_202609232115_0000000539455802.zip
2026-09-23 21:15:00,TAS1,103.27326,0,1195.62,1,20260923207,0,PUBLIC_DISPATCHIS_202609232115_0000000539455802.zip
2026-09-23 21:15:00,VIC1,110.5,0,5953.19,1,20260923207,0,PUBLIC_DISPATCHIS_202609232115_0000000539455802.zip
2026-09-23 21:20:00,NSW1,112.98,0,8155.12,1,20260923208,0,PUBLIC_DISPATCHIS_202609232120_0000000539456288.zip
2026-09-23 21:20:00,QLD1,98.0346,0,6800.19,1,20260923208,0,PUBLIC_DISPATCHIS_202609232120_0000000539456288.zip
2026-09-23 21:20:00,SA1,108.86901,0,1457.67,1,20260923208,0,PUBLIC_DISPATCHIS_202609232120_0000000539456288.zip
2026-09-23 21:20:00,TAS1,106.93272,0,1190.29,1,20260923208,0,PUBLIC_DISPATCHIS_202609232120_0000000539456288.zip
2026-09-23 21:20:00,VIC1,114.76768,0,5944.87,1,20260923208,0,PUBLIC_DISPATCHIS_202609232120_0000000539456288.zip
2026-09-23 21:25:00,NSW1,113.37215,0,8126.08,1,20260923209,0,PUBLIC_DISPATCHIS_202609232125_0000000539457008.zip
2026-09-23 21:25:00,QLD1,99.69,0,6843.04,1,20260923209,0,PUBLIC_DISPATCHIS_202609232125_0000000539457008.zip
2026-09-23 21:25:00,SA1,110.11114,0,1454.25,1,20260923209,0,PUBLIC_DISPATCHIS_202609232125_0000000539457008.zip
2026-09-23 21:25:00,TAS1,108.21287,0,1190.42,1,20260923209,0,PUBLIC_DISPATCHIS_202609232125_0000000539457008.zip
2026-09-23 21:25:00,VIC1,116.15155,0,5992.0,1,20260923209,0,PUBLIC_DISPATCHIS_202609232125_0000000539457008.zip
2026-09-23 21:30:00,NSW1,112.98,0,8057.95,1,20260923210,0,PUBLIC_DISPATCHIS_202609232130_0000000539457434.zip
2026-09-23 21:30:00,QLD1,98.64849,0,6787.3,1,20260923210,0,PUBLIC_DISPATCHIS_202609232130_0000000539457434.zip
2026-09-23 21:30:00,SA1,107.42115,0,1431.22,1,20260923210,0,PUBLIC_DISPATCHIS_202609232130_0000000539457434.zip
2026-09-23 21:30:00,TAS1,106.06488,0,1183.85,1,20260923210,0,PUBLIC_DISPATCHIS_202609232130_0000000539457434.zip
2026-09-23 21:30:00,VIC1,113.84726,0,5985.23,1,20260923210,0,PUBLIC_DISPATCHIS_202609232130_0000000539457434.zip
2026-09-23 21:35:00,NSW1,114.95804,0,8105.87,1,20260923211,0,PUBLIC_DISPATCHIS_202609232135_0000000539458106.zip
2026-09-23 21:35:00,QLD1,99.68,0,6746.19,1,20260923211,0,PUBLIC_DISPATCHIS_202609232135_0000000539458106.zip
2026-09-23 21:35:00,SA1,108.47627,0,1433.46,1,20260923211,0,PUBLIC_DISPATCHIS_202609232135_0000000539458106.zip
2026-09-23 21:35:00,TAS1,109.51264,0,1178.33,1,20260923211,0,PUBLIC_DISPATCHIS_202609232135_0000000539458106.zip
2026-09-23 21:35:00,VIC1,115.74206,0,5893.79,1,20260923211,0,PUBLIC_DISPATCHIS_202609232135_0000000539458106.zip
2026-09-23 21:40:00,NSW1,114.89928,0,8080.64,1,20260923212,0,PUBLIC_DISPATCHIS_202609232140_0000000539458644.zip
2026-09-23 21:40:00,QLD1,99.68,0,6787.92,1,20260923212,0,PUBLIC_DISPATCHIS_202609232140_0000000539458644.zip
2026-09-23 21:40:00,SA1,109.33672,0,1430.73,1,20260923212,0,PUBLIC_DISPATCHIS_202609232140_0000000539458644.zip
2026-09-23 21:40:00,TAS1,110.39839,0,1174.56,1,20260923212,0,PUBLIC_DISPATCHIS_202609232140_0000000539458644.zip
2026-09-23 21:40:00,VIC1,116.6873,0,5928.84,1,20260923212,0,PUBLIC_DISPATCHIS_202609232140_0000000539458644.zip
2026-09-23 21:45:00,NSW1,112.98,0,7990.21,1,20260923213,0,PUBLIC_DISPATCHIS_202609232145_0000000539459231.zip
2026-09-23 21:45:00,QLD1,99.17384,0,6704.26,1,20260923213,0,PUBLIC_DISPATCHIS_202609232145_0000000539459231.zip
2026-09-23 21:45:00,SA1,107.68135,0,1442.4,1,20260923213,0,PUBLIC_DISPATCHIS_202609232145_0000000539459231.zip
2026-09-23 21:45:00,TAS1,107.4136,0,1164.15,1,20260923213,0,PUBLIC_DISPATCHIS_202609232145_0000000539459231.zip
2026-09-23 21:45:00,VIC1,113.86861,0,5862.15,1,20260923213,0,PUBLIC_DISPATCHIS_202609232145_0000000539459231.zip
2026-09-23 21:50:00,NSW1,112.98,0,7958.27,1,20260923214,0,PUBLIC_DISPATCHIS_202609232150_0000000539459663.zip
2026-09-23 21:50:00,QLD1,97.85044,0,6645.76,1,20260923214,0,PUBLIC_DISPATCHIS_202609232150_0000000539459663.zip
2026-09-23 21:50:00,SA1,110.79111,0,1446.34,1,20260923214,0,PUBLIC_DISPATCHIS_202609232150_0000000539459663.zip
2026-09-23 21:50:00,TAS1,110.07874,0,1159.44,1,20260923214,0,PUBLIC_DISPATCHIS_202609232150_0000000539459663.zip
2026-09-23 21:50:00,VIC1,116.6944,0,5858.31,1,20260923214,0,PUBLIC_DISPATCHIS_202609232150_0000000539459663.zip
2026-09-23 21:55:00,NSW1,112.98,0,7919.95,1,20260923215,0,PUBLIC_DISPATCHIS_202609232155_0000000539460486.zip
2026-09-23 21:55:00,QLD1,95.97852,0,6619.61,1,20260923215,0,PUBLIC_DISPATCHIS_202609232155_0000000539460486.zip
2026-09-23 21:55:00,SA1,109.26156,0,1452.88,1,20260923215,0,PUBLIC_DISPATCHIS_202609232155_0000000539460486.zip
2026-09-23 21:55:00,TAS1,108.26723,0,1155.61,1,20260923215,0,PUBLIC_DISPATCHIS_202609232155_0000000539460486.zip
2026-09-23 21:55:00,VIC1,114.75432,0,5751.81,1,20260923215,0,PUBLIC_DISPATCHIS_202609232155_0000000539460486.zip
2026-09-23 22:00:00,NSW1,112.98,0,7913.25,1,20260923216,0,PUBLIC_DISPATCHIS_202609232200_0000000539460914.zip
2026-09-23 22:00:00,QLD1,96.52716,0,6554.62,1,20260923216,0,PUBLIC_DISPATCHIS_202609232200_0000000539460914.zip
2026-09-23 22:00:00,SA1,108.29694,0,1447.12,1,20260923216,0,PUBLIC_DISPATCHIS_202609232200_0000000539460914.zip
2026-09-23 22:00:00,TAS1,106.98902,0,1150.12,1,20260923216,0,PUBLIC_DISPATCHIS_202609232200_0000000539460914.zip
2026-09-23 22:00:00,VIC1,113.7412,0,5713.71,1,20260923216,0,PUBLIC_DISPATCHIS_202609232200_0000000539460914.zip
2026-09-23 22:05:00,NSW1,108.78326,0,7817.64,1,20260923217,0,PUBLIC_DISPATCHIS_202609232205_0000000539461575.zip
2026-09-23 22:05:00,QLD1,93.44462,0,6484.62,1,20260923217,0,PUBLIC_DISPATCHIS_202609232205_0000000539461575.zip
2026-09-23 22:05:00,SA1,105.93428,0,1454.23,1,20260923217,0,PUBLIC_DISPATCHIS_202609232205_0000000539461575.zip
2026-09-23 22:05:00,TAS1,105.22689,0,1143.65,1,20260923217,0,PUBLIC_DISPATCHIS_202609232205_0000000539461575.zip
2026-09-23 22:05:00,VIC1,110.5,0,5697.99,1,20260923217,0,PUBLIC_DISPATCHIS_202609232205_0000000539461575.zip
2026-09-23 22:10:00,NSW1,104.13758,0,7989.58,1,20260923218,0,PUBLIC_DISPATCHIS_202609232210_0000000539462117.zip
2026-09-23 22:10:00,QLD1,89.4199,0,6459.37,1,20260923218,0,PUBLIC_DISPATCHIS_202609232210_0000000539462117.zip
2026-09-23 22:10:00,SA1,101.02,0,1429.16,1,20260923218,0,PUBLIC_DISPATCHIS_202609232210_0000000539462117.zip
2026-09-23 22:10:00,TAS1,99.85236,0,1139.47,1,20260923218,0,PUBLIC_DISPATCHIS_202609232210_0000000539462117.zip
2026-09-23 22:10:00,VIC1,105.49771,0,5633.73,1,20260923218,0,PUBLIC_DISPATCHIS_202609232210_0000000539462117.zip
2026-09-23 22:15:00,NSW1,112.98,0,8019.5,1,20260923219,0,PUBLIC_DISPATCHIS_202609232215_0000000539462702.zip
2026-09-23 22:15:00,QLD1,97.78698,0,6587.3,1,20260923219,0,PUBLIC_DISPATCHIS_202609232215_0000000539462702.zip
2026-09-23 22:15:00,SA1,107.98431,0,1432.81,1,20260923219,0,PUBLIC_DISPATCHIS_202609232215_0000000539462702.zip
2026-09-23 22:15:00,TAS1,107.17006,0,1131.35,1,20260923219,0,PUBLIC_DISPATCHIS_202609232215_0000000539462702.zip
2026-09-23 22:15:00,VIC1,113.57673,0,5629.71,1,20260923219,0,PUBLIC_DISPATCHIS_202609232215_0000000539462702.zip
2026-09-23 22:20:00,NSW1,118.89852,0,8040.38,1,20260923220,0,PUBLIC_DISPATCHIS_202609232220_0000000539463169.zip
2026-09-23 22:20:00,QLD1,99.68,0,6553.62,1,20260923220,0,PUBLIC_DISPATCHIS_202609232220_0000000539463169.zip
2026-09-23 22:20:00,SA1,111.59629,0,1408.64,1,20260923220,0,PUBLIC_DISPATCHIS_202609232220_0000000539463169.zip
2026-09-23 22:20:00,TAS1,111.81533,0,1123.87,1,20260923220,0,PUBLIC_DISPATCHIS_202609232220_0000000539463169.zip
2026-09-23 22:20:00,VIC1,118.5,0,5617.4,1,20260923220,0,PUBLIC_DISPATCHIS_202609232220_0000000539463169.zip
2026-09-23 22:25:00,NSW1,112.98,0,7947.21,1,20260923221,0,PUBLIC_DISPATCHIS_202609232225_0000000539463922.zip
2026-09-23 22:25:00,QLD1,94.71814,0,6456.6,1,20260923221,0,PUBLIC_DISPATCHIS_202609232225_0000000539463922.zip
2026-09-23 22:25:00,SA1,105.64536,0,1398.57,1,20260923221,0,PUBLIC_DISPATCHIS_202609232225_0000000539463922.zip
2026-09-23 22:25:00,TAS1,105.89472,0,1116.67,1,20260923221,0,PUBLIC_DISPATCHIS_202609232225_0000000539463922.zip
2026-09-23 22:25:00,VIC1,112.57246,0,5616.56,1,20260923221,0,PUBLIC_DISPATCHIS_202609232225_0000000539463922.zip
2026-09-23 22:30:00,NSW1,110.8932,0,7882.92,1,20260923222,0,PUBLIC_DISPATCHIS_202609232230_0000000539464358.zip
2026-09-23 22:30:00,QLD1,92.96865,0,6416.89,1,20260923222,0,PUBLIC_DISPATCHIS_202609232230_0000000539464358.zip
2026-09-23 22:30:00,SA1,103.45158,0,1396.08,1,20260923222,0,PUBLIC_DISPATCHIS_202609232230_0000000539464358.zip
2026-09-23 22:30:00,TAS1,103.94951,0,1111.3,1,20260923222,0,PUBLIC_DISPATCHIS_202609232230_0000000539464358.zip
2026-09-23 22:30:00,VIC1,110.50004,0,5583.32,1,20260923222,0,PUBLIC_DISPATCHIS_202609232230_0000000539464358.zip
2026-09-23 22:35:00,NSW1,121.1,0,7875.12,1,20260923223,0,PUBLIC_DISPATCHIS_202609232235_0000000539464951.zip
2026-09-23 22:35:00,QLD1,99.68,0,6350.13,1,20260923223,0,PUBLIC_DISPATCHIS_202609232235_0000000539464951.zip
2026-09-23 22:35:00,SA1,118.35851,0,1405.27,1,20260923223,0,PUBLIC_DISPATCHIS_202609232235_0000000539464951.zip
2026-09-23 22:35:00,TAS1,115.03242,0,1106.57,1,20260923223,0,PUBLIC_DISPATCHIS_202609232235_0000000539464951.zip
2026-09-23 22:35:00,VIC1,122.65752,0,5580.01,1,20260923223,0,PUBLIC_DISPATCHIS_202609232235_0000000539464951.zip
2026-09-23 22:40:00,NSW1,119.01,0,7858.47,1,20260923224,0,PUBLIC_DISPATCHIS_202609232240_0000000539465436.zip
2026-09-23 22:40:00,QLD1,99.68,0,6308.33,1,20260923224,0,PUBLIC_DISPATCHIS_202609232240_0000000539465436.zip
2026-09-23 22:40:00,SA1,118.18,0,1406.37,1,20260923224,0,PUBLIC_DISPATCHIS_202609232240_0000000539465436.zip
2026-09-23 22:40:00,TAS1,114.86383,0,1105.49,1,20260923224,0,PUBLIC_DISPATCHIS_202609232240_0000000539465436.zip
2026-09-23 22:40:00,VIC1,122.47525,0,5568.76,1,20260923224,0,PUBLIC_DISPATCHIS_202609232240_0000000539465436.zip
2026-09-23 22:45:00,NSW1,119.01,0,7870.43,1,20260923225,0,PUBLIC_DISPATCHIS_202609232245_0000000539466017.zip
2026-09-23 22:45:00,QLD1,99.68,0,6333.01,1,20260923225,0,PUBLIC_DISPATCHIS_202609232245_0000000539466017.zip
2026-09-23 22:45:00,SA1,115.82082,0,1369.87,1,20260923225,0,PUBLIC_DISPATCHIS_202609232245_0000000539466017.zip
2026-09-23 22:45:00,TAS1,112.79426,0,1101.05,1,20260923225,0,PUBLIC_DISPATCHIS_202609232245_0000000539466017.zip
2026-09-23 22:45:00,VIC1,120.26171,0,5524.33,1,20260923225,0,PUBLIC_DISPATCHIS_202609232245_0000000539466017.zip
2026-09-23 22:50:00,NSW1,118.89852,0,7883.49,1,20260923226,0,PUBLIC_DISPATCHIS_202609232250_0000000539466477.zip
2026-09-23 22:50:00,QLD1,99.68,0,6230.58,1,20260923226,0,PUBLIC_DISPATCHIS_202609232250_0000000539466477.zip
2026-09-23 22:50:00,SA1,114.56898,0,1357.26,1,20260923226,0,PUBLIC_DISPATCHIS_202609232250_0000000539466477.zip
2026-09-23 22:50:00,TAS1,111.15758,0,1095.9,1,20260923226,0,PUBLIC_DISPATCHIS_202609232250_0000000539466477.zip
2026-09-23 22:50:00,VIC1,118.5,0,5431.3,1,20260923226,0,PUBLIC_DISPATCHIS_202609232250_0000000539466477.zip
2026-09-23 22:55:00,NSW1,114.1755,0,7763.42,1,20260923227,0,PUBLIC_DISPATCHIS_202609232255_0000000539467209.zip
2026-09-23 22:55:00,QLD1,99.68,0,6260.81,1,20260923227,0,PUBLIC_DISPATCHIS_202609232255_0000000539467209.zip
2026-09-23 22:55:00,SA1,111.21616,0,1371.67,1,20260923227,0,PUBLIC_DISPATCHIS_202609232255_0000000539467209.zip
2026-09-23 22:55:00,TAS1,107.01181,0,1087.68,1,20260923227,0,PUBLIC_DISPATCHIS_202609232255_0000000539467209.zip
2026-09-23 22:55:00,VIC1,114.42987,0,5405.44,1,20260923227,0,PUBLIC_DISPATCHIS_202609232255_0000000539467209.zip
2026-09-23 23:00:00,NSW1,118.4173,0,7833.91,1,20260923228,0,PUBLIC_DISPATCHIS_202609232300_0000000539467675.zip
2026-09-23 23:00:00,QLD1,102.62648,0,6191.73,1,20260923228,0,PUBLIC_DISPATCHIS_202609232300_0000000539467675.zip
2026-09-23 23:00:00,SA1,114.53102,0,1343.98,1,20260923228,0,PUBLIC_DISPATCHIS_202609232300_0000000539467675.zip
2026-09-23 23:00:00,TAS1,110.8167,0,1085.04,1,20260923228,0,PUBLIC_DISPATCHIS_202609232300_0000000539467675.zip
2026-09-23 23:00:00,VIC1,118.5,0,5411.95,1,20260923228,0,PUBLIC_DISPATCHIS_202609232300_0000000539467675.zip
2026-09-23 23:05:00,NSW1,121.1,0,7804.37,1,20260923229,0,PUBLIC_DISPATCHIS_202609232305_0000000539468353.zip
2026-09-23 23:05:00,QLD1,107.36399,0,6066.05,1,20260923229,0,PUBLIC_DISPATCHIS_202609232305_0000000539468353.zip
2026-09-23 23:05:00,SA1,116.06007,0,1328.33,1,20260923229,0,PUBLIC_DISPATCHIS_202609232305_0000000539468353.zip
2026-09-23 23:05:00,TAS1,113.26111,0,1079.02,1,20260923229,0,PUBLIC_DISPATCHIS_202609232305_0000000539468353.zip
2026-09-23 23:05:00,VIC1,121.11439,0,5405.01,1,20260923229,0,PUBLIC_DISPATCHIS_202609232305_0000000539468353.zip
2026-09-23 23:10:00,NSW1,122.15,0,7739.44,1,20260923230,0,PUBLIC_DISPATCHIS_202609232310_0000000539468884.zip
2026-09-23 23:10:00,QLD1,115.63925,0,6140.81,1,20260923230,0,PUBLIC_DISPATCHIS_202609232310_0000000539468884.zip
2026-09-23 23:10:00,SA1,118.52239,0,1346.65,1,20260923230,0,PUBLIC_DISPATCHIS_202609232310_0000000539468884.zip
2026-09-23 23:10:00,TAS1,115.97986,0,1072.48,1,20260923230,0,PUBLIC_DISPATCHIS_202609232310_0000000539468884.zip
2026-09-23 23:10:00,VIC1,124.4256,0,5492.52,1,20260923230,0,PUBLIC_DISPATCHIS_202609232310_0000000539468884.zip
2026-09-23 23:15:00,NSW1,165.0,0,7766.19,1,20260923231,0,PUBLIC_DISPATCHIS_202609232315_0000000539469461.zip
2026-09-23 23:15:00,QLD1,163.26698,0,6109.48,1,20260923231,0,PUBLIC_DISPATCHIS_202609232315_0000000539469461.zip
2026-09-23 23:15:00,SA1,101.02,0,1316.17,1,20260923231,0,PUBLIC_DISPATCHIS_202609232315_0000000539469461.zip
2026-09-23 23:15:00,TAS1,151.33438,0,1067.82,1,20260923231,0,PUBLIC_DISPATCHIS_202609232315_0000000539469461.zip
2026-09-23 23:15:00,VIC1,163.89808,0,5569.07,1,20260923231,0,PUBLIC_DISPATCHIS_202609232315_0000000539469461.zip
2026-09-23 23:20:00,NSW1,134.74541,0,7684.51,1,20260923232,0,PUBLIC_DISPATCHIS_202609232320_0000000539469983.zip
2026-09-23 23:20:00,QLD1,130.69,0,6053.88,1,20260923232,0,PUBLIC_DISPATCHIS_202609232320_0000000539469983.zip
2026-09-23 23:20:00,SA1,101.02,0,1318.61,1,20260923232,0,PUBLIC_DISPATCHIS_202609232320_0000000539469983.zip
2026-09-23 23:20:00,TAS1,123.66332,0,1070.43,1,20260923232,0,PUBLIC_DISPATCHIS_202609232320_0000000539469983.zip
2026-09-23 23:20:00,VIC1,133.92637,0,5555.86,1,20260923232,0,PUBLIC_DISPATCHIS_202609232320_0000000539469983.zip
2026-09-23 23:25:00,NSW1,123.77648,0,7623.42,1,20260923233,0,PUBLIC_DISPATCHIS_202609232325_0000000539470743.zip
2026-09-23 23:25:00,QLD1,114.68,0,5976.14,1,20260923233,0,PUBLIC_DISPATCHIS_202609232325_0000000539470743.zip
2026-09-23 23:25:00,SA1,115.75404,0,1341.86,1,20260923233,0,PUBLIC_DISPATCHIS_202609232325_0000000539470743.zip
2026-09-23 23:25:00,TAS1,114.74417,0,1068.97,1,20260923233,0,PUBLIC_DISPATCHIS_202609232325_0000000539470743.zip
2026-09-23 23:25:00,VIC1,123.09723,0,5471.95,1,20260923233,0,PUBLIC_DISPATCHIS_202609232325_0000000539470743.zip
2026-09-23 23:30:00,NSW1,137.67,0,7631.14,1,20260923234,0,PUBLIC_DISPATCHIS_202609232330_0000000539471196.zip
2026-09-23 23:30:00,QLD1,130.69,0,5921.45,1,20260923234,0,PUBLIC_DISPATCHIS_202609232330_0000000539471196.zip
2026-09-23 23:30:00,SA1,116.8816,0,1352.1,1,20260923234,0,PUBLIC_DISPATCHIS_202609232330_0000000539471196.zip
2026-09-23 23:30:00,TAS1,125.06559,0,1065.17,1,20260923234,0,PUBLIC_DISPATCHIS_202609232330_0000000539471196.zip
2026-09-23 23:30:00,VIC1,135.86524,0,5538.18,1,20260923234,0,PUBLIC_DISPATCHIS_202609232330_0000000539471196.zip
2026-09-23 23:35:00,NSW1,137.67,0,7627.09,1,20260923235,0,PUBLIC_DISPATCHIS_202609232335_0000000539471871.zip
2026-09-23 23:35:00,QLD1,156.77507,0,5942.19,1,20260923235,0,PUBLIC_DISPATCHIS_202609232335_0000000539471871.zip
2026-09-23 23:35:00,SA1,120.3,0,1370.66,1,20260923235,0,PUBLIC_DISPATCHIS_202609232335_0000000539471871.zip
2026-09-23 23:35:00,TAS1,123.18893,0,1064.19,1,20260923235,0,PUBLIC_DISPATCHIS_202609232335_0000000539471871.zip
2026-09-23 23:35:00,VIC1,133.82469,0,5522.06,1,20260923235,0,PUBLIC_DISPATCHIS_202609232335_0000000539471871.zip
2026-09-23 23:40:00,NSW1,131.72733,0,7622.22,1,20260923236,0,PUBLIC_DISPATCHIS_202609232340_0000000539472388.zip
2026-09-23 23:40:00,QLD1,121.99334,0,5947.23,1,20260923236,0,PUBLIC_DISPATCHIS_202609232340_0000000539472388.zip
2026-09-23 23:40:00,SA1,120.3,0,1385.01,1,20260923236,0,PUBLIC_DISPATCHIS_202609232340_0000000539472388.zip
2026-09-23 23:40:00,TAS1,120.16,0,1058.14,1,20260923236,0,PUBLIC_DISPATCHIS_202609232340_0000000539472388.zip
2026-09-23 23:40:00,VIC1,129.14506,0,5479.63,1,20260923236,0,PUBLIC_DISPATCHIS_202609232340_0000000539472388.zip
2026-09-23 23:45:00,NSW1,134.70597,0,7632.98,1,20260923237,0,PUBLIC_DISPATCHIS_202609232345_0000000539473009.zip
2026-09-23 23:45:00,QLD1,298.89003,0,5970.17,1,20260923237,0,PUBLIC_DISPATCHIS_202609232345_0000000539473009.zip
2026-09-23 23:45:00,SA1,120.3,0,1369.31,1,20260923237,0,PUBLIC_DISPATCHIS_202609232345_0000000539473009.zip
2026-09-23 23:45:00,TAS1,120.16,0,1047.65,1,20260923237,0,PUBLIC_DISPATCHIS_202609232345_0000000539473009.zip
2026-09-23 23:45:00,VIC1,129.69335,0,5374.15,1,20260923237,0,PUBLIC_DISPATCHIS_202609232345_0000000539473009.zip
2026-09-23 23:50:00,NSW1,116.25569,0,7541.67,1,20260923238,0,PUBLIC_DISPATCHIS_202609232350_0000000539473476.zip
2026-09-23 23:50:00,QLD1,298.89,0,5851.57,1,20260923238,0,PUBLIC_DISPATCHIS_202609232350_0000000539473476.zip
2026-09-23 23:50:00,SA1,107.21679,0,1371.11,1,20260923238,0,PUBLIC_DISPATCHIS_202609232350_0000000539473476.zip
2026-09-23 23:50:00,TAS1,104.89571,0,1046.15,1,20260923238,0,PUBLIC_DISPATCHIS_202609232350_0000000539473476.zip
2026-09-23 23:50:00,VIC1,112.86,0,5329.63,1,20260923238,0,PUBLIC_DISPATCHIS_202609232350_0000000539473476.zip
2026-09-23 23:55:00,NSW1,119.01,0,7555.9,1,20260923239,0,PUBLIC_DISPATCHIS_202609232355_0000000539474224.zip
2026-09-23 23:55:00,QLD1,303.0,0,5809.05,1,20260923239,0,PUBLIC_DISPATCHIS_202609232355_0000000539474224.zip
2026-09-23 23:55:00,SA1,109.47726,0,1355.04,1,20260923239,0,PUBLIC_DISPATCHIS_202609232355_0000000539474224.zip
2026-09-23 23:55:00,TAS1,107.24084,0,1046.13,1,20260923239,0,PUBLIC_DISPATCHIS_202609232355_0000000539474224.zip
2026-09-23 23:55:00,VIC1,115.37886,0,5306.53,1,20260923239,0,PUBLIC_DISPATCHIS_202609232355_0000000539474224.zip
2026-09-24 00:00:00,NSW1,119.01,0,7555.18,1,20260923240,0,PUBLIC_DISPATCHIS_202609240000_0000000539474687.zip
2026-09-24 00:00:00,QLD1,303.0,0,5775.22,1,20260923240,0,PUBLIC_DISPATCHIS_202609240000_0000000539474687.zip
2026-09-24 00:00:00,SA1,111.69933,0,1355.92,1,20260923240,0,PUBLIC_DISPATCHIS_202609240000_0000000539474687.zip
2026-09-24 00:00:00,TAS1,107.76991,0,1042.43,1,20260923240,0,PUBLIC_DISPATCHIS_202609240000_0000000539474687.zip
2026-09-24 00:00:00,VIC1,116.30541,0,5283.58,1,20260923240,0,PUBLIC_DISPATCHIS_202609240000_0000000539474687.zip
2026-09-24 00:05:00,NSW1,137.83981,0,7573.72,1,20260923241,0,PUBLIC_DISPATCHIS_202609240005_0000000539475328.zip
2026-09-24 00:05:00,QLD1,303.0,0,5666.04,1,20260923241,0,PUBLIC_DISPATCHIS_202609240005_0000000539475328.zip
2026-09-24 00:05:00,SA1,129.39509,0,1359.31,1,20260923241,0,PUBLIC_DISPATCHIS_202609240005_0000000539475328.zip
2026-09-24 00:05:00,TAS1,127.08556,0,1036.03,1,20260923241,0,PUBLIC_DISPATCHIS_202609240005_0000000539475328.zip
2026-09-24 00:05:00,VIC1,135.9,0,5341.26,1,20260923241,0,PUBLIC_DISPATCHIS_202609240005_0000000539475328.zip
2026-09-24 00:10:00,NSW1,222.24811,0,7678.45,1,20260923242,0,PUBLIC_DISPATCHIS_202609240010_0000000539475846.zip
2026-09-24 00:10:00,QLD1,264.12682,0,5708.12,1,20260923242,0,PUBLIC_DISPATCHIS_202609240010_0000000539475846.zip
2026-09-24 00:10:00,SA1,197.71,0,1366.03,1,20260923242,0,PUBLIC_DISPATCHIS_202609240010_0000000539475846.zip
2026-09-24 00:10:00,TAS1,197.7979,0,1031.18,1,20260923242,0,PUBLIC_DISPATCHIS_202609240010_0000000539475846.zip
2026-09-24 00:10:00,VIC1,212.16279,0,5311.74,1,20260923242,0,PUBLIC_DISPATCHIS_202609240010_0000000539475846.zip
2026-09-24 00:15:00,NSW1,230.59,0,7537.97,1,20260923243,0,PUBLIC_DISPATCHIS_202609240015_0000000539476397.zip
2026-09-24 00:15:00,QLD1,185.40242,0,5785.82,1,20260923243,0,PUBLIC_DISPATCHIS_202609240015_0000000539476397.zip
2026-09-24 00:15:00,SA1,210.62033,0,1307.32,1,20260923243,0,PUBLIC_DISPATCHIS_202609240015_0000000539476397.zip
2026-09-24 00:15:00,TAS1,200.98795,0,1024.83,1,20260923243,0,PUBLIC_DISPATCHIS_202609240015_0000000539476397.zip
2026-09-24 00:15:00,VIC1,219.62971,0,5237.22,1,20260923243,0,PUBLIC_DISPATCHIS_202609240015_0000000539476397.zip
2026-09-24 00:20:00,NSW1,146.11,0,7486.38,1,20260923244,0,PUBLIC_DISPATCHIS_202609240020_0000000539476869.zip
2026-09-24 00:20:00,QLD1,264.12691,0,5787.79,1,20260923244,0,PUBLIC_DISPATCHIS_202609240020_0000000539476869.zip
2026-09-24 00:20:00,SA1,140.75013,0,1352.89,1,20260923244,0,PUBLIC_DISPATCHIS_202609240020_0000000539476869.zip
2026-09-24 00:20:00,TAS1,129.3533,0,1023.9,1,20260923244,0,PUBLIC_DISPATCHIS_202609240020_0000000539476869.zip
2026-09-24 00:20:00,VIC1,141.79518,0,5221.28,1,20260923244,0,PUBLIC_DISPATCHIS_202609240020_0000000539476869.zip
2026-09-24 00:25:00,NSW1,230.59,0,7622.24,1,20260923245,0,PUBLIC_DISPATCHIS_202609240025_0000000539477596.zip
2026-09-24 00:25:00,QLD1,303.0,0,5724.97,1,20260923245,0,PUBLIC_DISPATCHIS_202609240025_0000000539477596.zip
2026-09-24 00:25:00,SA1,220.63173,0,1366.88,1,20260923245,0,PUBLIC_DISPATCHIS_202609240025_0000000539477596.zip
2026-09-24 00:25:00,TAS1,204.11093,0,1022.96,1,20260923245,0,PUBLIC_DISPATCHIS_202609240025_0000000539477596.zip
2026-09-24 00:25:00,VIC1,223.73271,0,5197.55,1,20260923245,0,PUBLIC_DISPATCHIS_202609240025_0000000539477596.zip
2026-09-24 00:30:00,NSW1,251.46725,0,7571.11,1,20260923246,0,PUBLIC_DISPATCHIS_202609240030_0000000539478054.zip
2026-09-24 00:30:00,QLD1,303.0,0,5570.33,1,20260923246,0,PUBLIC_DISPATCHIS_202609240030_0000000539478054.zip
2026-09-24 00:30:00,SA1,233.0,0,1337.51,1,20260923246,0,PUBLIC_DISPATCHIS_202609240030_0000000539478054.zip
2026-09-24 00:30:00,TAS1,218.65738,0,1021.55,1,20260923246,0,PUBLIC_DISPATCHIS_202609240030_0000000539478054.zip
2026-09-24 00:30:00,VIC1,239.67387,0,5193.73,1,20260923246,0,PUBLIC_DISPATCHIS_202609240030_0000000539478054.zip
2026-09-24 00:35:00,NSW1,299.99,0,7468.53,1,20260923247,0,PUBLIC_DISPATCHIS_202609240035_0000000539478690.zip
2026-09-24 00:35:00,QLD1,283.66638,0,5585.7,1,20260923247,0,PUBLIC_DISPATCHIS_202609240035_0000000539478690.zip
2026-09-24 00:35:00,SA1,264.26,0,1307.94,1,20260923247,0,PUBLIC_DISPATCHIS_202609240035_0000000539478690.zip
2026-09-24 00:35:00,TAS1,260.82999,0,1018.29,1,20260923247,0,PUBLIC_DISPATCHIS_202609240035_0000000539478690.zip
2026-09-24 00:35:00,VIC1,281.46311,0,5195.96,1,20260923247,0,PUBLIC_DISPATCHIS_202609240035_0000000539478690.zip
