effective_time,region_id,interval_datetime,rrp,total_demand,intervention,source_file
2026-09-23 19:45:00,NSW1,2026-09-23 19:45:00,113.93394,8601.91,0,PUBLIC_P5MIN_202609231945_20260923194035.zip
2026-09-23 19:45:00,NSW1,2026-09-23 19:50:00,121.1,8576.91,0,PUBLIC_P5MIN_202609231945_20260923194035.zip
2026-09-23 19:45:00,NSW1,2026-09-23 19:55:00,121.1,8555.91,0,PUBLIC_P5MIN_202609231945_20260923194035.zip
2026-09-23 19:45:00,NSW1,2026-09-23 20:00:00,122.15,8536.91,0,PUBLIC_P5MIN_202609231945_20260923194035.zip
2026-09-23 19:45:00,NSW1,2026-09-23 20:05:00,121.1,8517.91,0,PUBLIC_P5MIN_202609231945_20260923194035.zip
2026-09-23 19:45:00,NSW1,2026-09-23 20:10:00,121.1,8496.91,0,PUBLIC_P5MIN_202609231945_20260923194035.zip
2026-09-23 19:45:00,NSW1,2026-09-23 20:15:00,121.1,8476.91,0,PUBLIC_P5MIN_202609231945_20260923194035.zip
2026-09-23 19:45:00,NSW1,2026-09-23 20:20:00,119.71036,8454.91,0,PUBLIC_P5MIN_202609231945_20260923194035.zip
2026-09-23 19:45:00,NSW1,2026-09-23 20:25:00,121.1,8433.91,0,PUBLIC_P5MIN_202609231945_20260923194035.zip
2026-09-23 19:45:00,NSW1,2026-09-23 20:30:00,121.1,8412.91,0,PUBLIC_P5MIN_202609231945_20260923194035.zip
2026-09-23 19:45:00,NSW1,2026-09-23 20:35:00,121.1,8391.91,0,PUBLIC_P5MIN_202609231945_20260923194035.zip
2026-09-23 19:45:00,NSW1,2026-09-23 20:40:00,121.1,8369.91,0,PUBLIC_P5MIN_202609231945_20260923194035.zip
2026-09-23 19:45:00,QLD1,2026-09-23 19:45:00,99.68,6971.97,0,PUBLIC_P5MIN_202609231945_20260923194035.zip
2026-09-23 19:45:00,QLD1,2026-09-23 19:50:00,99.68,6949.97,0,PUBLIC_P5MIN_202609231945_20260923194035.zip
2026-09-23 19:45:00,QLD1,2026-09-23 19:55:00,99.68,6929.97,0,PUBLIC_P5MIN_202609231945_20260923194035.zip
2026-09-23 19:45:00,QLD1,2026-09-23 20:00:00,99.68,6910.97,0,PUBLIC_P5MIN_202609231945_20260923194035.zip
2026-09-23 19:45:00,QLD1,2026-09-23 20:05:00,99.23,6895.97,0,PUBLIC_P5MIN_202609231945_20260923194035.zip
2026-09-23 19:45:00,QLD1,2026-09-23 20:10:00,99.18515,6883.97,0,PUBLIC_P5MIN_202609231945_20260923194035.zip
2026-09-23 19:45:00,QLD1,2026-09-23 20:15:00,98.55872,6874.97,0,PUBLIC_P5MIN_202609231945_20260923194035.zip
2026-09-23 19:45:00,QLD1,2026-09-23 20:20:00,97.42774,6866.97,0,PUBLIC_P5MIN_202609231945_20260923194035.zip
2026-09-23 19:45:00,QLD1,2026-09-23 20:25:00,98.19566,6860.97,0,PUBLIC_P5MIN_202609231945_20260923194035.zip
2026-09-23 19:45:00,QLD1,2026-09-23 20:30:00,97.93632,6855.97,0,PUBLIC_P5MIN_202609231945_20260923194035.zip
2026-09-23 19:45:00,QLD1,2026-09-23 20:35:00,98.55872,6853.97,0,PUBLIC_P5MIN_202609231945_20260923194035.zip
2026-09-23 19:45:00,QLD1,2026-09-23 20:40:00,98.55872,6851.97,0,PUBLIC_P5MIN_202609231945_20260923194035.zip
2026-09-23 19:45:00,SA1,2026-09-23 19:45:00,109.99449,1581.06,0,PUBLIC_P5MIN_202609231945_20260923194035.zip
2026-09-23 19:45:00,SA1,2026-09-23 19:50:00,108.72442,1574.06,0,PUBLIC_P5MIN_202609231945_20260923194035.zip
2026-09-23 19:45:00,SA1,2026-09-23 19:55:00,107.44751,1568.06,0,PUBLIC_P5MIN_202609231945_20260923194035.zip
2026-09-23 19:45:00,SA1,2026-09-23 20:00:00,114.72664,1563.06,0,PUBLIC_P5MIN_202609231945_20260923194035.zip
2026-09-23 19:45:00,SA1,2026-09-23 20:05:00,116.5956,1559.06,0,PUBLIC_P5MIN_202609231945_20260923194035.zip
2026-09-23 19:45:00,SA1,2026-09-23 20:10:00,114.38529,1554.06,0,PUBLIC_P5MIN_202609231945_20260923194035.zip
2026-09-23 19:45:00,SA1,2026-09-23 20:15:00,112.60072,1549.06,0,PUBLIC_P5MIN_202609231945_20260923194035.zip
2026-09-23 19:45:00,SA1,2026-09-23 20:20:00,110.87608,1545.06,0,PUBLIC_P5MIN_202609231945_20260923194035.zip
2026-09-23 19:45:00,SA1,2026-09-23 20:25:00,110.87608,1542.06,0,PUBLIC_P5MIN_202609231945_20260923194035.zip
2026-09-23 19:45:00,SA1,2026-09-23 20:30:00,110.44526,1539.06,0,PUBLIC_P5MIN_202609231945_20260923194035.zip
2026-09-23 19:45:00,SA1,2026-09-23 20:35:00,112.18004,1536.06,0,PUBLIC_P5MIN_202609231945_20260923194035.zip
2026-09-23 19:45:00,SA1,2026-09-23 20:40:00,112.63621,1532.06,0,PUBLIC_P5MIN_202609231945_20260923194035.zip
2026-09-23 19:45:00,TAS1,2026-09-23 19:45:00,103.1723,1247.2,0,PUBLIC_P5MIN_202609231945_20260923194035.zip
2026-09-23 19:45:00,TAS1,2026-09-23 19:50:00,104.56156,1244.2,0,PUBLIC_P5MIN_202609231945_20260923194035.zip
2026-09-23 19:45:00,TAS1,2026-09-23 19:55:00,103.73645,1242.2,0,PUBLIC_P5MIN_202609231945_20260923194035.zip
2026-09-23 19:45:00,TAS1,2026-09-23 20:00:00,107.15713,1239.2,0,PUBLIC_P5MIN_202609231945_20260923194035.zip
2026-09-23 19:45:00,TAS1,2026-09-23 20:05:00,107.74499,1236.2,0,PUBLIC_P5MIN_202609231945_20260923194035.zip
2026-09-23 19:45:00,TAS1,2026-09-23 20:10:00,105.71921,1233.2,0,PUBLIC_P5MIN_202609231945_20260923194035.zip
2026-09-23 19:45:00,TAS1,2026-09-23 20:15:00,104.88349,1230.2,0,PUBLIC_P5MIN_202609231945_20260923194035.zip
2026-09-23 19:45:00,TAS1,2026-09-23 20:20:00,103.67994,1227.2,0,PUBLIC_P5MIN_202609231945_20260923194035.zip
2026-09-23 19:45:00,TAS1,2026-09-23 20:25:00,103.67994,1224.2,0,PUBLIC_P5MIN_202609231945_20260923194035.zip
2026-09-23 19:45:00,TAS1,2026-09-23 20:30:00,103.3617,1221.2,0,PUBLIC_P5MIN_202609231945_20260923194035.zip
2026-09-23 19:45:00,TAS1,2026-09-23 20:35:00,105.39471,1218.2,0,PUBLIC_P5MIN_202609231945_20260923194035.zip
2026-09-23 19:45:00,TAS1,2026-09-23 20:40:00,106.23601,1214.2,0,PUBLIC_P5MIN_202609231945_20260923194035.zip
2026-09-23 19:45:00,VIC1,2026-09-23 19:45:00,110.76965,6220.07,0,PUBLIC_P5MIN_202609231945_20260923194035.zip
2026-09-23 19:45:00,VIC1,2026-09-23 19:50:00,111.78272,6202.07,0,PUBLIC_P5MIN_202609231945_20260923194035.zip
2026-09-23 19:45:00,VIC1,2026-09-23 19:55:00,110.90063,6183.07,0,PUBLIC_P5MIN_202609231945_20260923194035.zip
2026-09-23 19:45:00,VIC1,2026-09-23 20:00:00,114.55754,6164.07,0,PUBLIC_P5MIN_202609231945_20260923194035.zip
2026-09-23 19:45:00,VIC1,2026-09-23 20:05:00,114.48106,6144.07,0,PUBLIC_P5MIN_202609231945_20260923194035.zip
2026-09-23 19:45:00,VIC1,2026-09-23 20:10:00,112.67341,6123.07,0,PUBLIC_P5MIN_202609231945_20260923194035.zip
2026-09-23 19:45:00,VIC1,2026-09-23 20:15:00,111.78272,6100.07,0,PUBLIC_P5MIN_202609231945_20260923194035.zip
2026-09-23 19:45:00,VIC1,2026-09-23 20:20:00,110.5,6076.07,0,PUBLIC_P5MIN_202609231945_20260923194035.zip
2026-09-23 19:45:00,VIC1,2026-09-23 20:25:00,110.5,6050.07,0,PUBLIC_P5MIN_202609231945_20260923194035.zip
2026-09-23 19:45:00,VIC1,2026-09-23 20:30:00,110.5,6025.07,0,PUBLIC_P5MIN_202609231945_20260923194035.zip
2026-09-23 19:45:00,VIC1,2026-09-23 20:35:00,112.67341,6001.07,0,PUBLIC_P5MIN_202609231945_20260923194035.zip
2026-09-23 19:45:00,VIC1,2026-09-23 20:40:00,113.57281,5976.07,0,PUBLIC_P5MIN_202609231945_20260923194035.zip
2026-09-23 19:50:00,NSW1,2026-09-23 19:50:00,113.5,8654.92,0,PUBLIC_P5MIN_202609231950_20260923194535.zip
2026-09-23 19:50:00,NSW1,2026-09-23 19:55:00,121.1,8633.92,0,PUBLIC_P5MIN_202609231950_20260923194535.zip
2026-09-23 19:50:00,NSW1,2026-09-23 20:00:00,121.1,8614.92,0,PUBLIC_P5MIN_202609231950_20260923194535.zip
2026-09-23 19:50:00,NSW1,2026-09-23 20:05:00,124.95692,8595.92,0,PUBLIC_P5MIN_202609231950_20260923194535.zip
2026-09-23 19:50:00,NSW1,2026-09-23 20:10:00,126.41879,8574.92,0,PUBLIC_P5MIN_202609231950_20260923194535.zip
2026-09-23 19:50:00,NSW1,2026-09-23 20:15:00,129.39827,8554.92,0,PUBLIC_P5MIN_202609231950_20260923194535.zip
2026-09-23 19:50:00,NSW1,2026-09-23 20:20:00,121.1,8532.92,0,PUBLIC_P5MIN_202609231950_20260923194535.zip
2026-09-23 19:50:00,NSW1,2026-09-23 20:25:00,122.15,8510.92,0,PUBLIC_P5MIN_202609231950_20260923194535.zip
2026-09-23 19:50:00,NSW1,2026-09-23 20:30:00,120.66252,8489.92,0,PUBLIC_P5MIN_202609231950_20260923194535.zip
2026-09-23 19:50:00,NSW1,2026-09-23 20:35:00,121.1,8468.92,0,PUBLIC_P5MIN_202609231950_20260923194535.zip
2026-09-23 19:50:00,NSW1,2026-09-23 20:40:00,121.1,8445.92,0,PUBLIC_P5MIN_202609231950_20260923194535.zip
2026-09-23 19:50:00,NSW1,2026-09-23 20:45:00,121.1,8421.92,0,PUBLIC_P5MIN_202609231950_20260923194535.zip
2026-09-23 19:50:00,QLD1,2026-09-23 19:50:00,99.68,6956.03,0,PUBLIC_P5MIN_202609231950_20260923194535.zip
2026-09-23 19:50:00,QLD1,2026-09-23 19:55:00,99.68,6935.03,0,PUBLIC_P5MIN_202609231950_20260923194535.zip
2026-09-23 19:50:00,QLD1,2026-09-23 20:00:00,99.68,6916.03,0,PUBLIC_P5MIN_202609231950_20260923194535.zip
2026-09-23 19:50:00,QLD1,2026-09-23 20:05:00,99.68,6900.03,0,PUBLIC_P5MIN_202609231950_20260923194535.zip
2026-09-23 19:50:00,QLD1,2026-09-23 20:10:00,99.68,6887.03,0,PUBLIC_P5MIN_202609231950_20260923194535.zip
2026-09-23 19:50:00,QLD1,2026-09-23 20:15:00,100.10896,6877.03,0,PUBLIC_P5MIN_202609231950_20260923194535.zip
2026-09-23 19:50:00,QLD1,2026-09-23 20:20:00,98.55872,6869.03,0,PUBLIC_P5MIN_202609231950_20260923194535.zip
2026-09-23 19:50:00,QLD1,2026-09-23 20:25:00,99.23,6862.03,0,PUBLIC_P5MIN_202609231950_20260923194535.zip
2026-09-23 19:50:00,QLD1,2026-09-23 20:30:00,97.58252,6857.03,0,PUBLIC_P5MIN_202609231950_20260923194535.zip
2026-09-23 19:50:00,QLD1,2026-09-23 20:35:00,99.23,6855.03,0,PUBLIC_P5MIN_202609231950_20260923194535.zip
2026-09-23 19:50:00,QLD1,2026-09-23 20:40:00,98.55872,6853.03,0,PUBLIC_P5MIN_202609231950_20260923194535.zip
2026-09-23 19:50:00,QLD1,2026-09-23 20:45:00,98.55872,6850.03,0,PUBLIC_P5MIN_202609231950_20260923194535.zip
2026-09-23 19:50:00,SA1,2026-09-23 19:50:00,108.81594,1602.11,0,PUBLIC_P5MIN_202609231950_20260923194535.zip
2026-09-23 19:50:00,SA1,2026-09-23 19:55:00,106.64354,1596.11,0,PUBLIC_P5MIN_202609231950_20260923194535.zip
2026-09-23 19:50:00,SA1,2026-09-23 20:00:00,109.13322,1591.11,0,PUBLIC_P5MIN_202609231950_20260923194535.zip
2026-09-23 19:50:00,SA1,2026-09-23 20:05:00,118.04756,1586.11,0,PUBLIC_P5MIN_202609231950_20260923194535.zip
2026-09-23 19:50:00,SA1,2026-09-23 20:10:00,118.18,1580.11,0,PUBLIC_P5MIN_202609231950_20260923194535.zip
2026-09-23 19:50:00,SA1,2026-09-23 20:15:00,118.9033,1575.11,0,PUBLIC_P5MIN_202609231950_20260923194535.zip
2026-09-23 19:50:00,SA1,2026-09-23 20:20:00,112.16316,1570.11,0,PUBLIC_P5MIN_202609231950_20260923194535.zip
2026-09-23 19:50:00,SA1,2026-09-23 20:25:00,112.02731,1567.11,0,PUBLIC_P5MIN_202609231950_20260923194535.zip
2026-09-23 19:50:00,SA1,2026-09-23 20:30:00,110.44526,1564.11,0,PUBLIC_P5MIN_202609231950_20260923194535.zip
2026-09-23 19:50:00,SA1,2026-09-23 20:35:00,116.74675,1560.11,0,PUBLIC_P5MIN_202609231950_20260923194535.zip
2026-09-23 19:50:00,SA1,2026-09-23 20:40:00,110.00125,1556.11,0,PUBLIC_P5MIN_202609231950_20260923194535.zip
2026-09-23 19:50:00,SA1,2026-09-23 20:45:00,109.13322,1552.11,0,PUBLIC_P5MIN_202609231950_20260923194535.zip
2026-09-23 19:50:00,TAS1,2026-09-23 19:50:00,102.9219,1250.49,0,PUBLIC_P5MIN_202609231950_20260923194535.zip
2026-09-23 19:50:00,TAS1,2026-09-23 19:55:00,103.67994,1248.49,0,PUBLIC_P5MIN_202609231950_20260923194535.zip
2026-09-23 19:50:00,TAS1,2026-09-23 20:00:00,104.05584,1246.49,0,PUBLIC_P5MIN_202609231950_20260923194535.zip
2026-09-23 19:50:00,TAS1,2026-09-23 20:05:00,110.29454,1244.49,0,PUBLIC_P5MIN_202609231950_20260923194535.zip
2026-09-23 19:50:00,TAS1,2026-09-23 20:10:00,110.70121,1241.49,0,PUBLIC_P5MIN_202609231950_20260923194535.zip
2026-09-23 19:50:00,TAS1,2026-09-23 20:15:00,111.52746,1238.49,0,PUBLIC_P5MIN_202609231950_20260923194535.zip
2026-09-23 19:50:00,TAS1,2026-09-23 20:20:00,104.88349,1235.49,0,PUBLIC_P5MIN_202609231950_20260923194535.zip
2026-09-23 19:50:00,TAS1,2026-09-23 20:25:00,104.95806,1232.49,0,PUBLIC_P5MIN_202609231950_20260923194535.zip
2026-09-23 19:50:00,TAS1,2026-09-23 20:30:00,103.67994,1229.49,0,PUBLIC_P5MIN_202609231950_20260923194535.zip
2026-09-23 19:50:00,TAS1,2026-09-23 20:35:00,110.0229,1226.49,0,PUBLIC_P5MIN_202609231950_20260923194535.zip
2026-09-23 19:50:00,TAS1,2026-09-23 20:40:00,104.56156,1222.49,0,PUBLIC_P5MIN_202609231950_20260923194535.zip
2026-09-23 19:50:00,TAS1,2026-09-23 20:45:00,103.73645,1218.49,0,PUBLIC_P5MIN_202609231950_20260923194535.zip
2026-09-23 19:50:00,VIC1,2026-09-23 19:50:00,110.5,6220.02,0,PUBLIC_P5MIN_202609231950_20260923194535.zip
2026-09-23 19:50:00,VIC1,2026-09-23 19:55:00,110.5,6200.02,0,PUBLIC_P5MIN_202609231950_20260923194535.zip
2026-09-23 19:50:00,VIC1,2026-09-23 20:00:00,110.90063,6180.02,0,PUBLIC_P5MIN_202609231950_20260923194535.zip
2026-09-23 19:50:00,VIC1,2026-09-23 20:05:00,117.19,6159.02,0,PUBLIC_P5MIN_202609231950_20260923194535.zip
2026-09-23 19:50:00,VIC1,2026-09-23 20:10:00,117.6221,6138.02,0,PUBLIC_P5MIN_202609231950_20260923194535.zip
2026-09-23 19:50:00,VIC1,2026-09-23 20:15:00,118.5,6115.02,0,PUBLIC_P5MIN_202609231950_20260923194535.zip
2026-09-23 19:50:00,VIC1,2026-09-23 20:20:00,111.78272,6091.02,0,PUBLIC_P5MIN_202609231950_20260923194535.zip
2026-09-23 19:50:00,VIC1,2026-09-23 20:25:00,111.8622,6065.02,0,PUBLIC_P5MIN_202609231950_20260923194535.zip
2026-09-23 19:50:00,VIC1,2026-09-23 20:30:00,110.5,6041.02,0,PUBLIC_P5MIN_202609231950_20260923194535.zip
2026-09-23 19:50:00,VIC1,2026-09-23 20:35:00,117.2602,6018.02,0,PUBLIC_P5MIN_202609231950_20260923194535.zip
2026-09-23 19:50:00,VIC1,2026-09-23 20:40:00,111.78272,5994.02,0,PUBLIC_P5MIN_202609231950_20260923194535.zip
2026-09-23 19:50:00,VIC1,2026-09-23 20:45:00,110.90063,5969.02,0,PUBLIC_P5MIN_202609231950_20260923194535.zip
2026-09-23 19:55:00,NSW1,2026-09-23 19:55:00,114.76886,8696.07,0,PUBLIC_P5MIN_202609231955_20260923195035.zip
2026-09-23 19:55:00,NSW1,2026-09-23 20:00:00,122.15,8679.07,0,PUBLIC_P5MIN_202609231955_20260923195035.zip
2026-09-23 19:55:00,NSW1,2026-09-23 20:05:00,121.1,8662.07,0,PUBLIC_P5MIN_202609231955_20260923195035.zip
2026-09-23 19:55:00,NSW1,2026-09-23 20:10:00,124.03934,8642.07,0,PUBLIC_P5MIN_202609231955_20260923195035.zip
2026-09-23 19:55:00,NSW1,2026-09-23 20:15:00,130.42571,8623.07,0,PUBLIC_P5MIN_202609231955_20260923195035.zip
2026-09-23 19:55:00,NSW1,2026-09-23 20:20:00,130.42571,8602.07,0,PUBLIC_P5MIN_202609231955_20260923195035.zip
2026-09-23 19:55:00,NSW1,2026-09-23 20:25:00,128.85673,8581.07,0,PUBLIC_P5MIN_202609231955_20260923195035.zip
2026-09-23 19:55:00,NSW1,2026-09-23 20:30:00,125.62064,8560.07,0,PUBLIC_P5MIN_202609231955_20260923195035.zip
2026-09-23 19:55:00,NSW1,2026-09-23 20:35:00,135.70187,8538.07,0,PUBLIC_P5MIN_202609231955_20260923195035.zip
2026-09-23 19:55:00,NSW1,2026-09-23 20:40:00,133.19485,8514.07,0,PUBLIC_P5MIN_202609231955_20260923195035.zip
2026-09-23 19:55:00,NSW1,2026-09-23 20:45:00,114.54,8488.07,0,PUBLIC_P5MIN_202609231955_20260923195035.zip
2026-09-23 19:55:00,NSW1,2026-09-23 20:50:00,113.5,8462.07,0,PUBLIC_P5MIN_202609231955_20260923195035.zip
2026-09-23 19:55:00,QLD1,2026-09-23 19:55:00,99.68,6895.96,0,PUBLIC_P5MIN_202609231955_20260923195035.zip
2026-09-23 19:55:00,QLD1,2026-09-23 20:00:00,99.68,6876.96,0,PUBLIC_P5MIN_202609231955_20260923195035.zip
2026-09-23 19:55:00,QLD1,2026-09-23 20:05:00,99.23,6861.96,0,PUBLIC_P5MIN_202609231955_20260923195035.zip
2026-09-23 19:55:00,QLD1,2026-09-23 20:10:00,99.68,6849.96,0,PUBLIC_P5MIN_202609231955_20260923195035.zip
2026-09-23 19:55:00,QLD1,2026-09-23 20:15:00,99.69,6839.96,0,PUBLIC_P5MIN_202609231955_20260923195035.zip
2026-09-23 19:55:00,QLD1,2026-09-23 20:20:00,99.69,6831.96,0,PUBLIC_P5MIN_202609231955_20260923195035.zip
2026-09-23 19:55:00,QLD1,2026-09-23 20:25:00,99.69,6825.96,0,PUBLIC_P5MIN_202609231955_20260923195035.zip
2026-09-23 19:55:00,QLD1,2026-09-23 20:30:00,99.68,6820.96,0,PUBLIC_P5MIN_202609231955_20260923195035.zip
2026-09-23 19:55:00,QLD1,2026-09-23 20:35:00,104.98574,6818.96,0,PUBLIC_P5MIN_202609231955_20260923195035.zip
2026-09-23 19:55:00,QLD1,2026-09-23 20:40:00,99.69,6816.96,0,PUBLIC_P5MIN_202609231955_20260923195035.zip
2026-09-23 19:55:00,QLD1,2026-09-23 20:45:00,92.04618,6814.96,0,PUBLIC_P5MIN_202609231955_20260923195035.zip
2026-09-23 19:55:00,QLD1,2026-09-23 20:50:00,92.96048,6812.96,0,PUBLIC_P5MIN_202609231955_20260923195035.zip
2026-09-23 19:55:00,SA1,2026-09-23 19:55:00,108.11602,1587.94,0,PUBLIC_P5MIN_202609231955_20260923195035.zip
2026-09-23 19:55:00,SA1,2026-09-23 20:00:00,109.22596,1583.94,0,PUBLIC_P5MIN_202609231955_20260923195035.zip
2026-09-23 19:55:00,SA1,2026-09-23 20:05:00,109.98607,1579.94,0,PUBLIC_P5MIN_202609231955_20260923195035.zip
2026-09-23 19:55:00,SA1,2026-09-23 20:10:00,112.21802,1574.94,0,PUBLIC_P5MIN_202609231955_20260923195035.zip
2026-09-23 19:55:00,SA1,2026-09-23 20:15:00,117.06622,1569.94,0,PUBLIC_P5MIN_202609231955_20260923195035.zip
2026-09-23 19:55:00,SA1,2026-09-23 20:20:00,117.06622,1565.94,0,PUBLIC_P5MIN_202609231955_20260923195035.zip
2026-09-23 19:55:00,SA1,2026-09-23 20:25:00,116.20565,1562.94,0,PUBLIC_P5MIN_202609231955_20260923195035.zip
2026-09-23 19:55:00,SA1,2026-09-23 20:30:00,111.43207,1559.94,0,PUBLIC_P5MIN_202609231955_20260923195035.zip
2026-09-23 19:55:00,SA1,2026-09-23 20:35:00,120.42,1555.94,0,PUBLIC_P5MIN_202609231955_20260923195035.zip
2026-09-23 19:55:00,SA1,2026-09-23 20:40:00,120.0,1551.94,0,PUBLIC_P5MIN_202609231955_20260923195035.zip
2026-09-23 19:55:00,SA1,2026-09-23 20:45:00,102.41,1546.94,0,PUBLIC_P5MIN_202609231955_20260923195035.zip
2026-09-23 19:55:00,SA1,2026-09-23 20:50:00,101.02,1542.94,0,PUBLIC_P5MIN_202609231955_20260923195035.zip
2026-09-23 19:55:00,TAS1,2026-09-23 19:55:00,103.99691,1247.7,0,PUBLIC_P5MIN_202609231955_20260923195035.zip
2026-09-23 19:55:00,TAS1,2026-09-23 20:00:00,104.95806,1245.7,0,PUBLIC_P5MIN_202609231955_20260923195035.zip
2026-09-23 19:55:00,TAS1,2026-09-23 20:05:00,104.37524,1243.7,0,PUBLIC_P5MIN_202609231955_20260923195035.zip
2026-09-23 19:55:00,TAS1,2026-09-23 20:10:00,106.90864,1240.7,0,PUBLIC_P5MIN_202609231955_20260923195035.zip
2026-09-23 19:55:00,TAS1,2026-09-23 20:15:00,111.52746,1237.7,0,PUBLIC_P5MIN_202609231955_20260923195035.zip
2026-09-23 19:55:00,TAS1,2026-09-23 20:20:00,111.18618,1234.7,0,PUBLIC_P5MIN_202609231955_20260923195035.zip
2026-09-23 19:55:00,TAS1,2026-09-23 20:25:00,110.72086,1231.7,0,PUBLIC_P5MIN_202609231955_20260923195035.zip
2026-09-23 19:55:00,TAS1,2026-09-23 20:30:00,106.24774,1228.7,0,PUBLIC_P5MIN_202609231955_20260923195035.zip
2026-09-23 19:55:00,TAS1,2026-09-23 20:35:00,117.53002,1225.7,0,PUBLIC_P5MIN_202609231955_20260923195035.zip
2026-09-23 19:55:00,TAS1,2026-09-23 20:40:00,115.92099,1221.7,0,PUBLIC_P5MIN_202609231955_20260923195035.zip
2026-09-23 19:55:00,TAS1,2026-09-23 20:45:00,99.25844,1217.7,0,PUBLIC_P5MIN_202609231955_20260923195035.zip
2026-09-23 19:55:00,TAS1,2026-09-23 20:50:00,97.22615,1213.7,0,PUBLIC_P5MIN_202609231955_20260923195035.zip
2026-09-23 19:55:00,VIC1,2026-09-23 19:55:00,111.65381,6209.23,0,PUBLIC_P5MIN_202609231955_20260923195035.zip
2026-09-23 19:55:00,VIC1,2026-09-23 20:00:00,111.8622,6185.23,0,PUBLIC_P5MIN_202609231955_20260923195035.zip
2026-09-23 19:55:00,VIC1,2026-09-23 20:05:00,110.90063,6161.23,0,PUBLIC_P5MIN_202609231955_20260923195035.zip
2026-09-23 19:55:00,VIC1,2026-09-23 20:10:00,113.59241,6136.23,0,PUBLIC_P5MIN_202609231955_20260923195035.zip
2026-09-23 19:55:00,VIC1,2026-09-23 20:15:00,118.5,6110.23,0,PUBLIC_P5MIN_202609231955_20260923195035.zip
2026-09-23 19:55:00,VIC1,2026-09-23 20:20:00,118.5,6083.23,0,PUBLIC_P5MIN_202609231955_20260923195035.zip
2026-09-23 19:55:00,VIC1,2026-09-23 20:25:00,118.00407,6055.23,0,PUBLIC_P5MIN_202609231955_20260923195035.zip
2026-09-23 19:55:00,VIC1,2026-09-23 20:30:00,113.23671,6030.23,0,PUBLIC_P5MIN_202609231955_20260923195035.zip
2026-09-23 19:55:00,VIC1,2026-09-23 20:35:00,125.26114,6006.23,0,PUBLIC_P5MIN_202609231955_20260923195035.zip
2026-09-23 19:55:00,VIC1,2026-09-23 20:40:00,123.92665,5982.23,0,PUBLIC_P5MIN_202609231955_20260923195035.zip
2026-09-23 19:55:00,VIC1,2026-09-23 20:45:00,106.11336,5958.23,0,PUBLIC_P5MIN_202609231955_20260923195035.zip
2026-09-23 19:55:00,VIC1,2026-09-23 20:50:00,103.94072,5931.23,0,PUBLIC_P5MIN_202609231955_20260923195035.zip
2026-09-23 20:00:00,NSW1,2026-09-23 20:00:00,113.5,8711.16,0,PUBLIC_P5MIN_202609232000_20260923195535.zip
2026-09-23 20:00:00,NSW1,2026-09-23 20:05:00,121.1,8698.16,0,PUBLIC_P5MIN_202609232000_20260923195535.zip
2026-09-23 20:00:00,NSW1,2026-09-23 20:10:00,125.62064,8683.16,0,PUBLIC_P5MIN_202609232000_20260923195535.zip
2026-09-23 20:00:00,NSW1,2026-09-23 20:15:00,128.85673,8668.16,0,PUBLIC_P5MIN_202609232000_20260923195535.zip
2026-09-23 20:00:00,NSW1,2026-09-23 20:20:00,128.85673,8650.16,0,PUBLIC_P5MIN_202609232000_20260923195535.zip
2026-09-23 20:00:00,NSW1,2026-09-23 20:25:00,128.85673,8632.16,0,PUBLIC_P5MIN_202609232000_20260923195535.zip
2026-09-23 20:00:00,NSW1,2026-09-23 20:30:00,124.53082,8613.16,0,PUBLIC_P5MIN_202609232000_20260923195535.zip
2026-09-23 20:00:00,NSW1,2026-09-23 20:35:00,129.39827,8593.16,0,PUBLIC_P5MIN_202609232000_20260923195535.zip
2026-09-23 20:00:00,NSW1,2026-09-23 20:40:00,136.94724,8570.16,0,PUBLIC_P5MIN_202609232000_20260923195535.zip
2026-09-23 20:00:00,NSW1,2026-09-23 20:45:00,135.735,8544.16,0,PUBLIC_P5MIN_202609232000_20260923195535.zip
2026-09-23 20:00:00,NSW1,2026-09-23 20:50:00,113.94,8516.16,0,PUBLIC_P5MIN_202609232000_20260923195535.zip
2026-09-23 20:00:00,NSW1,2026-09-23 20:55:00,113.5,8489.16,0,PUBLIC_P5MIN_202609232000_20260923195535.zip
2026-09-23 20:00:00,QLD1,2026-09-23 20:00:00,99.23,6876.91,0,PUBLIC_P5MIN_202609232000_20260923195535.zip
2026-09-23 20:00:00,QLD1,2026-09-23 20:05:00,99.18515,6859.91,0,PUBLIC_P5MIN_202609232000_20260923195535.zip
2026-09-23 20:00:00,QLD1,2026-09-23 20:10:00,99.68,6845.91,0,PUBLIC_P5MIN_202609232000_20260923195535.zip
2026-09-23 20:00:00,QLD1,2026-09-23 20:15:00,99.69,6834.91,0,PUBLIC_P5MIN_202609232000_20260923195535.zip
2026-09-23 20:00:00,QLD1,2026-09-23 20:20:00,99.69,6825.91,0,PUBLIC_P5MIN_202609232000_20260923195535.zip
2026-09-23 20:00:00,QLD1,2026-09-23 20:25:00,99.69,6818.91,0,PUBLIC_P5MIN_202609232000_20260923195535.zip
2026-09-23 20:00:00,QLD1,2026-09-23 20:30:00,99.23,6813.91,0,PUBLIC_P5MIN_202609232000_20260923195535.zip
2026-09-23 20:00:00,QLD1,2026-09-23 20:35:00,99.68,6811.91,0,PUBLIC_P5MIN_202609232000_20260923195535.zip
2026-09-23 20:00:00,QLD1,2026-09-23 20:40:00,99.68,6809.91,0,PUBLIC_P5MIN_202609232000_20260923195535.zip
2026-09-23 20:00:00,QLD1,2026-09-23 20:45:00,99.68,6807.91,0,PUBLIC_P5MIN_202609232000_20260923195535.zip
2026-09-23 20:00:00,QLD1,2026-09-23 20:50:00,90.43,6806.91,0,PUBLIC_P5MIN_202609232000_20260923195535.zip
2026-09-23 20:00:00,QLD1,2026-09-23 20:55:00,90.63451,6803.91,0,PUBLIC_P5MIN_202609232000_20260923195535.zip
2026-09-23 20:00:00,SA1,2026-09-23 20:00:00,109.53043,1589.09,0,PUBLIC_P5MIN_202609232000_20260923195535.zip
2026-09-23 20:00:00,SA1,2026-09-23 20:05:00,110.87774,1587.09,0,PUBLIC_P5MIN_202609232000_20260923195535.zip
2026-09-23 20:00:00,SA1,2026-09-23 20:10:00,111.44451,1584.09,0,PUBLIC_P5MIN_202609232000_20260923195535.zip
2026-09-23 20:00:00,SA1,2026-09-23 20:15:00,112.53709,1581.09,0,PUBLIC_P5MIN_202609232000_20260923195535.zip
2026-09-23 20:00:00,SA1,2026-09-23 20:20:00,111.65354,1578.09,0,PUBLIC_P5MIN_202609232000_20260923195535.zip
2026-09-23 20:00:00,SA1,2026-09-23 20:25:00,112.97589,1576.09,0,PUBLIC_P5MIN_202609232000_20260923195535.zip
2026-09-23 20:00:00,SA1,2026-09-23 20:30:00,106.64354,1574.09,0,PUBLIC_P5MIN_202609232000_20260923195535.zip
2026-09-23 20:00:00,SA1,2026-09-23 20:35:00,114.36434,1571.09,0,PUBLIC_P5MIN_202609232000_20260923195535.zip
2026-09-23 20:00:00,SA1,2026-09-23 20:40:00,120.36,1566.09,0,PUBLIC_P5MIN_202609232000_20260923195535.zip
2026-09-23 20:00:00,SA1,2026-09-23 20:45:00,120.0,1561.09,0,PUBLIC_P5MIN_202609232000_20260923195535.zip
2026-09-23 20:00:00,SA1,2026-09-23 20:50:00,102.32898,1556.09,0,PUBLIC_P5MIN_202609232000_20260923195535.zip
2026-09-23 20:00:00,SA1,2026-09-23 20:55:00,101.02,1552.09,0,PUBLIC_P5MIN_202609232000_20260923195535.zip
2026-09-23 20:00:00,TAS1,2026-09-23 20:00:00,103.39119,1238.56,0,PUBLIC_P5MIN_202609232000_20260923195535.zip
2026-09-23 20:00:00,TAS1,2026-09-23 20:05:00,106.0437,1236.56,0,PUBLIC_P5MIN_202609232000_20260923195535.zip
2026-09-23 20:00:00,TAS1,2026-09-23 20:10:00,107.08993,1233.56,0,PUBLIC_P5MIN_202609232000_20260923195535.zip
2026-09-23 20:00:00,TAS1,2026-09-23 20:15:00,108.98477,1230.56,0,PUBLIC_P5MIN_202609232000_20260923195535.zip
2026-09-23 20:00:00,TAS1,2026-09-23 20:20:00,108.1291,1227.56,0,PUBLIC_P5MIN_202609232000_20260923195535.zip
2026-09-23 20:00:00,TAS1,2026-09-23 20:25:00,108.98477,1224.56,0,PUBLIC_P5MIN_202609232000_20260923195535.zip
2026-09-23 20:00:00,TAS1,2026-09-23 20:30:00,103.3617,1221.56,0,PUBLIC_P5MIN_202609232000_20260923195535.zip
2026-09-23 20:00:00,TAS1,2026-09-23 20:35:00,110.8449,1218.56,0,PUBLIC_P5MIN_202609232000_20260923195535.zip
2026-09-23 20:00:00,TAS1,2026-09-23 20:40:00,118.24457,1214.56,0,PUBLIC_P5MIN_202609232000_20260923195535.zip
2026-09-23 20:00:00,TAS1,2026-09-23 20:45:00,118.13171,1210.56,0,PUBLIC_P5MIN_202609232000_20260923195535.zip
2026-09-23 20:00:00,TAS1,2026-09-23 20:50:00,99.64708,1206.56,0,PUBLIC_P5MIN_202609232000_20260923195535.zip
2026-09-23 20:00:00,TAS1,2026-09-23 20:55:00,96.9268,1202.56,0,PUBLIC_P5MIN_202609232000_20260923195535.zip
2026-09-23 20:00:00,VIC1,2026-09-23 20:00:00,111.34889,6200.69,0,PUBLIC_P5MIN_202609232000_20260923195535.zip
2026-09-23 20:00:00,VIC1,2026-09-23 20:05:00,112.67341,6177.69,0,PUBLIC_P5MIN_202609232000_20260923195535.zip
2026-09-23 20:00:00,VIC1,2026-09-23 20:10:00,114.13429,6153.69,0,PUBLIC_P5MIN_202609232000_20260923195535.zip
2026-09-23 20:00:00,VIC1,2026-09-23 20:15:00,116.15378,6128.69,0,PUBLIC_P5MIN_202609232000_20260923195535.zip
2026-09-23 20:00:00,VIC1,2026-09-23 20:20:00,115.24183,6102.69,0,PUBLIC_P5MIN_202609232000_20260923195535.zip
2026-09-23 20:00:00,VIC1,2026-09-23 20:25:00,116.15378,6074.69,0,PUBLIC_P5MIN_202609232000_20260923195535.zip
2026-09-23 20:00:00,VIC1,2026-09-23 20:30:00,110.5,6049.69,0,PUBLIC_P5MIN_202609232000_20260923195535.zip
2026-09-23 20:00:00,VIC1,2026-09-23 20:35:00,118.5,6025.69,0,PUBLIC_P5MIN_202609232000_20260923195535.zip
2026-09-23 20:00:00,VIC1,2026-09-23 20:40:00,126.4107,6001.69,0,PUBLIC_P5MIN_202609232000_20260923195535.zip
2026-09-23 20:00:00,VIC1,2026-09-23 20:45:00,126.29005,5976.69,0,PUBLIC_P5MIN_202609232000_20260923195535.zip
2026-09-23 20:00:00,VIC1,2026-09-23 20:50:00,106.85785,5948.69,0,PUBLIC_P5MIN_202609232000_20260923195535.zip
2026-09-23 20:00:00,VIC1,2026-09-23 20:55:00,103.94072,5920.69,0,PUBLIC_P5MIN_202609232000_20260923195535.zip
2026-09-23 20:05:00,NSW1,2026-09-23 20:05:00,120.84381,8622.28,0,PUBLIC_P5MIN_202609232005_20260923200034.zip
2026-09-23 20:05:00,NSW1,2026-09-23 20:10:00,121.1,8607.28,0,PUBLIC_P5MIN_202609232005_20260923200034.zip
2026-09-23 20:05:00,NSW1,2026-09-23 20:15:00,121.6206,8592.28,0,PUBLIC_P5MIN_202609232005_20260923200034.zip
2026-09-23 20:05:00,NSW1,2026-09-23 20:20:00,121.6206,8575.28,0,PUBLIC_P5MIN_202609232005_20260923200034.zip
2026-09-23 20:05:00,NSW1,2026-09-23 20:25:00,121.1,8557.28,0,PUBLIC_P5MIN_202609232005_20260923200034.zip
2026-09-23 20:05:00,NSW1,2026-09-23 20:30:00,114.95,8538.28,0,PUBLIC_P5MIN_202609232005_20260923200034.zip
2026-09-23 20:05:00,NSW1,2026-09-23 20:35:00,114.54,8518.28,0,PUBLIC_P5MIN_202609232005_20260923200034.zip
2026-09-23 20:05:00,NSW1,2026-09-23 20:40:00,121.1,8495.28,0,PUBLIC_P5MIN_202609232005_20260923200034.zip
2026-09-23 20:05:00,NSW1,2026-09-23 20:45:00,128.03032,8469.28,0,PUBLIC_P5MIN_202609232005_20260923200034.zip
2026-09-23 20:05:00,NSW1,2026-09-23 20:50:00,122.15,8441.28,0,PUBLIC_P5MIN_202609232005_20260923200034.zip
2026-09-23 20:05:00,NSW1,2026-09-23 20:55:00,121.1,8413.28,0,PUBLIC_P5MIN_202609232005_20260923200034.zip
2026-09-23 20:05:00,NSW1,2026-09-23 21:00:00,121.1,8383.28,0,PUBLIC_P5MIN_202609232005_20260923200034.zip
2026-09-23 20:05:00,QLD1,2026-09-23 20:05:00,99.69,6897.22,0,PUBLIC_P5MIN_202609232005_20260923200034.zip
2026-09-23 20:05:00,QLD1,2026-09-23 20:10:00,97.93632,6884.22,0,PUBLIC_P5MIN_202609232005_20260923200034.zip
2026-09-23 20:05:00,QLD1,2026-09-23 20:15:00,98.35733,6873.22,0,PUBLIC_P5MIN_202609232005_20260923200034.zip
2026-09-23 20:05:00,QLD1,2026-09-23 20:20:00,98.35733,6864.22,0,PUBLIC_P5MIN_202609232005_20260923200034.zip
2026-09-23 20:05:00,QLD1,2026-09-23 20:25:00,97.93632,6857.22,0,PUBLIC_P5MIN_202609232005_20260923200034.zip
2026-09-23 20:05:00,QLD1,2026-09-23 20:30:00,92.96267,6852.22,0,PUBLIC_P5MIN_202609232005_20260923200034.zip
2026-09-23 20:05:00,QLD1,2026-09-23 20:35:00,91.46499,6850.22,0,PUBLIC_P5MIN_202609232005_20260923200034.zip
2026-09-23 20:05:00,QLD1,2026-09-23 20:40:00,96.70343,6848.22,0,PUBLIC_P5MIN_202609232005_20260923200034.zip
2026-09-23 20:05:00,QLD1,2026-09-23 20:45:00,99.68,6846.22,0,PUBLIC_P5MIN_202609232005_20260923200034.zip
2026-09-23 20:05:00,QLD1,2026-09-23 20:50:00,98.78547,6844.22,0,PUBLIC_P5MIN_202609232005_20260923200034.zip
2026-09-23 20:05:00,QLD1,2026-09-23 20:55:00,97.3179,6840.22,0,PUBLIC_P5MIN_202609232005_20260923200034.zip
2026-09-23 20:05:00,QLD1,2026-09-23 21:00:00,97.93632,6834.22,0,PUBLIC_P5MIN_202609232005_20260923200034.zip
2026-09-23 20:05:00,SA1,2026-09-23 20:05:00,115.51112,1568.71,0,PUBLIC_P5MIN_202609232005_20260923200034.zip
2026-09-23 20:05:00,SA1,2026-09-23 20:10:00,106.02,1566.71,0,PUBLIC_P5MIN_202609232005_20260923200034.zip
2026-09-23 20:05:00,SA1,2026-09-23 20:15:00,105.81677,1564.71,0,PUBLIC_P5MIN_202609232005_20260923200034.zip
2026-09-23 20:05:00,SA1,2026-09-23 20:20:00,106.22935,1562.71,0,PUBLIC_P5MIN_202609232005_20260923200034.zip
2026-09-23 20:05:00,SA1,2026-09-23 20:25:00,106.22935,1561.71,0,PUBLIC_P5MIN_202609232005_20260923200034.zip
2026-09-23 20:05:00,SA1,2026-09-23 20:30:00,101.02,1560.71,0,PUBLIC_P5MIN_202609232005_20260923200034.zip
2026-09-23 20:05:00,SA1,2026-09-23 20:35:00,101.02,1557.71,0,PUBLIC_P5MIN_202609232005_20260923200034.zip
2026-09-23 20:05:00,SA1,2026-09-23 20:40:00,105.37707,1553.71,0,PUBLIC_P5MIN_202609232005_20260923200034.zip
2026-09-23 20:05:00,SA1,2026-09-23 20:45:00,112.16061,1548.71,0,PUBLIC_P5MIN_202609232005_20260923200034.zip
2026-09-23 20:05:00,SA1,2026-09-23 20:50:00,108.87165,1543.71,0,PUBLIC_P5MIN_202609232005_20260923200034.zip
2026-09-23 20:05:00,SA1,2026-09-23 20:55:00,102.93205,1539.71,0,PUBLIC_P5MIN_202609232005_20260923200034.zip
2026-09-23 20:05:00,SA1,2026-09-23 21:00:00,102.12257,1535.71,0,PUBLIC_P5MIN_202609232005_20260923200034.zip
2026-09-23 20:05:00,TAS1,2026-09-23 20:05:00,110.71179,1234.91,0,PUBLIC_P5MIN_202609232005_20260923200034.zip
2026-09-23 20:05:00,TAS1,2026-09-23 20:10:00,103.67994,1231.91,0,PUBLIC_P5MIN_202609232005_20260923200034.zip
2026-09-23 20:05:00,TAS1,2026-09-23 20:15:00,103.67994,1228.91,0,PUBLIC_P5MIN_202609232005_20260923200034.zip
2026-09-23 20:05:00,TAS1,2026-09-23 20:20:00,103.67994,1225.91,0,PUBLIC_P5MIN_202609232005_20260923200034.zip
2026-09-23 20:05:00,TAS1,2026-09-23 20:25:00,103.67994,1222.91,0,PUBLIC_P5MIN_202609232005_20260923200034.zip
2026-09-23 20:05:00,TAS1,2026-09-23 20:30:00,97.58615,1219.91,0,PUBLIC_P5MIN_202609232005_20260923200034.zip
2026-09-23 20:05:00,TAS1,2026-09-23 20:35:00,98.89745,1216.91,0,PUBLIC_P5MIN_202609232005_20260923200034.zip
2026-09-23 20:05:00,TAS1,2026-09-23 20:40:00,103.73645,1212.91,0,PUBLIC_P5MIN_202609232005_20260923200034.zip
2026-09-23 20:05:00,TAS1,2026-09-23 20:45:00,110.8449,1208.91,0,PUBLIC_P5MIN_202609232005_20260923200034.zip
2026-09-23 20:05:00,TAS1,2026-09-23 20:50:00,107.6815,1204.91,0,PUBLIC_P5MIN_202609232005_20260923200034.zip
2026-09-23 20:05:00,TAS1,2026-09-23 20:55:00,102.60238,1200.91,0,PUBLIC_P5MIN_202609232005_20260923200034.zip
2026-09-23 20:05:00,TAS1,2026-09-23 21:00:00,101.79549,1196.91,0,PUBLIC_P5MIN_202609232005_20260923200034.zip
2026-09-23 20:05:00,VIC1,2026-09-23 20:05:00,118.5,6206.87,0,PUBLIC_P5MIN_202609232005_20260923200034.zip
2026-09-23 20:05:00,VIC1,2026-09-23 20:10:00,110.5,6184.87,0,PUBLIC_P5MIN_202609232005_20260923200034.zip
2026-09-23 20:05:00,VIC1,2026-09-23 20:15:00,110.5,6160.87,0,PUBLIC_P5MIN_202609232005_20260923200034.zip
2026-09-23 20:05:00,VIC1,2026-09-23 20:20:00,110.5,6135.87,0,PUBLIC_P5MIN_202609232005_20260923200034.zip
2026-09-23 20:05:00,VIC1,2026-09-23 20:25:00,110.5,6108.87,0,PUBLIC_P5MIN_202609232005_20260923200034.zip
2026-09-23 20:05:00,VIC1,2026-09-23 20:30:00,104.32559,6084.87,0,PUBLIC_P5MIN_202609232005_20260923200034.zip
2026-09-23 20:05:00,VIC1,2026-09-23 20:35:00,105.72744,6061.87,0,PUBLIC_P5MIN_202609232005_20260923200034.zip
2026-09-23 20:05:00,VIC1,2026-09-23 20:40:00,110.90063,6037.87,0,PUBLIC_P5MIN_202609232005_20260923200034.zip
2026-09-23 20:05:00,VIC1,2026-09-23 20:45:00,118.5,6012.87,0,PUBLIC_P5MIN_202609232005_20260923200034.zip
2026-09-23 20:05:00,VIC1,2026-09-23 20:50:00,115.47367,5984.87,0,PUBLIC_P5MIN_202609232005_20260923200034.zip
2026-09-23 20:05:00,VIC1,2026-09-23 20:55:00,110.027,5955.87,0,PUBLIC_P5MIN_202609232005_20260923200034.zip
2026-09-23 20:05:00,VIC1,2026-09-23 21:00:00,109.16172,5926.87,0,PUBLIC_P5MIN_202609232005_20260923200034.zip
2026-09-23 20:10:00,NSW1,2026-09-23 20:10:00,118.55024,8583.11,0,PUBLIC_P5MIN_202609232010_20260923200535.zip
2026-09-23 20:10:00,NSW1,2026-09-23 20:15:00,121.1,8569.11,0,PUBLIC_P5MIN_202609232010_20260923200535.zip
2026-09-23 20:10:00,NSW1,2026-09-23 20:20:00,121.6206,8553.11,0,PUBLIC_P5MIN_202609232010_20260923200535.zip
2026-09-23 20:10:00,NSW1,2026-09-23 20:25:00,121.1,8536.11,0,PUBLIC_P5MIN_202609232010_20260923200535.zip
2026-09-23 20:10:00,NSW1,2026-09-23 20:30:00,114.3141,8518.11,0,PUBLIC_P5MIN_202609232010_20260923200535.zip
2026-09-23 20:10:00,NSW1,2026-09-23 20:35:00,119.71036,8499.11,0,PUBLIC_P5MIN_202609232010_20260923200535.zip
2026-09-23 20:10:00,NSW1,2026-09-23 20:40:00,114.54,8476.11,0,PUBLIC_P5MIN_202609232010_20260923200535.zip
2026-09-23 20:10:00,NSW1,2026-09-23 20:45:00,121.1,8450.11,0,PUBLIC_P5MIN_202609232010_20260923200535.zip
2026-09-23 20:10:00,NSW1,2026-09-23 20:50:00,121.1,8422.11,0,PUBLIC_P5MIN_202609232010_20260923200535.zip
2026-09-23 20:10:00,NSW1,2026-09-23 20:55:00,121.1,8394.11,0,PUBLIC_P5MIN_202609232010_20260923200535.zip
2026-09-23 20:10:00,NSW1,2026-09-23 21:00:00,121.1,8364.11,0,PUBLIC_P5MIN_202609232010_20260923200535.zip
2026-09-23 20:10:00,NSW1,2026-09-23 21:05:00,122.15,8333.11,0,PUBLIC_P5MIN_202609232010_20260923200535.zip
2026-09-23 20:10:00,QLD1,2026-09-23 20:10:00,99.68,6824.57,0,PUBLIC_P5MIN_202609232010_20260923200535.zip
2026-09-23 20:10:00,QLD1,2026-09-23 20:15:00,96.70343,6815.57,0,PUBLIC_P5MIN_202609232010_20260923200535.zip
2026-09-23 20:10:00,QLD1,2026-09-23 20:20:00,97.11915,6808.57,0,PUBLIC_P5MIN_202609232010_20260923200535.zip
2026-09-23 20:10:00,QLD1,2026-09-23 20:25:00,96.70343,6803.57,0,PUBLIC_P5MIN_202609232010_20260923200535.zip
2026-09-23 20:10:00,QLD1,2026-09-23 20:30:00,91.2846,6799.57,0,PUBLIC_P5MIN_202609232010_20260923200535.zip
2026-09-23 20:10:00,QLD1,2026-09-23 20:35:00,94.99019,6798.57,0,PUBLIC_P5MIN_202609232010_20260923200535.zip
2026-09-23 20:10:00,QLD1,2026-09-23 20:40:00,90.43,6797.57,0,PUBLIC_P5MIN_202609232010_20260923200535.zip
2026-09-23 20:10:00,QLD1,2026-09-23 20:45:00,95.48618,6795.57,0,PUBLIC_P5MIN_202609232010_20260923200535.zip
2026-09-23 20:10:00,QLD1,2026-09-23 20:50:00,96.70343,6794.57,0,PUBLIC_P5MIN_202609232010_20260923200535.zip
2026-09-23 20:10:00,QLD1,2026-09-23 20:55:00,96.70343,6790.57,0,PUBLIC_P5MIN_202609232010_20260923200535.zip
2026-09-23 20:10:00,QLD1,2026-09-23 21:00:00,96.09287,6783.57,0,PUBLIC_P5MIN_202609232010_20260923200535.zip
2026-09-23 20:10:00,QLD1,2026-09-23 21:05:00,98.16169,6776.57,0,PUBLIC_P5MIN_202609232010_20260923200535.zip
2026-09-23 20:10:00,SA1,2026-09-23 20:10:00,111.38622,1522.89,0,PUBLIC_P5MIN_202609232010_20260923200535.zip
2026-09-23 20:10:00,SA1,2026-09-23 20:15:00,105.99,1519.89,0,PUBLIC_P5MIN_202609232010_20260923200535.zip
2026-09-23 20:10:00,SA1,2026-09-23 20:20:00,105.69,1516.89,0,PUBLIC_P5MIN_202609232010_20260923200535.zip
2026-09-23 20:10:00,SA1,2026-09-23 20:25:00,104.12921,1514.89,0,PUBLIC_P5MIN_202609232010_20260923200535.zip
2026-09-23 20:10:00,SA1,2026-09-23 20:30:00,101.02,1512.89,0,PUBLIC_P5MIN_202609232010_20260923200535.zip
2026-09-23 20:10:00,SA1,2026-09-23 20:35:00,104.58858,1509.89,0,PUBLIC_P5MIN_202609232010_20260923200535.zip
2026-09-23 20:10:00,SA1,2026-09-23 20:40:00,101.09143,1505.89,0,PUBLIC_P5MIN_202609232010_20260923200535.zip
2026-09-23 20:10:00,SA1,2026-09-23 20:45:00,103.82661,1500.89,0,PUBLIC_P5MIN_202609232010_20260923200535.zip
2026-09-23 20:10:00,SA1,2026-09-23 20:50:00,104.57456,1495.89,0,PUBLIC_P5MIN_202609232010_20260923200535.zip
2026-09-23 20:10:00,SA1,2026-09-23 20:55:00,104.57456,1491.89,0,PUBLIC_P5MIN_202609232010_20260923200535.zip
2026-09-23 20:10:00,SA1,2026-09-23 21:00:00,102.57293,1488.89,0,PUBLIC_P5MIN_202609232010_20260923200535.zip
2026-09-23 20:10:00,SA1,2026-09-23 21:05:00,102.17442,1485.89,0,PUBLIC_P5MIN_202609232010_20260923200535.zip
2026-09-23 20:10:00,TAS1,2026-09-23 20:10:00,107.48166,1240.88,0,PUBLIC_P5MIN_202609232010_20260923200535.zip
2026-09-23 20:10:00,TAS1,2026-09-23 20:15:00,103.99818,1237.88,0,PUBLIC_P5MIN_202609232010_20260923200535.zip
2026-09-23 20:10:00,TAS1,2026-09-23 20:20:00,103.99818,1234.88,0,PUBLIC_P5MIN_202609232010_20260923200535.zip
2026-09-23 20:10:00,TAS1,2026-09-23 20:25:00,102.73865,1231.88,0,PUBLIC_P5MIN_202609232010_20260923200535.zip
2026-09-23 20:10:00,TAS1,2026-09-23 20:30:00,97.45125,1228.88,0,PUBLIC_P5MIN_202609232010_20260923200535.zip
2026-09-23 20:10:00,TAS1,2026-09-23 20:35:00,103.67994,1224.88,0,PUBLIC_P5MIN_202609232010_20260923200535.zip
2026-09-23 20:10:00,TAS1,2026-09-23 20:40:00,100.79056,1220.88,0,PUBLIC_P5MIN_202609232010_20260923200535.zip
2026-09-23 20:10:00,TAS1,2026-09-23 20:45:00,104.05584,1216.88,0,PUBLIC_P5MIN_202609232010_20260923200535.zip
2026-09-23 20:10:00,TAS1,2026-09-23 20:50:00,104.56156,1212.88,0,PUBLIC_P5MIN_202609232010_20260923200535.zip
2026-09-23 20:10:00,TAS1,2026-09-23 20:55:00,104.56156,1208.88,0,PUBLIC_P5MIN_202609232010_20260923200535.zip
2026-09-23 20:10:00,TAS1,2026-09-23 21:00:00,103.3617,1204.88,0,PUBLIC_P5MIN_202609232010_20260923200535.zip
2026-09-23 20:10:00,TAS1,2026-09-23 21:05:00,103.99818,1200.88,0,PUBLIC_P5MIN_202609232010_20260923200535.zip
2026-09-23 20:10:00,VIC1,2026-09-23 20:10:00,115.03101,6163.47,0,PUBLIC_P5MIN_202609232010_20260923200535.zip
2026-09-23 20:10:00,VIC1,2026-09-23 20:15:00,110.5,6141.47,0,PUBLIC_P5MIN_202609232010_20260923200535.zip
2026-09-23 20:10:00,VIC1,2026-09-23 20:20:00,110.5,6118.47,0,PUBLIC_P5MIN_202609232010_20260923200535.zip
2026-09-23 20:10:00,VIC1,2026-09-23 20:25:00,109.16172,6093.47,0,PUBLIC_P5MIN_202609232010_20260923200535.zip
2026-09-23 20:10:00,VIC1,2026-09-23 20:30:00,103.86159,6070.47,0,PUBLIC_P5MIN_202609232010_20260923200535.zip
2026-09-23 20:10:00,VIC1,2026-09-23 20:35:00,110.5,6048.47,0,PUBLIC_P5MIN_202609232010_20260923200535.zip
2026-09-23 20:10:00,VIC1,2026-09-23 20:40:00,107.42056,6025.47,0,PUBLIC_P5MIN_202609232010_20260923200535.zip
2026-09-23 20:10:00,VIC1,2026-09-23 20:45:00,110.90063,6001.47,0,PUBLIC_P5MIN_202609232010_20260923200535.zip
2026-09-23 20:10:00,VIC1,2026-09-23 20:50:00,111.78272,5973.47,0,PUBLIC_P5MIN_202609232010_20260923200535.zip
2026-09-23 20:10:00,VIC1,2026-09-23 20:55:00,111.78272,5944.47,0,PUBLIC_P5MIN_202609232010_20260923200535.zip
2026-09-23 20:10:00,VIC1,2026-09-23 21:00:00,110.5,5914.47,0,PUBLIC_P5MIN_202609232010_20260923200535.zip
2026-09-23 20:10:00,VIC1,2026-09-23 21:05:00,110.5,5884.47,0,PUBLIC_P5MIN_202609232010_20260923200535.zip
2026-09-23 20:15:00,NSW1,2026-09-23 20:15:00,113.94,8551.83,0,PUBLIC_P5MIN_202609232015_20260923201034.zip
2026-09-23 20:15:00,NSW1,2026-09-23 20:20:00,121.1,8534.83,0,PUBLIC_P5MIN_202609232015_20260923201034.zip
2026-09-23 20:15:00,NSW1,2026-09-23 20:25:00,128.03032,8516.83,0,PUBLIC_P5MIN_202609232015_20260923201034.zip
2026-09-23 20:15:00,NSW1,2026-09-23 20:30:00,123.55469,8497.83,0,PUBLIC_P5MIN_202609232015_20260923201034.zip
2026-09-23 20:15:00,NSW1,2026-09-23 20:35:00,121.1,8477.83,0,PUBLIC_P5MIN_202609232015_20260923201034.zip
2026-09-23 20:15:00,NSW1,2026-09-23 20:40:00,113.5,8454.83,0,PUBLIC_P5MIN_202609232015_20260923201034.zip
2026-09-23 20:15:00,NSW1,2026-09-23 20:45:00,113.5,8428.83,0,PUBLIC_P5MIN_202609232015_20260923201034.zip
2026-09-23 20:15:00,NSW1,2026-09-23 20:50:00,121.1,8400.83,0,PUBLIC_P5MIN_202609232015_20260923201034.zip
2026-09-23 20:15:00,NSW1,2026-09-23 20:55:00,122.15,8372.83,0,PUBLIC_P5MIN_202609232015_20260923201034.zip
2026-09-23 20:15:00,NSW1,2026-09-23 21:00:00,122.15,8343.83,0,PUBLIC_P5MIN_202609232015_20260923201034.zip
2026-09-23 20:15:00,NSW1,2026-09-23 21:05:00,112.98,8313.83,0,PUBLIC_P5MIN_202609232015_20260923201034.zip
2026-09-23 20:15:00,NSW1,2026-09-23 21:10:00,112.98,8280.83,0,PUBLIC_P5MIN_202609232015_20260923201034.zip
2026-09-23 20:15:00,QLD1,2026-09-23 20:15:00,96.99205,6786.51,0,PUBLIC_P5MIN_202609232015_20260923201034.zip
2026-09-23 20:15:00,QLD1,2026-09-23 20:20:00,96.09287,6779.51,0,PUBLIC_P5MIN_202609232015_20260923201034.zip
2026-09-23 20:15:00,QLD1,2026-09-23 20:25:00,99.68,6774.51,0,PUBLIC_P5MIN_202609232015_20260923201034.zip
2026-09-23 20:15:00,QLD1,2026-09-23 20:30:00,97.42168,6770.51,0,PUBLIC_P5MIN_202609232015_20260923201034.zip
2026-09-23 20:15:00,QLD1,2026-09-23 20:35:00,95.48618,6769.51,0,PUBLIC_P5MIN_202609232015_20260923201034.zip
2026-09-23 20:15:00,QLD1,2026-09-23 20:40:00,90.06227,6768.51,0,PUBLIC_P5MIN_202609232015_20260923201034.zip
2026-09-23 20:15:00,QLD1,2026-09-23 20:45:00,89.49366,6766.51,0,PUBLIC_P5MIN_202609232015_20260923201034.zip
2026-09-23 20:15:00,QLD1,2026-09-23 20:50:00,93.3,6765.51,0,PUBLIC_P5MIN_202609232015_20260923201034.zip
2026-09-23 20:15:00,QLD1,2026-09-23 20:55:00,96.3141,6761.51,0,PUBLIC_P5MIN_202609232015_20260923201034.zip
2026-09-23 20:15:00,QLD1,2026-09-23 21:00:00,96.92604,6754.51,0,PUBLIC_P5MIN_202609232015_20260923201034.zip
2026-09-23 20:15:00,QLD1,2026-09-23 21:05:00,90.79253,6747.51,0,PUBLIC_P5MIN_202609232015_20260923201034.zip
2026-09-23 20:15:00,QLD1,2026-09-23 21:10:00,90.79253,6735.51,0,PUBLIC_P5MIN_202609232015_20260923201034.zip
2026-09-23 20:15:00,SA1,2026-09-23 20:15:00,103.89651,1532.28,0,PUBLIC_P5MIN_202609232015_20260923201034.zip
2026-09-23 20:15:00,SA1,2026-09-23 20:20:00,103.73639,1526.28,0,PUBLIC_P5MIN_202609232015_20260923201034.zip
2026-09-23 20:15:00,SA1,2026-09-23 20:25:00,109.23482,1522.28,0,PUBLIC_P5MIN_202609232015_20260923201034.zip
2026-09-23 20:15:00,SA1,2026-09-23 20:30:00,104.58858,1518.28,0,PUBLIC_P5MIN_202609232015_20260923201034.zip
2026-09-23 20:15:00,SA1,2026-09-23 20:35:00,104.15393,1513.28,0,PUBLIC_P5MIN_202609232015_20260923201034.zip
2026-09-23 20:15:00,SA1,2026-09-23 20:40:00,100.71836,1507.28,0,PUBLIC_P5MIN_202609232015_20260923201034.zip
2026-09-23 20:15:00,SA1,2026-09-23 20:45:00,100.71836,1501.28,0,PUBLIC_P5MIN_202609232015_20260923201034.zip
2026-09-23 20:15:00,SA1,2026-09-23 20:50:00,101.72586,1495.28,0,PUBLIC_P5MIN_202609232015_20260923201034.zip
2026-09-23 20:15:00,SA1,2026-09-23 20:55:00,102.20925,1491.28,0,PUBLIC_P5MIN_202609232015_20260923201034.zip
2026-09-23 20:15:00,SA1,2026-09-23 21:00:00,101.81215,1489.28,0,PUBLIC_P5MIN_202609232015_20260923201034.zip
2026-09-23 20:15:00,SA1,2026-09-23 21:05:00,99.09328,1487.28,0,PUBLIC_P5MIN_202609232015_20260923201034.zip
2026-09-23 20:15:00,SA1,2026-09-23 21:10:00,98.0,1483.28,0,PUBLIC_P5MIN_202609232015_20260923201034.zip
2026-09-23 20:15:00,TAS1,2026-09-23 20:15:00,102.53336,1236.97,0,PUBLIC_P5MIN_202609232015_20260923201034.zip
2026-09-23 20:15:00,TAS1,2026-09-23 20:20:00,103.55301,1233.97,0,PUBLIC_P5MIN_202609232015_20260923201034.zip
2026-09-23 20:15:00,TAS1,2026-09-23 20:25:00,108.61819,1230.97,0,PUBLIC_P5MIN_202609232015_20260923201034.zip
2026-09-23 20:15:00,TAS1,2026-09-23 20:30:00,103.67994,1227.97,0,PUBLIC_P5MIN_202609232015_20260923201034.zip
2026-09-23 20:15:00,TAS1,2026-09-23 20:35:00,104.05584,1224.97,0,PUBLIC_P5MIN_202609232015_20260923201034.zip
2026-09-23 20:15:00,TAS1,2026-09-23 20:40:00,98.30121,1220.97,0,PUBLIC_P5MIN_202609232015_20260923201034.zip
2026-09-23 20:15:00,TAS1,2026-09-23 20:45:00,98.30121,1216.97,0,PUBLIC_P5MIN_202609232015_20260923201034.zip
2026-09-23 20:15:00,TAS1,2026-09-23 20:50:00,102.10988,1212.97,0,PUBLIC_P5MIN_202609232015_20260923201034.zip
2026-09-23 20:15:00,TAS1,2026-09-23 20:55:00,102.99522,1208.97,0,PUBLIC_P5MIN_202609232015_20260923201034.zip
2026-09-23 20:15:00,TAS1,2026-09-23 21:00:00,102.99522,1204.97,0,PUBLIC_P5MIN_202609232015_20260923201034.zip
2026-09-23 20:15:00,TAS1,2026-09-23 21:05:00,97.85084,1199.97,0,PUBLIC_P5MIN_202609232015_20260923201034.zip
2026-09-23 20:15:00,TAS1,2026-09-23 21:10:00,97.07869,1195.97,0,PUBLIC_P5MIN_202609232015_20260923201034.zip
2026-09-23 20:15:00,VIC1,2026-09-23 20:15:00,109.73439,6157.11,0,PUBLIC_P5MIN_202609232015_20260923201034.zip
2026-09-23 20:15:00,VIC1,2026-09-23 20:20:00,110.027,6134.11,0,PUBLIC_P5MIN_202609232015_20260923201034.zip
2026-09-23 20:15:00,VIC1,2026-09-23 20:25:00,115.40884,6109.11,0,PUBLIC_P5MIN_202609232015_20260923201034.zip
2026-09-23 20:15:00,VIC1,2026-09-23 20:30:00,110.5,6086.11,0,PUBLIC_P5MIN_202609232015_20260923201034.zip
2026-09-23 20:15:00,VIC1,2026-09-23 20:35:00,110.90063,6064.11,0,PUBLIC_P5MIN_202609232015_20260923201034.zip
2026-09-23 20:15:00,VIC1,2026-09-23 20:40:00,104.76746,6041.11,0,PUBLIC_P5MIN_202609232015_20260923201034.zip
2026-09-23 20:15:00,VIC1,2026-09-23 20:45:00,104.76746,6017.11,0,PUBLIC_P5MIN_202609232015_20260923201034.zip
2026-09-23 20:15:00,VIC1,2026-09-23 20:50:00,109.16172,5989.11,0,PUBLIC_P5MIN_202609232015_20260923201034.zip
2026-09-23 20:15:00,VIC1,2026-09-23 20:55:00,110.10821,5960.11,0,PUBLIC_P5MIN_202609232015_20260923201034.zip
2026-09-23 20:15:00,VIC1,2026-09-23 21:00:00,110.10821,5930.11,0,PUBLIC_P5MIN_202609232015_20260923201034.zip
2026-09-23 20:15:00,VIC1,2026-09-23 21:05:00,104.28747,5900.11,0,PUBLIC_P5MIN_202609232015_20260923201034.zip
2026-09-23 20:15:00,VIC1,2026-09-23 21:10:00,103.46452,5869.11,0,PUBLIC_P5MIN_202609232015_20260923201034.zip
2026-09-23 20:20:00,NSW1,2026-09-23 20:20:00,113.5,8545.98,0,PUBLIC_P5MIN_202609232020_20260923201534.zip
2026-09-23 20:20:00,NSW1,2026-09-23 20:25:00,113.96343,8524.98,0,PUBLIC_P5MIN_202609232020_20260923201534.zip
2026-09-23 20:20:00,NSW1,2026-09-23 20:30:00,121.1,8502.98,0,PUBLIC_P5MIN_202609232020_20260923201534.zip
2026-09-23 20:20:00,NSW1,2026-09-23 20:35:00,121.1,8479.98,0,PUBLIC_P5MIN_202609232020_20260923201534.zip
2026-09-23 20:20:00,NSW1,2026-09-23 20:40:00,121.1,8453.98,0,PUBLIC_P5MIN_202609232020_20260923201534.zip
2026-09-23 20:20:00,NSW1,2026-09-23 20:45:00,121.1,8425.98,0,PUBLIC_P5MIN_202609232020_20260923201534.zip
2026-09-23 20:20:00,NSW1,2026-09-23 20:50:00,121.1,8395.98,0,PUBLIC_P5MIN_202609232020_20260923201534.zip
2026-09-23 20:20:00,NSW1,2026-09-23 20:55:00,121.1,8366.98,0,PUBLIC_P5MIN_202609232020_20260923201534.zip
2026-09-23 20:20:00,NSW1,2026-09-23 21:00:00,122.15,8336.98,0,PUBLIC_P5MIN_202609232020_20260923201534.zip
2026-09-23 20:20:00,NSW1,2026-09-23 21:05:00,122.15,8306.98,0,PUBLIC_P5MIN_202609232020_20260923201534.zip
2026-09-23 20:20:00,NSW1,2026-09-23 21:10:00,112.98,8274.98,0,PUBLIC_P5MIN_202609232020_20260923201534.zip
2026-09-23 20:20:00,NSW1,2026-09-23 21:15:00,109.46713,8239.98,0,PUBLIC_P5MIN_202609232020_20260923201534.zip
2026-09-23 20:20:00,QLD1,2026-09-23 20:20:00,96.56058,6758.68,0,PUBLIC_P5MIN_202609232020_20260923201534.zip
2026-09-23 20:20:00,QLD1,2026-09-23 20:25:00,90.43,6751.68,0,PUBLIC_P5MIN_202609232020_20260923201534.zip
2026-09-23 20:20:00,QLD1,2026-09-23 20:30:00,95.48618,6746.68,0,PUBLIC_P5MIN_202609232020_20260923201534.zip
2026-09-23 20:20:00,QLD1,2026-09-23 20:35:00,94.88334,6744.68,0,PUBLIC_P5MIN_202609232020_20260923201534.zip
2026-09-23 20:20:00,QLD1,2026-09-23 20:40:00,94.96384,6742.68,0,PUBLIC_P5MIN_202609232020_20260923201534.zip
2026-09-23 20:20:00,QLD1,2026-09-23 20:45:00,94.28429,6740.68,0,PUBLIC_P5MIN_202609232020_20260923201534.zip
2026-09-23 20:20:00,QLD1,2026-09-23 20:50:00,95.48618,6738.68,0,PUBLIC_P5MIN_202609232020_20260923201534.zip
2026-09-23 20:20:00,QLD1,2026-09-23 20:55:00,93.21,6734.68,0,PUBLIC_P5MIN_202609232020_20260923201534.zip
2026-09-23 20:20:00,QLD1,2026-09-23 21:00:00,96.3141,6727.68,0,PUBLIC_P5MIN_202609232020_20260923201534.zip
2026-09-23 20:20:00,QLD1,2026-09-23 21:05:00,97.5419,6720.68,0,PUBLIC_P5MIN_202609232020_20260923201534.zip
2026-09-23 20:20:00,QLD1,2026-09-23 21:10:00,90.21927,6709.68,0,PUBLIC_P5MIN_202609232020_20260923201534.zip
2026-09-23 20:20:00,QLD1,2026-09-23 21:15:00,86.86219,6690.68,0,PUBLIC_P5MIN_202609232020_20260923201534.zip
2026-09-23 20:20:00,SA1,2026-09-23 20:20:00,104.28045,1559.56,0,PUBLIC_P5MIN_202609232020_20260923201534.zip
2026-09-23 20:20:00,SA1,2026-09-23 20:25:00,101.02,1554.56,0,PUBLIC_P5MIN_202609232020_20260923201534.zip
2026-09-23 20:20:00,SA1,2026-09-23 20:30:00,102.92058,1550.56,0,PUBLIC_P5MIN_202609232020_20260923201534.zip
2026-09-23 20:20:00,SA1,2026-09-23 20:35:00,105.39173,1545.56,0,PUBLIC_P5MIN_202609232020_20260923201534.zip
2026-09-23 20:20:00,SA1,2026-09-23 20:40:00,106.23149,1539.56,0,PUBLIC_P5MIN_202609232020_20260923201534.zip
2026-09-23 20:20:00,SA1,2026-09-23 20:45:00,104.15393,1533.56,0,PUBLIC_P5MIN_202609232020_20260923201534.zip
2026-09-23 20:20:00,SA1,2026-09-23 20:50:00,103.37455,1527.56,0,PUBLIC_P5MIN_202609232020_20260923201534.zip
2026-09-23 20:20:00,SA1,2026-09-23 20:55:00,102.97297,1523.56,0,PUBLIC_P5MIN_202609232020_20260923201534.zip
2026-09-23 20:20:00,SA1,2026-09-23 21:00:00,102.57293,1520.56,0,PUBLIC_P5MIN_202609232020_20260923201534.zip
2026-09-23 20:20:00,SA1,2026-09-23 21:05:00,103.8516,1517.56,0,PUBLIC_P5MIN_202609232020_20260923201534.zip
2026-09-23 20:20:00,SA1,2026-09-23 21:10:00,99.88286,1513.56,0,PUBLIC_P5MIN_202609232020_20260923201534.zip
2026-09-23 20:20:00,SA1,2026-09-23 21:15:00,97.15456,1508.56,0,PUBLIC_P5MIN_202609232020_20260923201534.zip
2026-09-23 20:20:00,TAS1,2026-09-23 20:20:00,102.33481,1232.55,0,PUBLIC_P5MIN_202609232020_20260923201534.zip
2026-09-23 20:20:00,TAS1,2026-09-23 20:25:00,98.51413,1229.55,0,PUBLIC_P5MIN_202609232020_20260923201534.zip
2026-09-23 20:20:00,TAS1,2026-09-23 20:30:00,102.42426,1226.55,0,PUBLIC_P5MIN_202609232020_20260923201534.zip
2026-09-23 20:20:00,TAS1,2026-09-23 20:35:00,104.88349,1223.55,0,PUBLIC_P5MIN_202609232020_20260923201534.zip
2026-09-23 20:20:00,TAS1,2026-09-23 20:40:00,105.71921,1220.55,0,PUBLIC_P5MIN_202609232020_20260923201534.zip
2026-09-23 20:20:00,TAS1,2026-09-23 20:45:00,104.05584,1216.55,0,PUBLIC_P5MIN_202609232020_20260923201534.zip
2026-09-23 20:20:00,TAS1,2026-09-23 20:50:00,103.3617,1212.55,0,PUBLIC_P5MIN_202609232020_20260923201534.zip
2026-09-23 20:20:00,TAS1,2026-09-23 20:55:00,103.3617,1208.55,0,PUBLIC_P5MIN_202609232020_20260923201534.zip
2026-09-23 20:20:00,TAS1,2026-09-23 21:00:00,103.3617,1204.55,0,PUBLIC_P5MIN_202609232020_20260923201534.zip
2026-09-23 20:20:00,TAS1,2026-09-23 21:05:00,106.11761,1200.55,0,PUBLIC_P5MIN_202609232020_20260923201534.zip
2026-09-23 20:20:00,TAS1,2026-09-23 21:10:00,98.63052,1195.55,0,PUBLIC_P5MIN_202609232020_20260923201534.zip
2026-09-23 20:20:00,TAS1,2026-09-23 21:15:00,95.56382,1191.55,0,PUBLIC_P5MIN_202609232020_20260923201534.zip
2026-09-23 20:20:00,VIC1,2026-09-23 20:20:00,109.53223,6201.93,0,PUBLIC_P5MIN_202609232020_20260923201534.zip
2026-09-23 20:20:00,VIC1,2026-09-23 20:25:00,104.6731,6176.93,0,PUBLIC_P5MIN_202609232020_20260923201534.zip
2026-09-23 20:20:00,VIC1,2026-09-23 20:30:00,109.16172,6153.93,0,PUBLIC_P5MIN_202609232020_20260923201534.zip
2026-09-23 20:20:00,VIC1,2026-09-23 20:35:00,111.78272,6131.93,0,PUBLIC_P5MIN_202609232020_20260923201534.zip
2026-09-23 20:20:00,VIC1,2026-09-23 20:40:00,112.67341,6107.93,0,PUBLIC_P5MIN_202609232020_20260923201534.zip
2026-09-23 20:20:00,VIC1,2026-09-23 20:45:00,110.90063,6082.93,0,PUBLIC_P5MIN_202609232020_20260923201534.zip
2026-09-23 20:20:00,VIC1,2026-09-23 20:50:00,110.5,6053.93,0,PUBLIC_P5MIN_202609232020_20260923201534.zip
2026-09-23 20:20:00,VIC1,2026-09-23 20:55:00,110.5,6023.93,0,PUBLIC_P5MIN_202609232020_20260923201534.zip
2026-09-23 20:20:00,VIC1,2026-09-23 21:00:00,110.5,5992.93,0,PUBLIC_P5MIN_202609232020_20260923201534.zip
2026-09-23 20:20:00,VIC1,2026-09-23 21:05:00,112.75194,5961.93,0,PUBLIC_P5MIN_202609232020_20260923201534.zip
2026-09-23 20:20:00,VIC1,2026-09-23 21:10:00,105.11843,5928.93,0,PUBLIC_P5MIN_202609232020_20260923201534.zip
2026-09-23 20:20:00,VIC1,2026-09-23 21:15:00,101.85,5893.93,0,PUBLIC_P5MIN_202609232020_20260923201534.zip
2026-09-23 20:25:00,NSW1,2026-09-23 20:25:00,121.1,8489.84,0,PUBLIC_P5MIN_202609232025_20260923202034.zip
2026-09-23 20:25:00,NSW1,2026-09-23 20:30:00,122.15,8469.84,0,PUBLIC_P5MIN_202609232025_20260923202034.zip
2026-09-23 20:25:00,NSW1,2026-09-23 20:35:00,126.64767,8448.84,0,PUBLIC_P5MIN_202609232025_20260923202034.zip
2026-09-23 20:25:00,NSW1,2026-09-23 20:40:00,128.8438,8424.84,0,PUBLIC_P5MIN_202609232025_20260923202034.zip
2026-09-23 20:25:00,NSW1,2026-09-23 20:45:00,122.15,8397.84,0,PUBLIC_P5MIN_202609232025_20260923202034.zip
2026-09-23 20:25:00,NSW1,2026-09-23 20:50:00,128.03032,8369.84,0,PUBLIC_P5MIN_202609232025_20260923202034.zip
2026-09-23 20:25:00,NSW1,2026-09-23 20:55:00,122.58463,8341.84,0,PUBLIC_P5MIN_202609232025_20260923202034.zip
2026-09-23 20:25:00,NSW1,2026-09-23 21:00:00,122.15,8312.84,0,PUBLIC_P5MIN_202609232025_20260923202034.zip
2026-09-23 20:25:00,NSW1,2026-09-23 21:05:00,127.3516,8283.84,0,PUBLIC_P5MIN_202609232025_20260923202034.zip
2026-09-23 20:25:00,NSW1,2026-09-23 21:10:00,124.82751,8251.84,0,PUBLIC_P5MIN_202609232025_20260923202034.zip
2026-09-23 20:25:00,NSW1,2026-09-23 21:15:00,112.98,8217.84,0,PUBLIC_P5MIN_202609232025_20260923202034.zip
2026-09-23 20:25:00,NSW1,2026-09-23 21:20:00,106.75707,8184.84,0,PUBLIC_P5MIN_202609232025_20260923202034.zip
2026-09-23 20:25:00,QLD1,2026-09-23 20:25:00,99.68,6769.42,0,PUBLIC_P5MIN_202609232025_20260923202034.zip
2026-09-23 20:25:00,QLD1,2026-09-23 20:30:00,95.78722,6763.42,0,PUBLIC_P5MIN_202609232025_20260923202034.zip
2026-09-23 20:25:00,QLD1,2026-09-23 20:35:00,99.23,6760.42,0,PUBLIC_P5MIN_202609232025_20260923202034.zip
2026-09-23 20:25:00,QLD1,2026-09-23 20:40:00,99.68,6757.42,0,PUBLIC_P5MIN_202609232025_20260923202034.zip
2026-09-23 20:25:00,QLD1,2026-09-23 20:45:00,95.70602,6754.42,0,PUBLIC_P5MIN_202609232025_20260923202034.zip
2026-09-23 20:25:00,QLD1,2026-09-23 20:50:00,99.68,6752.42,0,PUBLIC_P5MIN_202609232025_20260923202034.zip
2026-09-23 20:25:00,QLD1,2026-09-23 20:55:00,96.6568,6747.42,0,PUBLIC_P5MIN_202609232025_20260923202034.zip
2026-09-23 20:25:00,QLD1,2026-09-23 21:00:00,96.92604,6740.42,0,PUBLIC_P5MIN_202609232025_20260923202034.zip
2026-09-23 20:25:00,QLD1,2026-09-23 21:05:00,99.68,6734.42,0,PUBLIC_P5MIN_202609232025_20260923202034.zip
2026-09-23 20:25:00,QLD1,2026-09-23 21:10:00,99.68,6723.42,0,PUBLIC_P5MIN_202609232025_20260923202034.zip
2026-09-23 20:25:00,QLD1,2026-09-23 21:15:00,90.79253,6705.42,0,PUBLIC_P5MIN_202609232025_20260923202034.zip
2026-09-23 20:25:00,QLD1,2026-09-23 21:20:00,85.25,6681.42,0,PUBLIC_P5MIN_202609232025_20260923202034.zip
2026-09-23 20:25:00,SA1,2026-09-23 20:25:00,109.57615,1533.45,0,PUBLIC_P5MIN_202609232025_20260923202034.zip
2026-09-23 20:25:00,SA1,2026-09-23 20:30:00,103.08474,1530.45,0,PUBLIC_P5MIN_202609232025_20260923202034.zip
2026-09-23 20:25:00,SA1,2026-09-23 20:35:00,107.22926,1526.45,0,PUBLIC_P5MIN_202609232025_20260923202034.zip
2026-09-23 20:25:00,SA1,2026-09-23 20:40:00,109.95485,1521.45,0,PUBLIC_P5MIN_202609232025_20260923202034.zip
2026-09-23 20:25:00,SA1,2026-09-23 20:45:00,104.24238,1515.45,0,PUBLIC_P5MIN_202609232025_20260923202034.zip
2026-09-23 20:25:00,SA1,2026-09-23 20:50:00,107.97879,1510.45,0,PUBLIC_P5MIN_202609232025_20260923202034.zip
2026-09-23 20:25:00,SA1,2026-09-23 20:55:00,102.57293,1506.45,0,PUBLIC_P5MIN_202609232025_20260923202034.zip
2026-09-23 20:25:00,SA1,2026-09-23 21:00:00,102.17442,1504.45,0,PUBLIC_P5MIN_202609232025_20260923202034.zip
2026-09-23 20:25:00,SA1,2026-09-23 21:05:00,109.13672,1501.45,0,PUBLIC_P5MIN_202609232025_20260923202034.zip
2026-09-23 20:25:00,SA1,2026-09-23 21:10:00,105.71562,1496.45,0,PUBLIC_P5MIN_202609232025_20260923202034.zip
2026-09-23 20:25:00,SA1,2026-09-23 21:15:00,98.72349,1491.45,0,PUBLIC_P5MIN_202609232025_20260923202034.zip
2026-09-23 20:25:00,SA1,2026-09-23 21:20:00,94.5,1486.45,0,PUBLIC_P5MIN_202609232025_20260923202034.zip
2026-09-23 20:25:00,TAS1,2026-09-23 20:25:00,106.98958,1227.25,0,PUBLIC_P5MIN_202609232025_20260923202034.zip
2026-09-23 20:25:00,TAS1,2026-09-23 20:30:00,103.31233,1224.25,0,PUBLIC_P5MIN_202609232025_20260923202034.zip
2026-09-23 20:25:00,TAS1,2026-09-23 20:35:00,107.96545,1221.25,0,PUBLIC_P5MIN_202609232025_20260923202034.zip
2026-09-23 20:25:00,TAS1,2026-09-23 20:40:00,110.70975,1217.25,0,PUBLIC_P5MIN_202609232025_20260923202034.zip
2026-09-23 20:25:00,TAS1,2026-09-23 20:45:00,104.6359,1213.25,0,PUBLIC_P5MIN_202609232025_20260923202034.zip
2026-09-23 20:25:00,TAS1,2026-09-23 20:50:00,108.80913,1209.25,0,PUBLIC_P5MIN_202609232025_20260923202034.zip
2026-09-23 20:25:00,TAS1,2026-09-23 20:55:00,103.3617,1205.25,0,PUBLIC_P5MIN_202609232025_20260923202034.zip
2026-09-23 20:25:00,TAS1,2026-09-23 21:00:00,103.04346,1201.25,0,PUBLIC_P5MIN_202609232025_20260923202034.zip
2026-09-23 20:25:00,TAS1,2026-09-23 21:05:00,111.1768,1197.25,0,PUBLIC_P5MIN_202609232025_20260923202034.zip
2026-09-23 20:25:00,TAS1,2026-09-23 21:10:00,108.11185,1193.25,0,PUBLIC_P5MIN_202609232025_20260923202034.zip
2026-09-23 20:25:00,TAS1,2026-09-23 21:15:00,98.63052,1189.25,0,PUBLIC_P5MIN_202609232025_20260923202034.zip
2026-09-23 20:25:00,TAS1,2026-09-23 21:20:00,92.91189,1185.25,0,PUBLIC_P5MIN_202609232025_20260923202034.zip
2026-09-23 20:25:00,VIC1,2026-09-23 20:25:00,114.8698,6196.73,0,PUBLIC_P5MIN_202609232025_20260923202034.zip
2026-09-23 20:25:00,VIC1,2026-09-23 20:30:00,110.10821,6178.73,0,PUBLIC_P5MIN_202609232025_20260923202034.zip
2026-09-23 20:25:00,VIC1,2026-09-23 20:35:00,115.06741,6161.73,0,PUBLIC_P5MIN_202609232025_20260923202034.zip
2026-09-23 20:25:00,VIC1,2026-09-23 20:40:00,117.99223,6142.73,0,PUBLIC_P5MIN_202609232025_20260923202034.zip
2026-09-23 20:25:00,VIC1,2026-09-23 20:45:00,111.8622,6121.73,0,PUBLIC_P5MIN_202609232025_20260923202034.zip
2026-09-23 20:25:00,VIC1,2026-09-23 20:50:00,116.32364,6095.73,0,PUBLIC_P5MIN_202609232025_20260923202034.zip
2026-09-23 20:25:00,VIC1,2026-09-23 20:55:00,110.5,6067.73,0,PUBLIC_P5MIN_202609232025_20260923202034.zip
2026-09-23 20:25:00,VIC1,2026-09-23 21:00:00,110.5,6038.73,0,PUBLIC_P5MIN_202609232025_20260923202034.zip
2026-09-23 20:25:00,VIC1,2026-09-23 21:05:00,118.49,6007.73,0,PUBLIC_P5MIN_202609232025_20260923202034.zip
2026-09-23 20:25:00,VIC1,2026-09-23 21:10:00,115.22344,5974.73,0,PUBLIC_P5MIN_202609232025_20260923202034.zip
2026-09-23 20:25:00,VIC1,2026-09-23 21:15:00,105.11843,5937.73,0,PUBLIC_P5MIN_202609232025_20260923202034.zip
2026-09-23 20:25:00,VIC1,2026-09-23 21:20:00,99.32852,5901.73,0,PUBLIC_P5MIN_202609232025_20260923202034.zip
2026-09-23 20:30:00,NSW1,2026-09-23 20:30:00,121.1,8489.59,0,PUBLIC_P5MIN_202609232030_20260923202534.zip
2026-09-23 20:30:00,NSW1,2026-09-23 20:35:00,122.15,8464.59,0,PUBLIC_P5MIN_202609232030_20260923202534.zip
2026-09-23 20:30:00,NSW1,2026-09-23 20:40:00,122.15,8436.59,0,PUBLIC_P5MIN_202609232030_20260923202534.zip
2026-09-23 20:30:00,NSW1,2026-09-23 20:45:00,126.64767,8406.59,0,PUBLIC_P5MIN_202609232030_20260923202534.zip
2026-09-23 20:30:00,NSW1,2026-09-23 20:50:00,128.8438,8375.59,0,PUBLIC_P5MIN_202609232030_20260923202534.zip
2026-09-23 20:30:00,NSW1,2026-09-23 20:55:00,128.03032,8345.59,0,PUBLIC_P5MIN_202609232030_20260923202534.zip
2026-09-23 20:30:00,NSW1,2026-09-23 21:00:00,122.58463,8314.59,0,PUBLIC_P5MIN_202609232030_20260923202534.zip
2026-09-23 20:30:00,NSW1,2026-09-23 21:05:00,126.41879,8284.59,0,PUBLIC_P5MIN_202609232030_20260923202534.zip
2026-09-23 20:30:00,NSW1,2026-09-23 21:10:00,125.62064,8252.59,0,PUBLIC_P5MIN_202609232030_20260923202534.zip
2026-09-23 20:30:00,NSW1,2026-09-23 21:15:00,112.98,8218.59,0,PUBLIC_P5MIN_202609232030_20260923202534.zip
2026-09-23 20:30:00,NSW1,2026-09-23 21:20:00,112.98,8187.59,0,PUBLIC_P5MIN_202609232030_20260923202534.zip
2026-09-23 20:30:00,NSW1,2026-09-23 21:25:00,106.08301,8154.59,0,PUBLIC_P5MIN_202609232030_20260923202534.zip
2026-09-23 20:30:00,QLD1,2026-09-23 20:30:00,99.68,6768.06,0,PUBLIC_P5MIN_202609232030_20260923202534.zip
2026-09-23 20:30:00,QLD1,2026-09-23 20:35:00,95.70602,6764.06,0,PUBLIC_P5MIN_202609232030_20260923202534.zip
2026-09-23 20:30:00,QLD1,2026-09-23 20:40:00,96.3141,6760.06,0,PUBLIC_P5MIN_202609232030_20260923202534.zip
2026-09-23 20:30:00,QLD1,2026-09-23 20:45:00,99.23,6756.06,0,PUBLIC_P5MIN_202609232030_20260923202534.zip
2026-09-23 20:30:00,QLD1,2026-09-23 20:50:00,99.68,6753.06,0,PUBLIC_P5MIN_202609232030_20260923202534.zip
2026-09-23 20:30:00,QLD1,2026-09-23 20:55:00,99.68,6748.06,0,PUBLIC_P5MIN_202609232030_20260923202534.zip
2026-09-23 20:30:00,QLD1,2026-09-23 21:00:00,97.88897,6741.06,0,PUBLIC_P5MIN_202609232030_20260923202534.zip
2026-09-23 20:30:00,QLD1,2026-09-23 21:05:00,99.68,6735.06,0,PUBLIC_P5MIN_202609232030_20260923202534.zip
2026-09-23 20:30:00,QLD1,2026-09-23 21:10:00,99.68,6724.06,0,PUBLIC_P5MIN_202609232030_20260923202534.zip
2026-09-23 20:30:00,QLD1,2026-09-23 21:15:00,91.36949,6707.06,0,PUBLIC_P5MIN_202609232030_20260923202534.zip
2026-09-23 20:30:00,QLD1,2026-09-23 21:20:00,90.79253,6684.06,0,PUBLIC_P5MIN_202609232030_20260923202534.zip
2026-09-23 20:30:00,QLD1,2026-09-23 21:25:00,85.25,6657.06,0,PUBLIC_P5MIN_202609232030_20260923202534.zip
2026-09-23 20:30:00,SA1,2026-09-23 20:30:00,108.79025,1540.02,0,PUBLIC_P5MIN_202609232030_20260923202534.zip
2026-09-23 20:30:00,SA1,2026-09-23 20:35:00,103.40972,1536.02,0,PUBLIC_P5MIN_202609232030_20260923202534.zip
2026-09-23 20:30:00,SA1,2026-09-23 20:40:00,103.41,1531.02,0,PUBLIC_P5MIN_202609232030_20260923202534.zip
2026-09-23 20:30:00,SA1,2026-09-23 20:45:00,107.64743,1526.02,0,PUBLIC_P5MIN_202609232030_20260923202534.zip
2026-09-23 20:30:00,SA1,2026-09-23 20:50:00,109.5141,1521.02,0,PUBLIC_P5MIN_202609232030_20260923202534.zip
2026-09-23 20:30:00,SA1,2026-09-23 20:55:00,108.82266,1518.02,0,PUBLIC_P5MIN_202609232030_20260923202534.zip
2026-09-23 20:30:00,SA1,2026-09-23 21:00:00,102.17442,1516.02,0,PUBLIC_P5MIN_202609232030_20260923202534.zip
2026-09-23 20:30:00,SA1,2026-09-23 21:05:00,106.63277,1514.02,0,PUBLIC_P5MIN_202609232030_20260923202534.zip
2026-09-23 20:30:00,SA1,2026-09-23 21:10:00,107.21893,1510.02,0,PUBLIC_P5MIN_202609232030_20260923202534.zip
2026-09-23 20:30:00,SA1,2026-09-23 21:15:00,100.44,1505.02,0,PUBLIC_P5MIN_202609232030_20260923202534.zip
2026-09-23 20:30:00,SA1,2026-09-23 21:20:00,100.44,1500.02,0,PUBLIC_P5MIN_202609232030_20260923202534.zip
2026-09-23 20:30:00,SA1,2026-09-23 21:25:00,94.5,1495.02,0,PUBLIC_P5MIN_202609232030_20260923202534.zip
2026-09-23 20:30:00,TAS1,2026-09-23 20:30:00,106.12983,1220.61,0,PUBLIC_P5MIN_202609232030_20260923202534.zip
2026-09-23 20:30:00,TAS1,2026-09-23 20:35:00,103.31233,1216.61,0,PUBLIC_P5MIN_202609232030_20260923202534.zip
2026-09-23 20:30:00,TAS1,2026-09-23 20:40:00,103.3617,1212.61,0,PUBLIC_P5MIN_202609232030_20260923202534.zip
2026-09-23 20:30:00,TAS1,2026-09-23 20:45:00,107.63405,1208.61,0,PUBLIC_P5MIN_202609232030_20260923202534.zip
2026-09-23 20:30:00,TAS1,2026-09-23 20:50:00,109.50049,1204.61,0,PUBLIC_P5MIN_202609232030_20260923202534.zip
2026-09-23 20:30:00,TAS1,2026-09-23 20:55:00,108.47412,1200.61,0,PUBLIC_P5MIN_202609232030_20260923202534.zip
2026-09-23 20:30:00,TAS1,2026-09-23 21:00:00,103.04346,1196.61,0,PUBLIC_P5MIN_202609232030_20260923202534.zip
2026-09-23 20:30:00,TAS1,2026-09-23 21:05:00,108.62604,1191.61,0,PUBLIC_P5MIN_202609232030_20260923202534.zip
2026-09-23 20:30:00,TAS1,2026-09-23 21:10:00,108.79878,1187.61,0,PUBLIC_P5MIN_202609232030_20260923202534.zip
2026-09-23 20:30:00,TAS1,2026-09-23 21:15:00,99.90528,1183.61,0,PUBLIC_P5MIN_202609232030_20260923202534.zip
2026-09-23 20:30:00,TAS1,2026-09-23 21:20:00,99.11267,1179.61,0,PUBLIC_P5MIN_202609232030_20260923202534.zip
2026-09-23 20:30:00,TAS1,2026-09-23 21:25:00,92.6674,1175.61,0,PUBLIC_P5MIN_202609232030_20260923202534.zip
2026-09-23 20:30:00,VIC1,2026-09-23 20:30:00,113.93838,6141.63,0,PUBLIC_P5MIN_202609232030_20260923202534.zip
2026-09-23 20:30:00,VIC1,2026-09-23 20:35:00,110.10821,6126.63,0,PUBLIC_P5MIN_202609232030_20260923202534.zip
2026-09-23 20:30:00,VIC1,2026-09-23 20:40:00,110.5,6109.63,0,PUBLIC_P5MIN_202609232030_20260923202534.zip
2026-09-23 20:30:00,VIC1,2026-09-23 20:45:00,115.06741,6090.63,0,PUBLIC_P5MIN_202609232030_20260923202534.zip
2026-09-23 20:30:00,VIC1,2026-09-23 20:50:00,117.06274,6066.63,0,PUBLIC_P5MIN_202609232030_20260923202534.zip
2026-09-23 20:30:00,VIC1,2026-09-23 20:55:00,116.32364,6040.63,0,PUBLIC_P5MIN_202609232030_20260923202534.zip
2026-09-23 20:30:00,VIC1,2026-09-23 21:00:00,110.5,6012.63,0,PUBLIC_P5MIN_202609232030_20260923202534.zip
2026-09-23 20:30:00,VIC1,2026-09-23 21:05:00,115.77146,5982.63,0,PUBLIC_P5MIN_202609232030_20260923202534.zip
2026-09-23 20:30:00,VIC1,2026-09-23 21:10:00,115.95555,5949.63,0,PUBLIC_P5MIN_202609232030_20260923202534.zip
2026-09-23 20:30:00,VIC1,2026-09-23 21:15:00,106.80487,5912.63,0,PUBLIC_P5MIN_202609232030_20260923202534.zip
2026-09-23 20:30:00,VIC1,2026-09-23 21:20:00,105.95752,5876.63,0,PUBLIC_P5MIN_202609232030_20260923202534.zip
2026-09-23 20:30:00,VIC1,2026-09-23 21:25:00,99.06714,5840.63,0,PUBLIC_P5MIN_202609232030_20260923202534.zip
2026-09-23 20:35:00,NSW1,2026-09-23 20:35:00,119.01,8425.35,0,PUBLIC_P5MIN_202609232035_20260923203033.zip
2026-09-23 20:35:00,NSW1,2026-09-23 20:40:00,121.1,8398.35,0,PUBLIC_P5MIN_202609232035_20260923203033.zip
2026-09-23 20:35:00,NSW1,2026-09-23 20:45:00,121.1,8369.35,0,PUBLIC_P5MIN_202609232035_20260923203033.zip
2026-09-23 20:35:00,NSW1,2026-09-23 20:50:00,121.1,8338.35,0,PUBLIC_P5MIN_202609232035_20260923203033.zip
2026-09-23 20:35:00,NSW1,2026-09-23 20:55:00,121.1,8308.35,0,PUBLIC_P5MIN_202609232035_20260923203033.zip
2026-09-23 20:35:00,NSW1,2026-09-23 21:00:00,121.1,8278.35,0,PUBLIC_P5MIN_202609232035_20260923203033.zip
2026-09-23 20:35:00,NSW1,2026-09-23 21:05:00,115.06241,8248.35,0,PUBLIC_P5MIN_202609232035_20260923203033.zip
2026-09-23 20:35:00,NSW1,2026-09-23 21:10:00,114.63856,8216.35,0,PUBLIC_P5MIN_202609232035_20260923203033.zip
2026-09-23 20:35:00,NSW1,2026-09-23 21:15:00,124.03934,8182.35,0,PUBLIC_P5MIN_202609232035_20260923203033.zip
2026-09-23 20:35:00,NSW1,2026-09-23 21:20:00,122.15,8150.35,0,PUBLIC_P5MIN_202609232035_20260923203033.zip
2026-09-23 20:35:00,NSW1,2026-09-23 21:25:00,112.98,8117.35,0,PUBLIC_P5MIN_202609232035_20260923203033.zip
2026-09-23 20:35:00,NSW1,2026-09-23 21:30:00,109.97241,8086.35,0,PUBLIC_P5MIN_202609232035_20260923203033.zip
2026-09-23 20:35:00,QLD1,2026-09-23 20:35:00,99.23,6783.68,0,PUBLIC_P5MIN_202609232035_20260923203033.zip
2026-09-23 20:35:00,QLD1,2026-09-23 20:40:00,94.96384,6777.68,0,PUBLIC_P5MIN_202609232035_20260923203033.zip
2026-09-23 20:35:00,QLD1,2026-09-23 20:45:00,95.48618,6772.68,0,PUBLIC_P5MIN_202609232035_20260923203033.zip
2026-09-23 20:35:00,QLD1,2026-09-23 20:50:00,96.30173,6768.68,0,PUBLIC_P5MIN_202609232035_20260923203033.zip
2026-09-23 20:35:00,QLD1,2026-09-23 20:55:00,96.09287,6762.68,0,PUBLIC_P5MIN_202609232035_20260923203033.zip
2026-09-23 20:35:00,QLD1,2026-09-23 21:00:00,96.70343,6754.68,0,PUBLIC_P5MIN_202609232035_20260923203033.zip
2026-09-23 20:35:00,QLD1,2026-09-23 21:05:00,93.3,6747.68,0,PUBLIC_P5MIN_202609232035_20260923203033.zip
2026-09-23 20:35:00,QLD1,2026-09-23 21:10:00,93.3,6736.68,0,PUBLIC_P5MIN_202609232035_20260923203033.zip
2026-09-23 20:35:00,QLD1,2026-09-23 21:15:00,99.68,6719.68,0,PUBLIC_P5MIN_202609232035_20260923203033.zip
2026-09-23 20:35:00,QLD1,2026-09-23 21:20:00,98.78547,6696.68,0,PUBLIC_P5MIN_202609232035_20260923203033.zip
2026-09-23 20:35:00,QLD1,2026-09-23 21:25:00,91.36949,6670.68,0,PUBLIC_P5MIN_202609232035_20260923203033.zip
2026-09-23 20:35:00,QLD1,2026-09-23 21:30:00,88.37559,6641.68,0,PUBLIC_P5MIN_202609232035_20260923203033.zip
2026-09-23 20:35:00,SA1,2026-09-23 20:35:00,112.25301,1545.62,0,PUBLIC_P5MIN_202609232035_20260923203033.zip
2026-09-23 20:35:00,SA1,2026-09-23 20:40:00,103.37455,1539.62,0,PUBLIC_P5MIN_202609232035_20260923203033.zip
2026-09-23 20:35:00,SA1,2026-09-23 20:45:00,101.13143,1533.62,0,PUBLIC_P5MIN_202609232035_20260923203033.zip
2026-09-23 20:35:00,SA1,2026-09-23 20:50:00,102.97297,1527.62,0,PUBLIC_P5MIN_202609232035_20260923203033.zip
2026-09-23 20:35:00,SA1,2026-09-23 20:55:00,102.97297,1522.62,0,PUBLIC_P5MIN_202609232035_20260923203033.zip
2026-09-23 20:35:00,SA1,2026-09-23 21:00:00,102.57293,1519.62,0,PUBLIC_P5MIN_202609232035_20260923203033.zip
2026-09-23 20:35:00,SA1,2026-09-23 21:05:00,101.02,1516.62,0,PUBLIC_P5MIN_202609232035_20260923203033.zip
2026-09-23 20:35:00,SA1,2026-09-23 21:10:00,101.04,1511.62,0,PUBLIC_P5MIN_202609232035_20260923203033.zip
2026-09-23 20:35:00,SA1,2026-09-23 21:15:00,105.86926,1506.62,0,PUBLIC_P5MIN_202609232035_20260923203033.zip
2026-09-23 20:35:00,SA1,2026-09-23 21:20:00,101.82325,1501.62,0,PUBLIC_P5MIN_202609232035_20260923203033.zip
2026-09-23 20:35:00,SA1,2026-09-23 21:25:00,100.44,1496.62,0,PUBLIC_P5MIN_202609232035_20260923203033.zip
2026-09-23 20:35:00,SA1,2026-09-23 21:30:00,98.0,1491.62,0,PUBLIC_P5MIN_202609232035_20260923203033.zip
2026-09-23 20:35:00,TAS1,2026-09-23 20:35:00,109.46359,1223.1,0,PUBLIC_P5MIN_202609232035_20260923203033.zip
2026-09-23 20:35:00,TAS1,2026-09-23 20:40:00,103.67994,1219.1,0,PUBLIC_P5MIN_202609232035_20260923203033.zip
2026-09-23 20:35:00,TAS1,2026-09-23 20:45:00,101.62011,1215.1,0,PUBLIC_P5MIN_202609232035_20260923203033.zip
2026-09-23 20:35:00,TAS1,2026-09-23 20:50:00,103.3617,1211.1,0,PUBLIC_P5MIN_202609232035_20260923203033.zip
2026-09-23 20:35:00,TAS1,2026-09-23 20:55:00,103.3617,1207.1,0,PUBLIC_P5MIN_202609232035_20260923203033.zip
2026-09-23 20:35:00,TAS1,2026-09-23 21:00:00,103.3617,1203.1,0,PUBLIC_P5MIN_202609232035_20260923203033.zip
2026-09-23 20:35:00,TAS1,2026-09-23 21:05:00,102.05997,1198.1,0,PUBLIC_P5MIN_202609232035_20260923203033.zip
2026-09-23 20:35:00,TAS1,2026-09-23 21:10:00,101.68401,1194.1,0,PUBLIC_P5MIN_202609232035_20260923203033.zip
2026-09-23 20:35:00,TAS1,2026-09-23 21:15:00,107.42923,1190.1,0,PUBLIC_P5MIN_202609232035_20260923203033.zip
2026-09-23 20:35:00,TAS1,2026-09-23 21:20:00,104.13125,1186.1,0,PUBLIC_P5MIN_202609232035_20260923203033.zip
2026-09-23 20:35:00,TAS1,2026-09-23 21:25:00,99.11267,1182.1,0,PUBLIC_P5MIN_202609232035_20260923203033.zip
2026-09-23 20:35:00,TAS1,2026-09-23 21:30:00,96.47423,1177.1,0,PUBLIC_P5MIN_202609232035_20260923203033.zip
2026-09-23 20:35:00,VIC1,2026-09-23 20:35:00,117.51094,6114.62,0,PUBLIC_P5MIN_202609232035_20260923203033.zip
2026-09-23 20:35:00,VIC1,2026-09-23 20:40:00,110.5,6096.62,0,PUBLIC_P5MIN_202609232035_20260923203033.zip
2026-09-23 20:35:00,VIC1,2026-09-23 20:45:00,108.30467,6076.62,0,PUBLIC_P5MIN_202609232035_20260923203033.zip
2026-09-23 20:35:00,VIC1,2026-09-23 20:50:00,110.5,6051.62,0,PUBLIC_P5MIN_202609232035_20260923203033.zip
2026-09-23 20:35:00,VIC1,2026-09-23 20:55:00,110.5,6024.62,0,PUBLIC_P5MIN_202609232035_20260923203033.zip
2026-09-23 20:35:00,VIC1,2026-09-23 21:00:00,110.5,5995.62,0,PUBLIC_P5MIN_202609232035_20260923203033.zip
2026-09-23 20:35:00,VIC1,2026-09-23 21:05:00,108.77346,5965.62,0,PUBLIC_P5MIN_202609232035_20260923203033.zip
2026-09-23 20:35:00,VIC1,2026-09-23 21:10:00,108.37278,5932.62,0,PUBLIC_P5MIN_202609232035_20260923203033.zip
2026-09-23 20:35:00,VIC1,2026-09-23 21:15:00,114.49592,5896.62,0,PUBLIC_P5MIN_202609232035_20260923203033.zip
2026-09-23 20:35:00,VIC1,2026-09-23 21:20:00,110.98099,5861.62,0,PUBLIC_P5MIN_202609232035_20260923203033.zip
2026-09-23 20:35:00,VIC1,2026-09-23 21:25:00,105.95752,5826.62,0,PUBLIC_P5MIN_202609232035_20260923203033.zip
2026-09-23 20:35:00,VIC1,2026-09-23 21:30:00,103.13687,5790.62,0,PUBLIC_P5MIN_202609232035_20260923203033.zip
2026-09-23 20:40:00,NSW1,2026-09-23 20:40:00,121.1,8427.84,0,PUBLIC_P5MIN_202609232040_20260923203534.zip
2026-09-23 20:40:00,NSW1,2026-09-23 20:45:00,113.82244,8399.84,0,PUBLIC_P5MIN_202609232040_20260923203534.zip
2026-09-23 20:40:00,NSW1,2026-09-23 20:50:00,121.1,8369.84,0,PUBLIC_P5MIN_202609232040_20260923203534.zip
2026-09-23 20:40:00,NSW1,2026-09-23 20:55:00,121.1,8340.84,0,PUBLIC_P5MIN_202609232040_20260923203534.zip
2026-09-23 20:40:00,NSW1,2026-09-23 21:00:00,121.1,8310.84,0,PUBLIC_P5MIN_202609232040_20260923203534.zip
2026-09-23 20:40:00,NSW1,2026-09-23 21:05:00,118.76405,8281.84,0,PUBLIC_P5MIN_202609232040_20260923203534.zip
2026-09-23 20:40:00,NSW1,2026-09-23 21:10:00,115.0542,8249.84,0,PUBLIC_P5MIN_202609232040_20260923203534.zip
2026-09-23 20:40:00,NSW1,2026-09-23 21:15:00,113.14998,8215.84,0,PUBLIC_P5MIN_202609232040_20260923203534.zip
2026-09-23 20:40:00,NSW1,2026-09-23 21:20:00,122.15,8183.84,0,PUBLIC_P5MIN_202609232040_20260923203534.zip
2026-09-23 20:40:00,NSW1,2026-09-23 21:25:00,112.98,8150.84,0,PUBLIC_P5MIN_202609232040_20260923203534.zip
2026-09-23 20:40:00,NSW1,2026-09-23 21:30:00,107.43539,8119.84,0,PUBLIC_P5MIN_202609232040_20260923203534.zip
2026-09-23 20:40:00,NSW1,2026-09-23 21:35:00,122.15,8089.84,0,PUBLIC_P5MIN_202609232040_20260923203534.zip
2026-09-23 20:40:00,QLD1,2026-09-23 20:40:00,99.24736,6826.58,0,PUBLIC_P5MIN_202609232040_20260923203534.zip
2026-09-23 20:40:00,QLD1,2026-09-23 20:45:00,88.61823,6820.58,0,PUBLIC_P5MIN_202609232040_20260923203534.zip
2026-09-23 20:40:00,QLD1,2026-09-23 20:50:00,94.28429,6815.58,0,PUBLIC_P5MIN_202609232040_20260923203534.zip
2026-09-23 20:40:00,QLD1,2026-09-23 20:55:00,94.28429,6808.58,0,PUBLIC_P5MIN_202609232040_20260923203534.zip
2026-09-23 20:40:00,QLD1,2026-09-23 21:00:00,94.28429,6799.58,0,PUBLIC_P5MIN_202609232040_20260923203534.zip
2026-09-23 20:40:00,QLD1,2026-09-23 21:05:00,95.44069,6791.58,0,PUBLIC_P5MIN_202609232040_20260923203534.zip
2026-09-23 20:40:00,QLD1,2026-09-23 21:10:00,92.45939,6779.58,0,PUBLIC_P5MIN_202609232040_20260923203534.zip
2026-09-23 20:40:00,QLD1,2026-09-23 21:15:00,90.355,6761.58,0,PUBLIC_P5MIN_202609232040_20260923203534.zip
2026-09-23 20:40:00,QLD1,2026-09-23 21:20:00,97.5419,6737.58,0,PUBLIC_P5MIN_202609232040_20260923203534.zip
2026-09-23 20:40:00,QLD1,2026-09-23 21:25:00,90.21927,6710.58,0,PUBLIC_P5MIN_202609232040_20260923203534.zip
2026-09-23 20:40:00,QLD1,2026-09-23 21:30:00,85.25,6680.58,0,PUBLIC_P5MIN_202609232040_20260923203534.zip
2026-09-23 20:40:00,QLD1,2026-09-23 21:35:00,99.68,6648.58,0,PUBLIC_P5MIN_202609232040_20260923203534.zip
2026-09-23 20:40:00,SA1,2026-09-23 20:40:00,109.59804,1506.66,0,PUBLIC_P5MIN_202609232040_20260923203534.zip
2026-09-23 20:40:00,SA1,2026-09-23 20:45:00,101.02,1501.66,0,PUBLIC_P5MIN_202609232040_20260923203534.zip
2026-09-23 20:40:00,SA1,2026-09-23 20:50:00,102.12257,1496.66,0,PUBLIC_P5MIN_202609232040_20260923203534.zip
2026-09-23 20:40:00,SA1,2026-09-23 20:55:00,101.73706,1493.66,0,PUBLIC_P5MIN_202609232040_20260923203534.zip
2026-09-23 20:40:00,SA1,2026-09-23 21:00:00,102.41,1491.66,0,PUBLIC_P5MIN_202609232040_20260923203534.zip
2026-09-23 20:40:00,SA1,2026-09-23 21:05:00,102.17442,1489.66,0,PUBLIC_P5MIN_202609232040_20260923203534.zip
2026-09-23 20:40:00,SA1,2026-09-23 21:10:00,101.02,1485.66,0,PUBLIC_P5MIN_202609232040_20260923203534.zip
2026-09-23 20:40:00,SA1,2026-09-23 21:15:00,100.44,1480.66,0,PUBLIC_P5MIN_202609232040_20260923203534.zip
2026-09-23 20:40:00,SA1,2026-09-23 21:20:00,101.38194,1476.66,0,PUBLIC_P5MIN_202609232040_20260923203534.zip
2026-09-23 20:40:00,SA1,2026-09-23 21:25:00,100.28912,1472.66,0,PUBLIC_P5MIN_202609232040_20260923203534.zip
2026-09-23 20:40:00,SA1,2026-09-23 21:30:00,94.98101,1466.66,0,PUBLIC_P5MIN_202609232040_20260923203534.zip
2026-09-23 20:40:00,SA1,2026-09-23 21:35:00,103.01942,1461.66,0,PUBLIC_P5MIN_202609232040_20260923203534.zip
2026-09-23 20:40:00,TAS1,2026-09-23 20:40:00,107.61062,1227.46,0,PUBLIC_P5MIN_202609232040_20260923203534.zip
2026-09-23 20:40:00,TAS1,2026-09-23 20:45:00,99.36596,1223.46,0,PUBLIC_P5MIN_202609232040_20260923203534.zip
2026-09-23 20:40:00,TAS1,2026-09-23 20:50:00,102.42426,1219.46,0,PUBLIC_P5MIN_202609232040_20260923203534.zip
2026-09-23 20:40:00,TAS1,2026-09-23 20:55:00,103.23614,1215.46,0,PUBLIC_P5MIN_202609232040_20260923203534.zip
2026-09-23 20:40:00,TAS1,2026-09-23 21:00:00,103.3617,1211.46,0,PUBLIC_P5MIN_202609232040_20260923203534.zip
2026-09-23 20:40:00,TAS1,2026-09-23 21:05:00,103.99818,1206.46,0,PUBLIC_P5MIN_202609232040_20260923203534.zip
2026-09-23 20:40:00,TAS1,2026-09-23 21:10:00,101.55379,1201.46,0,PUBLIC_P5MIN_202609232040_20260923203534.zip
2026-09-23 20:40:00,TAS1,2026-09-23 21:15:00,99.5674,1197.46,0,PUBLIC_P5MIN_202609232040_20260923203534.zip
2026-09-23 20:40:00,TAS1,2026-09-23 21:20:00,103.67994,1193.46,0,PUBLIC_P5MIN_202609232040_20260923203534.zip
2026-09-23 20:40:00,TAS1,2026-09-23 21:25:00,99.41782,1188.46,0,PUBLIC_P5MIN_202609232040_20260923203534.zip
2026-09-23 20:40:00,TAS1,2026-09-23 21:30:00,93.50224,1183.46,0,PUBLIC_P5MIN_202609232040_20260923203534.zip
2026-09-23 20:40:00,TAS1,2026-09-23 21:35:00,105.40975,1178.46,0,PUBLIC_P5MIN_202609232040_20260923203534.zip
2026-09-23 20:40:00,VIC1,2026-09-23 20:40:00,115.51751,6104.66,0,PUBLIC_P5MIN_202609232040_20260923203534.zip
2026-09-23 20:40:00,VIC1,2026-09-23 20:45:00,105.90225,6081.66,0,PUBLIC_P5MIN_202609232040_20260923203534.zip
2026-09-23 20:40:00,VIC1,2026-09-23 20:50:00,109.16172,6054.66,0,PUBLIC_P5MIN_202609232040_20260923203534.zip
2026-09-23 20:40:00,VIC1,2026-09-23 20:55:00,110.027,6025.66,0,PUBLIC_P5MIN_202609232040_20260923203534.zip
2026-09-23 20:40:00,VIC1,2026-09-23 21:00:00,110.5,5994.66,0,PUBLIC_P5MIN_202609232040_20260923203534.zip
2026-09-23 20:40:00,VIC1,2026-09-23 21:05:00,110.5,5962.66,0,PUBLIC_P5MIN_202609232040_20260923203534.zip
2026-09-23 20:40:00,VIC1,2026-09-23 21:10:00,107.90279,5928.66,0,PUBLIC_P5MIN_202609232040_20260923203534.zip
2026-09-23 20:40:00,VIC1,2026-09-23 21:15:00,106.11694,5891.66,0,PUBLIC_P5MIN_202609232040_20260923203534.zip
2026-09-23 20:40:00,VIC1,2026-09-23 21:20:00,110.5,5855.66,0,PUBLIC_P5MIN_202609232040_20260923203534.zip
2026-09-23 20:40:00,VIC1,2026-09-23 21:25:00,105.95752,5821.66,0,PUBLIC_P5MIN_202609232040_20260923203534.zip
2026-09-23 20:40:00,VIC1,2026-09-23 21:30:00,99.95963,5786.66,0,PUBLIC_P5MIN_202609232040_20260923203534.zip
2026-09-23 20:40:00,VIC1,2026-09-23 21:35:00,110.98099,5749.66,0,PUBLIC_P5MIN_202609232040_20260923203534.zip
2026-09-23 20:45:00,NSW1,2026-09-23 20:45:00,121.1,8319.34,0,PUBLIC_P5MIN_202609232045_20260923204034.zip
2026-09-23 20:45:00,NSW1,2026-09-23 20:50:00,117.82354,8290.34,0,PUBLIC_P5MIN_202609232045_20260923204034.zip
2026-09-23 20:45:00,NSW1,2026-09-23 20:55:00,121.1,8261.34,0,PUBLIC_P5MIN_202609232045_20260923204034.zip
2026-09-23 20:45:00,NSW1,2026-09-23 21:00:00,121.1,8232.34,0,PUBLIC_P5MIN_202609232045_20260923204034.zip
2026-09-23 20:45:00,NSW1,2026-09-23 21:05:00,116.72524,8203.34,0,PUBLIC_P5MIN_202609232045_20260923204034.zip
2026-09-23 20:45:00,NSW1,2026-09-23 21:10:00,116.88877,8172.34,0,PUBLIC_P5MIN_202609232045_20260923204034.zip
2026-09-23 20:45:00,NSW1,2026-09-23 21:15:00,113.3185,8138.34,0,PUBLIC_P5MIN_202609232045_20260923204034.zip
2026-09-23 20:45:00,NSW1,2026-09-23 21:20:00,112.98,8106.34,0,PUBLIC_P5MIN_202609232045_20260923204034.zip
2026-09-23 20:45:00,NSW1,2026-09-23 21:25:00,112.98,8073.34,0,PUBLIC_P5MIN_202609232045_20260923204034.zip
2026-09-23 20:45:00,NSW1,2026-09-23 21:30:00,120.66252,8042.34,0,PUBLIC_P5MIN_202609232045_20260923204034.zip
2026-09-23 20:45:00,NSW1,2026-09-23 21:35:00,120.93543,8012.34,0,PUBLIC_P5MIN_202609232045_20260923204034.zip
2026-09-23 20:45:00,NSW1,2026-09-23 21:40:00,122.15,7985.34,0,PUBLIC_P5MIN_202609232045_20260923204034.zip
2026-09-23 20:45:00,QLD1,2026-09-23 20:45:00,99.69,6858.2,0,PUBLIC_P5MIN_202609232045_20260923204034.zip
2026-09-23 20:45:00,QLD1,2026-09-23 20:50:00,92.90272,6857.2,0,PUBLIC_P5MIN_202609232045_20260923204034.zip
2026-09-23 20:45:00,QLD1,2026-09-23 20:55:00,96.09287,6854.2,0,PUBLIC_P5MIN_202609232045_20260923204034.zip
2026-09-23 20:45:00,QLD1,2026-09-23 21:00:00,95.48618,6848.2,0,PUBLIC_P5MIN_202609232045_20260923204034.zip
2026-09-23 20:45:00,QLD1,2026-09-23 21:05:00,93.21,6843.2,0,PUBLIC_P5MIN_202609232045_20260923204034.zip
2026-09-23 20:45:00,QLD1,2026-09-23 21:10:00,95.13136,6833.2,0,PUBLIC_P5MIN_202609232045_20260923204034.zip
2026-09-23 20:45:00,QLD1,2026-09-23 21:15:00,92.22565,6816.2,0,PUBLIC_P5MIN_202609232045_20260923204034.zip
2026-09-23 20:45:00,QLD1,2026-09-23 21:20:00,91.36949,6793.2,0,PUBLIC_P5MIN_202609232045_20260923204034.zip
2026-09-23 20:45:00,QLD1,2026-09-23 21:25:00,91.36949,6765.2,0,PUBLIC_P5MIN_202609232045_20260923204034.zip
2026-09-23 20:45:00,QLD1,2026-09-23 21:30:00,96.35408,6733.2,0,PUBLIC_P5MIN_202609232045_20260923204034.zip
2026-09-23 20:45:00,QLD1,2026-09-23 21:35:00,99.68,6699.2,0,PUBLIC_P5MIN_202609232045_20260923204034.zip
2026-09-23 20:45:00,QLD1,2026-09-23 21:40:00,99.68,6665.2,0,PUBLIC_P5MIN_202609232045_20260923204034.zip
2026-09-23 20:45:00,SA1,2026-09-23 20:45:00,112.48802,1515.57,0,PUBLIC_P5MIN_202609232045_20260923204034.zip
2026-09-23 20:45:00,SA1,2026-09-23 20:50:00,104.18235,1509.57,0,PUBLIC_P5MIN_202609232045_20260923204034.zip
2026-09-23 20:45:00,SA1,2026-09-23 20:55:00,104.98236,1504.57,0,PUBLIC_P5MIN_202609232045_20260923204034.zip
2026-09-23 20:45:00,SA1,2026-09-23 21:00:00,103.34631,1501.57,0,PUBLIC_P5MIN_202609232045_20260923204034.zip
2026-09-23 20:45:00,SA1,2026-09-23 21:05:00,102.97297,1498.57,0,PUBLIC_P5MIN_202609232045_20260923204034.zip
2026-09-23 20:45:00,SA1,2026-09-23 21:10:00,102.97297,1493.57,0,PUBLIC_P5MIN_202609232045_20260923204034.zip
2026-09-23 20:45:00,SA1,2026-09-23 21:15:00,101.02,1488.57,0,PUBLIC_P5MIN_202609232045_20260923204034.zip
2026-09-23 20:45:00,SA1,2026-09-23 21:20:00,101.02,1483.57,0,PUBLIC_P5MIN_202609232045_20260923204034.zip
2026-09-23 20:45:00,SA1,2026-09-23 21:25:00,101.02,1479.57,0,PUBLIC_P5MIN_202609232045_20260923204034.zip
2026-09-23 20:45:00,SA1,2026-09-23 21:30:00,102.17442,1474.57,0,PUBLIC_P5MIN_202609232045_20260923204034.zip
2026-09-23 20:45:00,SA1,2026-09-23 21:35:00,104.02676,1469.57,0,PUBLIC_P5MIN_202609232045_20260923204034.zip
2026-09-23 20:45:00,SA1,2026-09-23 21:40:00,102.22045,1464.57,0,PUBLIC_P5MIN_202609232045_20260923204034.zip
2026-09-23 20:45:00,TAS1,2026-09-23 20:45:00,110.38922,1223.98,0,PUBLIC_P5MIN_202609232045_20260923204034.zip
2026-09-23 20:45:00,TAS1,2026-09-23 20:50:00,103.67994,1220.98,0,PUBLIC_P5MIN_202609232045_20260923204034.zip
2026-09-23 20:45:00,TAS1,2026-09-23 20:55:00,104.88349,1217.98,0,PUBLIC_P5MIN_202609232045_20260923204034.zip
2026-09-23 20:45:00,TAS1,2026-09-23 21:00:00,103.73645,1213.98,0,PUBLIC_P5MIN_202609232045_20260923204034.zip
2026-09-23 20:45:00,TAS1,2026-09-23 21:05:00,103.99818,1209.98,0,PUBLIC_P5MIN_202609232045_20260923204034.zip
2026-09-23 20:45:00,TAS1,2026-09-23 21:10:00,103.99818,1205.98,0,PUBLIC_P5MIN_202609232045_20260923204034.zip
2026-09-23 20:45:00,TAS1,2026-09-23 21:15:00,101.62943,1201.98,0,PUBLIC_P5MIN_202609232045_20260923204034.zip
2026-09-23 20:45:00,TAS1,2026-09-23 21:20:00,100.92487,1197.98,0,PUBLIC_P5MIN_202609232045_20260923204034.zip
2026-09-23 20:45:00,TAS1,2026-09-23 21:25:00,100.21287,1192.98,0,PUBLIC_P5MIN_202609232045_20260923204034.zip
2026-09-23 20:45:00,TAS1,2026-09-23 21:30:00,103.67994,1187.98,0,PUBLIC_P5MIN_202609232045_20260923204034.zip
2026-09-23 20:45:00,TAS1,2026-09-23 21:35:00,106.02695,1182.98,0,PUBLIC_P5MIN_202609232045_20260923204034.zip
2026-09-23 20:45:00,TAS1,2026-09-23 21:40:00,105.40975,1177.98,0,PUBLIC_P5MIN_202609232045_20260923204034.zip
2026-09-23 20:45:00,VIC1,2026-09-23 20:45:00,118.5,6100.33,0,PUBLIC_P5MIN_202609232045_20260923204034.zip
2026-09-23 20:45:00,VIC1,2026-09-23 20:50:00,110.5,6072.33,0,PUBLIC_P5MIN_202609232045_20260923204034.zip
2026-09-23 20:45:00,VIC1,2026-09-23 20:55:00,111.78272,6043.33,0,PUBLIC_P5MIN_202609232045_20260923204034.zip
2026-09-23 20:45:00,VIC1,2026-09-23 21:00:00,110.90063,6012.33,0,PUBLIC_P5MIN_202609232045_20260923204034.zip
2026-09-23 20:45:00,VIC1,2026-09-23 21:05:00,110.5,5980.33,0,PUBLIC_P5MIN_202609232045_20260923204034.zip
2026-09-23 20:45:00,VIC1,2026-09-23 21:10:00,110.5,5946.33,0,PUBLIC_P5MIN_202609232045_20260923204034.zip
2026-09-23 20:45:00,VIC1,2026-09-23 21:15:00,107.98316,5909.33,0,PUBLIC_P5MIN_202609232045_20260923204034.zip
2026-09-23 20:45:00,VIC1,2026-09-23 21:20:00,107.5637,5873.33,0,PUBLIC_P5MIN_202609232045_20260923204034.zip
2026-09-23 20:45:00,VIC1,2026-09-23 21:25:00,106.80487,5838.33,0,PUBLIC_P5MIN_202609232045_20260923204034.zip
2026-09-23 20:45:00,VIC1,2026-09-23 21:30:00,110.5,5803.33,0,PUBLIC_P5MIN_202609232045_20260923204034.zip
2026-09-23 20:45:00,VIC1,2026-09-23 21:35:00,111.63081,5766.33,0,PUBLIC_P5MIN_202609232045_20260923204034.zip
2026-09-23 20:45:00,VIC1,2026-09-23 21:40:00,110.98099,5727.33,0,PUBLIC_P5MIN_202609232045_20260923204034.zip
2026-09-23 20:50:00,NSW1,2026-09-23 20:50:00,121.1,8323.75,0,PUBLIC_P5MIN_202609232050_20260923204533.zip
2026-09-23 20:50:00,NSW1,2026-09-23 20:55:00,113.94,8293.75,0,PUBLIC_P5MIN_202609232050_20260923204533.zip
2026-09-23 20:50:00,NSW1,2026-09-23 21:00:00,121.1,8262.75,0,PUBLIC_P5MIN_202609232050_20260923204533.zip
2026-09-23 20:50:00,NSW1,2026-09-23 21:05:00,122.15,8232.75,0,PUBLIC_P5MIN_202609232050_20260923204533.zip
2026-09-23 20:50:00,NSW1,2026-09-23 21:10:00,122.15,8199.75,0,PUBLIC_P5MIN_202609232050_20260923204533.zip
2026-09-23 20:50:00,NSW1,2026-09-23 21:15:00,116.88877,8164.75,0,PUBLIC_P5MIN_202609232050_20260923204533.zip
2026-09-23 20:50:00,NSW1,2026-09-23 21:20:00,112.98,8132.75,0,PUBLIC_P5MIN_202609232050_20260923204533.zip
2026-09-23 20:50:00,NSW1,2026-09-23 21:25:00,112.98,8098.75,0,PUBLIC_P5MIN_202609232050_20260923204533.zip
2026-09-23 20:50:00,NSW1,2026-09-23 21:30:00,112.98,8067.75,0,PUBLIC_P5MIN_202609232050_20260923204533.zip
2026-09-23 20:50:00,NSW1,2026-09-23 21:35:00,122.47773,8037.75,0,PUBLIC_P5MIN_202609232050_20260923204533.zip
2026-09-23 20:50:00,NSW1,2026-09-23 21:40:00,122.15,8010.75,0,PUBLIC_P5MIN_202609232050_20260923204533.zip
2026-09-23 20:50:00,NSW1,2026-09-23 21:45:00,122.15,7984.75,0,PUBLIC_P5MIN_202609232050_20260923204533.zip
2026-09-23 20:50:00,QLD1,2026-09-23 20:50:00,93.21014,6822.95,0,PUBLIC_P5MIN_202609232050_20260923204533.zip
2026-09-23 20:50:00,QLD1,2026-09-23 20:55:00,89.34913,6823.95,0,PUBLIC_P5MIN_202609232050_20260923204533.zip
2026-09-23 20:50:00,QLD1,2026-09-23 21:00:00,95.48618,6821.95,0,PUBLIC_P5MIN_202609232050_20260923204533.zip
2026-09-23 20:50:00,QLD1,2026-09-23 21:05:00,98.78547,6819.95,0,PUBLIC_P5MIN_202609232050_20260923204533.zip
2026-09-23 20:50:00,QLD1,2026-09-23 21:10:00,98.78547,6813.95,0,PUBLIC_P5MIN_202609232050_20260923204533.zip
2026-09-23 20:50:00,QLD1,2026-09-23 21:15:00,94.5306,6799.95,0,PUBLIC_P5MIN_202609232050_20260923204533.zip
2026-09-23 20:50:00,QLD1,2026-09-23 21:20:00,91.36949,6778.95,0,PUBLIC_P5MIN_202609232050_20260923204533.zip
2026-09-23 20:50:00,QLD1,2026-09-23 21:25:00,90.79253,6752.95,0,PUBLIC_P5MIN_202609232050_20260923204533.zip
2026-09-23 20:50:00,QLD1,2026-09-23 21:30:00,90.21927,6721.95,0,PUBLIC_P5MIN_202609232050_20260923204533.zip
2026-09-23 20:50:00,QLD1,2026-09-23 21:35:00,99.68,6686.95,0,PUBLIC_P5MIN_202609232050_20260923204533.zip
2026-09-23 20:50:00,QLD1,2026-09-23 21:40:00,99.68,6651.95,0,PUBLIC_P5MIN_202609232050_20260923204533.zip
2026-09-23 20:50:00,QLD1,2026-09-23 21:45:00,99.68,6616.95,0,PUBLIC_P5MIN_202609232050_20260923204533.zip
2026-09-23 20:50:00,SA1,2026-09-23 20:50:00,112.73985,1517.39,0,PUBLIC_P5MIN_202609232050_20260923204533.zip
2026-09-23 20:50:00,SA1,2026-09-23 20:55:00,102.34763,1511.39,0,PUBLIC_P5MIN_202609232050_20260923204533.zip
2026-09-23 20:50:00,SA1,2026-09-23 21:00:00,106.02,1507.39,0,PUBLIC_P5MIN_202609232050_20260923204533.zip
2026-09-23 20:50:00,SA1,2026-09-23 21:05:00,108.10795,1503.39,0,PUBLIC_P5MIN_202609232050_20260923204533.zip
2026-09-23 20:50:00,SA1,2026-09-23 21:10:00,107.02,1497.39,0,PUBLIC_P5MIN_202609232050_20260923204533.zip
2026-09-23 20:50:00,SA1,2026-09-23 21:15:00,103.37455,1491.39,0,PUBLIC_P5MIN_202609232050_20260923204533.zip
2026-09-23 20:50:00,SA1,2026-09-23 21:20:00,101.02,1486.39,0,PUBLIC_P5MIN_202609232050_20260923204533.zip
2026-09-23 20:50:00,SA1,2026-09-23 21:25:00,101.02,1481.39,0,PUBLIC_P5MIN_202609232050_20260923204533.zip
2026-09-23 20:50:00,SA1,2026-09-23 21:30:00,101.02,1476.39,0,PUBLIC_P5MIN_202609232050_20260923204533.zip
2026-09-23 20:50:00,SA1,2026-09-23 21:35:00,108.71998,1472.39,0,PUBLIC_P5MIN_202609232050_20260923204533.zip
2026-09-23 20:50:00,SA1,2026-09-23 21:40:00,105.55983,1467.39,0,PUBLIC_P5MIN_202609232050_20260923204533.zip
2026-09-23 20:50:00,SA1,2026-09-23 21:45:00,103.01942,1461.39,0,PUBLIC_P5MIN_202609232050_20260923204533.zip
2026-09-23 20:50:00,TAS1,2026-09-23 20:50:00,110.29962,1220.05,0,PUBLIC_P5MIN_202609232050_20260923204533.zip
2026-09-23 20:50:00,TAS1,2026-09-23 20:55:00,101.06439,1217.05,0,PUBLIC_P5MIN_202609232050_20260923204533.zip
2026-09-23 20:50:00,TAS1,2026-09-23 21:00:00,104.77632,1214.05,0,PUBLIC_P5MIN_202609232050_20260923204533.zip
2026-09-23 20:50:00,TAS1,2026-09-23 21:05:00,108.6792,1210.05,0,PUBLIC_P5MIN_202609232050_20260923204533.zip
2026-09-23 20:50:00,TAS1,2026-09-23 21:10:00,108.0855,1206.05,0,PUBLIC_P5MIN_202609232050_20260923204533.zip
2026-09-23 20:50:00,TAS1,2026-09-23 21:15:00,103.99818,1202.05,0,PUBLIC_P5MIN_202609232050_20260923204533.zip
2026-09-23 20:50:00,TAS1,2026-09-23 21:20:00,101.01578,1198.05,0,PUBLIC_P5MIN_202609232050_20260923204533.zip
2026-09-23 20:50:00,TAS1,2026-09-23 21:25:00,100.53284,1194.05,0,PUBLIC_P5MIN_202609232050_20260923204533.zip
2026-09-23 20:50:00,TAS1,2026-09-23 21:30:00,100.21287,1189.05,0,PUBLIC_P5MIN_202609232050_20260923204533.zip
2026-09-23 20:50:00,TAS1,2026-09-23 21:35:00,109.09868,1184.05,0,PUBLIC_P5MIN_202609232050_20260923204533.zip
2026-09-23 20:50:00,TAS1,2026-09-23 21:40:00,107.41652,1179.05,0,PUBLIC_P5MIN_202609232050_20260923204533.zip
2026-09-23 20:50:00,TAS1,2026-09-23 21:45:00,105.40975,1174.05,0,PUBLIC_P5MIN_202609232050_20260923204533.zip
2026-09-23 20:50:00,VIC1,2026-09-23 20:50:00,118.40747,6111.01,0,PUBLIC_P5MIN_202609232050_20260923204533.zip
2026-09-23 20:50:00,VIC1,2026-09-23 20:55:00,107.7124,6083.01,0,PUBLIC_P5MIN_202609232050_20260923204533.zip
2026-09-23 20:50:00,VIC1,2026-09-23 21:00:00,112.01232,6053.01,0,PUBLIC_P5MIN_202609232050_20260923204533.zip
2026-09-23 20:50:00,VIC1,2026-09-23 21:05:00,115.47367,6022.01,0,PUBLIC_P5MIN_202609232050_20260923204533.zip
2026-09-23 20:50:00,VIC1,2026-09-23 21:10:00,114.84285,5988.01,0,PUBLIC_P5MIN_202609232050_20260923204533.zip
2026-09-23 20:50:00,VIC1,2026-09-23 21:15:00,110.5,5951.01,0,PUBLIC_P5MIN_202609232050_20260923204533.zip
2026-09-23 20:50:00,VIC1,2026-09-23 21:20:00,107.66059,5915.01,0,PUBLIC_P5MIN_202609232050_20260923204533.zip
2026-09-23 20:50:00,VIC1,2026-09-23 21:25:00,107.14589,5880.01,0,PUBLIC_P5MIN_202609232050_20260923204533.zip
2026-09-23 20:50:00,VIC1,2026-09-23 21:30:00,106.80487,5844.01,0,PUBLIC_P5MIN_202609232050_20260923204533.zip
2026-09-23 20:50:00,VIC1,2026-09-23 21:35:00,114.8649,5805.01,0,PUBLIC_P5MIN_202609232050_20260923204533.zip
2026-09-23 20:50:00,VIC1,2026-09-23 21:40:00,112.75194,5764.01,0,PUBLIC_P5MIN_202609232050_20260923204533.zip
2026-09-23 20:50:00,VIC1,2026-09-23 21:45:00,110.98099,5723.01,0,PUBLIC_P5MIN_202609232050_20260923204533.zip
2026-09-23 20:55:00,NSW1,2026-09-23 20:55:00,113.5,8310.2,0,PUBLIC_P5MIN_202609232055_20260923205034.zip
2026-09-23 20:55:00,NSW1,2026-09-23 21:00:00,121.1,8279.2,0,PUBLIC_P5MIN_202609232055_20260923205034.zip
2026-09-23 20:55:00,NSW1,2026-09-23 21:05:00,112.98,8249.2,0,PUBLIC_P5MIN_202609232055_20260923205034.zip
2026-09-23 20:55:00,NSW1,2026-09-23 21:10:00,112.98033,8216.2,0,PUBLIC_P5MIN_202609232055_20260923205034.zip
2026-09-23 20:55:00,NSW1,2026-09-23 21:15:00,112.98,8181.2,0,PUBLIC_P5MIN_202609232055_20260923205034.zip
2026-09-23 20:55:00,NSW1,2026-09-23 21:20:00,112.98,8149.2,0,PUBLIC_P5MIN_202609232055_20260923205034.zip
2026-09-23 20:55:00,NSW1,2026-09-23 21:25:00,112.98,8116.2,0,PUBLIC_P5MIN_202609232055_20260923205034.zip
2026-09-23 20:55:00,NSW1,2026-09-23 21:30:00,112.98,8085.2,0,PUBLIC_P5MIN_202609232055_20260923205034.zip
2026-09-23 20:55:00,NSW1,2026-09-23 21:35:00,120.17141,8055.2,0,PUBLIC_P5MIN_202609232055_20260923205034.zip
2026-09-23 20:55:00,NSW1,2026-09-23 21:40:00,135.735,8029.2,0,PUBLIC_P5MIN_202609232055_20260923205034.zip
2026-09-23 20:55:00,NSW1,2026-09-23 21:45:00,122.15,8004.2,0,PUBLIC_P5MIN_202609232055_20260923205034.zip
2026-09-23 20:55:00,NSW1,2026-09-23 21:50:00,122.15,7981.2,0,PUBLIC_P5MIN_202609232055_20260923205034.zip
2026-09-23 20:55:00,QLD1,2026-09-23 20:55:00,97.42038,6921.85,0,PUBLIC_P5MIN_202609232055_20260923205034.zip
2026-09-23 20:55:00,QLD1,2026-09-23 21:00:00,96.70343,6918.85,0,PUBLIC_P5MIN_202609232055_20260923205034.zip
2026-09-23 20:55:00,QLD1,2026-09-23 21:05:00,91.36949,6915.85,0,PUBLIC_P5MIN_202609232055_20260923205034.zip
2026-09-23 20:55:00,QLD1,2026-09-23 21:10:00,92.53486,6907.85,0,PUBLIC_P5MIN_202609232055_20260923205034.zip
2026-09-23 20:55:00,QLD1,2026-09-23 21:15:00,92.53459,6892.85,0,PUBLIC_P5MIN_202609232055_20260923205034.zip
2026-09-23 20:55:00,QLD1,2026-09-23 21:20:00,91.95016,6870.85,0,PUBLIC_P5MIN_202609232055_20260923205034.zip
2026-09-23 20:55:00,QLD1,2026-09-23 21:25:00,91.95016,6843.85,0,PUBLIC_P5MIN_202609232055_20260923205034.zip
2026-09-23 20:55:00,QLD1,2026-09-23 21:30:00,91.36949,6812.85,0,PUBLIC_P5MIN_202609232055_20260923205034.zip
2026-09-23 20:55:00,QLD1,2026-09-23 21:35:00,99.68,6777.85,0,PUBLIC_P5MIN_202609232055_20260923205034.zip
2026-09-23 20:55:00,QLD1,2026-09-23 21:40:00,109.77197,6742.85,0,PUBLIC_P5MIN_202609232055_20260923205034.zip
2026-09-23 20:55:00,QLD1,2026-09-23 21:45:00,99.68,6708.85,0,PUBLIC_P5MIN_202609232055_20260923205034.zip
2026-09-23 20:55:00,QLD1,2026-09-23 21:50:00,99.68,6672.85,0,PUBLIC_P5MIN_202609232055_20260923205034.zip
2026-09-23 20:55:00,SA1,2026-09-23 20:55:00,108.90054,1497.28,0,PUBLIC_P5MIN_202609232055_20260923205034.zip
2026-09-23 20:55:00,SA1,2026-09-23 21:00:00,105.39173,1493.28,0,PUBLIC_P5MIN_202609232055_20260923205034.zip
2026-09-23 20:55:00,SA1,2026-09-23 21:05:00,101.04,1489.28,0,PUBLIC_P5MIN_202609232055_20260923205034.zip
2026-09-23 20:55:00,SA1,2026-09-23 21:10:00,101.09143,1483.28,0,PUBLIC_P5MIN_202609232055_20260923205034.zip
2026-09-23 20:55:00,SA1,2026-09-23 21:15:00,101.04,1477.28,0,PUBLIC_P5MIN_202609232055_20260923205034.zip
2026-09-23 20:55:00,SA1,2026-09-23 21:20:00,101.02,1472.28,0,PUBLIC_P5MIN_202609232055_20260923205034.zip
2026-09-23 20:55:00,SA1,2026-09-23 21:25:00,101.02,1467.28,0,PUBLIC_P5MIN_202609232055_20260923205034.zip
2026-09-23 20:55:00,SA1,2026-09-23 21:30:00,101.02,1462.28,0,PUBLIC_P5MIN_202609232055_20260923205034.zip
2026-09-23 20:55:00,SA1,2026-09-23 21:35:00,110.08765,1458.28,0,PUBLIC_P5MIN_202609232055_20260923205034.zip
2026-09-23 20:55:00,SA1,2026-09-23 21:40:00,120.0,1453.28,0,PUBLIC_P5MIN_202609232055_20260923205034.zip
2026-09-23 20:55:00,SA1,2026-09-23 21:45:00,107.57039,1447.28,0,PUBLIC_P5MIN_202609232055_20260923205034.zip
2026-09-23 20:55:00,SA1,2026-09-23 21:50:00,105.057,1441.28,0,PUBLIC_P5MIN_202609232055_20260923205034.zip
2026-09-23 20:55:00,TAS1,2026-09-23 20:55:00,105.79098,1212.6,0,PUBLIC_P5MIN_202609232055_20260923205034.zip
2026-09-23 20:55:00,TAS1,2026-09-23 21:00:00,104.88349,1209.6,0,PUBLIC_P5MIN_202609232055_20260923205034.zip
2026-09-23 20:55:00,TAS1,2026-09-23 21:05:00,100.46963,1205.6,0,PUBLIC_P5MIN_202609232055_20260923205034.zip
2026-09-23 20:55:00,TAS1,2026-09-23 21:10:00,100.52077,1201.6,0,PUBLIC_P5MIN_202609232055_20260923205034.zip
2026-09-23 20:55:00,TAS1,2026-09-23 21:15:00,100.52047,1197.6,0,PUBLIC_P5MIN_202609232055_20260923205034.zip
2026-09-23 20:55:00,TAS1,2026-09-23 21:20:00,100.05959,1193.6,0,PUBLIC_P5MIN_202609232055_20260923205034.zip
2026-09-23 20:55:00,TAS1,2026-09-23 21:25:00,99.41782,1189.6,0,PUBLIC_P5MIN_202609232055_20260923205034.zip
2026-09-23 20:55:00,TAS1,2026-09-23 21:30:00,99.36596,1184.6,0,PUBLIC_P5MIN_202609232055_20260923205034.zip
2026-09-23 20:55:00,TAS1,2026-09-23 21:35:00,108.76484,1179.6,0,PUBLIC_P5MIN_202609232055_20260923205034.zip
2026-09-23 20:55:00,TAS1,2026-09-23 21:40:00,120.08,1174.6,0,PUBLIC_P5MIN_202609232055_20260923205034.zip
2026-09-23 20:55:00,TAS1,2026-09-23 21:45:00,107.9451,1169.6,0,PUBLIC_P5MIN_202609232055_20260923205034.zip
2026-09-23 20:55:00,TAS1,2026-09-23 21:50:00,106.24671,1163.6,0,PUBLIC_P5MIN_202609232055_20260923205034.zip
2026-09-23 20:55:00,VIC1,2026-09-23 20:55:00,113.56654,6088.54,0,PUBLIC_P5MIN_202609232055_20260923205034.zip
2026-09-23 20:55:00,VIC1,2026-09-23 21:00:00,111.78272,6064.54,0,PUBLIC_P5MIN_202609232055_20260923205034.zip
2026-09-23 20:55:00,VIC1,2026-09-23 21:05:00,106.75085,6038.54,0,PUBLIC_P5MIN_202609232055_20260923205034.zip
2026-09-23 20:55:00,VIC1,2026-09-23 21:10:00,106.80518,6009.54,0,PUBLIC_P5MIN_202609232055_20260923205034.zip
2026-09-23 20:55:00,VIC1,2026-09-23 21:15:00,106.80487,5976.54,0,PUBLIC_P5MIN_202609232055_20260923205034.zip
2026-09-23 20:55:00,VIC1,2026-09-23 21:20:00,106.31517,5944.54,0,PUBLIC_P5MIN_202609232055_20260923205034.zip
2026-09-23 20:55:00,VIC1,2026-09-23 21:25:00,105.95752,5912.54,0,PUBLIC_P5MIN_202609232055_20260923205034.zip
2026-09-23 20:55:00,VIC1,2026-09-23 21:30:00,105.90225,5878.54,0,PUBLIC_P5MIN_202609232055_20260923205034.zip
2026-09-23 20:55:00,VIC1,2026-09-23 21:35:00,114.51341,5840.54,0,PUBLIC_P5MIN_202609232055_20260923205034.zip
2026-09-23 20:55:00,VIC1,2026-09-23 21:40:00,126.29005,5799.54,0,PUBLIC_P5MIN_202609232055_20260923205034.zip
2026-09-23 20:55:00,VIC1,2026-09-23 21:45:00,113.65034,5757.54,0,PUBLIC_P5MIN_202609232055_20260923205034.zip
2026-09-23 20:55:00,VIC1,2026-09-23 21:50:00,111.8622,5718.54,0,PUBLIC_P5MIN_202609232055_20260923205034.zip
2026-09-23 21:00:00,NSW1,2026-09-23 21:00:00,119.47522,8321.91,0,PUBLIC_P5MIN_202609232100_20260923205534.zip
2026-09-23 21:00:00,NSW1,2026-09-23 21:05:00,124.05179,8288.91,0,PUBLIC_P5MIN_202609232100_20260923205534.zip
2026-09-23 21:00:00,NSW1,2026-09-23 21:10:00,115.9597,8253.91,0,PUBLIC_P5MIN_202609232100_20260923205534.zip
2026-09-23 21:00:00,NSW1,2026-09-23 21:15:00,112.98,8216.91,0,PUBLIC_P5MIN_202609232100_20260923205534.zip
2026-09-23 21:00:00,NSW1,2026-09-23 21:20:00,112.98,8182.91,0,PUBLIC_P5MIN_202609232100_20260923205534.zip
2026-09-23 21:00:00,NSW1,2026-09-23 21:25:00,112.98,8147.91,0,PUBLIC_P5MIN_202609232100_20260923205534.zip
2026-09-23 21:00:00,NSW1,2026-09-23 21:30:00,112.98,8114.91,0,PUBLIC_P5MIN_202609232100_20260923205534.zip
2026-09-23 21:00:00,NSW1,2026-09-23 21:35:00,116.88877,8083.91,0,PUBLIC_P5MIN_202609232100_20260923205534.zip
2026-09-23 21:00:00,NSW1,2026-09-23 21:40:00,112.98,8057.91,0,PUBLIC_P5MIN_202609232100_20260923205534.zip
2026-09-23 21:00:00,NSW1,2026-09-23 21:45:00,123.2561,8032.91,0,PUBLIC_P5MIN_202609232100_20260923205534.zip
2026-09-23 21:00:00,NSW1,2026-09-23 21:50:00,122.15,8009.91,0,PUBLIC_P5MIN_202609232100_20260923205534.zip
2026-09-23 21:00:00,NSW1,2026-09-23 21:55:00,122.15,7987.91,0,PUBLIC_P5MIN_202609232100_20260923205534.zip
2026-09-23 21:00:00,QLD1,2026-09-23 21:00:00,99.69,6856.66,0,PUBLIC_P5MIN_202609232100_20260923205534.zip
2026-09-23 21:00:00,QLD1,2026-09-23 21:05:00,99.69,6855.66,0,PUBLIC_P5MIN_202609232100_20260923205534.zip
2026-09-23 21:00:00,QLD1,2026-09-23 21:10:00,93.77924,6849.66,0,PUBLIC_P5MIN_202609232100_20260923205534.zip
2026-09-23 21:00:00,QLD1,2026-09-23 21:15:00,91.95016,6836.66,0,PUBLIC_P5MIN_202609232100_20260923205534.zip
2026-09-23 21:00:00,QLD1,2026-09-23 21:20:00,91.36949,6816.66,0,PUBLIC_P5MIN_202609232100_20260923205534.zip
2026-09-23 21:00:00,QLD1,2026-09-23 21:25:00,91.36949,6791.66,0,PUBLIC_P5MIN_202609232100_20260923205534.zip
2026-09-23 21:00:00,QLD1,2026-09-23 21:30:00,90.21927,6761.66,0,PUBLIC_P5MIN_202609232100_20260923205534.zip
2026-09-23 21:00:00,QLD1,2026-09-23 21:35:00,96.95711,6727.66,0,PUBLIC_P5MIN_202609232100_20260923205534.zip
2026-09-23 21:00:00,QLD1,2026-09-23 21:40:00,93.71485,6692.66,0,PUBLIC_P5MIN_202609232100_20260923205534.zip
2026-09-23 21:00:00,QLD1,2026-09-23 21:45:00,99.68,6657.66,0,PUBLIC_P5MIN_202609232100_20260923205534.zip
2026-09-23 21:00:00,QLD1,2026-09-23 21:50:00,99.68,6619.66,0,PUBLIC_P5MIN_202609232100_20260923205534.zip
2026-09-23 21:00:00,QLD1,2026-09-23 21:55:00,99.68,6582.66,0,PUBLIC_P5MIN_202609232100_20260923205534.zip
2026-09-23 21:00:00,SA1,2026-09-23 21:00:00,113.13555,1485.24,0,PUBLIC_P5MIN_202609232100_20260923205534.zip
2026-09-23 21:00:00,SA1,2026-09-23 21:05:00,112.76138,1480.24,0,PUBLIC_P5MIN_202609232100_20260923205534.zip
2026-09-23 21:00:00,SA1,2026-09-23 21:10:00,104.99639,1473.24,0,PUBLIC_P5MIN_202609232100_20260923205534.zip
2026-09-23 21:00:00,SA1,2026-09-23 21:15:00,102.50738,1466.24,0,PUBLIC_P5MIN_202609232100_20260923205534.zip
2026-09-23 21:00:00,SA1,2026-09-23 21:20:00,101.48531,1460.24,0,PUBLIC_P5MIN_202609232100_20260923205534.zip
2026-09-23 21:00:00,SA1,2026-09-23 21:25:00,101.02,1455.24,0,PUBLIC_P5MIN_202609232100_20260923205534.zip
2026-09-23 21:00:00,SA1,2026-09-23 21:30:00,101.02,1449.24,0,PUBLIC_P5MIN_202609232100_20260923205534.zip
2026-09-23 21:00:00,SA1,2026-09-23 21:35:00,105.81677,1444.24,0,PUBLIC_P5MIN_202609232100_20260923205534.zip
2026-09-23 21:00:00,SA1,2026-09-23 21:40:00,101.48531,1439.24,0,PUBLIC_P5MIN_202609232100_20260923205534.zip
2026-09-23 21:00:00,SA1,2026-09-23 21:45:00,108.54447,1433.24,0,PUBLIC_P5MIN_202609232100_20260923205534.zip
2026-09-23 21:00:00,SA1,2026-09-23 21:50:00,106.30553,1427.24,0,PUBLIC_P5MIN_202609232100_20260923205534.zip
2026-09-23 21:00:00,SA1,2026-09-23 21:55:00,105.057,1421.24,0,PUBLIC_P5MIN_202609232100_20260923205534.zip
2026-09-23 21:00:00,TAS1,2026-09-23 21:00:00,110.73101,1209.45,0,PUBLIC_P5MIN_202609232100_20260923205534.zip
2026-09-23 21:00:00,TAS1,2026-09-23 21:05:00,111.25555,1205.45,0,PUBLIC_P5MIN_202609232100_20260923205534.zip
2026-09-23 21:00:00,TAS1,2026-09-23 21:10:00,103.99818,1201.45,0,PUBLIC_P5MIN_202609232100_20260923205534.zip
2026-09-23 21:00:00,TAS1,2026-09-23 21:15:00,101.32584,1197.45,0,PUBLIC_P5MIN_202609232100_20260923205534.zip
2026-09-23 21:00:00,TAS1,2026-09-23 21:20:00,100.21287,1193.45,0,PUBLIC_P5MIN_202609232100_20260923205534.zip
2026-09-23 21:00:00,TAS1,2026-09-23 21:25:00,99.55005,1188.45,0,PUBLIC_P5MIN_202609232100_20260923205534.zip
2026-09-23 21:00:00,TAS1,2026-09-23 21:30:00,99.41782,1183.45,0,PUBLIC_P5MIN_202609232100_20260923205534.zip
2026-09-23 21:00:00,TAS1,2026-09-23 21:35:00,104.9529,1178.45,0,PUBLIC_P5MIN_202609232100_20260923205534.zip
2026-09-23 21:00:00,TAS1,2026-09-23 21:40:00,101.75086,1173.45,0,PUBLIC_P5MIN_202609232100_20260923205534.zip
2026-09-23 21:00:00,TAS1,2026-09-23 21:45:00,108.92257,1168.45,0,PUBLIC_P5MIN_202609232100_20260923205534.zip
2026-09-23 21:00:00,TAS1,2026-09-23 21:50:00,107.09179,1163.45,0,PUBLIC_P5MIN_202609232100_20260923205534.zip
2026-09-23 21:00:00,TAS1,2026-09-23 21:55:00,105.92455,1157.45,0,PUBLIC_P5MIN_202609232100_20260923205534.zip
2026-09-23 21:00:00,VIC1,2026-09-23 21:00:00,118.5,6070.93,0,PUBLIC_P5MIN_202609232100_20260923205534.zip
2026-09-23 21:00:00,VIC1,2026-09-23 21:05:00,118.21109,6044.93,0,PUBLIC_P5MIN_202609232100_20260923205534.zip
2026-09-23 21:00:00,VIC1,2026-09-23 21:10:00,110.5,6015.93,0,PUBLIC_P5MIN_202609232100_20260923205534.zip
2026-09-23 21:00:00,VIC1,2026-09-23 21:15:00,107.66059,5982.93,0,PUBLIC_P5MIN_202609232100_20260923205534.zip
2026-09-23 21:00:00,VIC1,2026-09-23 21:20:00,106.80487,5949.93,0,PUBLIC_P5MIN_202609232100_20260923205534.zip
2026-09-23 21:00:00,VIC1,2026-09-23 21:25:00,106.09844,5916.93,0,PUBLIC_P5MIN_202609232100_20260923205534.zip
2026-09-23 21:00:00,VIC1,2026-09-23 21:30:00,105.95752,5881.93,0,PUBLIC_P5MIN_202609232100_20260923205534.zip
2026-09-23 21:00:00,VIC1,2026-09-23 21:35:00,110.5,5842.93,0,PUBLIC_P5MIN_202609232100_20260923205534.zip
2026-09-23 21:00:00,VIC1,2026-09-23 21:40:00,106.80487,5800.93,0,PUBLIC_P5MIN_202609232100_20260923205534.zip
2026-09-23 21:00:00,VIC1,2026-09-23 21:45:00,114.67948,5757.93,0,PUBLIC_P5MIN_202609232100_20260923205534.zip
2026-09-23 21:00:00,VIC1,2026-09-23 21:50:00,112.75194,5717.93,0,PUBLIC_P5MIN_202609232100_20260923205534.zip
2026-09-23 21:00:00,VIC1,2026-09-23 21:55:00,111.8622,5677.93,0,PUBLIC_P5MIN_202609232100_20260923205534.zip
2026-09-23 21:05:00,NSW1,2026-09-23 21:05:00,112.98,8330.07,0,PUBLIC_P5MIN_202609232105_20260923210033.zip
2026-09-23 21:05:00,NSW1,2026-09-23 21:10:00,112.98,8296.07,0,PUBLIC_P5MIN_202609232105_20260923210033.zip
2026-09-23 21:05:00,NSW1,2026-09-23 21:15:00,112.98,8260.07,0,PUBLIC_P5MIN_202609232105_20260923210033.zip
2026-09-23 21:05:00,NSW1,2026-09-23 21:20:00,128.04317,8227.07,0,PUBLIC_P5MIN_202609232105_20260923210033.zip
2026-09-23 21:05:00,NSW1,2026-09-23 21:25:00,112.98,8193.07,0,PUBLIC_P5MIN_202609232105_20260923210033.zip
2026-09-23 21:05:00,NSW1,2026-09-23 21:30:00,112.98,8161.07,0,PUBLIC_P5MIN_202609232105_20260923210033.zip
2026-09-23 21:05:00,NSW1,2026-09-23 21:35:00,115.9597,8131.07,0,PUBLIC_P5MIN_202609232105_20260923210033.zip
2026-09-23 21:05:00,NSW1,2026-09-23 21:40:00,112.98,8105.07,0,PUBLIC_P5MIN_202609232105_20260923210033.zip
2026-09-23 21:05:00,NSW1,2026-09-23 21:45:00,112.98,8080.07,0,PUBLIC_P5MIN_202609232105_20260923210033.zip
2026-09-23 21:05:00,NSW1,2026-09-23 21:50:00,112.98,8057.07,0,PUBLIC_P5MIN_202609232105_20260923210033.zip
2026-09-23 21:05:00,NSW1,2026-09-23 21:55:00,120.66252,8035.07,0,PUBLIC_P5MIN_202609232105_20260923210033.zip
2026-09-23 21:05:00,NSW1,2026-09-23 22:00:00,115.17672,8016.07,0,PUBLIC_P5MIN_202609232105_20260923210033.zip
2026-09-23 21:05:00,QLD1,2026-09-23 21:05:00,96.19889,6794.57,0,PUBLIC_P5MIN_202609232105_20260923210033.zip
2026-09-23 21:05:00,QLD1,2026-09-23 21:10:00,89.64965,6789.57,0,PUBLIC_P5MIN_202609232105_20260923210033.zip
2026-09-23 21:05:00,QLD1,2026-09-23 21:15:00,89.64965,6776.57,0,PUBLIC_P5MIN_202609232105_20260923210033.zip
2026-09-23 21:05:00,QLD1,2026-09-23 21:20:00,99.69,6756.57,0,PUBLIC_P5MIN_202609232105_20260923210033.zip
2026-09-23 21:05:00,QLD1,2026-09-23 21:25:00,88.88,6731.57,0,PUBLIC_P5MIN_202609232105_20260923210033.zip
2026-09-23 21:05:00,QLD1,2026-09-23 21:30:00,88.88,6701.57,0,PUBLIC_P5MIN_202609232105_20260923210033.zip
2026-09-23 21:05:00,QLD1,2026-09-23 21:35:00,94.37522,6667.57,0,PUBLIC_P5MIN_202609232105_20260923210033.zip
2026-09-23 21:05:00,QLD1,2026-09-23 21:40:00,91.95016,6632.57,0,PUBLIC_P5MIN_202609232105_20260923210033.zip
2026-09-23 21:05:00,QLD1,2026-09-23 21:45:00,91.36949,6597.57,0,PUBLIC_P5MIN_202609232105_20260923210033.zip
2026-09-23 21:05:00,QLD1,2026-09-23 21:50:00,90.79253,6560.57,0,PUBLIC_P5MIN_202609232105_20260923210033.zip
2026-09-23 21:05:00,QLD1,2026-09-23 21:55:00,96.96633,6523.57,0,PUBLIC_P5MIN_202609232105_20260923210033.zip
2026-09-23 21:05:00,QLD1,2026-09-23 22:00:00,91.97344,6486.57,0,PUBLIC_P5MIN_202609232105_20260923210033.zip
2026-09-23 21:05:00,SA1,2026-09-23 21:05:00,105.99561,1475.6,0,PUBLIC_P5MIN_202609232105_20260923210033.zip
2026-09-23 21:05:00,SA1,2026-09-23 21:10:00,101.02,1468.6,0,PUBLIC_P5MIN_202609232105_20260923210033.zip
2026-09-23 21:05:00,SA1,2026-09-23 21:15:00,101.02,1461.6,0,PUBLIC_P5MIN_202609232105_20260923210033.zip
2026-09-23 21:05:00,SA1,2026-09-23 21:20:00,112.30499,1455.6,0,PUBLIC_P5MIN_202609232105_20260923210033.zip
2026-09-23 21:05:00,SA1,2026-09-23 21:25:00,101.02,1449.6,0,PUBLIC_P5MIN_202609232105_20260923210033.zip
2026-09-23 21:05:00,SA1,2026-09-23 21:30:00,101.02,1443.6,0,PUBLIC_P5MIN_202609232105_20260923210033.zip
2026-09-23 21:05:00,SA1,2026-09-23 21:35:00,106.22935,1438.6,0,PUBLIC_P5MIN_202609232105_20260923210033.zip
2026-09-23 21:05:00,SA1,2026-09-23 21:40:00,101.69261,1433.6,0,PUBLIC_P5MIN_202609232105_20260923210033.zip
2026-09-23 21:05:00,SA1,2026-09-23 21:45:00,101.04,1427.6,0,PUBLIC_P5MIN_202609232105_20260923210033.zip
2026-09-23 21:05:00,SA1,2026-09-23 21:50:00,101.02,1421.6,0,PUBLIC_P5MIN_202609232105_20260923210033.zip
2026-09-23 21:05:00,SA1,2026-09-23 21:55:00,104.99639,1415.6,0,PUBLIC_P5MIN_202609232105_20260923210033.zip
2026-09-23 21:05:00,SA1,2026-09-23 22:00:00,101.02,1408.6,0,PUBLIC_P5MIN_202609232105_20260923210033.zip
2026-09-23 21:05:00,TAS1,2026-09-23 21:05:00,103.76723,1195.74,0,PUBLIC_P5MIN_202609232105_20260923210033.zip
2026-09-23 21:05:00,TAS1,2026-09-23 21:10:00,100.14236,1191.74,0,PUBLIC_P5MIN_202609232105_20260923210033.zip
2026-09-23 21:05:00,TAS1,2026-09-23 21:15:00,99.55005,1187.74,0,PUBLIC_P5MIN_202609232105_20260923210033.zip
2026-09-23 21:05:00,TAS1,2026-09-23 21:20:00,110.8969,1183.74,0,PUBLIC_P5MIN_202609232105_20260923210033.zip
2026-09-23 21:05:00,TAS1,2026-09-23 21:25:00,99.36596,1178.74,0,PUBLIC_P5MIN_202609232105_20260923210033.zip
2026-09-23 21:05:00,TAS1,2026-09-23 21:30:00,98.32778,1173.74,0,PUBLIC_P5MIN_202609232105_20260923210033.zip
2026-09-23 21:05:00,TAS1,2026-09-23 21:35:00,104.9529,1168.74,0,PUBLIC_P5MIN_202609232105_20260923210033.zip
2026-09-23 21:05:00,TAS1,2026-09-23 21:40:00,101.44327,1163.74,0,PUBLIC_P5MIN_202609232105_20260923210033.zip
2026-09-23 21:05:00,TAS1,2026-09-23 21:45:00,100.63846,1158.74,0,PUBLIC_P5MIN_202609232105_20260923210033.zip
2026-09-23 21:05:00,TAS1,2026-09-23 21:50:00,100.28096,1153.74,0,PUBLIC_P5MIN_202609232105_20260923210033.zip
2026-09-23 21:05:00,TAS1,2026-09-23 21:55:00,104.63466,1147.74,0,PUBLIC_P5MIN_202609232105_20260923210033.zip
2026-09-23 21:05:00,TAS1,2026-09-23 22:00:00,100.36578,1141.74,0,PUBLIC_P5MIN_202609232105_20260923210033.zip
2026-09-23 21:05:00,VIC1,2026-09-23 21:05:00,111.04174,6019.41,0,PUBLIC_P5MIN_202609232105_20260923210033.zip
2026-09-23 21:05:00,VIC1,2026-09-23 21:10:00,106.72972,5992.41,0,PUBLIC_P5MIN_202609232105_20260923210033.zip
2026-09-23 21:05:00,VIC1,2026-09-23 21:15:00,106.09844,5961.41,0,PUBLIC_P5MIN_202609232105_20260923210033.zip
2026-09-23 21:05:00,VIC1,2026-09-23 21:20:00,118.19169,5931.41,0,PUBLIC_P5MIN_202609232105_20260923210033.zip
2026-09-23 21:05:00,VIC1,2026-09-23 21:25:00,105.90225,5900.41,0,PUBLIC_P5MIN_202609232105_20260923210033.zip
2026-09-23 21:05:00,VIC1,2026-09-23 21:30:00,105.11843,5867.41,0,PUBLIC_P5MIN_202609232105_20260923210033.zip
2026-09-23 21:05:00,VIC1,2026-09-23 21:35:00,110.5,5830.41,0,PUBLIC_P5MIN_202609232105_20260923210033.zip
2026-09-23 21:05:00,VIC1,2026-09-23 21:40:00,106.80487,5789.41,0,PUBLIC_P5MIN_202609232105_20260923210033.zip
2026-09-23 21:05:00,VIC1,2026-09-23 21:45:00,105.95752,5747.41,0,PUBLIC_P5MIN_202609232105_20260923210033.zip
2026-09-23 21:05:00,VIC1,2026-09-23 21:50:00,105.90225,5707.41,0,PUBLIC_P5MIN_202609232105_20260923210033.zip
2026-09-23 21:05:00,VIC1,2026-09-23 21:55:00,110.5,5666.41,0,PUBLIC_P5MIN_202609232105_20260923210033.zip
2026-09-23 21:05:00,VIC1,2026-09-23 22:00:00,106.31517,5626.41,0,PUBLIC_P5MIN_202609232105_20260923210033.zip
2026-09-23 21:10:00,NSW1,2026-09-23 21:10:00,121.5585,8303.37,0,PUBLIC_P5MIN_202609232110_20260923210534.zip
2026-09-23 21:10:00,NSW1,2026-09-23 21:15:00,112.98,8267.37,0,PUBLIC_P5MIN_202609232110_20260923210534.zip
2026-09-23 21:10:00,NSW1,2026-09-23 21:20:00,112.98,8234.37,0,PUBLIC_P5MIN_202609232110_20260923210534.zip
2026-09-23 21:10:00,NSW1,2026-09-23 21:25:00,112.98,8200.37,0,PUBLIC_P5MIN_202609232110_20260923210534.zip
2026-09-23 21:10:00,NSW1,2026-09-23 21:30:00,112.98,8168.37,0,PUBLIC_P5MIN_202609232110_20260923210534.zip
2026-09-23 21:10:00,NSW1,2026-09-23 21:35:00,122.15,8138.37,0,PUBLIC_P5MIN_202609232110_20260923210534.zip
2026-09-23 21:10:00,NSW1,2026-09-23 21:40:00,120.93543,8112.37,0,PUBLIC_P5MIN_202609232110_20260923210534.zip
2026-09-23 21:10:00,NSW1,2026-09-23 21:45:00,112.98,8087.37,0,PUBLIC_P5MIN_202609232110_20260923210534.zip
2026-09-23 21:10:00,NSW1,2026-09-23 21:50:00,112.98,8064.37,0,PUBLIC_P5MIN_202609232110_20260923210534.zip
2026-09-23 21:10:00,NSW1,2026-09-23 21:55:00,113.82244,8042.37,0,PUBLIC_P5MIN_202609232110_20260923210534.zip
2026-09-23 21:10:00,NSW1,2026-09-23 22:00:00,121.6206,8022.37,0,PUBLIC_P5MIN_202609232110_20260923210534.zip
2026-09-23 21:10:00,NSW1,2026-09-23 22:05:00,122.15,7989.37,0,PUBLIC_P5MIN_202609232110_20260923210534.zip
2026-09-23 21:10:00,QLD1,2026-09-23 21:10:00,102.8,6880.94,0,PUBLIC_P5MIN_202609232110_20260923210534.zip
2026-09-23 21:10:00,QLD1,2026-09-23 21:15:00,90.79253,6866.94,0,PUBLIC_P5MIN_202609232110_20260923210534.zip
2026-09-23 21:10:00,QLD1,2026-09-23 21:20:00,90.79253,6845.94,0,PUBLIC_P5MIN_202609232110_20260923210534.zip
2026-09-23 21:10:00,QLD1,2026-09-23 21:25:00,90.21927,6819.94,0,PUBLIC_P5MIN_202609232110_20260923210534.zip
2026-09-23 21:10:00,QLD1,2026-09-23 21:30:00,89.64965,6788.94,0,PUBLIC_P5MIN_202609232110_20260923210534.zip
2026-09-23 21:10:00,QLD1,2026-09-23 21:35:00,99.68,6753.94,0,PUBLIC_P5MIN_202609232110_20260923210534.zip
2026-09-23 21:10:00,QLD1,2026-09-23 21:40:00,99.68,6717.94,0,PUBLIC_P5MIN_202609232110_20260923210534.zip
2026-09-23 21:10:00,QLD1,2026-09-23 21:45:00,93.12281,6682.94,0,PUBLIC_P5MIN_202609232110_20260923210534.zip
2026-09-23 21:10:00,QLD1,2026-09-23 21:50:00,92.53459,6644.94,0,PUBLIC_P5MIN_202609232110_20260923210534.zip
2026-09-23 21:10:00,QLD1,2026-09-23 21:55:00,93.22458,6607.94,0,PUBLIC_P5MIN_202609232110_20260923210534.zip
2026-09-23 21:10:00,QLD1,2026-09-23 22:00:00,98.98242,6571.94,0,PUBLIC_P5MIN_202609232110_20260923210534.zip
2026-09-23 21:10:00,QLD1,2026-09-23 22:05:00,99.68,6496.94,0,PUBLIC_P5MIN_202609232110_20260923210534.zip
2026-09-23 21:10:00,SA1,2026-09-23 21:10:00,112.32042,1471.54,0,PUBLIC_P5MIN_202609232110_20260923210534.zip
2026-09-23 21:10:00,SA1,2026-09-23 21:15:00,101.02,1464.54,0,PUBLIC_P5MIN_202609232110_20260923210534.zip
2026-09-23 21:10:00,SA1,2026-09-23 21:20:00,101.02,1458.54,0,PUBLIC_P5MIN_202609232110_20260923210534.zip
2026-09-23 21:10:00,SA1,2026-09-23 21:25:00,101.04,1452.54,0,PUBLIC_P5MIN_202609232110_20260923210534.zip
2026-09-23 21:10:00,SA1,2026-09-23 21:30:00,101.02,1446.54,0,PUBLIC_P5MIN_202609232110_20260923210534.zip
2026-09-23 21:10:00,SA1,2026-09-23 21:35:00,112.77453,1441.54,0,PUBLIC_P5MIN_202609232110_20260923210534.zip
2026-09-23 21:10:00,SA1,2026-09-23 21:40:00,110.76572,1436.54,0,PUBLIC_P5MIN_202609232110_20260923210534.zip
2026-09-23 21:10:00,SA1,2026-09-23 21:45:00,102.67703,1430.54,0,PUBLIC_P5MIN_202609232110_20260923210534.zip
2026-09-23 21:10:00,SA1,2026-09-23 21:50:00,101.07,1425.54,0,PUBLIC_P5MIN_202609232110_20260923210534.zip
2026-09-23 21:10:00,SA1,2026-09-23 21:55:00,101.02,1419.54,0,PUBLIC_P5MIN_202609232110_20260923210534.zip
2026-09-23 21:10:00,SA1,2026-09-23 22:00:00,104.99639,1412.54,0,PUBLIC_P5MIN_202609232110_20260923210534.zip
2026-09-23 21:10:00,SA1,2026-09-23 22:05:00,104.49,1403.54,0,PUBLIC_P5MIN_202609232110_20260923210534.zip
2026-09-23 21:10:00,TAS1,2026-09-23 21:10:00,110.75043,1201.87,0,PUBLIC_P5MIN_202609232110_20260923210534.zip
2026-09-23 21:10:00,TAS1,2026-09-23 21:15:00,99.67096,1197.87,0,PUBLIC_P5MIN_202609232110_20260923210534.zip
2026-09-23 21:10:00,TAS1,2026-09-23 21:20:00,98.93326,1192.87,0,PUBLIC_P5MIN_202609232110_20260923210534.zip
2026-09-23 21:10:00,TAS1,2026-09-23 21:25:00,98.99963,1187.87,0,PUBLIC_P5MIN_202609232110_20260923210534.zip
2026-09-23 21:10:00,TAS1,2026-09-23 21:30:00,98.63052,1182.87,0,PUBLIC_P5MIN_202609232110_20260923210534.zip
2026-09-23 21:10:00,TAS1,2026-09-23 21:35:00,110.55562,1176.87,0,PUBLIC_P5MIN_202609232110_20260923210534.zip
2026-09-23 21:10:00,TAS1,2026-09-23 21:40:00,108.58634,1170.87,0,PUBLIC_P5MIN_202609232110_20260923210534.zip
2026-09-23 21:10:00,TAS1,2026-09-23 21:45:00,101.44327,1165.87,0,PUBLIC_P5MIN_202609232110_20260923210534.zip
2026-09-23 21:10:00,TAS1,2026-09-23 21:50:00,100.63574,1159.87,0,PUBLIC_P5MIN_202609232110_20260923210534.zip
2026-09-23 21:10:00,TAS1,2026-09-23 21:55:00,100.28096,1153.87,0,PUBLIC_P5MIN_202609232110_20260923210534.zip
2026-09-23 21:10:00,TAS1,2026-09-23 22:00:00,104.63466,1147.87,0,PUBLIC_P5MIN_202609232110_20260923210534.zip
2026-09-23 21:10:00,TAS1,2026-09-23 22:05:00,104.07431,1142.87,0,PUBLIC_P5MIN_202609232110_20260923210534.zip
2026-09-23 21:10:00,VIC1,2026-09-23 21:10:00,118.5,5960.23,0,PUBLIC_P5MIN_202609232110_20260923210534.zip
2026-09-23 21:10:00,VIC1,2026-09-23 21:15:00,105.90225,5928.23,0,PUBLIC_P5MIN_202609232110_20260923210534.zip
2026-09-23 21:10:00,VIC1,2026-09-23 21:20:00,105.11843,5897.23,0,PUBLIC_P5MIN_202609232110_20260923210534.zip
2026-09-23 21:10:00,VIC1,2026-09-23 21:25:00,105.51182,5865.23,0,PUBLIC_P5MIN_202609232110_20260923210534.zip
2026-09-23 21:10:00,VIC1,2026-09-23 21:30:00,105.11843,5831.23,0,PUBLIC_P5MIN_202609232110_20260923210534.zip
2026-09-23 21:10:00,VIC1,2026-09-23 21:35:00,116.39884,5793.23,0,PUBLIC_P5MIN_202609232110_20260923210534.zip
2026-09-23 21:10:00,VIC1,2026-09-23 21:40:00,114.32548,5752.23,0,PUBLIC_P5MIN_202609232110_20260923210534.zip
2026-09-23 21:10:00,VIC1,2026-09-23 21:45:00,106.80487,5709.23,0,PUBLIC_P5MIN_202609232110_20260923210534.zip
2026-09-23 21:10:00,VIC1,2026-09-23 21:50:00,105.95467,5669.23,0,PUBLIC_P5MIN_202609232110_20260923210534.zip
2026-09-23 21:10:00,VIC1,2026-09-23 21:55:00,105.90225,5628.23,0,PUBLIC_P5MIN_202609232110_20260923210534.zip
2026-09-23 21:10:00,VIC1,2026-09-23 22:00:00,110.5,5589.23,0,PUBLIC_P5MIN_202609232110_20260923210534.zip
2026-09-23 21:10:00,VIC1,2026-09-23 22:05:00,109.24373,5537.23,0,PUBLIC_P5MIN_202609232110_20260923210534.zip
2026-09-23 21:15:00,NSW1,2026-09-23 21:15:00,112.98,8204.19,0,PUBLIC_P5MIN_202609232115_20260923211034.zip
2026-09-23 21:15:00,NSW1,2026-09-23 21:20:00,112.98,8173.19,0,PUBLIC_P5MIN_202609232115_20260923211034.zip
2026-09-23 21:15:00,NSW1,2026-09-23 21:25:00,112.98,8141.19,0,PUBLIC_P5MIN_202609232115_20260923211034.zip
2026-09-23 21:15:00,NSW1,2026-09-23 21:30:00,112.98,8111.19,0,PUBLIC_P5MIN_202609232115_20260923211034.zip
2026-09-23 21:15:00,NSW1,2026-09-23 21:35:00,112.98,8082.19,0,PUBLIC_P5MIN_202609232115_20260923211034.zip
2026-09-23 21:15:00,NSW1,2026-09-23 21:40:00,112.98,8057.19,0,PUBLIC_P5MIN_202609232115_20260923211034.zip
2026-09-23 21:15:00,NSW1,2026-09-23 21:45:00,112.98,8033.19,0,PUBLIC_P5MIN_202609232115_20260923211034.zip
2026-09-23 21:15:00,NSW1,2026-09-23 21:50:00,117.82354,8011.19,0,PUBLIC_P5MIN_202609232115_20260923211034.zip
2026-09-23 21:15:00,NSW1,2026-09-23 21:55:00,110.29493,7989.19,0,PUBLIC_P5MIN_202609232115_20260923211034.zip
2026-09-23 21:15:00,NSW1,2026-09-23 22:00:00,112.98,7970.19,0,PUBLIC_P5MIN_202609232115_20260923211034.zip
2026-09-23 21:15:00,NSW1,2026-09-23 22:05:00,121.70418,7935.19,0,PUBLIC_P5MIN_202609232115_20260923211034.zip
2026-09-23 21:15:00,NSW1,2026-09-23 22:10:00,121.70418,7939.19,0,PUBLIC_P5MIN_202609232115_20260923211034.zip
2026-09-23 21:15:00,QLD1,2026-09-23 21:15:00,97.47875,6846.49,0,PUBLIC_P5MIN_202609232115_20260923211034.zip
2026-09-23 21:15:00,QLD1,2026-09-23 21:20:00,90.79253,6826.49,0,PUBLIC_P5MIN_202609232115_20260923211034.zip
2026-09-23 21:15:00,QLD1,2026-09-23 21:25:00,90.21927,6801.49,0,PUBLIC_P5MIN_202609232115_20260923211034.zip
2026-09-23 21:15:00,QLD1,2026-09-23 21:30:00,90.21927,6771.49,0,PUBLIC_P5MIN_202609232115_20260923211034.zip
2026-09-23 21:15:00,QLD1,2026-09-23 21:35:00,91.36949,6737.49,0,PUBLIC_P5MIN_202609232115_20260923211034.zip
2026-09-23 21:15:00,QLD1,2026-09-23 21:40:00,91.36949,6702.49,0,PUBLIC_P5MIN_202609232115_20260923211034.zip
2026-09-23 21:15:00,QLD1,2026-09-23 21:45:00,90.79253,6668.49,0,PUBLIC_P5MIN_202609232115_20260923211034.zip
2026-09-23 21:15:00,QLD1,2026-09-23 21:50:00,94.68488,6631.49,0,PUBLIC_P5MIN_202609232115_20260923211034.zip
2026-09-23 21:15:00,QLD1,2026-09-23 21:55:00,88.07512,6594.49,0,PUBLIC_P5MIN_202609232115_20260923211034.zip
2026-09-23 21:15:00,QLD1,2026-09-23 22:00:00,89.64965,6557.49,0,PUBLIC_P5MIN_202609232115_20260923211034.zip
2026-09-23 21:15:00,QLD1,2026-09-23 22:05:00,99.68,6481.49,0,PUBLIC_P5MIN_202609232115_20260923211034.zip
2026-09-23 21:15:00,QLD1,2026-09-23 22:10:00,99.68,6442.49,0,PUBLIC_P5MIN_202609232115_20260923211034.zip
2026-09-23 21:15:00,SA1,2026-09-23 21:15:00,104.93274,1461.03,0,PUBLIC_P5MIN_202609232115_20260923211034.zip
2026-09-23 21:15:00,SA1,2026-09-23 21:20:00,101.02,1454.03,0,PUBLIC_P5MIN_202609232115_20260923211034.zip
2026-09-23 21:15:00,SA1,2026-09-23 21:25:00,101.02,1448.03,0,PUBLIC_P5MIN_202609232115_20260923211034.zip
2026-09-23 21:15:00,SA1,2026-09-23 21:30:00,101.02,1442.03,0,PUBLIC_P5MIN_202609232115_20260923211034.zip
2026-09-23 21:15:00,SA1,2026-09-23 21:35:00,106.43052,1437.03,0,PUBLIC_P5MIN_202609232115_20260923211034.zip
2026-09-23 21:15:00,SA1,2026-09-23 21:40:00,103.9253,1432.03,0,PUBLIC_P5MIN_202609232115_20260923211034.zip
2026-09-23 21:15:00,SA1,2026-09-23 21:45:00,103.0977,1426.03,0,PUBLIC_P5MIN_202609232115_20260923211034.zip
2026-09-23 21:15:00,SA1,2026-09-23 21:50:00,105.81677,1420.03,0,PUBLIC_P5MIN_202609232115_20260923211034.zip
2026-09-23 21:15:00,SA1,2026-09-23 21:55:00,101.02,1414.03,0,PUBLIC_P5MIN_202609232115_20260923211034.zip
2026-09-23 21:15:00,SA1,2026-09-23 22:00:00,101.02,1407.03,0,PUBLIC_P5MIN_202609232115_20260923211034.zip
2026-09-23 21:15:00,SA1,2026-09-23 22:05:00,104.63833,1399.03,0,PUBLIC_P5MIN_202609232115_20260923211034.zip
2026-09-23 21:15:00,SA1,2026-09-23 22:10:00,103.8271,1391.03,0,PUBLIC_P5MIN_202609232115_20260923211034.zip
2026-09-23 21:15:00,TAS1,2026-09-23 21:15:00,103.82444,1195.62,0,PUBLIC_P5MIN_202609232115_20260923211034.zip
2026-09-23 21:15:00,TAS1,2026-09-23 21:20:00,99.55005,1191.62,0,PUBLIC_P5MIN_202609232115_20260923211034.zip
2026-09-23 21:15:00,TAS1,2026-09-23 21:25:00,100.14236,1186.62,0,PUBLIC_P5MIN_202609232115_20260923211034.zip
2026-09-23 21:15:00,TAS1,2026-09-23 21:30:00,99.41782,1181.62,0,PUBLIC_P5MIN_202609232115_20260923211034.zip
2026-09-23 21:15:00,TAS1,2026-09-23 21:35:00,104.74325,1176.62,0,PUBLIC_P5MIN_202609232115_20260923211034.zip
2026-09-23 21:15:00,TAS1,2026-09-23 21:40:00,103.38942,1171.62,0,PUBLIC_P5MIN_202609232115_20260923211034.zip
2026-09-23 21:15:00,TAS1,2026-09-23 21:45:00,102.25603,1166.62,0,PUBLIC_P5MIN_202609232115_20260923211034.zip
2026-09-23 21:15:00,TAS1,2026-09-23 21:50:00,104.9529,1161.62,0,PUBLIC_P5MIN_202609232115_20260923211034.zip
2026-09-23 21:15:00,TAS1,2026-09-23 21:55:00,98.73209,1155.62,0,PUBLIC_P5MIN_202609232115_20260923211034.zip
2026-09-23 21:15:00,TAS1,2026-09-23 22:00:00,99.53874,1149.62,0,PUBLIC_P5MIN_202609232115_20260923211034.zip
2026-09-23 21:15:00,TAS1,2026-09-23 22:05:00,103.69447,1144.62,0,PUBLIC_P5MIN_202609232115_20260923211034.zip
2026-09-23 21:15:00,TAS1,2026-09-23 22:10:00,103.69447,1139.62,0,PUBLIC_P5MIN_202609232115_20260923211034.zip
2026-09-23 21:15:00,VIC1,2026-09-23 21:15:00,111.08975,5953.19,0,PUBLIC_P5MIN_202609232115_20260923211034.zip
2026-09-23 21:15:00,VIC1,2026-09-23 21:20:00,106.09844,5922.19,0,PUBLIC_P5MIN_202609232115_20260923211034.zip
2026-09-23 21:15:00,VIC1,2026-09-23 21:25:00,106.72972,5891.19,0,PUBLIC_P5MIN_202609232115_20260923211034.zip
2026-09-23 21:15:00,VIC1,2026-09-23 21:30:00,105.95752,5858.19,0,PUBLIC_P5MIN_202609232115_20260923211034.zip
2026-09-23 21:15:00,VIC1,2026-09-23 21:35:00,110.27927,5821.19,0,PUBLIC_P5MIN_202609232115_20260923211034.zip
2026-09-23 21:15:00,VIC1,2026-09-23 21:40:00,108.52481,5780.19,0,PUBLIC_P5MIN_202609232115_20260923211034.zip
2026-09-23 21:15:00,VIC1,2026-09-23 21:45:00,107.66059,5738.19,0,PUBLIC_P5MIN_202609232115_20260923211034.zip
2026-09-23 21:15:00,VIC1,2026-09-23 21:50:00,110.5,5698.19,0,PUBLIC_P5MIN_202609232115_20260923211034.zip
2026-09-23 21:15:00,VIC1,2026-09-23 21:55:00,104.26655,5658.19,0,PUBLIC_P5MIN_202609232115_20260923211034.zip
2026-09-23 21:15:00,VIC1,2026-09-23 22:00:00,105.11843,5619.19,0,PUBLIC_P5MIN_202609232115_20260923211034.zip
2026-09-23 21:15:00,VIC1,2026-09-23 22:05:00,108.84502,5566.19,0,PUBLIC_P5MIN_202609232115_20260923211034.zip
2026-09-23 21:15:00,VIC1,2026-09-23 22:10:00,108.84502,5528.19,0,PUBLIC_P5MIN_202609232115_20260923211034.zip
2026-09-23 21:20:00,NSW1,2026-09-23 21:20:00,112.98,8155.12,0,PUBLIC_P5MIN_202609232120_20260923211533.zip
2026-09-23 21:20:00,NSW1,2026-09-23 21:25:00,112.98,8121.12,0,PUBLIC_P5MIN_202609232120_20260923211533.zip
2026-09-23 21:20:00,NSW1,2026-09-23 21:30:00,112.98,8089.12,0,PUBLIC_P5MIN_202609232120_20260923211533.zip
2026-09-23 21:20:00,NSW1,2026-09-23 21:35:00,112.98,8059.12,0,PUBLIC_P5MIN_202609232120_20260923211533.zip
2026-09-23 21:20:00,NSW1,2026-09-23 21:40:00,112.98,8033.12,0,PUBLIC_P5MIN_202609232120_20260923211533.zip
2026-09-23 21:20:00,NSW1,2026-09-23 21:45:00,112.98,8008.12,0,PUBLIC_P5MIN_202609232120_20260923211533.zip
2026-09-23 21:20:00,NSW1,2026-09-23 21:50:00,112.98,7985.12,0,PUBLIC_P5MIN_202609232120_20260923211533.zip
2026-09-23 21:20:00,NSW1,2026-09-23 21:55:00,106.75707,7963.12,0,PUBLIC_P5MIN_202609232120_20260923211533.zip
2026-09-23 21:20:00,NSW1,2026-09-23 22:00:00,112.98,7943.12,0,PUBLIC_P5MIN_202609232120_20260923211533.zip
2026-09-23 21:20:00,NSW1,2026-09-23 22:05:00,121.6206,7909.12,0,PUBLIC_P5MIN_202609232120_20260923211533.zip
2026-09-23 21:20:00,NSW1,2026-09-23 22:10:00,121.6206,7913.12,0,PUBLIC_P5MIN_202609232120_20260923211533.zip
2026-09-23 21:20:00,NSW1,2026-09-23 22:15:00,121.6206,7911.12,0,PUBLIC_P5MIN_202609232120_20260923211533.zip
2026-09-23 21:20:00,QLD1,2026-09-23 21:20:00,96.79798,6800.19,0,PUBLIC_P5MIN_202609232120_20260923211533.zip
2026-09-23 21:20:00,QLD1,2026-09-23 21:25:00,89.64965,6776.19,0,PUBLIC_P5MIN_202609232120_20260923211533.zip
2026-09-23 21:20:00,QLD1,2026-09-23 21:30:00,89.08364,6747.19,0,PUBLIC_P5MIN_202609232120_20260923211533.zip
2026-09-23 21:20:00,QLD1,2026-09-23 21:35:00,90.79253,6714.19,0,PUBLIC_P5MIN_202609232120_20260923211533.zip
2026-09-23 21:20:00,QLD1,2026-09-23 21:40:00,90.79253,6680.19,0,PUBLIC_P5MIN_202609232120_20260923211533.zip
2026-09-23 21:20:00,QLD1,2026-09-23 21:45:00,90.21927,6646.19,0,PUBLIC_P5MIN_202609232120_20260923211533.zip
2026-09-23 21:20:00,QLD1,2026-09-23 21:50:00,89.64965,6609.19,0,PUBLIC_P5MIN_202609232120_20260923211533.zip
2026-09-23 21:20:00,QLD1,2026-09-23 21:55:00,85.25,6572.19,0,PUBLIC_P5MIN_202609232120_20260923211533.zip
2026-09-23 21:20:00,QLD1,2026-09-23 22:00:00,89.08364,6535.19,0,PUBLIC_P5MIN_202609232120_20260923211533.zip
2026-09-23 21:20:00,QLD1,2026-09-23 22:05:00,98.98242,6458.19,0,PUBLIC_P5MIN_202609232120_20260923211533.zip
2026-09-23 21:20:00,QLD1,2026-09-23 22:10:00,99.61154,6419.19,0,PUBLIC_P5MIN_202609232120_20260923211533.zip
2026-09-23 21:20:00,QLD1,2026-09-23 22:15:00,99.61154,6410.19,0,PUBLIC_P5MIN_202609232120_20260923211533.zip
2026-09-23 21:20:00,SA1,2026-09-23 21:20:00,108.86901,1457.67,0,PUBLIC_P5MIN_202609232120_20260923211533.zip
2026-09-23 21:20:00,SA1,2026-09-23 21:25:00,101.52673,1451.67,0,PUBLIC_P5MIN_202609232120_20260923211533.zip
2026-09-23 21:20:00,SA1,2026-09-23 21:30:00,101.02,1445.67,0,PUBLIC_P5MIN_202609232120_20260923211533.zip
2026-09-23 21:20:00,SA1,2026-09-23 21:35:00,103.45,1440.67,0,PUBLIC_P5MIN_202609232120_20260923211533.zip
2026-09-23 21:20:00,SA1,2026-09-23 21:40:00,103.53,1435.67,0,PUBLIC_P5MIN_202609232120_20260923211533.zip
2026-09-23 21:20:00,SA1,2026-09-23 21:45:00,102.41,1429.67,0,PUBLIC_P5MIN_202609232120_20260923211533.zip
2026-09-23 21:20:00,SA1,2026-09-23 21:50:00,101.04,1424.67,0,PUBLIC_P5MIN_202609232120_20260923211533.zip
2026-09-23 21:20:00,SA1,2026-09-23 21:55:00,100.44,1418.67,0,PUBLIC_P5MIN_202609232120_20260923211533.zip
2026-09-23 21:20:00,SA1,2026-09-23 22:00:00,101.02,1411.67,0,PUBLIC_P5MIN_202609232120_20260923211533.zip
2026-09-23 21:20:00,SA1,2026-09-23 22:05:00,106.22935,1402.67,0,PUBLIC_P5MIN_202609232120_20260923211533.zip
2026-09-23 21:20:00,SA1,2026-09-23 22:10:00,105.40579,1394.67,0,PUBLIC_P5MIN_202609232120_20260923211533.zip
2026-09-23 21:20:00,SA1,2026-09-23 22:15:00,104.99639,1386.67,0,PUBLIC_P5MIN_202609232120_20260923211533.zip
2026-09-23 21:20:00,TAS1,2026-09-23 21:20:00,106.93272,1190.29,0,PUBLIC_P5MIN_202609232120_20260923211533.zip
2026-09-23 21:20:00,TAS1,2026-09-23 21:25:00,101.82666,1186.29,0,PUBLIC_P5MIN_202609232120_20260923211533.zip
2026-09-23 21:20:00,TAS1,2026-09-23 21:30:00,100.53284,1181.29,0,PUBLIC_P5MIN_202609232120_20260923211533.zip
2026-09-23 21:20:00,TAS1,2026-09-23 21:35:00,103.07687,1176.29,0,PUBLIC_P5MIN_202609232120_20260923211533.zip
2026-09-23 21:20:00,TAS1,2026-09-23 21:40:00,103.39775,1171.29,0,PUBLIC_P5MIN_202609232120_20260923211533.zip
2026-09-23 21:20:00,TAS1,2026-09-23 21:45:00,102.15889,1166.29,0,PUBLIC_P5MIN_202609232120_20260923211533.zip
2026-09-23 21:20:00,TAS1,2026-09-23 21:50:00,100.63846,1161.29,0,PUBLIC_P5MIN_202609232120_20260923211533.zip
2026-09-23 21:20:00,TAS1,2026-09-23 21:55:00,97.02581,1155.29,0,PUBLIC_P5MIN_202609232120_20260923211533.zip
2026-09-23 21:20:00,TAS1,2026-09-23 22:00:00,99.53874,1149.29,0,PUBLIC_P5MIN_202609232120_20260923211533.zip
2026-09-23 21:20:00,TAS1,2026-09-23 22:05:00,105.27114,1143.29,0,PUBLIC_P5MIN_202609232120_20260923211533.zip
2026-09-23 21:20:00,TAS1,2026-09-23 22:10:00,104.9529,1138.29,0,PUBLIC_P5MIN_202609232120_20260923211533.zip
2026-09-23 21:20:00,TAS1,2026-09-23 22:15:00,104.9529,1132.29,0,PUBLIC_P5MIN_202609232120_20260923211533.zip
2026-09-23 21:20:00,VIC1,2026-09-23 21:20:00,114.76768,5944.87,0,PUBLIC_P5MIN_202609232120_20260923211533.zip
2026-09-23 21:20:00,VIC1,2026-09-23 21:25:00,108.52481,5911.87,0,PUBLIC_P5MIN_202609232120_20260923211533.zip
2026-09-23 21:20:00,VIC1,2026-09-23 21:30:00,107.14589,5876.87,0,PUBLIC_P5MIN_202609232120_20260923211533.zip
2026-09-23 21:20:00,VIC1,2026-09-23 21:35:00,108.52481,5837.87,0,PUBLIC_P5MIN_202609232120_20260923211533.zip
2026-09-23 21:20:00,VIC1,2026-09-23 21:40:00,108.53356,5795.87,0,PUBLIC_P5MIN_202609232120_20260923211533.zip
2026-09-23 21:20:00,VIC1,2026-09-23 21:45:00,107.55832,5751.87,0,PUBLIC_P5MIN_202609232120_20260923211533.zip
2026-09-23 21:20:00,VIC1,2026-09-23 21:50:00,105.95752,5710.87,0,PUBLIC_P5MIN_202609232120_20260923211533.zip
2026-09-23 21:20:00,VIC1,2026-09-23 21:55:00,102.46463,5669.87,0,PUBLIC_P5MIN_202609232120_20260923211533.zip
2026-09-23 21:20:00,VIC1,2026-09-23 22:00:00,105.11843,5630.87,0,PUBLIC_P5MIN_202609232120_20260923211533.zip
2026-09-23 21:20:00,VIC1,2026-09-23 22:05:00,110.5,5579.87,0,PUBLIC_P5MIN_202609232120_20260923211533.zip
2026-09-23 21:20:00,VIC1,2026-09-23 22:10:00,110.5,5541.87,0,PUBLIC_P5MIN_202609232120_20260923211533.zip
2026-09-23 21:20:00,VIC1,2026-09-23 22:15:00,110.5,5513.87,0,PUBLIC_P5MIN_202609232120_20260923211533.zip
2026-09-23 21:25:00,NSW1,2026-09-23 21:25:00,112.98,8126.08,0,PUBLIC_P5MIN_202609232125_20260923212034.zip
2026-09-23 21:25:00,NSW1,2026-09-23 21:30:00,112.98,8094.08,0,PUBLIC_P5MIN_202609232125_20260923212034.zip
2026-09-23 21:25:00,NSW1,2026-09-23 21:35:00,113.20614,8063.08,0,PUBLIC_P5MIN_202609232125_20260923212034.zip
2026-09-23 21:25:00,NSW1,2026-09-23 21:40:00,112.98,8036.08,0,PUBLIC_P5MIN_202609232125_20260923212034.zip
2026-09-23 21:25:00,NSW1,2026-09-23 21:45:00,112.98,8010.08,0,PUBLIC_P5MIN_202609232125_20260923212034.zip
2026-09-23 21:25:00,NSW1,2026-09-23 21:50:00,122.15,7986.08,0,PUBLIC_P5MIN_202609232125_20260923212034.zip
2026-09-23 21:25:00,NSW1,2026-09-23 21:55:00,117.82354,7963.08,0,PUBLIC_P5MIN_202609232125_20260923212034.zip
2026-09-23 21:25:00,NSW1,2026-09-23 22:00:00,100.29881,7943.08,0,PUBLIC_P5MIN_202609232125_20260923212034.zip
2026-09-23 21:25:00,NSW1,2026-09-23 22:05:00,109.68164,7910.08,0,PUBLIC_P5MIN_202609232125_20260923212034.zip
2026-09-23 21:25:00,NSW1,2026-09-23 22:10:00,121.70418,7914.08,0,PUBLIC_P5MIN_202609232125_20260923212034.zip
2026-09-23 21:25:00,NSW1,2026-09-23 22:15:00,121.70418,7912.08,0,PUBLIC_P5MIN_202609232125_20260923212034.zip
2026-09-23 21:25:00,NSW1,2026-09-23 22:20:00,121.70418,7894.08,0,PUBLIC_P5MIN_202609232125_20260923212034.zip
2026-09-23 21:25:00,QLD1,2026-09-23 21:25:00,97.47047,6843.04,0,PUBLIC_P5MIN_202609232125_20260923212034.zip
2026-09-23 21:25:00,QLD1,2026-09-23 21:30:00,90.21927,6813.04,0,PUBLIC_P5MIN_202609232125_20260923212034.zip
2026-09-23 21:25:00,QLD1,2026-09-23 21:35:00,92.1342,6779.04,0,PUBLIC_P5MIN_202609232125_20260923212034.zip
2026-09-23 21:25:00,QLD1,2026-09-23 21:40:00,91.95016,6744.04,0,PUBLIC_P5MIN_202609232125_20260923212034.zip
2026-09-23 21:25:00,QLD1,2026-09-23 21:45:00,91.36949,6709.04,0,PUBLIC_P5MIN_202609232125_20260923212034.zip
2026-09-23 21:25:00,QLD1,2026-09-23 21:50:00,98.78547,6672.04,0,PUBLIC_P5MIN_202609232125_20260923212034.zip
2026-09-23 21:25:00,QLD1,2026-09-23 21:55:00,94.68488,6635.04,0,PUBLIC_P5MIN_202609232125_20260923212034.zip
2026-09-23 21:25:00,QLD1,2026-09-23 22:00:00,81.11392,6598.04,0,PUBLIC_P5MIN_202609232125_20260923212034.zip
2026-09-23 21:25:00,QLD1,2026-09-23 22:05:00,90.97893,6521.04,0,PUBLIC_P5MIN_202609232125_20260923212034.zip
2026-09-23 21:25:00,QLD1,2026-09-23 22:10:00,99.68,6482.04,0,PUBLIC_P5MIN_202609232125_20260923212034.zip
2026-09-23 21:25:00,QLD1,2026-09-23 22:15:00,99.68,6473.04,0,PUBLIC_P5MIN_202609232125_20260923212034.zip
2026-09-23 21:25:00,QLD1,2026-09-23 22:20:00,99.68,6458.04,0,PUBLIC_P5MIN_202609232125_20260923212034.zip
2026-09-23 21:25:00,SA1,2026-09-23 21:25:00,110.43,1454.25,0,PUBLIC_P5MIN_202609232125_20260923212034.zip
2026-09-23 21:25:00,SA1,2026-09-23 21:30:00,101.94572,1448.25,0,PUBLIC_P5MIN_202609232125_20260923212034.zip
2026-09-23 21:25:00,SA1,2026-09-23 21:35:00,104.58858,1443.25,0,PUBLIC_P5MIN_202609232125_20260923212034.zip
2026-09-23 21:25:00,SA1,2026-09-23 21:40:00,103.41,1438.25,0,PUBLIC_P5MIN_202609232125_20260923212034.zip
2026-09-23 21:25:00,SA1,2026-09-23 21:45:00,105.19523,1432.25,0,PUBLIC_P5MIN_202609232125_20260923212034.zip
2026-09-23 21:25:00,SA1,2026-09-23 21:50:00,110.82737,1427.25,0,PUBLIC_P5MIN_202609232125_20260923212034.zip
2026-09-23 21:25:00,SA1,2026-09-23 21:55:00,104.99639,1421.25,0,PUBLIC_P5MIN_202609232125_20260923212034.zip
2026-09-23 21:25:00,SA1,2026-09-23 22:00:00,94.44,1414.25,0,PUBLIC_P5MIN_202609232125_20260923212034.zip
2026-09-23 21:25:00,SA1,2026-09-23 22:05:00,100.44,1405.25,0,PUBLIC_P5MIN_202609232125_20260923212034.zip
2026-09-23 21:25:00,SA1,2026-09-23 22:10:00,105.28318,1397.25,0,PUBLIC_P5MIN_202609232125_20260923212034.zip
2026-09-23 21:25:00,SA1,2026-09-23 22:15:00,104.49,1389.25,0,PUBLIC_P5MIN_202609232125_20260923212034.zip
2026-09-23 21:25:00,SA1,2026-09-23 22:20:00,105.08173,1382.25,0,PUBLIC_P5MIN_202609232125_20260923212034.zip
2026-09-23 21:25:00,TAS1,2026-09-23 21:25:00,108.52624,1190.42,0,PUBLIC_P5MIN_202609232125_20260923212034.zip
2026-09-23 21:25:00,TAS1,2026-09-23 21:30:00,102.64564,1185.42,0,PUBLIC_P5MIN_202609232125_20260923212034.zip
2026-09-23 21:25:00,TAS1,2026-09-23 21:35:00,105.27114,1180.42,0,PUBLIC_P5MIN_202609232125_20260923212034.zip
2026-09-23 21:25:00,TAS1,2026-09-23 21:40:00,104.89818,1175.42,0,PUBLIC_P5MIN_202609232125_20260923212034.zip
2026-09-23 21:25:00,TAS1,2026-09-23 21:45:00,104.74325,1170.42,0,PUBLIC_P5MIN_202609232125_20260923212034.zip
2026-09-23 21:25:00,TAS1,2026-09-23 21:50:00,110.55562,1165.42,0,PUBLIC_P5MIN_202609232125_20260923212034.zip
2026-09-23 21:25:00,TAS1,2026-09-23 21:55:00,104.9529,1159.42,0,PUBLIC_P5MIN_202609232125_20260923212034.zip
2026-09-23 21:25:00,TAS1,2026-09-23 22:00:00,91.22977,1153.42,0,PUBLIC_P5MIN_202609232125_20260923212034.zip
2026-09-23 21:25:00,TAS1,2026-09-23 22:05:00,98.64665,1147.42,0,PUBLIC_P5MIN_202609232125_20260923212034.zip
2026-09-23 21:25:00,TAS1,2026-09-23 22:10:00,105.34349,1142.42,0,PUBLIC_P5MIN_202609232125_20260923212034.zip
2026-09-23 21:25:00,TAS1,2026-09-23 22:15:00,105.02503,1136.42,0,PUBLIC_P5MIN_202609232125_20260923212034.zip
2026-09-23 21:25:00,TAS1,2026-09-23 22:20:00,105.85894,1129.42,0,PUBLIC_P5MIN_202609232125_20260923212034.zip
2026-09-23 21:25:00,VIC1,2026-09-23 21:25:00,116.4879,5992.0,0,PUBLIC_P5MIN_202609232125_20260923212034.zip
2026-09-23 21:25:00,VIC1,2026-09-23 21:30:00,109.39766,5958.0,0,PUBLIC_P5MIN_202609232125_20260923212034.zip
2026-09-23 21:25:00,VIC1,2026-09-23 21:35:00,110.5,5920.0,0,PUBLIC_P5MIN_202609232125_20260923212034.zip
2026-09-23 21:25:00,VIC1,2026-09-23 21:40:00,110.10851,5878.0,0,PUBLIC_P5MIN_202609232125_20260923212034.zip
2026-09-23 21:25:00,VIC1,2026-09-23 21:45:00,110.27927,5834.0,0,PUBLIC_P5MIN_202609232125_20260923212034.zip
2026-09-23 21:25:00,VIC1,2026-09-23 21:50:00,116.39884,5793.0,0,PUBLIC_P5MIN_202609232125_20260923212034.zip
2026-09-23 21:25:00,VIC1,2026-09-23 21:55:00,110.5,5752.0,0,PUBLIC_P5MIN_202609232125_20260923212034.zip
2026-09-23 21:25:00,VIC1,2026-09-23 22:00:00,96.34369,5712.0,0,PUBLIC_P5MIN_202609232125_20260923212034.zip
2026-09-23 21:25:00,VIC1,2026-09-23 22:05:00,102.86418,5659.0,0,PUBLIC_P5MIN_202609232125_20260923212034.zip
2026-09-23 21:25:00,VIC1,2026-09-23 22:10:00,110.57594,5621.0,0,PUBLIC_P5MIN_202609232125_20260923212034.zip
2026-09-23 21:25:00,VIC1,2026-09-23 22:15:00,110.57594,5593.0,0,PUBLIC_P5MIN_202609232125_20260923212034.zip
2026-09-23 21:25:00,VIC1,2026-09-23 22:20:00,111.45393,5562.0,0,PUBLIC_P5MIN_202609232125_20260923212034.zip
2026-09-23 21:30:00,NSW1,2026-09-23 21:30:00,108.77262,8057.95,0,PUBLIC_P5MIN_202609232130_20260923212533.zip
2026-09-23 21:30:00,NSW1,2026-09-23 21:35:00,112.98,8026.95,0,PUBLIC_P5MIN_202609232130_20260923212533.zip
2026-09-23 21:30:00,NSW1,2026-09-23 21:40:00,112.98,7999.95,0,PUBLIC_P5MIN_202609232130_20260923212533.zip
2026-09-23 21:30:00,NSW1,2026-09-23 21:45:00,112.98,7973.95,0,PUBLIC_P5MIN_202609232130_20260923212533.zip
2026-09-23 21:30:00,NSW1,2026-09-23 21:50:00,122.15,7949.95,0,PUBLIC_P5MIN_202609232130_20260923212533.zip
2026-09-23 21:30:00,NSW1,2026-09-23 21:55:00,116.88877,7926.95,0,PUBLIC_P5MIN_202609232130_20260923212533.zip
2026-09-23 21:30:00,NSW1,2026-09-23 22:00:00,98.29676,7906.95,0,PUBLIC_P5MIN_202609232130_20260923212533.zip
2026-09-23 21:30:00,NSW1,2026-09-23 22:05:00,112.98,7871.95,0,PUBLIC_P5MIN_202609232130_20260923212533.zip
2026-09-23 21:30:00,NSW1,2026-09-23 22:10:00,119.71036,7875.95,0,PUBLIC_P5MIN_202609232130_20260923212533.zip
2026-09-23 21:30:00,NSW1,2026-09-23 22:15:00,120.93543,7873.95,0,PUBLIC_P5MIN_202609232130_20260923212533.zip
2026-09-23 21:30:00,NSW1,2026-09-23 22:20:00,120.93543,7855.95,0,PUBLIC_P5MIN_202609232130_20260923212533.zip
2026-09-23 21:30:00,NSW1,2026-09-23 22:25:00,119.71036,7829.95,0,PUBLIC_P5MIN_202609232130_20260923212533.zip
2026-09-23 21:30:00,QLD1,2026-09-23 21:30:00,93.1832,6787.3,0,PUBLIC_P5MIN_202609232130_20260923212533.zip
2026-09-23 21:30:00,QLD1,2026-09-23 21:35:00,91.36949,6755.3,0,PUBLIC_P5MIN_202609232130_20260923212533.zip
2026-09-23 21:30:00,QLD1,2026-09-23 21:40:00,91.61145,6722.3,0,PUBLIC_P5MIN_202609232130_20260923212533.zip
2026-09-23 21:30:00,QLD1,2026-09-23 21:45:00,91.36949,6689.3,0,PUBLIC_P5MIN_202609232130_20260923212533.zip
2026-09-23 21:30:00,QLD1,2026-09-23 21:50:00,98.16169,6653.3,0,PUBLIC_P5MIN_202609232130_20260923212533.zip
2026-09-23 21:30:00,QLD1,2026-09-23 21:55:00,93.34058,6617.3,0,PUBLIC_P5MIN_202609232130_20260923212533.zip
2026-09-23 21:30:00,QLD1,2026-09-23 22:00:00,78.99285,6581.3,0,PUBLIC_P5MIN_202609232130_20260923212533.zip
2026-09-23 21:30:00,QLD1,2026-09-23 22:05:00,93.71485,6502.3,0,PUBLIC_P5MIN_202609232130_20260923212533.zip
2026-09-23 21:30:00,QLD1,2026-09-23 22:10:00,98.67025,6463.3,0,PUBLIC_P5MIN_202609232130_20260923212533.zip
2026-09-23 21:30:00,QLD1,2026-09-23 22:15:00,99.68,6454.3,0,PUBLIC_P5MIN_202609232130_20260923212533.zip
2026-09-23 21:30:00,QLD1,2026-09-23 22:20:00,99.68,6439.3,0,PUBLIC_P5MIN_202609232130_20260923212533.zip
2026-09-23 21:30:00,QLD1,2026-09-23 22:25:00,98.67025,6404.3,0,PUBLIC_P5MIN_202609232130_20260923212533.zip
2026-09-23 21:30:00,SA1,2026-09-23 21:30:00,104.26282,1431.22,0,PUBLIC_P5MIN_202609232130_20260923212533.zip
2026-09-23 21:30:00,SA1,2026-09-23 21:35:00,103.77767,1427.22,0,PUBLIC_P5MIN_202609232130_20260923212533.zip
2026-09-23 21:30:00,SA1,2026-09-23 21:40:00,103.97423,1423.22,0,PUBLIC_P5MIN_202609232130_20260923212533.zip
2026-09-23 21:30:00,SA1,2026-09-23 21:45:00,103.14303,1418.22,0,PUBLIC_P5MIN_202609232130_20260923212533.zip
2026-09-23 21:30:00,SA1,2026-09-23 21:50:00,108.44876,1413.22,0,PUBLIC_P5MIN_202609232130_20260923212533.zip
2026-09-23 21:30:00,SA1,2026-09-23 21:55:00,104.18235,1407.22,0,PUBLIC_P5MIN_202609232130_20260923212533.zip
2026-09-23 21:30:00,SA1,2026-09-23 22:00:00,92.93691,1400.22,0,PUBLIC_P5MIN_202609232130_20260923212533.zip
2026-09-23 21:30:00,SA1,2026-09-23 22:05:00,101.02,1391.22,0,PUBLIC_P5MIN_202609232130_20260923212533.zip
2026-09-23 21:30:00,SA1,2026-09-23 22:10:00,104.58858,1383.22,0,PUBLIC_P5MIN_202609232130_20260923212533.zip
2026-09-23 21:30:00,SA1,2026-09-23 22:15:00,104.01238,1375.22,0,PUBLIC_P5MIN_202609232130_20260923212533.zip
2026-09-23 21:30:00,SA1,2026-09-23 22:20:00,103.68552,1368.22,0,PUBLIC_P5MIN_202609232130_20260923212533.zip
2026-09-23 21:30:00,SA1,2026-09-23 22:25:00,103.37455,1361.22,0,PUBLIC_P5MIN_202609232130_20260923212533.zip
2026-09-23 21:30:00,TAS1,2026-09-23 21:30:00,102.94643,1183.85,0,PUBLIC_P5MIN_202609232130_20260923212533.zip
2026-09-23 21:30:00,TAS1,2026-09-23 21:35:00,105.27114,1178.85,0,PUBLIC_P5MIN_202609232130_20260923212533.zip
2026-09-23 21:30:00,TAS1,2026-09-23 21:40:00,105.06085,1173.85,0,PUBLIC_P5MIN_202609232130_20260923212533.zip
2026-09-23 21:30:00,TAS1,2026-09-23 21:45:00,103.9059,1168.85,0,PUBLIC_P5MIN_202609232130_20260923212533.zip
2026-09-23 21:30:00,TAS1,2026-09-23 21:50:00,109.67689,1163.85,0,PUBLIC_P5MIN_202609232130_20260923212533.zip
2026-09-23 21:30:00,TAS1,2026-09-23 21:55:00,104.9529,1157.85,0,PUBLIC_P5MIN_202609232130_20260923212533.zip
2026-09-23 21:30:00,TAS1,2026-09-23 22:00:00,90.12785,1151.85,0,PUBLIC_P5MIN_202609232130_20260923212533.zip
2026-09-23 21:30:00,TAS1,2026-09-23 22:05:00,101.59361,1145.85,0,PUBLIC_P5MIN_202609232130_20260923212533.zip
2026-09-23 21:30:00,TAS1,2026-09-23 22:10:00,105.27114,1140.85,0,PUBLIC_P5MIN_202609232130_20260923212533.zip
2026-09-23 21:30:00,TAS1,2026-09-23 22:15:00,105.19027,1134.85,0,PUBLIC_P5MIN_202609232130_20260923212533.zip
2026-09-23 21:30:00,TAS1,2026-09-23 22:20:00,105.19027,1127.85,0,PUBLIC_P5MIN_202609232130_20260923212533.zip
2026-09-23 21:30:00,TAS1,2026-09-23 22:25:00,104.63466,1120.85,0,PUBLIC_P5MIN_202609232130_20260923212533.zip
2026-09-23 21:30:00,VIC1,2026-09-23 21:30:00,110.5,5985.23,0,PUBLIC_P5MIN_202609232130_20260923212533.zip
2026-09-23 21:30:00,VIC1,2026-09-23 21:35:00,110.5,5951.23,0,PUBLIC_P5MIN_202609232130_20260923212533.zip
2026-09-23 21:30:00,VIC1,2026-09-23 21:40:00,110.27927,5913.23,0,PUBLIC_P5MIN_202609232130_20260923212533.zip
2026-09-23 21:30:00,VIC1,2026-09-23 21:45:00,109.39766,5873.23,0,PUBLIC_P5MIN_202609232130_20260923212533.zip
2026-09-23 21:30:00,VIC1,2026-09-23 21:50:00,115.47367,5835.23,0,PUBLIC_P5MIN_202609232130_20260923212533.zip
2026-09-23 21:30:00,VIC1,2026-09-23 21:55:00,110.5,5797.23,0,PUBLIC_P5MIN_202609232130_20260923212533.zip
2026-09-23 21:30:00,VIC1,2026-09-23 22:00:00,95.18,5759.23,0,PUBLIC_P5MIN_202609232130_20260923212533.zip
2026-09-23 21:30:00,VIC1,2026-09-23 22:05:00,105.95752,5701.23,0,PUBLIC_P5MIN_202609232130_20260923212533.zip
2026-09-23 21:30:00,VIC1,2026-09-23 22:10:00,110.5,5663.23,0,PUBLIC_P5MIN_202609232130_20260923212533.zip
2026-09-23 21:30:00,VIC1,2026-09-23 22:15:00,110.74992,5635.23,0,PUBLIC_P5MIN_202609232130_20260923212533.zip
2026-09-23 21:30:00,VIC1,2026-09-23 22:20:00,110.74992,5604.23,0,PUBLIC_P5MIN_202609232130_20260923212533.zip
2026-09-23 21:30:00,VIC1,2026-09-23 22:25:00,110.5,5564.23,0,PUBLIC_P5MIN_202609232130_20260923212533.zip
2026-09-23 21:35:00,NSW1,2026-09-23 21:35:00,114.95804,8105.87,0,PUBLIC_P5MIN_202609232135_20260923213033.zip
2026-09-23 21:35:00,NSW1,2026-09-23 21:40:00,112.98,8080.87,0,PUBLIC_P5MIN_202609232135_20260923213033.zip
2026-09-23 21:35:00,NSW1,2026-09-23 21:45:00,122.15,8056.87,0,PUBLIC_P5MIN_202609232135_20260923213033.zip
2026-09-23 21:35:00,NSW1,2026-09-23 21:50:00,122.15,8034.87,0,PUBLIC_P5MIN_202609232135_20260923213033.zip
2026-09-23 21:35:00,NSW1,2026-09-23 21:55:00,122.15,8013.87,0,PUBLIC_P5MIN_202609232135_20260923213033.zip
2026-09-23 21:35:00,NSW1,2026-09-23 22:00:00,112.46199,7995.87,0,PUBLIC_P5MIN_202609232135_20260923213033.zip
2026-09-23 21:35:00,NSW1,2026-09-23 22:05:00,112.98,7964.87,0,PUBLIC_P5MIN_202609232135_20260923213033.zip
2026-09-23 21:35:00,NSW1,2026-09-23 22:10:00,112.98,7969.87,0,PUBLIC_P5MIN_202609232135_20260923213033.zip
2026-09-23 21:35:00,NSW1,2026-09-23 22:15:00,112.98,7968.87,0,PUBLIC_P5MIN_202609232135_20260923213033.zip
2026-09-23 21:35:00,NSW1,2026-09-23 22:20:00,122.15,7950.87,0,PUBLIC_P5MIN_202609232135_20260923213033.zip
2026-09-23 21:35:00,NSW1,2026-09-23 22:25:00,122.15,7924.87,0,PUBLIC_P5MIN_202609232135_20260923213033.zip
2026-09-23 21:35:00,NSW1,2026-09-23 22:30:00,122.15,7911.87,0,PUBLIC_P5MIN_202609232135_20260923213033.zip
2026-09-23 21:35:00,QLD1,2026-09-23 21:35:00,99.68,6746.19,0,PUBLIC_P5MIN_202609232135_20260923213033.zip
2026-09-23 21:35:00,QLD1,2026-09-23 21:40:00,91.61145,6713.19,0,PUBLIC_P5MIN_202609232135_20260923213033.zip
2026-09-23 21:35:00,QLD1,2026-09-23 21:45:00,98.78547,6680.19,0,PUBLIC_P5MIN_202609232135_20260923213033.zip
2026-09-23 21:35:00,QLD1,2026-09-23 21:50:00,98.16169,6644.19,0,PUBLIC_P5MIN_202609232135_20260923213033.zip
2026-09-23 21:35:00,QLD1,2026-09-23 21:55:00,97.5419,6608.19,0,PUBLIC_P5MIN_202609232135_20260923213033.zip
2026-09-23 21:35:00,QLD1,2026-09-23 22:00:00,89.80561,6572.19,0,PUBLIC_P5MIN_202609232135_20260923213033.zip
2026-09-23 21:35:00,QLD1,2026-09-23 22:05:00,93.71485,6494.19,0,PUBLIC_P5MIN_202609232135_20260923213033.zip
2026-09-23 21:35:00,QLD1,2026-09-23 22:10:00,93.71485,6455.19,0,PUBLIC_P5MIN_202609232135_20260923213033.zip
2026-09-23 21:35:00,QLD1,2026-09-23 22:15:00,93.71485,6446.19,0,PUBLIC_P5MIN_202609232135_20260923213033.zip
2026-09-23 21:35:00,QLD1,2026-09-23 22:20:00,99.68,6431.19,0,PUBLIC_P5MIN_202609232135_20260923213033.zip
2026-09-23 21:35:00,QLD1,2026-09-23 22:25:00,99.68,6396.19,0,PUBLIC_P5MIN_202609232135_20260923213033.zip
2026-09-23 21:35:00,QLD1,2026-09-23 22:30:00,99.68,6344.19,0,PUBLIC_P5MIN_202609232135_20260923213033.zip
2026-09-23 21:35:00,SA1,2026-09-23 21:35:00,109.78572,1433.46,0,PUBLIC_P5MIN_202609232135_20260923213033.zip
2026-09-23 21:35:00,SA1,2026-09-23 21:40:00,101.52673,1428.46,0,PUBLIC_P5MIN_202609232135_20260923213033.zip
2026-09-23 21:35:00,SA1,2026-09-23 21:45:00,104.67909,1422.46,0,PUBLIC_P5MIN_202609232135_20260923213033.zip
2026-09-23 21:35:00,SA1,2026-09-23 21:50:00,107.17045,1417.46,0,PUBLIC_P5MIN_202609232135_20260923213033.zip
2026-09-23 21:35:00,SA1,2026-09-23 21:55:00,107.58837,1411.46,0,PUBLIC_P5MIN_202609232135_20260923213033.zip
2026-09-23 21:35:00,SA1,2026-09-23 22:00:00,101.02,1404.46,0,PUBLIC_P5MIN_202609232135_20260923213033.zip
2026-09-23 21:35:00,SA1,2026-09-23 22:05:00,101.04,1395.46,0,PUBLIC_P5MIN_202609232135_20260923213033.zip
2026-09-23 21:35:00,SA1,2026-09-23 22:10:00,101.02,1387.46,0,PUBLIC_P5MIN_202609232135_20260923213033.zip
2026-09-23 21:35:00,SA1,2026-09-23 22:15:00,101.02,1379.46,0,PUBLIC_P5MIN_202609232135_20260923213033.zip
2026-09-23 21:35:00,SA1,2026-09-23 22:20:00,105.87791,1372.46,0,PUBLIC_P5MIN_202609232135_20260923213033.zip
2026-09-23 21:35:00,SA1,2026-09-23 22:25:00,105.89261,1365.46,0,PUBLIC_P5MIN_202609232135_20260923213033.zip
2026-09-23 21:35:00,SA1,2026-09-23 22:30:00,104.24238,1359.46,0,PUBLIC_P5MIN_202609232135_20260923213033.zip
2026-09-23 21:35:00,TAS1,2026-09-23 21:35:00,110.40407,1178.33,0,PUBLIC_P5MIN_202609232135_20260923213033.zip
2026-09-23 21:35:00,TAS1,2026-09-23 21:40:00,103.38942,1173.33,0,PUBLIC_P5MIN_202609232135_20260923213033.zip
2026-09-23 21:35:00,TAS1,2026-09-23 21:45:00,107.9451,1168.33,0,PUBLIC_P5MIN_202609232135_20260923213033.zip
2026-09-23 21:35:00,TAS1,2026-09-23 21:50:00,108.80676,1163.33,0,PUBLIC_P5MIN_202609232135_20260923213033.zip
2026-09-23 21:35:00,TAS1,2026-09-23 21:55:00,108.80676,1158.33,0,PUBLIC_P5MIN_202609232135_20260923213033.zip
2026-09-23 21:35:00,TAS1,2026-09-23 22:00:00,100.67196,1152.33,0,PUBLIC_P5MIN_202609232135_20260923213033.zip
2026-09-23 21:35:00,TAS1,2026-09-23 22:05:00,101.59361,1146.33,0,PUBLIC_P5MIN_202609232135_20260923213033.zip
2026-09-23 21:35:00,TAS1,2026-09-23 22:10:00,100.89096,1141.33,0,PUBLIC_P5MIN_202609232135_20260923213033.zip
2026-09-23 21:35:00,TAS1,2026-09-23 22:15:00,100.58596,1135.33,0,PUBLIC_P5MIN_202609232135_20260923213033.zip
2026-09-23 21:35:00,TAS1,2026-09-23 22:20:00,106.24671,1128.33,0,PUBLIC_P5MIN_202609232135_20260923213033.zip
2026-09-23 21:35:00,TAS1,2026-09-23 22:25:00,106.76706,1121.33,0,PUBLIC_P5MIN_202609232135_20260923213033.zip
2026-09-23 21:35:00,TAS1,2026-09-23 22:30:00,105.92455,1114.33,0,PUBLIC_P5MIN_202609232135_20260923213033.zip
2026-09-23 21:35:00,VIC1,2026-09-23 21:35:00,116.6842,5893.79,0,PUBLIC_P5MIN_202609232135_20260923213033.zip
2026-09-23 21:35:00,VIC1,2026-09-23 21:40:00,108.52481,5860.79,0,PUBLIC_P5MIN_202609232135_20260923213033.zip
2026-09-23 21:35:00,VIC1,2026-09-23 21:45:00,113.65034,5825.79,0,PUBLIC_P5MIN_202609232135_20260923213033.zip
2026-09-23 21:35:00,VIC1,2026-09-23 21:50:00,114.55754,5791.79,0,PUBLIC_P5MIN_202609232135_20260923213033.zip
2026-09-23 21:35:00,VIC1,2026-09-23 21:55:00,114.55754,5756.79,0,PUBLIC_P5MIN_202609232135_20260923213033.zip
2026-09-23 21:35:00,VIC1,2026-09-23 22:00:00,106.31517,5721.79,0,PUBLIC_P5MIN_202609232135_20260923213033.zip
2026-09-23 21:35:00,VIC1,2026-09-23 22:05:00,105.95752,5665.79,0,PUBLIC_P5MIN_202609232135_20260923213033.zip
2026-09-23 21:35:00,VIC1,2026-09-23 22:10:00,105.90225,5627.79,0,PUBLIC_P5MIN_202609232135_20260923213033.zip
2026-09-23 21:35:00,VIC1,2026-09-23 22:15:00,105.90225,5599.79,0,PUBLIC_P5MIN_202609232135_20260923213033.zip
2026-09-23 21:35:00,VIC1,2026-09-23 22:20:00,111.8622,5568.79,0,PUBLIC_P5MIN_202609232135_20260923213033.zip
2026-09-23 21:35:00,VIC1,2026-09-23 22:25:00,112.75194,5528.79,0,PUBLIC_P5MIN_202609232135_20260923213033.zip
2026-09-23 21:35:00,VIC1,2026-09-23 22:30:00,111.8622,5481.79,0,PUBLIC_P5MIN_202609232135_20260923213033.zip
2026-09-23 21:40:00,NSW1,2026-09-23 21:40:00,114.89928,8080.64,0,PUBLIC_P5MIN_202609232140_20260923213534.zip
2026-09-23 21:40:00,NSW1,2026-09-23 21:45:00,123.2561,8054.64,0,PUBLIC_P5MIN_202609232140_20260923213534.zip
2026-09-23 21:40:00,NSW1,2026-09-23 21:50:00,119.01,8030.64,0,PUBLIC_P5MIN_202609232140_20260923213534.zip
2026-09-23 21:40:00,NSW1,2026-09-23 21:55:00,122.15,8007.64,0,PUBLIC_P5MIN_202609232140_20260923213534.zip
2026-09-23 21:40:00,NSW1,2026-09-23 22:00:00,112.98,7986.64,0,PUBLIC_P5MIN_202609232140_20260923213534.zip
2026-09-23 21:40:00,NSW1,2026-09-23 22:05:00,115.40057,7947.64,0,PUBLIC_P5MIN_202609232140_20260923213534.zip
2026-09-23 21:40:00,NSW1,2026-09-23 22:10:00,112.98,7952.64,0,PUBLIC_P5MIN_202609232140_20260923213534.zip
2026-09-23 21:40:00,NSW1,2026-09-23 22:15:00,112.98,7951.64,0,PUBLIC_P5MIN_202609232140_20260923213534.zip
2026-09-23 21:40:00,NSW1,2026-09-23 22:20:00,112.98,7933.64,0,PUBLIC_P5MIN_202609232140_20260923213534.zip
2026-09-23 21:40:00,NSW1,2026-09-23 22:25:00,122.15,7907.64,0,PUBLIC_P5MIN_202609232140_20260923213534.zip
2026-09-23 21:40:00,NSW1,2026-09-23 22:30:00,122.15,7894.64,0,PUBLIC_P5MIN_202609232140_20260923213534.zip
2026-09-23 21:40:00,NSW1,2026-09-23 22:35:00,128.37717,7875.64,0,PUBLIC_P5MIN_202609232140_20260923213534.zip
2026-09-23 21:40:00,QLD1,2026-09-23 21:40:00,99.68,6787.92,0,PUBLIC_P5MIN_202609232140_20260923213534.zip
2026-09-23 21:40:00,QLD1,2026-09-23 21:45:00,99.68,6753.92,0,PUBLIC_P5MIN_202609232140_20260923213534.zip
2026-09-23 21:40:00,QLD1,2026-09-23 21:50:00,96.24608,6716.92,0,PUBLIC_P5MIN_202609232140_20260923213534.zip
2026-09-23 21:40:00,QLD1,2026-09-23 21:55:00,98.78547,6679.92,0,PUBLIC_P5MIN_202609232140_20260923213534.zip
2026-09-23 21:40:00,QLD1,2026-09-23 22:00:00,90.79253,6642.92,0,PUBLIC_P5MIN_202609232140_20260923213534.zip
2026-09-23 21:40:00,QLD1,2026-09-23 22:05:00,96.33135,6563.92,0,PUBLIC_P5MIN_202609232140_20260923213534.zip
2026-09-23 21:40:00,QLD1,2026-09-23 22:10:00,93.21,6524.92,0,PUBLIC_P5MIN_202609232140_20260923213534.zip
2026-09-23 21:40:00,QLD1,2026-09-23 22:15:00,93.71485,6515.92,0,PUBLIC_P5MIN_202609232140_20260923213534.zip
2026-09-23 21:40:00,QLD1,2026-09-23 22:20:00,93.21,6500.92,0,PUBLIC_P5MIN_202609232140_20260923213534.zip
2026-09-23 21:40:00,QLD1,2026-09-23 22:25:00,99.68,6465.92,0,PUBLIC_P5MIN_202609232140_20260923213534.zip
2026-09-23 21:40:00,QLD1,2026-09-23 22:30:00,99.68,6413.92,0,PUBLIC_P5MIN_202609232140_20260923213534.zip
2026-09-23 21:40:00,QLD1,2026-09-23 22:35:00,103.16595,6363.92,0,PUBLIC_P5MIN_202609232140_20260923213534.zip
2026-09-23 21:40:00,SA1,2026-09-23 21:40:00,109.33672,1430.73,0,PUBLIC_P5MIN_202609232140_20260923213534.zip
2026-09-23 21:40:00,SA1,2026-09-23 21:45:00,106.47014,1425.73,0,PUBLIC_P5MIN_202609232140_20260923213534.zip
2026-09-23 21:40:00,SA1,2026-09-23 21:50:00,101.9882,1420.73,0,PUBLIC_P5MIN_202609232140_20260923213534.zip
2026-09-23 21:40:00,SA1,2026-09-23 21:55:00,106.75412,1414.73,0,PUBLIC_P5MIN_202609232140_20260923213534.zip
2026-09-23 21:40:00,SA1,2026-09-23 22:00:00,101.02,1407.73,0,PUBLIC_P5MIN_202609232140_20260923213534.zip
2026-09-23 21:40:00,SA1,2026-09-23 22:05:00,103.68,1398.73,0,PUBLIC_P5MIN_202609232140_20260923213534.zip
2026-09-23 21:40:00,SA1,2026-09-23 22:10:00,101.02,1390.73,0,PUBLIC_P5MIN_202609232140_20260923213534.zip
2026-09-23 21:40:00,SA1,2026-09-23 22:15:00,101.02,1382.73,0,PUBLIC_P5MIN_202609232140_20260923213534.zip
2026-09-23 21:40:00,SA1,2026-09-23 22:20:00,101.02,1375.73,0,PUBLIC_P5MIN_202609232140_20260923213534.zip
2026-09-23 21:40:00,SA1,2026-09-23 22:25:00,106.40093,1368.73,0,PUBLIC_P5MIN_202609232140_20260923213534.zip
2026-09-23 21:40:00,SA1,2026-09-23 22:30:00,105.49728,1362.73,0,PUBLIC_P5MIN_202609232140_20260923213534.zip
2026-09-23 21:40:00,SA1,2026-09-23 22:35:00,112.16061,1355.73,0,PUBLIC_P5MIN_202609232140_20260923213534.zip
2026-09-23 21:40:00,TAS1,2026-09-23 21:40:00,110.39839,1174.56,0,PUBLIC_P5MIN_202609232140_20260923213534.zip
2026-09-23 21:40:00,TAS1,2026-09-23 21:45:00,110.12494,1169.56,0,PUBLIC_P5MIN_202609232140_20260923213534.zip
2026-09-23 21:40:00,TAS1,2026-09-23 21:50:00,105.17025,1164.56,0,PUBLIC_P5MIN_202609232140_20260923213534.zip
2026-09-23 21:40:00,TAS1,2026-09-23 21:55:00,108.80676,1158.56,0,PUBLIC_P5MIN_202609232140_20260923213534.zip
2026-09-23 21:40:00,TAS1,2026-09-23 22:00:00,101.45859,1152.56,0,PUBLIC_P5MIN_202609232140_20260923213534.zip
2026-09-23 21:40:00,TAS1,2026-09-23 22:05:00,105.41354,1146.56,0,PUBLIC_P5MIN_202609232140_20260923213534.zip
2026-09-23 21:40:00,TAS1,2026-09-23 22:10:00,101.75086,1141.56,0,PUBLIC_P5MIN_202609232140_20260923213534.zip
2026-09-23 21:40:00,TAS1,2026-09-23 22:15:00,101.44327,1135.56,0,PUBLIC_P5MIN_202609232140_20260923213534.zip
2026-09-23 21:40:00,TAS1,2026-09-23 22:20:00,100.97815,1128.56,0,PUBLIC_P5MIN_202609232140_20260923213534.zip
2026-09-23 21:40:00,TAS1,2026-09-23 22:25:00,107.61778,1121.56,0,PUBLIC_P5MIN_202609232140_20260923213534.zip
2026-09-23 21:40:00,TAS1,2026-09-23 22:30:00,107.61778,1114.56,0,PUBLIC_P5MIN_202609232140_20260923213534.zip
2026-09-23 21:40:00,TAS1,2026-09-23 22:35:00,111.86874,1108.56,0,PUBLIC_P5MIN_202609232140_20260923213534.zip
2026-09-23 21:40:00,VIC1,2026-09-23 21:40:00,116.6873,5928.84,0,PUBLIC_P5MIN_202609232140_20260923213534.zip
2026-09-23 21:40:00,VIC1,2026-09-23 21:45:00,115.59489,5890.84,0,PUBLIC_P5MIN_202609232140_20260923213534.zip
2026-09-23 21:40:00,VIC1,2026-09-23 21:50:00,110.72884,5854.84,0,PUBLIC_P5MIN_202609232140_20260923213534.zip
2026-09-23 21:40:00,VIC1,2026-09-23 21:55:00,114.55754,5817.84,0,PUBLIC_P5MIN_202609232140_20260923213534.zip
2026-09-23 21:40:00,VIC1,2026-09-23 22:00:00,107.14589,5780.84,0,PUBLIC_P5MIN_202609232140_20260923213534.zip
2026-09-23 21:40:00,VIC1,2026-09-23 22:05:00,109.96719,5720.84,0,PUBLIC_P5MIN_202609232140_20260923213534.zip
2026-09-23 21:40:00,VIC1,2026-09-23 22:10:00,106.80487,5682.84,0,PUBLIC_P5MIN_202609232140_20260923213534.zip
2026-09-23 21:40:00,VIC1,2026-09-23 22:15:00,106.80487,5654.84,0,PUBLIC_P5MIN_202609232140_20260923213534.zip
2026-09-23 21:40:00,VIC1,2026-09-23 22:20:00,106.31517,5623.84,0,PUBLIC_P5MIN_202609232140_20260923213534.zip
2026-09-23 21:40:00,VIC1,2026-09-23 22:25:00,113.65034,5583.84,0,PUBLIC_P5MIN_202609232140_20260923213534.zip
2026-09-23 21:40:00,VIC1,2026-09-23 22:30:00,113.65034,5536.84,0,PUBLIC_P5MIN_202609232140_20260923213534.zip
2026-09-23 21:40:00,VIC1,2026-09-23 22:35:00,118.5,5496.84,0,PUBLIC_P5MIN_202609232140_20260923213534.zip
2026-09-23 21:45:00,NSW1,2026-09-23 21:45:00,112.98,7990.21,0,PUBLIC_P5MIN_202609232145_20260923214034.zip
2026-09-23 21:45:00,NSW1,2026-09-23 21:50:00,112.98,7974.21,0,PUBLIC_P5MIN_202609232145_20260923214034.zip
2026-09-23 21:45:00,NSW1,2026-09-23 21:55:00,119.01,7958.21,0,PUBLIC_P5MIN_202609232145_20260923214034.zip
2026-09-23 21:45:00,NSW1,2026-09-23 22:00:00,116.88877,7944.21,0,PUBLIC_P5MIN_202609232145_20260923214034.zip
2026-09-23 21:45:00,NSW1,2026-09-23 22:05:00,122.15,7916.21,0,PUBLIC_P5MIN_202609232145_20260923214034.zip
2026-09-23 21:45:00,NSW1,2026-09-23 22:10:00,122.15,7921.21,0,PUBLIC_P5MIN_202609232145_20260923214034.zip
2026-09-23 21:45:00,NSW1,2026-09-23 22:15:00,112.98,7920.21,0,PUBLIC_P5MIN_202609232145_20260923214034.zip
2026-09-23 21:45:00,NSW1,2026-09-23 22:20:00,108.76695,7902.21,0,PUBLIC_P5MIN_202609232145_20260923214034.zip
2026-09-23 21:45:00,NSW1,2026-09-23 22:25:00,105.30191,7876.21,0,PUBLIC_P5MIN_202609232145_20260923214034.zip
2026-09-23 21:45:00,NSW1,2026-09-23 22:30:00,112.98,7863.21,0,PUBLIC_P5MIN_202609232145_20260923214034.zip
2026-09-23 21:45:00,NSW1,2026-09-23 22:35:00,124.03934,7844.21,0,PUBLIC_P5MIN_202609232145_20260923214034.zip
2026-09-23 21:45:00,NSW1,2026-09-23 22:40:00,122.15,7822.21,0,PUBLIC_P5MIN_202609232145_20260923214034.zip
2026-09-23 21:45:00,QLD1,2026-09-23 21:45:00,97.30252,6704.26,0,PUBLIC_P5MIN_202609232145_20260923214034.zip
2026-09-23 21:45:00,QLD1,2026-09-23 21:50:00,90.21927,6668.26,0,PUBLIC_P5MIN_202609232145_20260923214034.zip
2026-09-23 21:45:00,QLD1,2026-09-23 21:55:00,95.03447,6632.26,0,PUBLIC_P5MIN_202609232145_20260923214034.zip
2026-09-23 21:45:00,QLD1,2026-09-23 22:00:00,92.75126,6596.26,0,PUBLIC_P5MIN_202609232145_20260923214034.zip
2026-09-23 21:45:00,QLD1,2026-09-23 22:05:00,98.16169,6517.26,0,PUBLIC_P5MIN_202609232145_20260923214034.zip
2026-09-23 21:45:00,QLD1,2026-09-23 22:10:00,98.16169,6478.26,0,PUBLIC_P5MIN_202609232145_20260923214034.zip
2026-09-23 21:45:00,QLD1,2026-09-23 22:15:00,90.79253,6469.26,0,PUBLIC_P5MIN_202609232145_20260923214034.zip
2026-09-23 21:45:00,QLD1,2026-09-23 22:20:00,87.69666,6454.26,0,PUBLIC_P5MIN_202609232145_20260923214034.zip
2026-09-23 21:45:00,QLD1,2026-09-23 22:25:00,85.16004,6419.26,0,PUBLIC_P5MIN_202609232145_20260923214034.zip
2026-09-23 21:45:00,QLD1,2026-09-23 22:30:00,90.21927,6367.26,0,PUBLIC_P5MIN_202609232145_20260923214034.zip
2026-09-23 21:45:00,QLD1,2026-09-23 22:35:00,99.68,6317.26,0,PUBLIC_P5MIN_202609232145_20260923214034.zip
2026-09-23 21:45:00,QLD1,2026-09-23 22:40:00,98.78547,6275.26,0,PUBLIC_P5MIN_202609232145_20260923214034.zip
2026-09-23 21:45:00,SA1,2026-09-23 21:45:00,107.2631,1442.4,0,PUBLIC_P5MIN_202609232145_20260923214034.zip
2026-09-23 21:45:00,SA1,2026-09-23 21:50:00,101.13233,1437.4,0,PUBLIC_P5MIN_202609232145_20260923214034.zip
2026-09-23 21:45:00,SA1,2026-09-23 21:55:00,104.84166,1431.4,0,PUBLIC_P5MIN_202609232145_20260923214034.zip
2026-09-23 21:45:00,SA1,2026-09-23 22:00:00,103.37455,1424.4,0,PUBLIC_P5MIN_202609232145_20260923214034.zip
2026-09-23 21:45:00,SA1,2026-09-23 22:05:00,108.42906,1415.4,0,PUBLIC_P5MIN_202609232145_20260923214034.zip
2026-09-23 21:45:00,SA1,2026-09-23 22:10:00,107.58837,1407.4,0,PUBLIC_P5MIN_202609232145_20260923214034.zip
2026-09-23 21:45:00,SA1,2026-09-23 22:15:00,101.07,1399.4,0,PUBLIC_P5MIN_202609232145_20260923214034.zip
2026-09-23 21:45:00,SA1,2026-09-23 22:20:00,100.44,1392.4,0,PUBLIC_P5MIN_202609232145_20260923214034.zip
2026-09-23 21:45:00,SA1,2026-09-23 22:25:00,98.0,1385.4,0,PUBLIC_P5MIN_202609232145_20260923214034.zip
2026-09-23 21:45:00,SA1,2026-09-23 22:30:00,101.02,1379.4,0,PUBLIC_P5MIN_202609232145_20260923214034.zip
2026-09-23 21:45:00,SA1,2026-09-23 22:35:00,110.08773,1372.4,0,PUBLIC_P5MIN_202609232145_20260923214034.zip
2026-09-23 21:45:00,SA1,2026-09-23 22:40:00,108.21043,1365.4,0,PUBLIC_P5MIN_202609232145_20260923214034.zip
2026-09-23 21:45:00,TAS1,2026-09-23 21:45:00,107.4136,1164.15,0,PUBLIC_P5MIN_202609232145_20260923214034.zip
2026-09-23 21:45:00,TAS1,2026-09-23 21:50:00,103.07687,1159.15,0,PUBLIC_P5MIN_202609232145_20260923214034.zip
2026-09-23 21:45:00,TAS1,2026-09-23 21:55:00,106.53351,1154.15,0,PUBLIC_P5MIN_202609232145_20260923214034.zip
2026-09-23 21:45:00,TAS1,2026-09-23 22:00:00,104.63466,1148.15,0,PUBLIC_P5MIN_202609232145_20260923214034.zip
2026-09-23 21:45:00,TAS1,2026-09-23 22:05:00,109.13668,1142.15,0,PUBLIC_P5MIN_202609232145_20260923214034.zip
2026-09-23 21:45:00,TAS1,2026-09-23 22:10:00,109.13668,1137.15,0,PUBLIC_P5MIN_202609232145_20260923214034.zip
2026-09-23 21:45:00,TAS1,2026-09-23 22:15:00,102.21457,1131.15,0,PUBLIC_P5MIN_202609232145_20260923214034.zip
2026-09-23 21:45:00,TAS1,2026-09-23 22:20:00,99.23311,1124.15,0,PUBLIC_P5MIN_202609232145_20260923214034.zip
2026-09-23 21:45:00,TAS1,2026-09-23 22:25:00,95.78048,1117.15,0,PUBLIC_P5MIN_202609232145_20260923214034.zip
2026-09-23 21:45:00,TAS1,2026-09-23 22:30:00,100.67196,1110.15,0,PUBLIC_P5MIN_202609232145_20260923214034.zip
2026-09-23 21:45:00,TAS1,2026-09-23 22:35:00,108.94998,1104.15,0,PUBLIC_P5MIN_202609232145_20260923214034.zip
2026-09-23 21:45:00,TAS1,2026-09-23 22:40:00,106.96316,1098.15,0,PUBLIC_P5MIN_202609232145_20260923214034.zip
2026-09-23 21:45:00,VIC1,2026-09-23 21:45:00,113.86861,5862.15,0,PUBLIC_P5MIN_202609232145_20260923214034.zip
2026-09-23 21:45:00,VIC1,2026-09-23 21:50:00,108.52481,5829.15,0,PUBLIC_P5MIN_202609232145_20260923214034.zip
2026-09-23 21:45:00,VIC1,2026-09-23 21:55:00,112.50529,5795.15,0,PUBLIC_P5MIN_202609232145_20260923214034.zip
2026-09-23 21:45:00,VIC1,2026-09-23 22:00:00,110.5,5761.15,0,PUBLIC_P5MIN_202609232145_20260923214034.zip
2026-09-23 21:45:00,VIC1,2026-09-23 22:05:00,114.55754,5705.15,0,PUBLIC_P5MIN_202609232145_20260923214034.zip
2026-09-23 21:45:00,VIC1,2026-09-23 22:10:00,114.55754,5667.15,0,PUBLIC_P5MIN_202609232145_20260923214034.zip
2026-09-23 21:45:00,VIC1,2026-09-23 22:15:00,107.61694,5639.15,0,PUBLIC_P5MIN_202609232145_20260923214034.zip
2026-09-23 21:45:00,VIC1,2026-09-23 22:20:00,104.4779,5608.15,0,PUBLIC_P5MIN_202609232145_20260923214034.zip
2026-09-23 21:45:00,VIC1,2026-09-23 22:25:00,101.1495,5568.15,0,PUBLIC_P5MIN_202609232145_20260923214034.zip
2026-09-23 21:45:00,VIC1,2026-09-23 22:30:00,106.31517,5521.15,0,PUBLIC_P5MIN_202609232145_20260923214034.zip
2026-09-23 21:45:00,VIC1,2026-09-23 22:35:00,115.40822,5481.15,0,PUBLIC_P5MIN_202609232145_20260923214034.zip
2026-09-23 21:45:00,VIC1,2026-09-23 22:40:00,113.65034,5450.15,0,PUBLIC_P5MIN_202609232145_20260923214034.zip
2026-09-23 21:50:00,NSW1,2026-09-23 21:50:00,112.98,7958.27,0,PUBLIC_P5MIN_202609232150_20260923214533.zip
2026-09-23 21:50:00,NSW1,2026-09-23 21:55:00,115.03627,7942.27,0,PUBLIC_P5MIN_202609232150_20260923214533.zip
2026-09-23 21:50:00,NSW1,2026-09-23 22:00:00,112.98,7928.27,0,PUBLIC_P5MIN_202609232150_20260923214533.zip
2026-09-23 21:50:00,NSW1,2026-09-23 22:05:00,116.88877,7905.27,0,PUBLIC_P5MIN_202609232150_20260923214533.zip
2026-09-23 21:50:00,NSW1,2026-09-23 22:10:00,122.15,7910.27,0,PUBLIC_P5MIN_202609232150_20260923214533.zip
2026-09-23 21:50:00,NSW1,2026-09-23 22:15:00,108.94534,7908.27,0,PUBLIC_P5MIN_202609232150_20260923214533.zip
2026-09-23 21:50:00,NSW1,2026-09-23 22:20:00,108.43849,7890.27,0,PUBLIC_P5MIN_202609232150_20260923214533.zip
2026-09-23 21:50:00,NSW1,2026-09-23 22:25:00,107.12324,7864.27,0,PUBLIC_P5MIN_202609232150_20260923214533.zip
2026-09-23 21:50:00,NSW1,2026-09-23 22:30:00,112.98,7851.27,0,PUBLIC_P5MIN_202609232150_20260923214533.zip
2026-09-23 21:50:00,NSW1,2026-09-23 22:35:00,122.15,7831.27,0,PUBLIC_P5MIN_202609232150_20260923214533.zip
2026-09-23 21:50:00,NSW1,2026-09-23 22:40:00,122.15,7808.27,0,PUBLIC_P5MIN_202609232150_20260923214533.zip
2026-09-23 21:50:00,NSW1,2026-09-23 22:45:00,119.01,7779.27,0,PUBLIC_P5MIN_202609232150_20260923214533.zip
2026-09-23 21:50:00,QLD1,2026-09-23 21:50:00,96.00526,6645.76,0,PUBLIC_P5MIN_202609232150_20260923214533.zip
2026-09-23 21:50:00,QLD1,2026-09-23 21:55:00,90.70499,6610.76,0,PUBLIC_P5MIN_202609232150_20260923214533.zip
2026-09-23 21:50:00,QLD1,2026-09-23 22:00:00,88.59632,6575.76,0,PUBLIC_P5MIN_202609232150_20260923214533.zip
2026-09-23 21:50:00,QLD1,2026-09-23 22:05:00,92.75126,6499.76,0,PUBLIC_P5MIN_202609232150_20260923214533.zip
2026-09-23 21:50:00,QLD1,2026-09-23 22:10:00,97.5419,6460.76,0,PUBLIC_P5MIN_202609232150_20260923214533.zip
2026-09-23 21:50:00,QLD1,2026-09-23 22:15:00,87.69666,6451.76,0,PUBLIC_P5MIN_202609232150_20260923214533.zip
2026-09-23 21:50:00,QLD1,2026-09-23 22:20:00,87.69666,6436.76,0,PUBLIC_P5MIN_202609232150_20260923214533.zip
2026-09-23 21:50:00,QLD1,2026-09-23 22:25:00,86.63299,6401.76,0,PUBLIC_P5MIN_202609232150_20260923214533.zip
2026-09-23 21:50:00,QLD1,2026-09-23 22:30:00,90.21927,6349.76,0,PUBLIC_P5MIN_202609232150_20260923214533.zip
2026-09-23 21:50:00,QLD1,2026-09-23 22:35:00,98.78547,6299.76,0,PUBLIC_P5MIN_202609232150_20260923214533.zip
2026-09-23 21:50:00,QLD1,2026-09-23 22:40:00,98.16169,6257.76,0,PUBLIC_P5MIN_202609232150_20260923214533.zip
2026-09-23 21:50:00,QLD1,2026-09-23 22:45:00,95.63834,6221.76,0,PUBLIC_P5MIN_202609232150_20260923214533.zip
2026-09-23 21:50:00,SA1,2026-09-23 21:50:00,110.79111,1446.34,0,PUBLIC_P5MIN_202609232150_20260923214533.zip
2026-09-23 21:50:00,SA1,2026-09-23 21:55:00,103.37455,1441.34,0,PUBLIC_P5MIN_202609232150_20260923214533.zip
2026-09-23 21:50:00,SA1,2026-09-23 22:00:00,101.02,1435.34,0,PUBLIC_P5MIN_202609232150_20260923214533.zip
2026-09-23 21:50:00,SA1,2026-09-23 22:05:00,104.58858,1426.34,0,PUBLIC_P5MIN_202609232150_20260923214533.zip
2026-09-23 21:50:00,SA1,2026-09-23 22:10:00,109.29617,1418.34,0,PUBLIC_P5MIN_202609232150_20260923214533.zip
2026-09-23 21:50:00,SA1,2026-09-23 22:15:00,101.02,1410.34,0,PUBLIC_P5MIN_202609232150_20260923214533.zip
2026-09-23 21:50:00,SA1,2026-09-23 22:20:00,101.02,1403.34,0,PUBLIC_P5MIN_202609232150_20260923214533.zip
2026-09-23 21:50:00,SA1,2026-09-23 22:25:00,100.44,1396.34,0,PUBLIC_P5MIN_202609232150_20260923214533.zip
2026-09-23 21:50:00,SA1,2026-09-23 22:30:00,101.04,1390.34,0,PUBLIC_P5MIN_202609232150_20260923214533.zip
2026-09-23 21:50:00,SA1,2026-09-23 22:35:00,109.27627,1383.34,0,PUBLIC_P5MIN_202609232150_20260923214533.zip
2026-09-23 21:50:00,SA1,2026-09-23 22:40:00,109.70235,1376.34,0,PUBLIC_P5MIN_202609232150_20260923214533.zip
2026-09-23 21:50:00,SA1,2026-09-23 22:45:00,105.62408,1368.34,0,PUBLIC_P5MIN_202609232150_20260923214533.zip
2026-09-23 21:50:00,TAS1,2026-09-23 21:50:00,110.07874,1159.44,0,PUBLIC_P5MIN_202609232150_20260923214533.zip
2026-09-23 21:50:00,TAS1,2026-09-23 21:55:00,104.63466,1153.44,0,PUBLIC_P5MIN_202609232150_20260923214533.zip
2026-09-23 21:50:00,TAS1,2026-09-23 22:00:00,101.94597,1147.44,0,PUBLIC_P5MIN_202609232150_20260923214533.zip
2026-09-23 21:50:00,TAS1,2026-09-23 22:05:00,105.27114,1141.44,0,PUBLIC_P5MIN_202609232150_20260923214533.zip
2026-09-23 21:50:00,TAS1,2026-09-23 22:10:00,110.00945,1136.44,0,PUBLIC_P5MIN_202609232150_20260923214533.zip
2026-09-23 21:50:00,TAS1,2026-09-23 22:15:00,100.19529,1130.44,0,PUBLIC_P5MIN_202609232150_20260923214533.zip
2026-09-23 21:50:00,TAS1,2026-09-23 22:20:00,99.80614,1123.44,0,PUBLIC_P5MIN_202609232150_20260923214533.zip
2026-09-23 21:50:00,TAS1,2026-09-23 22:25:00,98.2208,1116.44,0,PUBLIC_P5MIN_202609232150_20260923214533.zip
2026-09-23 21:50:00,TAS1,2026-09-23 22:30:00,101.13567,1109.44,0,PUBLIC_P5MIN_202609232150_20260923214533.zip
2026-09-23 21:50:00,TAS1,2026-09-23 22:35:00,108.1469,1103.44,0,PUBLIC_P5MIN_202609232150_20260923214533.zip
2026-09-23 21:50:00,TAS1,2026-09-23 22:40:00,107.81698,1097.44,0,PUBLIC_P5MIN_202609232150_20260923214533.zip
2026-09-23 21:50:00,TAS1,2026-09-23 22:45:00,104.21355,1091.44,0,PUBLIC_P5MIN_202609232150_20260923214533.zip
2026-09-23 21:50:00,VIC1,2026-09-23 21:50:00,116.6944,5858.31,0,PUBLIC_P5MIN_202609232150_20260923214533.zip
2026-09-23 21:50:00,VIC1,2026-09-23 21:55:00,110.5,5825.31,0,PUBLIC_P5MIN_202609232150_20260923214533.zip
2026-09-23 21:50:00,VIC1,2026-09-23 22:00:00,107.66059,5791.31,0,PUBLIC_P5MIN_202609232150_20260923214533.zip
2026-09-23 21:50:00,VIC1,2026-09-23 22:05:00,110.5,5735.31,0,PUBLIC_P5MIN_202609232150_20260923214533.zip
2026-09-23 21:50:00,VIC1,2026-09-23 22:10:00,115.47367,5697.31,0,PUBLIC_P5MIN_202609232150_20260923214533.zip
2026-09-23 21:50:00,VIC1,2026-09-23 22:15:00,105.49094,5669.31,0,PUBLIC_P5MIN_202609232150_20260923214533.zip
2026-09-23 21:50:00,VIC1,2026-09-23 22:20:00,105.08122,5638.31,0,PUBLIC_P5MIN_202609232150_20260923214533.zip
2026-09-23 21:50:00,VIC1,2026-09-23 22:25:00,103.72661,5598.31,0,PUBLIC_P5MIN_202609232150_20260923214533.zip
2026-09-23 21:50:00,VIC1,2026-09-23 22:30:00,106.80487,5551.31,0,PUBLIC_P5MIN_202609232150_20260923214533.zip
2026-09-23 21:50:00,VIC1,2026-09-23 22:35:00,114.55754,5511.31,0,PUBLIC_P5MIN_202609232150_20260923214533.zip
2026-09-23 21:50:00,VIC1,2026-09-23 22:40:00,114.55754,5480.31,0,PUBLIC_P5MIN_202609232150_20260923214533.zip
2026-09-23 21:50:00,VIC1,2026-09-23 22:45:00,110.72884,5450.31,0,PUBLIC_P5MIN_202609232150_20260923214533.zip
2026-09-23 21:55:00,NSW1,2026-09-23 21:55:00,112.98,7919.95,0,PUBLIC_P5MIN_202609232155_20260923215034.zip
2026-09-23 21:55:00,NSW1,2026-09-23 22:00:00,96.99,7898.95,0,PUBLIC_P5MIN_202609232155_20260923215034.zip
2026-09-23 21:55:00,NSW1,2026-09-23 22:05:00,96.99,7855.95,0,PUBLIC_P5MIN_202609232155_20260923215034.zip
2026-09-23 21:55:00,NSW1,2026-09-23 22:10:00,116.88877,7860.95,0,PUBLIC_P5MIN_202609232155_20260923215034.zip
2026-09-23 21:55:00,NSW1,2026-09-23 22:15:00,116.88881,7858.95,0,PUBLIC_P5MIN_202609232155_20260923215034.zip
2026-09-23 21:55:00,NSW1,2026-09-23 22:20:00,115.95974,7840.95,0,PUBLIC_P5MIN_202609232155_20260923215034.zip
2026-09-23 21:55:00,NSW1,2026-09-23 22:25:00,112.98,7814.95,0,PUBLIC_P5MIN_202609232155_20260923215034.zip
2026-09-23 21:55:00,NSW1,2026-09-23 22:30:00,96.99,7801.95,0,PUBLIC_P5MIN_202609232155_20260923215034.zip
2026-09-23 21:55:00,NSW1,2026-09-23 22:35:00,96.92353,7781.95,0,PUBLIC_P5MIN_202609232155_20260923215034.zip
2026-09-23 21:55:00,NSW1,2026-09-23 22:40:00,122.15,7758.95,0,PUBLIC_P5MIN_202609232155_20260923215034.zip
2026-09-23 21:55:00,NSW1,2026-09-23 22:45:00,118.76409,7729.95,0,PUBLIC_P5MIN_202609232155_20260923215034.zip
2026-09-23 21:55:00,NSW1,2026-09-23 22:50:00,109.82099,7704.95,0,PUBLIC_P5MIN_202609232155_20260923215034.zip
2026-09-23 21:55:00,QLD1,2026-09-23 21:55:00,93.21,6619.61,0,PUBLIC_P5MIN_202609232155_20260923215034.zip
2026-09-23 21:55:00,QLD1,2026-09-23 22:00:00,77.94272,6583.61,0,PUBLIC_P5MIN_202609232155_20260923215034.zip
2026-09-23 21:55:00,QLD1,2026-09-23 22:05:00,77.45058,6502.61,0,PUBLIC_P5MIN_202609232155_20260923215034.zip
2026-09-23 21:55:00,QLD1,2026-09-23 22:10:00,93.21,6463.61,0,PUBLIC_P5MIN_202609232155_20260923215034.zip
2026-09-23 21:55:00,QLD1,2026-09-23 22:15:00,93.34062,6454.61,0,PUBLIC_P5MIN_202609232155_20260923215034.zip
2026-09-23 21:55:00,QLD1,2026-09-23 22:20:00,92.59872,6439.61,0,PUBLIC_P5MIN_202609232155_20260923215034.zip
2026-09-23 21:55:00,QLD1,2026-09-23 22:25:00,90.21927,6404.61,0,PUBLIC_P5MIN_202609232155_20260923215034.zip
2026-09-23 21:55:00,QLD1,2026-09-23 22:30:00,77.45058,6352.61,0,PUBLIC_P5MIN_202609232155_20260923215034.zip
2026-09-23 21:55:00,QLD1,2026-09-23 22:35:00,79.8884,6302.61,0,PUBLIC_P5MIN_202609232155_20260923215034.zip
2026-09-23 21:55:00,QLD1,2026-09-23 22:40:00,99.41328,6260.61,0,PUBLIC_P5MIN_202609232155_20260923215034.zip
2026-09-23 21:55:00,QLD1,2026-09-23 22:45:00,95.44072,6224.61,0,PUBLIC_P5MIN_202609232155_20260923215034.zip
2026-09-23 21:55:00,QLD1,2026-09-23 22:50:00,87.69666,6188.61,0,PUBLIC_P5MIN_202609232155_20260923215034.zip
2026-09-23 21:55:00,SA1,2026-09-23 21:55:00,109.09568,1452.88,0,PUBLIC_P5MIN_202609232155_20260923215034.zip
2026-09-23 21:55:00,SA1,2026-09-23 22:00:00,93.18685,1447.88,0,PUBLIC_P5MIN_202609232155_20260923215034.zip
2026-09-23 21:55:00,SA1,2026-09-23 22:05:00,94.28125,1440.88,0,PUBLIC_P5MIN_202609232155_20260923215034.zip
2026-09-23 21:55:00,SA1,2026-09-23 22:10:00,105.21087,1432.88,0,PUBLIC_P5MIN_202609232155_20260923215034.zip
2026-09-23 21:55:00,SA1,2026-09-23 22:15:00,104.58862,1424.88,0,PUBLIC_P5MIN_202609232155_20260923215034.zip
2026-09-23 21:55:00,SA1,2026-09-23 22:20:00,104.18238,1417.88,0,PUBLIC_P5MIN_202609232155_20260923215034.zip
2026-09-23 21:55:00,SA1,2026-09-23 22:25:00,101.02,1410.88,0,PUBLIC_P5MIN_202609232155_20260923215034.zip
2026-09-23 21:55:00,SA1,2026-09-23 22:30:00,90.26446,1404.88,0,PUBLIC_P5MIN_202609232155_20260923215034.zip
2026-09-23 21:55:00,SA1,2026-09-23 22:35:00,92.42,1397.88,0,PUBLIC_P5MIN_202609232155_20260923215034.zip
2026-09-23 21:55:00,SA1,2026-09-23 22:40:00,108.4109,1390.88,0,PUBLIC_P5MIN_202609232155_20260923215034.zip
2026-09-23 21:55:00,SA1,2026-09-23 22:45:00,105.40583,1382.88,0,PUBLIC_P5MIN_202609232155_20260923215034.zip
2026-09-23 21:55:00,SA1,2026-09-23 22:50:00,100.44,1373.88,0,PUBLIC_P5MIN_202609232155_20260923215034.zip
2026-09-23 21:55:00,TAS1,2026-09-23 21:55:00,108.26723,1155.61,0,PUBLIC_P5MIN_202609232155_20260923215034.zip
2026-09-23 21:55:00,TAS1,2026-09-23 22:00:00,90.37023,1149.61,0,PUBLIC_P5MIN_202609232155_20260923215034.zip
2026-09-23 21:55:00,TAS1,2026-09-23 22:05:00,91.56994,1143.61,0,PUBLIC_P5MIN_202609232155_20260923215034.zip
2026-09-23 21:55:00,TAS1,2026-09-23 22:10:00,105.27114,1138.61,0,PUBLIC_P5MIN_202609232155_20260923215034.zip
2026-09-23 21:55:00,TAS1,2026-09-23 22:15:00,104.95294,1132.61,0,PUBLIC_P5MIN_202609232155_20260923215034.zip
2026-09-23 21:55:00,TAS1,2026-09-23 22:20:00,104.95294,1125.61,0,PUBLIC_P5MIN_202609232155_20260923215034.zip
2026-09-23 21:55:00,TAS1,2026-09-23 22:25:00,101.13567,1118.61,0,PUBLIC_P5MIN_202609232155_20260923215034.zip
2026-09-23 21:55:00,TAS1,2026-09-23 22:30:00,88.22014,1111.61,0,PUBLIC_P5MIN_202609232155_20260923215034.zip
2026-09-23 21:55:00,TAS1,2026-09-23 22:35:00,88.59845,1105.61,0,PUBLIC_P5MIN_202609232155_20260923215034.zip
2026-09-23 21:55:00,TAS1,2026-09-23 22:40:00,107.29047,1099.61,0,PUBLIC_P5MIN_202609232155_20260923215034.zip
2026-09-23 21:55:00,TAS1,2026-09-23 22:45:00,103.99822,1093.61,0,PUBLIC_P5MIN_202609232155_20260923215034.zip
2026-09-23 21:55:00,TAS1,2026-09-23 22:50:00,97.18914,1087.61,0,PUBLIC_P5MIN_202609232155_20260923215034.zip
2026-09-23 21:55:00,VIC1,2026-09-23 21:55:00,114.75432,5751.81,0,PUBLIC_P5MIN_202609232155_20260923215034.zip
2026-09-23 21:55:00,VIC1,2026-09-23 22:00:00,95.43597,5719.81,0,PUBLIC_P5MIN_202609232155_20260923215034.zip
2026-09-23 21:55:00,VIC1,2026-09-23 22:05:00,95.43597,5668.81,0,PUBLIC_P5MIN_202609232155_20260923215034.zip
2026-09-23 21:55:00,VIC1,2026-09-23 22:10:00,110.5,5630.81,0,PUBLIC_P5MIN_202609232155_20260923215034.zip
2026-09-23 21:55:00,VIC1,2026-09-23 22:15:00,110.50004,5602.81,0,PUBLIC_P5MIN_202609232155_20260923215034.zip
2026-09-23 21:55:00,VIC1,2026-09-23 22:20:00,110.50004,5571.81,0,PUBLIC_P5MIN_202609232155_20260923215034.zip
2026-09-23 21:55:00,VIC1,2026-09-23 22:25:00,106.80487,5531.81,0,PUBLIC_P5MIN_202609232155_20260923215034.zip
2026-09-23 21:55:00,VIC1,2026-09-23 22:30:00,93.16535,5484.81,0,PUBLIC_P5MIN_202609232155_20260923215034.zip
2026-09-23 21:55:00,VIC1,2026-09-23 22:35:00,93.85031,5444.81,0,PUBLIC_P5MIN_202609232155_20260923215034.zip
2026-09-23 21:55:00,VIC1,2026-09-23 22:40:00,113.65034,5413.81,0,PUBLIC_P5MIN_202609232155_20260923215034.zip
2026-09-23 21:55:00,VIC1,2026-09-23 22:45:00,110.50004,5383.81,0,PUBLIC_P5MIN_202609232155_20260923215034.zip
2026-09-23 21:55:00,VIC1,2026-09-23 22:50:00,103.26527,5343.81,0,PUBLIC_P5MIN_202609232155_20260923215034.zip
2026-09-23 22:00:00,NSW1,2026-09-23 22:00:00,112.98,7913.25,0,PUBLIC_P5MIN_202609232200_20260923215533.zip
2026-09-23 22:00:00,NSW1,2026-09-23 22:05:00,116.88877,7859.25,0,PUBLIC_P5MIN_202609232200_20260923215533.zip
2026-09-23 22:00:00,NSW1,2026-09-23 22:10:00,112.98,7867.25,0,PUBLIC_P5MIN_202609232200_20260923215533.zip
2026-09-23 22:00:00,NSW1,2026-09-23 22:15:00,112.98,7865.25,0,PUBLIC_P5MIN_202609232200_20260923215533.zip
2026-09-23 22:00:00,NSW1,2026-09-23 22:20:00,112.98,7847.25,0,PUBLIC_P5MIN_202609232200_20260923215533.zip
2026-09-23 22:00:00,NSW1,2026-09-23 22:25:00,109.82099,7821.25,0,PUBLIC_P5MIN_202609232200_20260923215533.zip
2026-09-23 22:00:00,NSW1,2026-09-23 22:30:00,90.21722,7808.25,0,PUBLIC_P5MIN_202609232200_20260923215533.zip
2026-09-23 22:00:00,NSW1,2026-09-23 22:35:00,96.98985,7788.25,0,PUBLIC_P5MIN_202609232200_20260923215533.zip
2026-09-23 22:00:00,NSW1,2026-09-23 22:40:00,96.98985,7765.25,0,PUBLIC_P5MIN_202609232200_20260923215533.zip
2026-09-23 22:00:00,NSW1,2026-09-23 22:45:00,120.35473,7736.25,0,PUBLIC_P5MIN_202609232200_20260923215533.zip
2026-09-23 22:00:00,NSW1,2026-09-23 22:50:00,110.53865,7711.25,0,PUBLIC_P5MIN_202609232200_20260923215533.zip
2026-09-23 22:00:00,NSW1,2026-09-23 22:55:00,96.99,7670.25,0,PUBLIC_P5MIN_202609232200_20260923215533.zip
2026-09-23 22:00:00,QLD1,2026-09-23 22:00:00,88.59632,6554.62,0,PUBLIC_P5MIN_202609232200_20260923215533.zip
2026-09-23 22:00:00,QLD1,2026-09-23 22:05:00,92.75126,6483.62,0,PUBLIC_P5MIN_202609232200_20260923215533.zip
2026-09-23 22:00:00,QLD1,2026-09-23 22:10:00,89.64965,6444.62,0,PUBLIC_P5MIN_202609232200_20260923215533.zip
2026-09-23 22:00:00,QLD1,2026-09-23 22:15:00,89.64965,6435.62,0,PUBLIC_P5MIN_202609232200_20260923215533.zip
2026-09-23 22:00:00,QLD1,2026-09-23 22:20:00,89.64965,6420.62,0,PUBLIC_P5MIN_202609232200_20260923215533.zip
2026-09-23 22:00:00,QLD1,2026-09-23 22:25:00,87.69666,6385.62,0,PUBLIC_P5MIN_202609232200_20260923215533.zip
2026-09-23 22:00:00,QLD1,2026-09-23 22:30:00,72.5,6333.62,0,PUBLIC_P5MIN_202609232200_20260923215533.zip
2026-09-23 22:00:00,QLD1,2026-09-23 22:35:00,79.94306,6283.62,0,PUBLIC_P5MIN_202609232200_20260923215533.zip
2026-09-23 22:00:00,QLD1,2026-09-23 22:40:00,79.43809,6241.62,0,PUBLIC_P5MIN_202609232200_20260923215533.zip
2026-09-23 22:00:00,QLD1,2026-09-23 22:45:00,97.3336,6205.62,0,PUBLIC_P5MIN_202609232200_20260923215533.zip
2026-09-23 22:00:00,QLD1,2026-09-23 22:50:00,88.26974,6169.62,0,PUBLIC_P5MIN_202609232200_20260923215533.zip
2026-09-23 22:00:00,QLD1,2026-09-23 22:55:00,77.45058,6127.62,0,PUBLIC_P5MIN_202609232200_20260923215533.zip
2026-09-23 22:00:00,SA1,2026-09-23 22:00:00,108.1144,1447.12,0,PUBLIC_P5MIN_202609232200_20260923215533.zip
2026-09-23 22:00:00,SA1,2026-09-23 22:05:00,104.99639,1443.12,0,PUBLIC_P5MIN_202609232200_20260923215533.zip
2026-09-23 22:00:00,SA1,2026-09-23 22:10:00,101.02,1435.12,0,PUBLIC_P5MIN_202609232200_20260923215533.zip
2026-09-23 22:00:00,SA1,2026-09-23 22:15:00,101.07,1427.12,0,PUBLIC_P5MIN_202609232200_20260923215533.zip
2026-09-23 22:00:00,SA1,2026-09-23 22:20:00,101.07,1420.12,0,PUBLIC_P5MIN_202609232200_20260923215533.zip
2026-09-23 22:00:00,SA1,2026-09-23 22:25:00,101.02,1413.12,0,PUBLIC_P5MIN_202609232200_20260923215533.zip
2026-09-23 22:00:00,SA1,2026-09-23 22:30:00,86.34297,1407.12,0,PUBLIC_P5MIN_202609232200_20260923215533.zip
2026-09-23 22:00:00,SA1,2026-09-23 22:35:00,92.77822,1400.12,0,PUBLIC_P5MIN_202609232200_20260923215533.zip
2026-09-23 22:00:00,SA1,2026-09-23 22:40:00,92.42,1393.12,0,PUBLIC_P5MIN_202609232200_20260923215533.zip
2026-09-23 22:00:00,SA1,2026-09-23 22:45:00,107.23404,1385.12,0,PUBLIC_P5MIN_202609232200_20260923215533.zip
2026-09-23 22:00:00,SA1,2026-09-23 22:50:00,100.44,1376.12,0,PUBLIC_P5MIN_202609232200_20260923215533.zip
2026-09-23 22:00:00,SA1,2026-09-23 22:55:00,89.52802,1366.12,0,PUBLIC_P5MIN_202609232200_20260923215533.zip
2026-09-23 22:00:00,TAS1,2026-09-23 22:00:00,106.98902,1150.12,0,PUBLIC_P5MIN_202609232200_20260923215533.zip
2026-09-23 22:00:00,TAS1,2026-09-23 22:05:00,105.92114,1144.12,0,PUBLIC_P5MIN_202609232200_20260923215533.zip
2026-09-23 22:00:00,TAS1,2026-09-23 22:10:00,101.75086,1139.12,0,PUBLIC_P5MIN_202609232200_20260923215533.zip
2026-09-23 22:00:00,TAS1,2026-09-23 22:15:00,101.44327,1133.12,0,PUBLIC_P5MIN_202609232200_20260923215533.zip
2026-09-23 22:00:00,TAS1,2026-09-23 22:20:00,101.81754,1126.12,0,PUBLIC_P5MIN_202609232200_20260923215533.zip
2026-09-23 22:00:00,TAS1,2026-09-23 22:25:00,99.89094,1119.12,0,PUBLIC_P5MIN_202609232200_20260923215533.zip
2026-09-23 22:00:00,TAS1,2026-09-23 22:30:00,88.2,1112.12,0,PUBLIC_P5MIN_202609232200_20260923215533.zip
2026-09-23 22:00:00,TAS1,2026-09-23 22:35:00,88.65907,1106.12,0,PUBLIC_P5MIN_202609232200_20260923215533.zip
2026-09-23 22:00:00,TAS1,2026-09-23 22:40:00,88.31675,1100.12,0,PUBLIC_P5MIN_202609232200_20260923215533.zip
2026-09-23 22:00:00,TAS1,2026-09-23 22:45:00,105.3911,1094.12,0,PUBLIC_P5MIN_202609232200_20260923215533.zip
2026-09-23 22:00:00,TAS1,2026-09-23 22:50:00,97.56809,1088.12,0,PUBLIC_P5MIN_202609232200_20260923215533.zip
2026-09-23 22:00:00,TAS1,2026-09-23 22:55:00,88.22,1082.12,0,PUBLIC_P5MIN_202609232200_20260923215533.zip
2026-09-23 22:00:00,VIC1,2026-09-23 22:00:00,113.7412,5713.71,0,PUBLIC_P5MIN_202609232200_20260923215533.zip
2026-09-23 22:00:00,VIC1,2026-09-23 22:05:00,110.5,5667.71,0,PUBLIC_P5MIN_202609232200_20260923215533.zip
2026-09-23 22:00:00,VIC1,2026-09-23 22:10:00,106.80487,5625.71,0,PUBLIC_P5MIN_202609232200_20260923215533.zip
2026-09-23 22:00:00,VIC1,2026-09-23 22:15:00,106.80487,5597.71,0,PUBLIC_P5MIN_202609232200_20260923215533.zip
2026-09-23 22:00:00,VIC1,2026-09-23 22:20:00,107.19892,5566.71,0,PUBLIC_P5MIN_202609232200_20260923215533.zip
2026-09-23 22:00:00,VIC1,2026-09-23 22:25:00,105.49037,5526.71,0,PUBLIC_P5MIN_202609232200_20260923215533.zip
2026-09-23 22:00:00,VIC1,2026-09-23 22:30:00,88.7717,5479.71,0,PUBLIC_P5MIN_202609232200_20260923215533.zip
2026-09-23 22:00:00,VIC1,2026-09-23 22:35:00,93.91452,5439.71,0,PUBLIC_P5MIN_202609232200_20260923215533.zip
2026-09-23 22:00:00,VIC1,2026-09-23 22:40:00,93.55192,5408.71,0,PUBLIC_P5MIN_202609232200_20260923215533.zip
2026-09-23 22:00:00,VIC1,2026-09-23 22:45:00,111.98,5378.71,0,PUBLIC_P5MIN_202609232200_20260923215533.zip
2026-09-23 22:00:00,VIC1,2026-09-23 22:50:00,103.66791,5338.71,0,PUBLIC_P5MIN_202609232200_20260923215533.zip
2026-09-23 22:00:00,VIC1,2026-09-23 22:55:00,91.68883,5295.71,0,PUBLIC_P5MIN_202609232200_20260923215533.zip
2026-09-23 22:05:00,NSW1,2026-09-23 22:05:00,104.91508,7817.64,0,PUBLIC_P5MIN_202609232205_20260923220033.zip
2026-09-23 22:05:00,NSW1,2026-09-23 22:10:00,90.46326,7830.64,0,PUBLIC_P5MIN_202609232205_20260923220033.zip
2026-09-23 22:05:00,NSW1,2026-09-23 22:15:00,112.98,7827.64,0,PUBLIC_P5MIN_202609232205_20260923220033.zip
2026-09-23 22:05:00,NSW1,2026-09-23 22:20:00,112.98,7809.64,0,PUBLIC_P5MIN_202609232205_20260923220033.zip
2026-09-23 22:05:00,NSW1,2026-09-23 22:25:00,112.98,7783.64,0,PUBLIC_P5MIN_202609232205_20260923220033.zip
2026-09-23 22:05:00,NSW1,2026-09-23 22:30:00,112.98,7770.64,0,PUBLIC_P5MIN_202609232205_20260923220033.zip
2026-09-23 22:05:00,NSW1,2026-09-23 22:35:00,119.01,7750.64,0,PUBLIC_P5MIN_202609232205_20260923220033.zip
2026-09-23 22:05:00,NSW1,2026-09-23 22:40:00,90.21,7727.64,0,PUBLIC_P5MIN_202609232205_20260923220033.zip
2026-09-23 22:05:00,NSW1,2026-09-23 22:45:00,90.21,7698.64,0,PUBLIC_P5MIN_202609232205_20260923220033.zip
2026-09-23 22:05:00,NSW1,2026-09-23 22:50:00,112.04562,7673.64,0,PUBLIC_P5MIN_202609232205_20260923220033.zip
2026-09-23 22:05:00,NSW1,2026-09-23 22:55:00,98.06668,7632.64,0,PUBLIC_P5MIN_202609232205_20260923220033.zip
2026-09-23 22:05:00,NSW1,2026-09-23 23:00:00,96.17057,7603.64,0,PUBLIC_P5MIN_202609232205_20260923220033.zip
2026-09-23 22:05:00,QLD1,2026-09-23 22:05:00,88.98555,6484.62,0,PUBLIC_P5MIN_202609232205_20260923220033.zip
2026-09-23 22:05:00,QLD1,2026-09-23 22:10:00,71.78261,6436.62,0,PUBLIC_P5MIN_202609232205_20260923220033.zip
2026-09-23 22:05:00,QLD1,2026-09-23 22:15:00,89.64965,6429.62,0,PUBLIC_P5MIN_202609232205_20260923220033.zip
2026-09-23 22:05:00,QLD1,2026-09-23 22:20:00,89.64965,6414.62,0,PUBLIC_P5MIN_202609232205_20260923220033.zip
2026-09-23 22:05:00,QLD1,2026-09-23 22:25:00,89.58491,6379.62,0,PUBLIC_P5MIN_202609232205_20260923220033.zip
2026-09-23 22:05:00,QLD1,2026-09-23 22:30:00,89.58491,6327.62,0,PUBLIC_P5MIN_202609232205_20260923220033.zip
2026-09-23 22:05:00,QLD1,2026-09-23 22:35:00,95.63834,6277.62,0,PUBLIC_P5MIN_202609232205_20260923220033.zip
2026-09-23 22:05:00,QLD1,2026-09-23 22:40:00,72.4942,6235.62,0,PUBLIC_P5MIN_202609232205_20260923220033.zip
2026-09-23 22:05:00,QLD1,2026-09-23 22:45:00,72.95487,6199.62,0,PUBLIC_P5MIN_202609232205_20260923220033.zip
2026-09-23 22:05:00,QLD1,2026-09-23 22:50:00,90.04165,6163.62,0,PUBLIC_P5MIN_202609232205_20260923220033.zip
2026-09-23 22:05:00,QLD1,2026-09-23 22:55:00,78.80795,6121.62,0,PUBLIC_P5MIN_202609232205_20260923220033.zip
2026-09-23 22:05:00,QLD1,2026-09-23 23:00:00,76.79623,6073.62,0,PUBLIC_P5MIN_202609232205_20260923220033.zip
2026-09-23 22:05:00,SA1,2026-09-23 22:05:00,103.44,1454.23,0,PUBLIC_P5MIN_202609232205_20260923220033.zip
2026-09-23 22:05:00,SA1,2026-09-23 22:10:00,87.96096,1441.23,0,PUBLIC_P5MIN_202609232205_20260923220033.zip
2026-09-23 22:05:00,SA1,2026-09-23 22:15:00,101.111,1434.23,0,PUBLIC_P5MIN_202609232205_20260923220033.zip
2026-09-23 22:05:00,SA1,2026-09-23 22:20:00,101.92265,1427.23,0,PUBLIC_P5MIN_202609232205_20260923220033.zip
2026-09-23 22:05:00,SA1,2026-09-23 22:25:00,101.07,1420.23,0,PUBLIC_P5MIN_202609232205_20260923220033.zip
2026-09-23 22:05:00,SA1,2026-09-23 22:30:00,101.02,1414.23,0,PUBLIC_P5MIN_202609232205_20260923220033.zip
2026-09-23 22:05:00,SA1,2026-09-23 22:35:00,107.31863,1407.23,0,PUBLIC_P5MIN_202609232205_20260923220033.zip
2026-09-23 22:05:00,SA1,2026-09-23 22:40:00,88.05675,1400.23,0,PUBLIC_P5MIN_202609232205_20260923220033.zip
2026-09-23 22:05:00,SA1,2026-09-23 22:45:00,88.00887,1392.23,0,PUBLIC_P5MIN_202609232205_20260923220033.zip
2026-09-23 22:05:00,SA1,2026-09-23 22:50:00,101.02,1383.23,0,PUBLIC_P5MIN_202609232205_20260923220033.zip
2026-09-23 22:05:00,SA1,2026-09-23 22:55:00,91.24713,1373.23,0,PUBLIC_P5MIN_202609232205_20260923220033.zip
2026-09-23 22:05:00,SA1,2026-09-23 23:00:00,88.78912,1365.23,0,PUBLIC_P5MIN_202609232205_20260923220033.zip
2026-09-23 22:05:00,TAS1,2026-09-23 22:05:00,103.16272,1143.65,0,PUBLIC_P5MIN_202609232205_20260923220033.zip
2026-09-23 22:05:00,TAS1,2026-09-23 22:10:00,88.22,1137.65,0,PUBLIC_P5MIN_202609232205_20260923220033.zip
2026-09-23 22:05:00,TAS1,2026-09-23 22:15:00,102.25603,1131.65,0,PUBLIC_P5MIN_202609232205_20260923220033.zip
2026-09-23 22:05:00,TAS1,2026-09-23 22:20:00,103.07687,1124.65,0,PUBLIC_P5MIN_202609232205_20260923220033.zip
2026-09-23 22:05:00,TAS1,2026-09-23 22:25:00,101.94597,1117.65,0,PUBLIC_P5MIN_202609232205_20260923220033.zip
2026-09-23 22:05:00,TAS1,2026-09-23 22:30:00,101.45859,1110.65,0,PUBLIC_P5MIN_202609232205_20260923220033.zip
2026-09-23 22:05:00,TAS1,2026-09-23 22:35:00,106.20949,1104.65,0,PUBLIC_P5MIN_202609232205_20260923220033.zip
2026-09-23 22:05:00,TAS1,2026-09-23 22:40:00,88.2,1098.65,0,PUBLIC_P5MIN_202609232205_20260923220033.zip
2026-09-23 22:05:00,TAS1,2026-09-23 22:45:00,88.2,1092.65,0,PUBLIC_P5MIN_202609232205_20260923220033.zip
2026-09-23 22:05:00,TAS1,2026-09-23 22:50:00,98.89824,1086.65,0,PUBLIC_P5MIN_202609232205_20260923220033.zip
2026-09-23 22:05:00,TAS1,2026-09-23 22:55:00,88.22,1080.65,0,PUBLIC_P5MIN_202609232205_20260923220033.zip
2026-09-23 22:05:00,TAS1,2026-09-23 23:00:00,88.22,1074.65,0,PUBLIC_P5MIN_202609232205_20260923220033.zip
2026-09-23 22:05:00,VIC1,2026-09-23 22:05:00,108.31892,5697.99,0,PUBLIC_P5MIN_202609232205_20260923220033.zip
2026-09-23 22:05:00,VIC1,2026-09-23 22:10:00,89.73404,5648.99,0,PUBLIC_P5MIN_202609232205_20260923220033.zip
2026-09-23 22:05:00,VIC1,2026-09-23 22:15:00,107.66059,5622.99,0,PUBLIC_P5MIN_202609232205_20260923220033.zip
2026-09-23 22:05:00,VIC1,2026-09-23 22:20:00,108.52481,5591.99,0,PUBLIC_P5MIN_202609232205_20260923220033.zip
2026-09-23 22:05:00,VIC1,2026-09-23 22:25:00,107.66059,5551.99,0,PUBLIC_P5MIN_202609232205_20260923220033.zip
2026-09-23 22:05:00,VIC1,2026-09-23 22:30:00,107.14589,5504.99,0,PUBLIC_P5MIN_202609232205_20260923220033.zip
2026-09-23 22:05:00,VIC1,2026-09-23 22:35:00,112.50529,5464.99,0,PUBLIC_P5MIN_202609232205_20260923220033.zip
2026-09-23 22:05:00,VIC1,2026-09-23 22:40:00,89.48283,5433.99,0,PUBLIC_P5MIN_202609232205_20260923220033.zip
2026-09-23 22:05:00,VIC1,2026-09-23 22:45:00,89.43417,5403.99,0,PUBLIC_P5MIN_202609232205_20260923220033.zip
2026-09-23 22:05:00,VIC1,2026-09-23 22:50:00,105.08122,5363.99,0,PUBLIC_P5MIN_202609232205_20260923220033.zip
2026-09-23 22:05:00,VIC1,2026-09-23 22:55:00,93.44943,5320.99,0,PUBLIC_P5MIN_202609232205_20260923220033.zip
2026-09-23 22:05:00,VIC1,2026-09-23 23:00:00,91.6426,5295.99,0,PUBLIC_P5MIN_202609232205_20260923220033.zip
2026-09-23 22:10:00,NSW1,2026-09-23 22:10:00,99.51883,7989.58,0,PUBLIC_P5MIN_202609232210_20260923220533.zip
2026-09-23 22:10:00,NSW1,2026-09-23 22:15:00,96.99,7988.58,0,PUBLIC_P5MIN_202609232210_20260923220533.zip
2026-09-23 22:10:00,NSW1,2026-09-23 22:20:00,99.47438,7970.58,0,PUBLIC_P5MIN_202609232210_20260923220533.zip
2026-09-23 22:10:00,NSW1,2026-09-23 22:25:00,113.80523,7944.58,0,PUBLIC_P5MIN_202609232210_20260923220533.zip
2026-09-23 22:10:00,NSW1,2026-09-23 22:30:00,112.98,7931.58,0,PUBLIC_P5MIN_202609232210_20260923220533.zip
2026-09-23 22:10:00,NSW1,2026-09-23 22:35:00,124.03934,7911.58,0,PUBLIC_P5MIN_202609232210_20260923220533.zip
2026-09-23 22:10:00,NSW1,2026-09-23 22:40:00,122.15,7888.58,0,PUBLIC_P5MIN_202609232210_20260923220533.zip
2026-09-23 22:10:00,NSW1,2026-09-23 22:45:00,113.899,7859.58,0,PUBLIC_P5MIN_202609232210_20260923220533.zip
2026-09-23 22:10:00,NSW1,2026-09-23 22:50:00,114.62269,7834.58,0,PUBLIC_P5MIN_202609232210_20260923220533.zip
2026-09-23 22:10:00,NSW1,2026-09-23 22:55:00,111.61045,7793.58,0,PUBLIC_P5MIN_202609232210_20260923220533.zip
2026-09-23 22:10:00,NSW1,2026-09-23 23:00:00,98.85239,7764.58,0,PUBLIC_P5MIN_202609232210_20260923220533.zip
2026-09-23 22:10:00,NSW1,2026-09-23 23:05:00,112.48249,7745.58,0,PUBLIC_P5MIN_202609232210_20260923220533.zip
2026-09-23 22:10:00,QLD1,2026-09-23 22:10:00,83.84307,6459.37,0,PUBLIC_P5MIN_202609232210_20260923220533.zip
2026-09-23 22:10:00,QLD1,2026-09-23 22:15:00,76.96158,6435.37,0,PUBLIC_P5MIN_202609232210_20260923220533.zip
2026-09-23 22:10:00,QLD1,2026-09-23 22:20:00,79.43446,6423.37,0,PUBLIC_P5MIN_202609232210_20260923220533.zip
2026-09-23 22:10:00,QLD1,2026-09-23 22:25:00,90.30447,6388.37,0,PUBLIC_P5MIN_202609232210_20260923220533.zip
2026-09-23 22:10:00,QLD1,2026-09-23 22:30:00,89.58491,6336.37,0,PUBLIC_P5MIN_202609232210_20260923220533.zip
2026-09-23 22:10:00,QLD1,2026-09-23 22:35:00,99.68,6286.37,0,PUBLIC_P5MIN_202609232210_20260923220533.zip
2026-09-23 22:10:00,QLD1,2026-09-23 22:40:00,98.16169,6244.37,0,PUBLIC_P5MIN_202609232210_20260923220533.zip
2026-09-23 22:10:00,QLD1,2026-09-23 22:45:00,90.95312,6208.37,0,PUBLIC_P5MIN_202609232210_20260923220533.zip
2026-09-23 22:10:00,QLD1,2026-09-23 22:50:00,90.95312,6172.37,0,PUBLIC_P5MIN_202609232210_20260923220533.zip
2026-09-23 22:10:00,QLD1,2026-09-23 22:55:00,88.56291,6130.37,0,PUBLIC_P5MIN_202609232210_20260923220533.zip
2026-09-23 22:10:00,QLD1,2026-09-23 23:00:00,78.93778,6082.37,0,PUBLIC_P5MIN_202609232210_20260923220533.zip
2026-09-23 22:10:00,QLD1,2026-09-23 23:05:00,89.25487,6042.37,0,PUBLIC_P5MIN_202609232210_20260923220533.zip
2026-09-23 22:10:00,SA1,2026-09-23 22:10:00,100.44,1429.16,0,PUBLIC_P5MIN_202609232210_20260923220533.zip
2026-09-23 22:10:00,SA1,2026-09-23 22:15:00,92.42,1420.16,0,PUBLIC_P5MIN_202609232210_20260923220533.zip
2026-09-23 22:10:00,SA1,2026-09-23 22:20:00,94.44,1413.16,0,PUBLIC_P5MIN_202609232210_20260923220533.zip
2026-09-23 22:10:00,SA1,2026-09-23 22:25:00,101.04,1406.16,0,PUBLIC_P5MIN_202609232210_20260923220533.zip
2026-09-23 22:10:00,SA1,2026-09-23 22:30:00,101.02,1400.16,0,PUBLIC_P5MIN_202609232210_20260923220533.zip
2026-09-23 22:10:00,SA1,2026-09-23 22:35:00,111.39916,1393.16,0,PUBLIC_P5MIN_202609232210_20260923220533.zip
2026-09-23 22:10:00,SA1,2026-09-23 22:40:00,110.13008,1386.16,0,PUBLIC_P5MIN_202609232210_20260923220533.zip
2026-09-23 22:10:00,SA1,2026-09-23 22:45:00,102.29216,1378.16,0,PUBLIC_P5MIN_202609232210_20260923220533.zip
2026-09-23 22:10:00,SA1,2026-09-23 22:50:00,101.73024,1369.16,0,PUBLIC_P5MIN_202609232210_20260923220533.zip
2026-09-23 22:10:00,SA1,2026-09-23 22:55:00,101.02,1359.16,0,PUBLIC_P5MIN_202609232210_20260923220533.zip
2026-09-23 22:10:00,SA1,2026-09-23 23:00:00,90.53969,1351.16,0,PUBLIC_P5MIN_202609232210_20260923220533.zip
2026-09-23 22:10:00,SA1,2026-09-23 23:05:00,101.02,1344.16,0,PUBLIC_P5MIN_202609232210_20260923220533.zip
2026-09-23 22:10:00,TAS1,2026-09-23 22:10:00,96.98781,1139.47,0,PUBLIC_P5MIN_202609232210_20260923220533.zip
2026-09-23 22:10:00,TAS1,2026-09-23 22:15:00,90.19165,1133.47,0,PUBLIC_P5MIN_202609232210_20260923220533.zip
2026-09-23 22:10:00,TAS1,2026-09-23 22:20:00,92.22225,1126.47,0,PUBLIC_P5MIN_202609232210_20260923220533.zip
2026-09-23 22:10:00,TAS1,2026-09-23 22:25:00,102.18423,1119.47,0,PUBLIC_P5MIN_202609232210_20260923220533.zip
2026-09-23 22:10:00,TAS1,2026-09-23 22:30:00,101.0645,1112.47,0,PUBLIC_P5MIN_202609232210_20260923220533.zip
2026-09-23 22:10:00,TAS1,2026-09-23 22:35:00,109.81966,1106.47,0,PUBLIC_P5MIN_202609232210_20260923220533.zip
2026-09-23 22:10:00,TAS1,2026-09-23 22:40:00,108.1469,1100.47,0,PUBLIC_P5MIN_202609232210_20260923220533.zip
2026-09-23 22:10:00,TAS1,2026-09-23 22:45:00,100.53414,1094.47,0,PUBLIC_P5MIN_202609232210_20260923220533.zip
2026-09-23 22:10:00,TAS1,2026-09-23 22:50:00,100.37172,1088.47,0,PUBLIC_P5MIN_202609232210_20260923220533.zip
2026-09-23 22:10:00,TAS1,2026-09-23 22:55:00,98.51413,1082.47,0,PUBLIC_P5MIN_202609232210_20260923220533.zip
2026-09-23 22:10:00,TAS1,2026-09-23 23:00:00,88.22,1076.47,0,PUBLIC_P5MIN_202609232210_20260923220533.zip
2026-09-23 22:10:00,TAS1,2026-09-23 23:05:00,98.98003,1071.47,0,PUBLIC_P5MIN_202609232210_20260923220533.zip
2026-09-23 22:10:00,VIC1,2026-09-23 22:10:00,102.47122,5633.73,0,PUBLIC_P5MIN_202609232210_20260923220533.zip
2026-09-23 22:10:00,VIC1,2026-09-23 22:15:00,94.6715,5575.73,0,PUBLIC_P5MIN_202609232210_20260923220533.zip
2026-09-23 22:10:00,VIC1,2026-09-23 22:20:00,97.0965,5550.73,0,PUBLIC_P5MIN_202609232210_20260923220533.zip
2026-09-23 22:10:00,VIC1,2026-09-23 22:25:00,107.58499,5510.73,0,PUBLIC_P5MIN_202609232210_20260923220533.zip
2026-09-23 22:10:00,VIC1,2026-09-23 22:30:00,106.72972,5463.73,0,PUBLIC_P5MIN_202609232210_20260923220533.zip
2026-09-23 22:10:00,VIC1,2026-09-23 22:35:00,116.32945,5423.73,0,PUBLIC_P5MIN_202609232210_20260923220533.zip
2026-09-23 22:10:00,VIC1,2026-09-23 22:40:00,114.55754,5392.73,0,PUBLIC_P5MIN_202609232210_20260923220533.zip
2026-09-23 22:10:00,VIC1,2026-09-23 22:45:00,106.8194,5362.73,0,PUBLIC_P5MIN_202609232210_20260923220533.zip
2026-09-23 22:10:00,VIC1,2026-09-23 22:50:00,106.64681,5322.73,0,PUBLIC_P5MIN_202609232210_20260923220533.zip
2026-09-23 22:10:00,VIC1,2026-09-23 22:55:00,104.6731,5279.73,0,PUBLIC_P5MIN_202609232210_20260923220533.zip
2026-09-23 22:10:00,VIC1,2026-09-23 23:00:00,93.44943,5254.73,0,PUBLIC_P5MIN_202609232210_20260923220533.zip
2026-09-23 22:10:00,VIC1,2026-09-23 23:05:00,105.49094,5270.73,0,PUBLIC_P5MIN_202609232210_20260923220533.zip
2026-09-23 22:15:00,NSW1,2026-09-23 22:15:00,109.91947,8019.5,0,PUBLIC_P5MIN_202609232215_20260923221034.zip
2026-09-23 22:15:00,NSW1,2026-09-23 22:20:00,109.79657,7975.5,0,PUBLIC_P5MIN_202609232215_20260923221034.zip
2026-09-23 22:15:00,NSW1,2026-09-23 22:25:00,112.98,7954.5,0,PUBLIC_P5MIN_202609232215_20260923221034.zip
2026-09-23 22:15:00,NSW1,2026-09-23 22:30:00,114.24903,7941.5,0,PUBLIC_P5MIN_202609232215_20260923221034.zip
2026-09-23 22:15:00,NSW1,2026-09-23 22:35:00,126.35375,7921.5,0,PUBLIC_P5MIN_202609232215_20260923221034.zip
2026-09-23 22:15:00,NSW1,2026-09-23 22:40:00,124.03934,7898.5,0,PUBLIC_P5MIN_202609232215_20260923221034.zip
2026-09-23 22:15:00,NSW1,2026-09-23 22:45:00,123.2561,7869.5,0,PUBLIC_P5MIN_202609232215_20260923221034.zip
2026-09-23 22:15:00,NSW1,2026-09-23 22:50:00,122.15,7844.5,0,PUBLIC_P5MIN_202609232215_20260923221034.zip
2026-09-23 22:15:00,NSW1,2026-09-23 22:55:00,119.01,7803.5,0,PUBLIC_P5MIN_202609232215_20260923221034.zip
2026-09-23 22:15:00,NSW1,2026-09-23 23:00:00,113.17983,7774.5,0,PUBLIC_P5MIN_202609232215_20260923221034.zip
2026-09-23 22:15:00,NSW1,2026-09-23 23:05:00,113.36136,7755.5,0,PUBLIC_P5MIN_202609232215_20260923221034.zip
2026-09-23 22:15:00,NSW1,2026-09-23 23:10:00,115.9726,7738.5,0,PUBLIC_P5MIN_202609232215_20260923221034.zip
2026-09-23 22:15:00,QLD1,2026-09-23 22:15:00,95.13802,6587.3,0,PUBLIC_P5MIN_202609232215_20260923221034.zip
2026-09-23 22:15:00,QLD1,2026-09-23 22:20:00,88.79498,6558.3,0,PUBLIC_P5MIN_202609232215_20260923221034.zip
2026-09-23 22:15:00,QLD1,2026-09-23 22:25:00,90.95312,6526.3,0,PUBLIC_P5MIN_202609232215_20260923221034.zip
2026-09-23 22:15:00,QLD1,2026-09-23 22:30:00,90.95312,6474.3,0,PUBLIC_P5MIN_202609232215_20260923221034.zip
2026-09-23 22:15:00,QLD1,2026-09-23 22:35:00,101.53989,6424.3,0,PUBLIC_P5MIN_202609232215_20260923221034.zip
2026-09-23 22:15:00,QLD1,2026-09-23 22:40:00,99.68,6382.3,0,PUBLIC_P5MIN_202609232215_20260923221034.zip
2026-09-23 22:15:00,QLD1,2026-09-23 22:45:00,99.68,6346.3,0,PUBLIC_P5MIN_202609232215_20260923221034.zip
2026-09-23 22:15:00,QLD1,2026-09-23 22:50:00,99.04707,6310.3,0,PUBLIC_P5MIN_202609232215_20260923221034.zip
2026-09-23 22:15:00,QLD1,2026-09-23 22:55:00,96.24608,6268.3,0,PUBLIC_P5MIN_202609232215_20260923221034.zip
2026-09-23 22:15:00,QLD1,2026-09-23 23:00:00,90.95312,6220.3,0,PUBLIC_P5MIN_202609232215_20260923221034.zip
2026-09-23 22:15:00,QLD1,2026-09-23 23:05:00,90.95312,6180.3,0,PUBLIC_P5MIN_202609232215_20260923221034.zip
2026-09-23 22:15:00,QLD1,2026-09-23 23:10:00,92.02428,6159.3,0,PUBLIC_P5MIN_202609232215_20260923221034.zip
2026-09-23 22:15:00,SA1,2026-09-23 22:15:00,104.65106,1432.81,0,PUBLIC_P5MIN_202609232215_20260923221034.zip
2026-09-23 22:15:00,SA1,2026-09-23 22:20:00,101.02,1425.81,0,PUBLIC_P5MIN_202609232215_20260923221034.zip
2026-09-23 22:15:00,SA1,2026-09-23 22:25:00,101.04,1418.81,0,PUBLIC_P5MIN_202609232215_20260923221034.zip
2026-09-23 22:15:00,SA1,2026-09-23 22:30:00,101.04,1412.81,0,PUBLIC_P5MIN_202609232215_20260923221034.zip
2026-09-23 22:15:00,SA1,2026-09-23 22:35:00,113.03698,1405.81,0,PUBLIC_P5MIN_202609232215_20260923221034.zip
2026-09-23 22:15:00,SA1,2026-09-23 22:40:00,111.39916,1398.81,0,PUBLIC_P5MIN_202609232215_20260923221034.zip
2026-09-23 22:15:00,SA1,2026-09-23 22:45:00,110.2658,1390.81,0,PUBLIC_P5MIN_202609232215_20260923221034.zip
2026-09-23 22:15:00,SA1,2026-09-23 22:50:00,108.85185,1381.81,0,PUBLIC_P5MIN_202609232215_20260923221034.zip
2026-09-23 22:15:00,SA1,2026-09-23 22:55:00,104.80518,1371.81,0,PUBLIC_P5MIN_202609232215_20260923221034.zip
2026-09-23 22:15:00,SA1,2026-09-23 23:00:00,101.02,1363.81,0,PUBLIC_P5MIN_202609232215_20260923221034.zip
2026-09-23 22:15:00,SA1,2026-09-23 23:05:00,101.02,1356.81,0,PUBLIC_P5MIN_202609232215_20260923221034.zip
2026-09-23 22:15:00,SA1,2026-09-23 23:10:00,101.02,1348.81,0,PUBLIC_P5MIN_202609232215_20260923221034.zip
2026-09-23 22:15:00,TAS1,2026-09-23 22:15:00,104.26692,1131.35,0,PUBLIC_P5MIN_202609232215_20260923221034.zip
2026-09-23 22:15:00,TAS1,2026-09-23 22:20:00,100.97815,1124.35,0,PUBLIC_P5MIN_202609232215_20260923221034.zip
2026-09-23 22:15:00,TAS1,2026-09-23 22:25:00,101.94597,1116.35,0,PUBLIC_P5MIN_202609232215_20260923221034.zip
2026-09-23 22:15:00,TAS1,2026-09-23 22:30:00,102.27165,1109.35,0,PUBLIC_P5MIN_202609232215_20260923221034.zip
2026-09-23 22:15:00,TAS1,2026-09-23 22:35:00,111.86874,1103.35,0,PUBLIC_P5MIN_202609232215_20260923221034.zip
2026-09-23 22:15:00,TAS1,2026-09-23 22:40:00,109.81966,1097.35,0,PUBLIC_P5MIN_202609232215_20260923221034.zip
2026-09-23 22:15:00,TAS1,2026-09-23 22:45:00,108.79329,1091.35,0,PUBLIC_P5MIN_202609232215_20260923221034.zip
2026-09-23 22:15:00,TAS1,2026-09-23 22:50:00,107.81698,1085.35,0,PUBLIC_P5MIN_202609232215_20260923221034.zip
2026-09-23 22:15:00,TAS1,2026-09-23 22:55:00,103.89465,1079.35,0,PUBLIC_P5MIN_202609232215_20260923221034.zip
2026-09-23 22:15:00,TAS1,2026-09-23 23:00:00,98.98003,1073.35,0,PUBLIC_P5MIN_202609232215_20260923221034.zip
2026-09-23 22:15:00,TAS1,2026-09-23 23:05:00,99.7534,1068.35,0,PUBLIC_P5MIN_202609232215_20260923221034.zip
2026-09-23 22:15:00,TAS1,2026-09-23 23:10:00,100.93227,1064.35,0,PUBLIC_P5MIN_202609232215_20260923221034.zip
2026-09-23 22:15:00,VIC1,2026-09-23 22:15:00,110.50004,5629.71,0,PUBLIC_P5MIN_202609232215_20260923221034.zip
2026-09-23 22:15:00,VIC1,2026-09-23 22:20:00,106.31517,5609.71,0,PUBLIC_P5MIN_202609232215_20260923221034.zip
2026-09-23 22:15:00,VIC1,2026-09-23 22:25:00,107.66059,5567.71,0,PUBLIC_P5MIN_202609232215_20260923221034.zip
2026-09-23 22:15:00,VIC1,2026-09-23 22:30:00,108.00454,5520.71,0,PUBLIC_P5MIN_202609232215_20260923221034.zip
2026-09-23 22:15:00,VIC1,2026-09-23 22:35:00,118.5,5480.71,0,PUBLIC_P5MIN_202609232215_20260923221034.zip
2026-09-23 22:15:00,VIC1,2026-09-23 22:40:00,116.32945,5449.71,0,PUBLIC_P5MIN_202609232215_20260923221034.zip
2026-09-23 22:15:00,VIC1,2026-09-23 22:45:00,115.59489,5419.71,0,PUBLIC_P5MIN_202609232215_20260923221034.zip
2026-09-23 22:15:00,VIC1,2026-09-23 22:50:00,114.55754,5379.71,0,PUBLIC_P5MIN_202609232215_20260923221034.zip
2026-09-23 22:15:00,VIC1,2026-09-23 22:55:00,110.72884,5336.71,0,PUBLIC_P5MIN_202609232215_20260923221034.zip
2026-09-23 22:15:00,VIC1,2026-09-23 23:00:00,105.49094,5311.71,0,PUBLIC_P5MIN_202609232215_20260923221034.zip
2026-09-23 22:15:00,VIC1,2026-09-23 23:05:00,106.31517,5327.71,0,PUBLIC_P5MIN_202609232215_20260923221034.zip
2026-09-23 22:15:00,VIC1,2026-09-23 23:10:00,107.90279,5364.71,0,PUBLIC_P5MIN_202609232215_20260923221034.zip
2026-09-23 22:20:00,NSW1,2026-09-23 22:20:00,118.05362,8040.38,0,PUBLIC_P5MIN_202609232220_20260923221533.zip
2026-09-23 22:20:00,NSW1,2026-09-23 22:25:00,119.01,8009.38,0,PUBLIC_P5MIN_202609232220_20260923221533.zip
2026-09-23 22:20:00,NSW1,2026-09-23 22:30:00,112.98,7997.38,0,PUBLIC_P5MIN_202609232220_20260923221533.zip
2026-09-23 22:20:00,NSW1,2026-09-23 22:35:00,123.2561,7977.38,0,PUBLIC_P5MIN_202609232220_20260923221533.zip
2026-09-23 22:20:00,NSW1,2026-09-23 22:40:00,124.03934,7954.38,0,PUBLIC_P5MIN_202609232220_20260923221533.zip
2026-09-23 22:20:00,NSW1,2026-09-23 22:45:00,124.82751,7925.38,0,PUBLIC_P5MIN_202609232220_20260923221533.zip
2026-09-23 22:20:00,NSW1,2026-09-23 22:50:00,122.15,7900.38,0,PUBLIC_P5MIN_202609232220_20260923221533.zip
2026-09-23 22:20:00,NSW1,2026-09-23 22:55:00,119.01,7859.38,0,PUBLIC_P5MIN_202609232220_20260923221533.zip
2026-09-23 22:20:00,NSW1,2026-09-23 23:00:00,114.26625,7830.38,0,PUBLIC_P5MIN_202609232220_20260923221533.zip
2026-09-23 22:20:00,NSW1,2026-09-23 23:05:00,115.60815,7811.38,0,PUBLIC_P5MIN_202609232220_20260923221533.zip
2026-09-23 22:20:00,NSW1,2026-09-23 23:10:00,119.01,7794.38,0,PUBLIC_P5MIN_202609232220_20260923221533.zip
2026-09-23 22:20:00,NSW1,2026-09-23 23:15:00,119.01,7758.38,0,PUBLIC_P5MIN_202609232220_20260923221533.zip
2026-09-23 22:20:00,QLD1,2026-09-23 22:20:00,99.68,6553.62,0,PUBLIC_P5MIN_202609232220_20260923221533.zip
2026-09-23 22:20:00,QLD1,2026-09-23 22:25:00,94.43445,6517.62,0,PUBLIC_P5MIN_202609232220_20260923221533.zip
2026-09-23 22:20:00,QLD1,2026-09-23 22:30:00,90.21927,6465.62,0,PUBLIC_P5MIN_202609232220_20260923221533.zip
2026-09-23 22:20:00,QLD1,2026-09-23 22:35:00,99.68,6415.62,0,PUBLIC_P5MIN_202609232220_20260923221533.zip
2026-09-23 22:20:00,QLD1,2026-09-23 22:40:00,99.68,6373.62,0,PUBLIC_P5MIN_202609232220_20260923221533.zip
2026-09-23 22:20:00,QLD1,2026-09-23 22:45:00,99.68,6337.62,0,PUBLIC_P5MIN_202609232220_20260923221533.zip
2026-09-23 22:20:00,QLD1,2026-09-23 22:50:00,98.78547,6301.62,0,PUBLIC_P5MIN_202609232220_20260923221533.zip
2026-09-23 22:20:00,QLD1,2026-09-23 22:55:00,95.63834,6259.62,0,PUBLIC_P5MIN_202609232220_20260923221533.zip
2026-09-23 22:20:00,QLD1,2026-09-23 23:00:00,91.24639,6211.62,0,PUBLIC_P5MIN_202609232220_20260923221533.zip
2026-09-23 22:20:00,QLD1,2026-09-23 23:05:00,91.73508,6171.62,0,PUBLIC_P5MIN_202609232220_20260923221533.zip
2026-09-23 22:20:00,QLD1,2026-09-23 23:10:00,93.83824,6150.62,0,PUBLIC_P5MIN_202609232220_20260923221533.zip
2026-09-23 22:20:00,QLD1,2026-09-23 23:15:00,93.83824,6133.62,0,PUBLIC_P5MIN_202609232220_20260923221533.zip
2026-09-23 22:20:00,SA1,2026-09-23 22:20:00,111.59629,1408.64,0,PUBLIC_P5MIN_202609232220_20260923221533.zip
2026-09-23 22:20:00,SA1,2026-09-23 22:25:00,103.60582,1400.64,0,PUBLIC_P5MIN_202609232220_20260923221533.zip
2026-09-23 22:20:00,SA1,2026-09-23 22:30:00,101.02,1394.64,0,PUBLIC_P5MIN_202609232220_20260923221533.zip
2026-09-23 22:20:00,SA1,2026-09-23 22:35:00,109.41091,1387.64,0,PUBLIC_P5MIN_202609232220_20260923221533.zip
2026-09-23 22:20:00,SA1,2026-09-23 22:40:00,110.10618,1380.64,0,PUBLIC_P5MIN_202609232220_20260923221533.zip
2026-09-23 22:20:00,SA1,2026-09-23 22:45:00,112.12744,1372.64,0,PUBLIC_P5MIN_202609232220_20260923221533.zip
2026-09-23 22:20:00,SA1,2026-09-23 22:50:00,108.42906,1363.64,0,PUBLIC_P5MIN_202609232220_20260923221533.zip
2026-09-23 22:20:00,SA1,2026-09-23 22:55:00,104.3981,1353.64,0,PUBLIC_P5MIN_202609232220_20260923221533.zip
2026-09-23 22:20:00,SA1,2026-09-23 23:00:00,101.02,1345.64,0,PUBLIC_P5MIN_202609232220_20260923221533.zip
2026-09-23 22:20:00,SA1,2026-09-23 23:05:00,101.02,1338.64,0,PUBLIC_P5MIN_202609232220_20260923221533.zip
2026-09-23 22:20:00,SA1,2026-09-23 23:10:00,103.18622,1330.64,0,PUBLIC_P5MIN_202609232220_20260923221533.zip
2026-09-23 22:20:00,SA1,2026-09-23 23:15:00,102.78535,1322.64,0,PUBLIC_P5MIN_202609232220_20260923221533.zip
2026-09-23 22:20:00,TAS1,2026-09-23 22:20:00,111.81533,1123.87,0,PUBLIC_P5MIN_202609232220_20260923221533.zip
2026-09-23 22:20:00,TAS1,2026-09-23 22:25:00,105.68831,1115.87,0,PUBLIC_P5MIN_202609232220_20260923221533.zip
2026-09-23 22:20:00,TAS1,2026-09-23 22:30:00,101.85422,1108.87,0,PUBLIC_P5MIN_202609232220_20260923221533.zip
2026-09-23 22:20:00,TAS1,2026-09-23 22:35:00,109.1262,1102.87,0,PUBLIC_P5MIN_202609232220_20260923221533.zip
2026-09-23 22:20:00,TAS1,2026-09-23 22:40:00,109.81966,1096.87,0,PUBLIC_P5MIN_202609232220_20260923221533.zip
2026-09-23 22:20:00,TAS1,2026-09-23 22:45:00,111.06143,1090.87,0,PUBLIC_P5MIN_202609232220_20260923221533.zip
2026-09-23 22:20:00,TAS1,2026-09-23 22:50:00,107.81698,1084.87,0,PUBLIC_P5MIN_202609232220_20260923221533.zip
2026-09-23 22:20:00,TAS1,2026-09-23 22:55:00,103.89465,1078.87,0,PUBLIC_P5MIN_202609232220_20260923221533.zip
2026-09-23 22:20:00,TAS1,2026-09-23 23:00:00,99.7534,1072.87,0,PUBLIC_P5MIN_202609232220_20260923221533.zip
2026-09-23 22:20:00,TAS1,2026-09-23 23:05:00,100.61508,1067.87,0,PUBLIC_P5MIN_202609232220_20260923221533.zip
2026-09-23 22:20:00,TAS1,2026-09-23 23:10:00,103.57575,1063.87,0,PUBLIC_P5MIN_202609232220_20260923221533.zip
2026-09-23 22:20:00,TAS1,2026-09-23 23:15:00,103.57575,1058.87,0,PUBLIC_P5MIN_202609232220_20260923221533.zip
2026-09-23 22:20:00,VIC1,2026-09-23 22:20:00,118.5,5617.4,0,PUBLIC_P5MIN_202609232220_20260923221533.zip
2026-09-23 22:20:00,VIC1,2026-09-23 22:25:00,111.61272,5570.4,0,PUBLIC_P5MIN_202609232220_20260923221533.zip
2026-09-23 22:20:00,VIC1,2026-09-23 22:30:00,107.5637,5524.4,0,PUBLIC_P5MIN_202609232220_20260923221533.zip
2026-09-23 22:20:00,VIC1,2026-09-23 22:35:00,115.59489,5484.4,0,PUBLIC_P5MIN_202609232220_20260923221533.zip
2026-09-23 22:20:00,VIC1,2026-09-23 22:40:00,116.32945,5453.4,0,PUBLIC_P5MIN_202609232220_20260923221533.zip
2026-09-23 22:20:00,VIC1,2026-09-23 22:45:00,118.00483,5423.4,0,PUBLIC_P5MIN_202609232220_20260923221533.zip
2026-09-23 22:20:00,VIC1,2026-09-23 22:50:00,114.55754,5383.4,0,PUBLIC_P5MIN_202609232220_20260923221533.zip
2026-09-23 22:20:00,VIC1,2026-09-23 22:55:00,110.72884,5340.4,0,PUBLIC_P5MIN_202609232220_20260923221533.zip
2026-09-23 22:20:00,VIC1,2026-09-23 23:00:00,106.31517,5315.4,0,PUBLIC_P5MIN_202609232220_20260923221533.zip
2026-09-23 22:20:00,VIC1,2026-09-23 23:05:00,107.5637,5331.4,0,PUBLIC_P5MIN_202609232220_20260923221533.zip
2026-09-23 22:20:00,VIC1,2026-09-23 23:10:00,110.72884,5368.4,0,PUBLIC_P5MIN_202609232220_20260923221533.zip
2026-09-23 22:20:00,VIC1,2026-09-23 23:15:00,110.72884,5391.4,0,PUBLIC_P5MIN_202609232220_20260923221533.zip
2026-09-23 22:25:00,NSW1,2026-09-23 22:25:00,112.98,7947.21,0,PUBLIC_P5MIN_202609232225_20260923222033.zip
2026-09-23 22:25:00,NSW1,2026-09-23 22:30:00,112.98,7924.21,0,PUBLIC_P5MIN_202609232225_20260923222033.zip
2026-09-23 22:25:00,NSW1,2026-09-23 22:35:00,117.82358,7906.21,0,PUBLIC_P5MIN_202609232225_20260923222033.zip
2026-09-23 22:25:00,NSW1,2026-09-23 22:40:00,94.27828,7883.21,0,PUBLIC_P5MIN_202609232225_20260923222033.zip
2026-09-23 22:25:00,NSW1,2026-09-23 22:45:00,119.01,7854.21,0,PUBLIC_P5MIN_202609232225_20260923222033.zip
2026-09-23 22:25:00,NSW1,2026-09-23 22:50:00,112.02519,7829.21,0,PUBLIC_P5MIN_202609232225_20260923222033.zip
2026-09-23 22:25:00,NSW1,2026-09-23 22:55:00,107.61183,7788.21,0,PUBLIC_P5MIN_202609232225_20260923222033.zip
2026-09-23 22:25:00,NSW1,2026-09-23 23:00:00,100.25461,7759.21,0,PUBLIC_P5MIN_202609232225_20260923222033.zip
2026-09-23 22:25:00,NSW1,2026-09-23 23:05:00,113.37859,7740.21,0,PUBLIC_P5MIN_202609232225_20260923222033.zip
2026-09-23 22:25:00,NSW1,2026-09-23 23:10:00,114.05318,7723.21,0,PUBLIC_P5MIN_202609232225_20260923222033.zip
2026-09-23 22:25:00,NSW1,2026-09-23 23:15:00,114.49791,7687.21,0,PUBLIC_P5MIN_202609232225_20260923222033.zip
2026-09-23 22:25:00,NSW1,2026-09-23 23:20:00,114.49791,7658.21,0,PUBLIC_P5MIN_202609232225_20260923222033.zip
2026-09-23 22:25:00,QLD1,2026-09-23 22:25:00,89.58491,6456.6,0,PUBLIC_P5MIN_202609232225_20260923222033.zip
2026-09-23 22:25:00,QLD1,2026-09-23 22:30:00,89.58491,6398.6,0,PUBLIC_P5MIN_202609232225_20260923222033.zip
2026-09-23 22:25:00,QLD1,2026-09-23 22:35:00,92.90276,6350.6,0,PUBLIC_P5MIN_202609232225_20260923222033.zip
2026-09-23 22:25:00,QLD1,2026-09-23 22:40:00,76.72953,6308.6,0,PUBLIC_P5MIN_202609232225_20260923222033.zip
2026-09-23 22:25:00,QLD1,2026-09-23 22:45:00,93.24579,6272.6,0,PUBLIC_P5MIN_202609232225_20260923222033.zip
2026-09-23 22:25:00,QLD1,2026-09-23 22:50:00,87.84758,6236.6,0,PUBLIC_P5MIN_202609232225_20260923222033.zip
2026-09-23 22:25:00,QLD1,2026-09-23 22:55:00,85.39,6194.6,0,PUBLIC_P5MIN_202609232225_20260923222033.zip
2026-09-23 22:25:00,QLD1,2026-09-23 23:00:00,80.56621,6146.6,0,PUBLIC_P5MIN_202609232225_20260923222033.zip
2026-09-23 22:25:00,QLD1,2026-09-23 23:05:00,90.95312,6106.6,0,PUBLIC_P5MIN_202609232225_20260923222033.zip
2026-09-23 22:25:00,QLD1,2026-09-23 23:10:00,90.95312,6085.6,0,PUBLIC_P5MIN_202609232225_20260923222033.zip
2026-09-23 22:25:00,QLD1,2026-09-23 23:15:00,90.95312,6068.6,0,PUBLIC_P5MIN_202609232225_20260923222033.zip
2026-09-23 22:25:00,QLD1,2026-09-23 23:20:00,90.95312,6044.6,0,PUBLIC_P5MIN_202609232225_20260923222033.zip
2026-09-23 22:25:00,SA1,2026-09-23 22:25:00,104.49,1398.57,0,PUBLIC_P5MIN_202609232225_20260923222033.zip
2026-09-23 22:25:00,SA1,2026-09-23 22:30:00,100.44,1389.57,0,PUBLIC_P5MIN_202609232225_20260923222033.zip
2026-09-23 22:25:00,SA1,2026-09-23 22:35:00,103.77771,1382.57,0,PUBLIC_P5MIN_202609232225_20260923222033.zip
2026-09-23 22:25:00,SA1,2026-09-23 22:40:00,89.15923,1375.57,0,PUBLIC_P5MIN_202609232225_20260923222033.zip
2026-09-23 22:25:00,SA1,2026-09-23 22:45:00,105.23144,1367.57,0,PUBLIC_P5MIN_202609232225_20260923222033.zip
2026-09-23 22:25:00,SA1,2026-09-23 22:50:00,101.02,1358.57,0,PUBLIC_P5MIN_202609232225_20260923222033.zip
2026-09-23 22:25:00,SA1,2026-09-23 22:55:00,98.17972,1348.57,0,PUBLIC_P5MIN_202609232225_20260923222033.zip
2026-09-23 22:25:00,SA1,2026-09-23 23:00:00,90.38926,1340.57,0,PUBLIC_P5MIN_202609232225_20260923222033.zip
2026-09-23 22:25:00,SA1,2026-09-23 23:05:00,100.44,1333.57,0,PUBLIC_P5MIN_202609232225_20260923222033.zip
2026-09-23 22:25:00,SA1,2026-09-23 23:10:00,100.44,1325.57,0,PUBLIC_P5MIN_202609232225_20260923222033.zip
2026-09-23 22:25:00,SA1,2026-09-23 23:15:00,100.44,1317.57,0,PUBLIC_P5MIN_202609232225_20260923222033.zip
2026-09-23 22:25:00,SA1,2026-09-23 23:20:00,100.44,1310.57,0,PUBLIC_P5MIN_202609232225_20260923222033.zip
2026-09-23 22:25:00,TAS1,2026-09-23 22:25:00,105.04379,1116.67,0,PUBLIC_P5MIN_202609232225_20260923222033.zip
2026-09-23 22:25:00,TAS1,2026-09-23 22:30:00,101.13567,1108.67,0,PUBLIC_P5MIN_202609232225_20260923222033.zip
2026-09-23 22:25:00,TAS1,2026-09-23 22:35:00,104.31646,1102.67,0,PUBLIC_P5MIN_202609232225_20260923222033.zip
2026-09-23 22:25:00,TAS1,2026-09-23 22:40:00,88.22,1096.67,0,PUBLIC_P5MIN_202609232225_20260923222033.zip
2026-09-23 22:25:00,TAS1,2026-09-23 22:45:00,105.04542,1090.67,0,PUBLIC_P5MIN_202609232225_20260923222033.zip
2026-09-23 22:25:00,TAS1,2026-09-23 22:50:00,99.67096,1084.67,0,PUBLIC_P5MIN_202609232225_20260923222033.zip
2026-09-23 22:25:00,TAS1,2026-09-23 22:55:00,95.45132,1078.67,0,PUBLIC_P5MIN_202609232225_20260923222033.zip
2026-09-23 22:25:00,TAS1,2026-09-23 23:00:00,88.22,1072.67,0,PUBLIC_P5MIN_202609232225_20260923222033.zip
2026-09-23 22:25:00,TAS1,2026-09-23 23:05:00,98.67468,1067.67,0,PUBLIC_P5MIN_202609232225_20260923222033.zip
2026-09-23 22:25:00,TAS1,2026-09-23 23:10:00,99.26178,1063.67,0,PUBLIC_P5MIN_202609232225_20260923222033.zip
2026-09-23 22:25:00,TAS1,2026-09-23 23:15:00,99.64883,1058.67,0,PUBLIC_P5MIN_202609232225_20260923222033.zip
2026-09-23 22:25:00,TAS1,2026-09-23 23:20:00,99.34202,1053.67,0,PUBLIC_P5MIN_202609232225_20260923222033.zip
2026-09-23 22:25:00,VIC1,2026-09-23 22:25:00,111.66787,5616.56,0,PUBLIC_P5MIN_202609232225_20260923222033.zip
2026-09-23 22:25:00,VIC1,2026-09-23 22:30:00,106.80487,5545.56,0,PUBLIC_P5MIN_202609232225_20260923222033.zip
2026-09-23 22:25:00,VIC1,2026-09-23 22:35:00,110.50004,5510.56,0,PUBLIC_P5MIN_202609232225_20260923222033.zip
2026-09-23 22:25:00,VIC1,2026-09-23 22:40:00,92.0246,5479.56,0,PUBLIC_P5MIN_202609232225_20260923222033.zip
2026-09-23 22:25:00,VIC1,2026-09-23 22:45:00,111.61272,5449.56,0,PUBLIC_P5MIN_202609232225_20260923222033.zip
2026-09-23 22:25:00,VIC1,2026-09-23 22:50:00,105.90225,5409.56,0,PUBLIC_P5MIN_202609232225_20260923222033.zip
2026-09-23 22:25:00,VIC1,2026-09-23 22:55:00,101.7301,5366.56,0,PUBLIC_P5MIN_202609232225_20260923222033.zip
2026-09-23 22:25:00,VIC1,2026-09-23 23:00:00,94.02311,5341.56,0,PUBLIC_P5MIN_202609232225_20260923222033.zip
2026-09-23 22:25:00,VIC1,2026-09-23 23:05:00,105.48929,5357.56,0,PUBLIC_P5MIN_202609232225_20260923222033.zip
2026-09-23 22:25:00,VIC1,2026-09-23 23:10:00,106.11694,5394.56,0,PUBLIC_P5MIN_202609232225_20260923222033.zip
2026-09-23 22:25:00,VIC1,2026-09-23 23:15:00,106.53072,5417.56,0,PUBLIC_P5MIN_202609232225_20260923222033.zip
2026-09-23 22:25:00,VIC1,2026-09-23 23:20:00,106.53072,5417.56,0,PUBLIC_P5MIN_202609232225_20260923222033.zip
2026-09-23 22:30:00,NSW1,2026-09-23 22:30:00,108.41296,7882.92,0,PUBLIC_P5MIN_202609232230_20260923222533.zip
2026-09-23 22:30:00,NSW1,2026-09-23 22:35:00,119.01,7870.92,0,PUBLIC_P5MIN_202609232230_20260923222533.zip
2026-09-23 22:30:00,NSW1,2026-09-23 22:40:00,95.738,7846.92,0,PUBLIC_P5MIN_202609232230_20260923222533.zip
2026-09-23 22:30:00,NSW1,2026-09-23 22:45:00,118.45434,7817.92,0,PUBLIC_P5MIN_202609232230_20260923222533.zip
2026-09-23 22:30:00,NSW1,2026-09-23 22:50:00,110.70314,7792.92,0,PUBLIC_P5MIN_202609232230_20260923222533.zip
2026-09-23 22:30:00,NSW1,2026-09-23 22:55:00,107.61183,7751.92,0,PUBLIC_P5MIN_202609232230_20260923222533.zip
2026-09-23 22:30:00,NSW1,2026-09-23 23:00:00,105.58626,7722.92,0,PUBLIC_P5MIN_202609232230_20260923222533.zip
2026-09-23 22:30:00,NSW1,2026-09-23 23:05:00,113.17983,7703.92,0,PUBLIC_P5MIN_202609232230_20260923222533.zip
2026-09-23 22:30:00,NSW1,2026-09-23 23:10:00,113.899,7686.92,0,PUBLIC_P5MIN_202609232230_20260923222533.zip
2026-09-23 22:30:00,NSW1,2026-09-23 23:15:00,113.899,7650.92,0,PUBLIC_P5MIN_202609232230_20260923222533.zip
2026-09-23 22:30:00,NSW1,2026-09-23 23:20:00,113.899,7621.92,0,PUBLIC_P5MIN_202609232230_20260923222533.zip
2026-09-23 22:30:00,NSW1,2026-09-23 23:25:00,113.59118,7591.92,0,PUBLIC_P5MIN_202609232230_20260923222533.zip
2026-09-23 22:30:00,QLD1,2026-09-23 22:30:00,85.01496,6416.89,0,PUBLIC_P5MIN_202609232230_20260923222533.zip
2026-09-23 22:30:00,QLD1,2026-09-23 22:35:00,93.83824,6373.89,0,PUBLIC_P5MIN_202609232230_20260923222533.zip
2026-09-23 22:30:00,QLD1,2026-09-23 22:40:00,77.91754,6329.89,0,PUBLIC_P5MIN_202609232230_20260923222533.zip
2026-09-23 22:30:00,QLD1,2026-09-23 22:45:00,92.88917,6293.89,0,PUBLIC_P5MIN_202609232230_20260923222533.zip
2026-09-23 22:30:00,QLD1,2026-09-23 22:50:00,86.81086,6257.89,0,PUBLIC_P5MIN_202609232230_20260923222533.zip
2026-09-23 22:30:00,QLD1,2026-09-23 22:55:00,85.39,6215.89,0,PUBLIC_P5MIN_202609232230_20260923222533.zip
2026-09-23 22:30:00,QLD1,2026-09-23 23:00:00,85.39,6167.89,0,PUBLIC_P5MIN_202609232230_20260923222533.zip
2026-09-23 22:30:00,QLD1,2026-09-23 23:05:00,90.95312,6127.89,0,PUBLIC_P5MIN_202609232230_20260923222533.zip
2026-09-23 22:30:00,QLD1,2026-09-23 23:10:00,90.95312,6106.89,0,PUBLIC_P5MIN_202609232230_20260923222533.zip
2026-09-23 22:30:00,QLD1,2026-09-23 23:15:00,90.95312,6089.89,0,PUBLIC_P5MIN_202609232230_20260923222533.zip
2026-09-23 22:30:00,QLD1,2026-09-23 23:20:00,90.95312,6065.89,0,PUBLIC_P5MIN_202609232230_20260923222533.zip
2026-09-23 22:30:00,QLD1,2026-09-23 23:25:00,90.70732,6036.89,0,PUBLIC_P5MIN_202609232230_20260923222533.zip
2026-09-23 22:30:00,SA1,2026-09-23 22:30:00,101.02,1396.08,0,PUBLIC_P5MIN_202609232230_20260923222533.zip
2026-09-23 22:30:00,SA1,2026-09-23 22:35:00,105.57773,1387.08,0,PUBLIC_P5MIN_202609232230_20260923222533.zip
2026-09-23 22:30:00,SA1,2026-09-23 22:40:00,90.53969,1380.08,0,PUBLIC_P5MIN_202609232230_20260923222533.zip
2026-09-23 22:30:00,SA1,2026-09-23 22:45:00,105.57773,1372.08,0,PUBLIC_P5MIN_202609232230_20260923222533.zip
2026-09-23 22:30:00,SA1,2026-09-23 22:50:00,101.02,1363.08,0,PUBLIC_P5MIN_202609232230_20260923222533.zip
2026-09-23 22:30:00,SA1,2026-09-23 22:55:00,98.96633,1353.08,0,PUBLIC_P5MIN_202609232230_20260923222533.zip
2026-09-23 22:30:00,SA1,2026-09-23 23:00:00,96.33169,1345.08,0,PUBLIC_P5MIN_202609232230_20260923222533.zip
2026-09-23 22:30:00,SA1,2026-09-23 23:05:00,100.85824,1338.08,0,PUBLIC_P5MIN_202609232230_20260923222533.zip
2026-09-23 22:30:00,SA1,2026-09-23 23:10:00,101.02,1330.08,0,PUBLIC_P5MIN_202609232230_20260923222533.zip
2026-09-23 22:30:00,SA1,2026-09-23 23:15:00,100.71217,1322.08,0,PUBLIC_P5MIN_202609232230_20260923222533.zip
2026-09-23 22:30:00,SA1,2026-09-23 23:20:00,100.44,1315.08,0,PUBLIC_P5MIN_202609232230_20260923222533.zip
2026-09-23 22:30:00,SA1,2026-09-23 23:25:00,100.44,1307.08,0,PUBLIC_P5MIN_202609232230_20260923222533.zip
2026-09-23 22:30:00,TAS1,2026-09-23 22:30:00,101.62458,1111.3,0,PUBLIC_P5MIN_202609232230_20260923222533.zip
2026-09-23 22:30:00,TAS1,2026-09-23 22:35:00,105.7136,1103.3,0,PUBLIC_P5MIN_202609232230_20260923222533.zip
2026-09-23 22:30:00,TAS1,2026-09-23 22:40:00,88.22,1097.3,0,PUBLIC_P5MIN_202609232230_20260923222533.zip
2026-09-23 22:30:00,TAS1,2026-09-23 22:45:00,105.3911,1091.3,0,PUBLIC_P5MIN_202609232230_20260923222533.zip
2026-09-23 22:30:00,TAS1,2026-09-23 22:50:00,99.28385,1085.3,0,PUBLIC_P5MIN_202609232230_20260923222533.zip
2026-09-23 22:30:00,TAS1,2026-09-23 22:55:00,96.21608,1079.3,0,PUBLIC_P5MIN_202609232230_20260923222533.zip
2026-09-23 22:30:00,TAS1,2026-09-23 23:00:00,93.65465,1073.3,0,PUBLIC_P5MIN_202609232230_20260923222533.zip
2026-09-23 22:30:00,TAS1,2026-09-23 23:05:00,99.59367,1068.3,0,PUBLIC_P5MIN_202609232230_20260923222533.zip
2026-09-23 22:30:00,TAS1,2026-09-23 23:10:00,99.91886,1064.3,0,PUBLIC_P5MIN_202609232230_20260923222533.zip
2026-09-23 22:30:00,TAS1,2026-09-23 23:15:00,99.91886,1059.3,0,PUBLIC_P5MIN_202609232230_20260923222533.zip
2026-09-23 22:30:00,TAS1,2026-09-23 23:20:00,99.91886,1054.3,0,PUBLIC_P5MIN_202609232230_20260923222533.zip
2026-09-23 22:30:00,TAS1,2026-09-23 23:25:00,99.34202,1050.3,0,PUBLIC_P5MIN_202609232230_20260923222533.zip
2026-09-23 22:30:00,VIC1,2026-09-23 22:30:00,108.02859,5583.32,0,PUBLIC_P5MIN_202609232230_20260923222533.zip
2026-09-23 22:30:00,VIC1,2026-09-23 22:35:00,111.98,5552.32,0,PUBLIC_P5MIN_202609232230_20260923222533.zip
2026-09-23 22:30:00,VIC1,2026-09-23 22:40:00,93.44943,5519.32,0,PUBLIC_P5MIN_202609232230_20260923222533.zip
2026-09-23 22:30:00,VIC1,2026-09-23 22:45:00,111.98,5489.32,0,PUBLIC_P5MIN_202609232230_20260923222533.zip
2026-09-23 22:30:00,VIC1,2026-09-23 22:50:00,105.49094,5449.32,0,PUBLIC_P5MIN_202609232230_20260923222533.zip
2026-09-23 22:30:00,VIC1,2026-09-23 22:55:00,102.54517,5406.32,0,PUBLIC_P5MIN_202609232230_20260923222533.zip
2026-09-23 22:30:00,VIC1,2026-09-23 23:00:00,99.81525,5381.32,0,PUBLIC_P5MIN_202609232230_20260923222533.zip
2026-09-23 22:30:00,VIC1,2026-09-23 23:05:00,106.14493,5397.32,0,PUBLIC_P5MIN_202609232230_20260923222533.zip
2026-09-23 22:30:00,VIC1,2026-09-23 23:10:00,106.8194,5434.32,0,PUBLIC_P5MIN_202609232230_20260923222533.zip
2026-09-23 22:30:00,VIC1,2026-09-23 23:15:00,106.8194,5457.32,0,PUBLIC_P5MIN_202609232230_20260923222533.zip
2026-09-23 22:30:00,VIC1,2026-09-23 23:20:00,106.8194,5457.32,0,PUBLIC_P5MIN_202609232230_20260923222533.zip
2026-09-23 22:30:00,VIC1,2026-09-23 23:25:00,106.53072,5453.32,0,PUBLIC_P5MIN_202609232230_20260923222533.zip
2026-09-23 22:35:00,NSW1,2026-09-23 22:35:00,119.01,7875.12,0,PUBLIC_P5MIN_202609232235_20260923223033.zip
2026-09-23 22:35:00,NSW1,2026-09-23 22:40:00,119.01,7857.12,0,PUBLIC_P5MIN_202609232235_20260923223033.zip
2026-09-23 22:35:00,NSW1,2026-09-23 22:45:00,117.51283,7827.12,0,PUBLIC_P5MIN_202609232235_20260923223033.zip
2026-09-23 22:35:00,NSW1,2026-09-23 22:50:00,110.27318,7802.12,0,PUBLIC_P5MIN_202609232235_20260923223033.zip
2026-09-23 22:35:00,NSW1,2026-09-23 22:55:00,107.61183,7761.12,0,PUBLIC_P5MIN_202609232235_20260923223033.zip
2026-09-23 22:35:00,NSW1,2026-09-23 23:00:00,96.99,7732.12,0,PUBLIC_P5MIN_202609232235_20260923223033.zip
2026-09-23 22:35:00,NSW1,2026-09-23 23:05:00,96.99,7713.12,0,PUBLIC_P5MIN_202609232235_20260923223033.zip
2026-09-23 22:35:00,NSW1,2026-09-23 23:10:00,90.21,7696.12,0,PUBLIC_P5MIN_202609232235_20260923223033.zip
2026-09-23 22:35:00,NSW1,2026-09-23 23:15:00,111.34067,7660.12,0,PUBLIC_P5MIN_202609232235_20260923223033.zip
2026-09-23 22:35:00,NSW1,2026-09-23 23:20:00,109.98217,7631.12,0,PUBLIC_P5MIN_202609232235_20260923223033.zip
2026-09-23 22:35:00,NSW1,2026-09-23 23:25:00,98.6687,7601.12,0,PUBLIC_P5MIN_202609232235_20260923223033.zip
2026-09-23 22:35:00,NSW1,2026-09-23 23:30:00,98.97249,7585.12,0,PUBLIC_P5MIN_202609232235_20260923223033.zip
2026-09-23 22:35:00,QLD1,2026-09-23 22:35:00,89.58491,6350.13,0,PUBLIC_P5MIN_202609232235_20260923223033.zip
2026-09-23 22:35:00,QLD1,2026-09-23 22:40:00,89.58491,6298.13,0,PUBLIC_P5MIN_202609232235_20260923223033.zip
2026-09-23 22:35:00,QLD1,2026-09-23 22:45:00,85.39,6264.13,0,PUBLIC_P5MIN_202609232235_20260923223033.zip
2026-09-23 22:35:00,QLD1,2026-09-23 22:50:00,85.39,6228.13,0,PUBLIC_P5MIN_202609232235_20260923223033.zip
2026-09-23 22:35:00,QLD1,2026-09-23 22:55:00,85.39,6186.13,0,PUBLIC_P5MIN_202609232235_20260923223033.zip
2026-09-23 22:35:00,QLD1,2026-09-23 23:00:00,76.96158,6138.13,0,PUBLIC_P5MIN_202609232235_20260923223033.zip
2026-09-23 22:35:00,QLD1,2026-09-23 23:05:00,76.96158,6098.13,0,PUBLIC_P5MIN_202609232235_20260923223033.zip
2026-09-23 22:35:00,QLD1,2026-09-23 23:10:00,71.58165,6077.13,0,PUBLIC_P5MIN_202609232235_20260923223033.zip
2026-09-23 22:35:00,QLD1,2026-09-23 23:15:00,87.79104,6060.13,0,PUBLIC_P5MIN_202609232235_20260923223033.zip
2026-09-23 22:35:00,QLD1,2026-09-23 23:20:00,86.71988,6036.13,0,PUBLIC_P5MIN_202609232235_20260923223033.zip
2026-09-23 22:35:00,QLD1,2026-09-23 23:25:00,77.37373,6007.13,0,PUBLIC_P5MIN_202609232235_20260923223033.zip
2026-09-23 22:35:00,QLD1,2026-09-23 23:30:00,77.61195,5987.13,0,PUBLIC_P5MIN_202609232235_20260923223033.zip
2026-09-23 22:35:00,SA1,2026-09-23 22:35:00,115.86407,1405.27,0,PUBLIC_P5MIN_202609232235_20260923223033.zip
2026-09-23 22:35:00,SA1,2026-09-23 22:40:00,107.75831,1396.27,0,PUBLIC_P5MIN_202609232235_20260923223033.zip
2026-09-23 22:35:00,SA1,2026-09-23 22:45:00,106.40268,1388.27,0,PUBLIC_P5MIN_202609232235_20260923223033.zip
2026-09-23 22:35:00,SA1,2026-09-23 22:50:00,101.02,1379.27,0,PUBLIC_P5MIN_202609232235_20260923223033.zip
2026-09-23 22:35:00,SA1,2026-09-23 22:55:00,100.44,1369.27,0,PUBLIC_P5MIN_202609232235_20260923223033.zip
2026-09-23 22:35:00,SA1,2026-09-23 23:00:00,90.61641,1361.27,0,PUBLIC_P5MIN_202609232235_20260923223033.zip
2026-09-23 22:35:00,SA1,2026-09-23 23:05:00,90.26446,1354.27,0,PUBLIC_P5MIN_202609232235_20260923223033.zip
2026-09-23 22:35:00,SA1,2026-09-23 23:10:00,86.44,1346.27,0,PUBLIC_P5MIN_202609232235_20260923223033.zip
2026-09-23 22:35:00,SA1,2026-09-23 23:15:00,101.02,1338.27,0,PUBLIC_P5MIN_202609232235_20260923223033.zip
2026-09-23 22:35:00,SA1,2026-09-23 23:20:00,100.44,1331.27,0,PUBLIC_P5MIN_202609232235_20260923223033.zip
2026-09-23 22:35:00,SA1,2026-09-23 23:25:00,90.0382,1323.27,0,PUBLIC_P5MIN_202609232235_20260923223033.zip
2026-09-23 22:35:00,SA1,2026-09-23 23:30:00,90.31542,1334.27,0,PUBLIC_P5MIN_202609232235_20260923223033.zip
2026-09-23 22:35:00,TAS1,2026-09-23 22:35:00,113.04714,1106.57,0,PUBLIC_P5MIN_202609232235_20260923223033.zip
2026-09-23 22:35:00,TAS1,2026-09-23 22:40:00,107.06045,1099.57,0,PUBLIC_P5MIN_202609232235_20260923223033.zip
2026-09-23 22:35:00,TAS1,2026-09-23 22:45:00,105.3911,1094.57,0,PUBLIC_P5MIN_202609232235_20260923223033.zip
2026-09-23 22:35:00,TAS1,2026-09-23 22:50:00,98.89824,1088.57,0,PUBLIC_P5MIN_202609232235_20260923223033.zip
2026-09-23 22:35:00,TAS1,2026-09-23 22:55:00,97.28613,1082.57,0,PUBLIC_P5MIN_202609232235_20260923223033.zip
2026-09-23 22:35:00,TAS1,2026-09-23 23:00:00,88.22,1076.57,0,PUBLIC_P5MIN_202609232235_20260923223033.zip
2026-09-23 22:35:00,TAS1,2026-09-23 23:05:00,88.22,1071.57,0,PUBLIC_P5MIN_202609232235_20260923223033.zip
2026-09-23 22:35:00,TAS1,2026-09-23 23:10:00,88.2,1067.57,0,PUBLIC_P5MIN_202609232235_20260923223033.zip
2026-09-23 22:35:00,TAS1,2026-09-23 23:15:00,99.24448,1062.57,0,PUBLIC_P5MIN_202609232235_20260923223033.zip
2026-09-23 22:35:00,TAS1,2026-09-23 23:20:00,98.03357,1057.57,0,PUBLIC_P5MIN_202609232235_20260923223033.zip
2026-09-23 22:35:00,TAS1,2026-09-23 23:25:00,88.22,1053.57,0,PUBLIC_P5MIN_202609232235_20260923223033.zip
2026-09-23 22:35:00,TAS1,2026-09-23 23:30:00,88.22,1049.57,0,PUBLIC_P5MIN_202609232235_20260923223033.zip
2026-09-23 22:35:00,VIC1,2026-09-23 22:35:00,120.54064,5580.01,0,PUBLIC_P5MIN_202609232235_20260923223033.zip
2026-09-23 22:35:00,VIC1,2026-09-23 22:40:00,113.40668,5528.01,0,PUBLIC_P5MIN_202609232235_20260923223033.zip
2026-09-23 22:35:00,VIC1,2026-09-23 22:45:00,111.98,5502.01,0,PUBLIC_P5MIN_202609232235_20260923223033.zip
2026-09-23 22:35:00,VIC1,2026-09-23 22:50:00,105.08122,5462.01,0,PUBLIC_P5MIN_202609232235_20260923223033.zip
2026-09-23 22:35:00,VIC1,2026-09-23 22:55:00,103.36833,5419.01,0,PUBLIC_P5MIN_202609232235_20260923223033.zip
2026-09-23 22:35:00,VIC1,2026-09-23 23:00:00,93.16535,5394.01,0,PUBLIC_P5MIN_202609232235_20260923223033.zip
2026-09-23 22:35:00,VIC1,2026-09-23 23:05:00,93.16535,5410.01,0,PUBLIC_P5MIN_202609232235_20260923223033.zip
2026-09-23 22:35:00,VIC1,2026-09-23 23:10:00,89.24079,5447.01,0,PUBLIC_P5MIN_202609232235_20260923223033.zip
2026-09-23 22:35:00,VIC1,2026-09-23 23:15:00,106.09844,5470.01,0,PUBLIC_P5MIN_202609232235_20260923223033.zip
2026-09-23 22:35:00,VIC1,2026-09-23 23:20:00,104.80391,5470.01,0,PUBLIC_P5MIN_202609232235_20260923223033.zip
2026-09-23 22:35:00,VIC1,2026-09-23 23:25:00,94.02311,5466.01,0,PUBLIC_P5MIN_202609232235_20260923223033.zip
2026-09-23 22:35:00,VIC1,2026-09-23 23:30:00,94.31259,5462.01,0,PUBLIC_P5MIN_202609232235_20260923223033.zip
2026-09-23 22:40:00,NSW1,2026-09-23 22:40:00,115.14722,7858.47,0,PUBLIC_P5MIN_202609232240_20260923223534.zip
2026-09-23 22:40:00,NSW1,2026-09-23 22:45:00,119.01,7834.47,0,PUBLIC_P5MIN_202609232240_20260923223534.zip
2026-09-23 22:40:00,NSW1,2026-09-23 22:50:00,118.1446,7808.47,0,PUBLIC_P5MIN_202609232240_20260923223534.zip
2026-09-23 22:40:00,NSW1,2026-09-23 22:55:00,108.89123,7767.47,0,PUBLIC_P5MIN_202609232240_20260923223534.zip
2026-09-23 22:40:00,NSW1,2026-09-23 23:00:00,107.68087,7738.47,0,PUBLIC_P5MIN_202609232240_20260923223534.zip
2026-09-23 22:40:00,NSW1,2026-09-23 23:05:00,90.21,7719.47,0,PUBLIC_P5MIN_202609232240_20260923223534.zip
2026-09-23 22:40:00,NSW1,2026-09-23 23:10:00,109.98217,7702.47,0,PUBLIC_P5MIN_202609232240_20260923223534.zip
2026-09-23 22:40:00,NSW1,2026-09-23 23:15:00,115.35096,7666.47,0,PUBLIC_P5MIN_202609232240_20260923223534.zip
2026-09-23 22:40:00,NSW1,2026-09-23 23:20:00,111.54447,7637.47,0,PUBLIC_P5MIN_202609232240_20260923223534.zip
2026-09-23 22:40:00,NSW1,2026-09-23 23:25:00,111.11121,7607.47,0,PUBLIC_P5MIN_202609232240_20260923223534.zip
2026-09-23 22:40:00,NSW1,2026-09-23 23:30:00,112.00313,7591.47,0,PUBLIC_P5MIN_202609232240_20260923223534.zip
2026-09-23 22:40:00,NSW1,2026-09-23 23:35:00,119.01,7577.47,0,PUBLIC_P5MIN_202609232240_20260923223534.zip
2026-09-23 22:40:00,QLD1,2026-09-23 22:40:00,85.39,6308.33,0,PUBLIC_P5MIN_202609232240_20260923223534.zip
2026-09-23 22:40:00,QLD1,2026-09-23 22:45:00,89.58491,6265.33,0,PUBLIC_P5MIN_202609232240_20260923223534.zip
2026-09-23 22:40:00,QLD1,2026-09-23 22:50:00,89.58491,6231.33,0,PUBLIC_P5MIN_202609232240_20260923223534.zip
2026-09-23 22:40:00,QLD1,2026-09-23 22:55:00,85.39,6189.33,0,PUBLIC_P5MIN_202609232240_20260923223534.zip
2026-09-23 22:40:00,QLD1,2026-09-23 23:00:00,85.39,6141.33,0,PUBLIC_P5MIN_202609232240_20260923223534.zip
2026-09-23 22:40:00,QLD1,2026-09-23 23:05:00,71.12972,6101.33,0,PUBLIC_P5MIN_202609232240_20260923223534.zip
2026-09-23 22:40:00,QLD1,2026-09-23 23:10:00,86.71988,6080.33,0,PUBLIC_P5MIN_202609232240_20260923223534.zip
2026-09-23 22:40:00,QLD1,2026-09-23 23:15:00,90.95312,6063.33,0,PUBLIC_P5MIN_202609232240_20260923223534.zip
2026-09-23 22:40:00,QLD1,2026-09-23 23:20:00,87.95174,6039.33,0,PUBLIC_P5MIN_202609232240_20260923223534.zip
2026-09-23 22:40:00,QLD1,2026-09-23 23:25:00,87.13086,6010.33,0,PUBLIC_P5MIN_202609232240_20260923223534.zip
2026-09-23 22:40:00,QLD1,2026-09-23 23:30:00,84.92805,5990.33,0,PUBLIC_P5MIN_202609232240_20260923223534.zip
2026-09-23 22:40:00,QLD1,2026-09-23 23:35:00,90.24111,5982.33,0,PUBLIC_P5MIN_202609232240_20260923223534.zip
2026-09-23 22:40:00,SA1,2026-09-23 22:40:00,114.31735,1406.37,0,PUBLIC_P5MIN_202609232240_20260923223534.zip
2026-09-23 22:40:00,SA1,2026-09-23 22:45:00,109.72063,1400.37,0,PUBLIC_P5MIN_202609232240_20260923223534.zip
2026-09-23 22:40:00,SA1,2026-09-23 22:50:00,108.2539,1390.37,0,PUBLIC_P5MIN_202609232240_20260923223534.zip
2026-09-23 22:40:00,SA1,2026-09-23 22:55:00,101.02,1380.37,0,PUBLIC_P5MIN_202609232240_20260923223534.zip
2026-09-23 22:40:00,SA1,2026-09-23 23:00:00,101.02,1372.37,0,PUBLIC_P5MIN_202609232240_20260923223534.zip
2026-09-23 22:40:00,SA1,2026-09-23 23:05:00,88.08245,1365.37,0,PUBLIC_P5MIN_202609232240_20260923223534.zip
2026-09-23 22:40:00,SA1,2026-09-23 23:10:00,101.02,1357.37,0,PUBLIC_P5MIN_202609232240_20260923223534.zip
2026-09-23 22:40:00,SA1,2026-09-23 23:15:00,104.46734,1349.37,0,PUBLIC_P5MIN_202609232240_20260923223534.zip
2026-09-23 22:40:00,SA1,2026-09-23 23:20:00,101.02,1342.37,0,PUBLIC_P5MIN_202609232240_20260923223534.zip
2026-09-23 22:40:00,SA1,2026-09-23 23:25:00,101.02,1334.37,0,PUBLIC_P5MIN_202609232240_20260923223534.zip
2026-09-23 22:40:00,SA1,2026-09-23 23:30:00,101.02,1345.37,0,PUBLIC_P5MIN_202609232240_20260923223534.zip
2026-09-23 22:40:00,SA1,2026-09-23 23:35:00,105.66097,1367.37,0,PUBLIC_P5MIN_202609232240_20260923223534.zip
2026-09-23 22:40:00,TAS1,2026-09-23 22:40:00,111.13563,1105.49,0,PUBLIC_P5MIN_202609232240_20260923223534.zip
2026-09-23 22:40:00,TAS1,2026-09-23 22:45:00,108.78783,1099.49,0,PUBLIC_P5MIN_202609232240_20260923223534.zip
2026-09-23 22:40:00,TAS1,2026-09-23 22:50:00,106.80826,1093.49,0,PUBLIC_P5MIN_202609232240_20260923223534.zip
2026-09-23 22:40:00,TAS1,2026-09-23 22:55:00,98.51413,1087.49,0,PUBLIC_P5MIN_202609232240_20260923223534.zip
2026-09-23 22:40:00,TAS1,2026-09-23 23:00:00,98.13151,1081.49,0,PUBLIC_P5MIN_202609232240_20260923223534.zip
2026-09-23 22:40:00,TAS1,2026-09-23 23:05:00,88.2,1076.49,0,PUBLIC_P5MIN_202609232240_20260923223534.zip
2026-09-23 22:40:00,TAS1,2026-09-23 23:10:00,99.55005,1072.49,0,PUBLIC_P5MIN_202609232240_20260923223534.zip
2026-09-23 22:40:00,TAS1,2026-09-23 23:15:00,103.96357,1067.49,0,PUBLIC_P5MIN_202609232240_20260923223534.zip
2026-09-23 22:40:00,TAS1,2026-09-23 23:20:00,100.22426,1062.49,0,PUBLIC_P5MIN_202609232240_20260923223534.zip
2026-09-23 22:40:00,TAS1,2026-09-23 23:25:00,99.83498,1058.49,0,PUBLIC_P5MIN_202609232240_20260923223534.zip
2026-09-23 22:40:00,TAS1,2026-09-23 23:30:00,99.83498,1054.49,0,PUBLIC_P5MIN_202609232240_20260923223534.zip
2026-09-23 22:40:00,TAS1,2026-09-23 23:35:00,104.91343,1051.49,0,PUBLIC_P5MIN_202609232240_20260923223534.zip
2026-09-23 22:40:00,VIC1,2026-09-23 22:40:00,118.5,5568.76,0,PUBLIC_P5MIN_202609232240_20260923223534.zip
2026-09-23 22:40:00,VIC1,2026-09-23 22:45:00,115.23647,5529.76,0,PUBLIC_P5MIN_202609232240_20260923223534.zip
2026-09-23 22:40:00,VIC1,2026-09-23 22:50:00,113.48576,5491.76,0,PUBLIC_P5MIN_202609232240_20260923223534.zip
2026-09-23 22:40:00,VIC1,2026-09-23 22:55:00,104.6731,5448.76,0,PUBLIC_P5MIN_202609232240_20260923223534.zip
2026-09-23 22:40:00,VIC1,2026-09-23 23:00:00,104.26655,5423.76,0,PUBLIC_P5MIN_202609232240_20260923223534.zip
2026-09-23 22:40:00,VIC1,2026-09-23 23:05:00,90.20838,5439.76,0,PUBLIC_P5MIN_202609232240_20260923223534.zip
2026-09-23 22:40:00,VIC1,2026-09-23 23:10:00,106.09844,5476.76,0,PUBLIC_P5MIN_202609232240_20260923223534.zip
2026-09-23 22:40:00,VIC1,2026-09-23 23:15:00,110.80228,5499.76,0,PUBLIC_P5MIN_202609232240_20260923223534.zip
2026-09-23 22:40:00,VIC1,2026-09-23 23:20:00,107.14589,5499.76,0,PUBLIC_P5MIN_202609232240_20260923223534.zip
2026-09-23 22:40:00,VIC1,2026-09-23 23:25:00,106.72972,5495.76,0,PUBLIC_P5MIN_202609232240_20260923223534.zip
2026-09-23 22:40:00,VIC1,2026-09-23 23:30:00,106.72972,5491.76,0,PUBLIC_P5MIN_202609232240_20260923223534.zip
2026-09-23 22:40:00,VIC1,2026-09-23 23:35:00,112.50529,5471.76,0,PUBLIC_P5MIN_202609232240_20260923223534.zip
2026-09-23 22:45:00,NSW1,2026-09-23 22:45:00,119.01,7870.43,0,PUBLIC_P5MIN_202609232245_20260923224033.zip
2026-09-23 22:45:00,NSW1,2026-09-23 22:50:00,115.06406,7822.43,0,PUBLIC_P5MIN_202609232245_20260923224033.zip
2026-09-23 22:45:00,NSW1,2026-09-23 22:55:00,108.98362,7786.43,0,PUBLIC_P5MIN_202609232245_20260923224033.zip
2026-09-23 22:45:00,NSW1,2026-09-23 23:00:00,107.92371,7757.43,0,PUBLIC_P5MIN_202609232245_20260923224033.zip
2026-09-23 22:45:00,NSW1,2026-09-23 23:05:00,112.89842,7738.43,0,PUBLIC_P5MIN_202609232245_20260923224033.zip
2026-09-23 22:45:00,NSW1,2026-09-23 23:10:00,115.35096,7721.43,0,PUBLIC_P5MIN_202609232245_20260923224033.zip
2026-09-23 22:45:00,NSW1,2026-09-23 23:15:00,115.35096,7685.43,0,PUBLIC_P5MIN_202609232245_20260923224033.zip
2026-09-23 22:45:00,NSW1,2026-09-23 23:20:00,114.62269,7656.43,0,PUBLIC_P5MIN_202609232245_20260923224033.zip
2026-09-23 22:45:00,NSW1,2026-09-23 23:25:00,113.7827,7626.43,0,PUBLIC_P5MIN_202609232245_20260923224033.zip
2026-09-23 22:45:00,NSW1,2026-09-23 23:30:00,113.7827,7610.43,0,PUBLIC_P5MIN_202609232245_20260923224033.zip
2026-09-23 22:45:00,NSW1,2026-09-23 23:35:00,90.21,7596.43,0,PUBLIC_P5MIN_202609232245_20260923224033.zip
2026-09-23 22:45:00,NSW1,2026-09-23 23:40:00,110.5185,7583.43,0,PUBLIC_P5MIN_202609232245_20260923224033.zip
2026-09-23 22:45:00,QLD1,2026-09-23 22:45:00,89.58491,6333.01,0,PUBLIC_P5MIN_202609232245_20260923224033.zip
2026-09-23 22:45:00,QLD1,2026-09-23 22:50:00,89.58491,6294.01,0,PUBLIC_P5MIN_202609232245_20260923224033.zip
2026-09-23 22:45:00,QLD1,2026-09-23 22:55:00,85.39,6253.01,0,PUBLIC_P5MIN_202609232245_20260923224033.zip
2026-09-23 22:45:00,QLD1,2026-09-23 23:00:00,85.39,6205.01,0,PUBLIC_P5MIN_202609232245_20260923224033.zip
2026-09-23 22:45:00,QLD1,2026-09-23 23:05:00,89.58491,6165.01,0,PUBLIC_P5MIN_202609232245_20260923224033.zip
2026-09-23 22:45:00,QLD1,2026-09-23 23:10:00,90.95312,6144.01,0,PUBLIC_P5MIN_202609232245_20260923224033.zip
2026-09-23 22:45:00,QLD1,2026-09-23 23:15:00,90.95312,6127.01,0,PUBLIC_P5MIN_202609232245_20260923224033.zip
2026-09-23 22:45:00,QLD1,2026-09-23 23:20:00,90.95312,6103.01,0,PUBLIC_P5MIN_202609232245_20260923224033.zip
2026-09-23 22:45:00,QLD1,2026-09-23 23:25:00,89.71656,6074.01,0,PUBLIC_P5MIN_202609232245_20260923224033.zip
2026-09-23 22:45:00,QLD1,2026-09-23 23:30:00,89.71656,6054.01,0,PUBLIC_P5MIN_202609232245_20260923224033.zip
2026-09-23 22:45:00,QLD1,2026-09-23 23:35:00,71.12972,6046.01,0,PUBLIC_P5MIN_202609232245_20260923224033.zip
2026-09-23 22:45:00,QLD1,2026-09-23 23:40:00,87.69644,6044.01,0,PUBLIC_P5MIN_202609232245_20260923224033.zip
2026-09-23 22:45:00,SA1,2026-09-23 22:45:00,115.37099,1369.87,0,PUBLIC_P5MIN_202609232245_20260923224033.zip
2026-09-23 22:45:00,SA1,2026-09-23 22:50:00,104.18543,1361.87,0,PUBLIC_P5MIN_202609232245_20260923224033.zip
2026-09-23 22:45:00,SA1,2026-09-23 22:55:00,101.02,1351.87,0,PUBLIC_P5MIN_202609232245_20260923224033.zip
2026-09-23 22:45:00,SA1,2026-09-23 23:00:00,100.44,1343.87,0,PUBLIC_P5MIN_202609232245_20260923224033.zip
2026-09-23 22:45:00,SA1,2026-09-23 23:05:00,101.02,1336.87,0,PUBLIC_P5MIN_202609232245_20260923224033.zip
2026-09-23 22:45:00,SA1,2026-09-23 23:10:00,103.63543,1328.87,0,PUBLIC_P5MIN_202609232245_20260923224033.zip
2026-09-23 22:45:00,SA1,2026-09-23 23:15:00,103.23288,1320.87,0,PUBLIC_P5MIN_202609232245_20260923224033.zip
2026-09-23 22:45:00,SA1,2026-09-23 23:20:00,101.37046,1313.87,0,PUBLIC_P5MIN_202609232245_20260923224033.zip
2026-09-23 22:45:00,SA1,2026-09-23 23:25:00,101.02,1305.87,0,PUBLIC_P5MIN_202609232245_20260923224033.zip
2026-09-23 22:45:00,SA1,2026-09-23 23:30:00,101.02,1315.87,0,PUBLIC_P5MIN_202609232245_20260923224033.zip
2026-09-23 22:45:00,SA1,2026-09-23 23:35:00,86.04669,1337.87,0,PUBLIC_P5MIN_202609232245_20260923224033.zip
2026-09-23 22:45:00,SA1,2026-09-23 23:40:00,100.44,1356.87,0,PUBLIC_P5MIN_202609232245_20260923224033.zip
2026-09-23 22:45:00,TAS1,2026-09-23 22:45:00,112.79426,1101.05,0,PUBLIC_P5MIN_202609232245_20260923224033.zip
2026-09-23 22:45:00,TAS1,2026-09-23 22:50:00,103.51071,1096.05,0,PUBLIC_P5MIN_202609232245_20260923224033.zip
2026-09-23 22:45:00,TAS1,2026-09-23 22:55:00,98.5263,1089.05,0,PUBLIC_P5MIN_202609232245_20260923224033.zip
2026-09-23 22:45:00,TAS1,2026-09-23 23:00:00,97.56809,1083.05,0,PUBLIC_P5MIN_202609232245_20260923224033.zip
2026-09-23 22:45:00,TAS1,2026-09-23 23:05:00,100.14051,1078.05,0,PUBLIC_P5MIN_202609232245_20260923224033.zip
2026-09-23 22:45:00,TAS1,2026-09-23 23:10:00,103.13567,1074.05,0,PUBLIC_P5MIN_202609232245_20260923224033.zip
2026-09-23 22:45:00,TAS1,2026-09-23 23:15:00,103.13567,1069.05,0,PUBLIC_P5MIN_202609232245_20260923224033.zip
2026-09-23 22:45:00,TAS1,2026-09-23 23:20:00,101.35786,1064.05,0,PUBLIC_P5MIN_202609232245_20260923224033.zip
2026-09-23 22:45:00,TAS1,2026-09-23 23:25:00,100.61508,1060.05,0,PUBLIC_P5MIN_202609232245_20260923224033.zip
2026-09-23 22:45:00,TAS1,2026-09-23 23:30:00,100.61508,1056.05,0,PUBLIC_P5MIN_202609232245_20260923224033.zip
2026-09-23 22:45:00,TAS1,2026-09-23 23:35:00,88.2,1053.05,0,PUBLIC_P5MIN_202609232245_20260923224033.zip
2026-09-23 22:45:00,TAS1,2026-09-23 23:40:00,97.42773,1050.05,0,PUBLIC_P5MIN_202609232245_20260923224033.zip
2026-09-23 22:45:00,VIC1,2026-09-23 22:45:00,120.26171,5524.33,0,PUBLIC_P5MIN_202609232245_20260923224033.zip
2026-09-23 22:45:00,VIC1,2026-09-23 22:50:00,109.64653,5470.33,0,PUBLIC_P5MIN_202609232245_20260923224033.zip
2026-09-23 22:45:00,VIC1,2026-09-23 22:55:00,104.68602,5430.33,0,PUBLIC_P5MIN_202609232245_20260923224033.zip
2026-09-23 22:45:00,VIC1,2026-09-23 23:00:00,103.66791,5405.33,0,PUBLIC_P5MIN_202609232245_20260923224033.zip
2026-09-23 22:45:00,VIC1,2026-09-23 23:05:00,106.72775,5421.33,0,PUBLIC_P5MIN_202609232245_20260923224033.zip
2026-09-23 22:45:00,VIC1,2026-09-23 23:10:00,109.91992,5458.33,0,PUBLIC_P5MIN_202609232245_20260923224033.zip
2026-09-23 22:45:00,VIC1,2026-09-23 23:15:00,109.91992,5481.33,0,PUBLIC_P5MIN_202609232245_20260923224033.zip
2026-09-23 22:45:00,VIC1,2026-09-23 23:20:00,108.35778,5481.33,0,PUBLIC_P5MIN_202609232245_20260923224033.zip
2026-09-23 22:45:00,VIC1,2026-09-23 23:25:00,107.5637,5477.33,0,PUBLIC_P5MIN_202609232245_20260923224033.zip
2026-09-23 22:45:00,VIC1,2026-09-23 23:30:00,107.5637,5473.33,0,PUBLIC_P5MIN_202609232245_20260923224033.zip
2026-09-23 22:45:00,VIC1,2026-09-23 23:35:00,89.15832,5453.33,0,PUBLIC_P5MIN_202609232245_20260923224033.zip
2026-09-23 22:45:00,VIC1,2026-09-23 23:40:00,104.4779,5418.33,0,PUBLIC_P5MIN_202609232245_20260923224033.zip
2026-09-23 22:50:00,NSW1,2026-09-23 22:50:00,111.8768,7883.49,0,PUBLIC_P5MIN_202609232250_20260923224533.zip
2026-09-23 22:50:00,NSW1,2026-09-23 22:55:00,109.84489,7830.49,0,PUBLIC_P5MIN_202609232250_20260923224533.zip
2026-09-23 22:50:00,NSW1,2026-09-23 23:00:00,108.79005,7804.49,0,PUBLIC_P5MIN_202609232250_20260923224533.zip
2026-09-23 22:50:00,NSW1,2026-09-23 23:05:00,112.46199,7785.49,0,PUBLIC_P5MIN_202609232250_20260923224533.zip
2026-09-23 22:50:00,NSW1,2026-09-23 23:10:00,114.24067,7768.49,0,PUBLIC_P5MIN_202609232250_20260923224533.zip
2026-09-23 22:50:00,NSW1,2026-09-23 23:15:00,114.24067,7732.49,0,PUBLIC_P5MIN_202609232250_20260923224533.zip
2026-09-23 22:50:00,NSW1,2026-09-23 23:20:00,113.7827,7703.49,0,PUBLIC_P5MIN_202609232250_20260923224533.zip
2026-09-23 22:50:00,NSW1,2026-09-23 23:25:00,113.34074,7673.49,0,PUBLIC_P5MIN_202609232250_20260923224533.zip
2026-09-23 22:50:00,NSW1,2026-09-23 23:30:00,114.24713,7657.49,0,PUBLIC_P5MIN_202609232250_20260923224533.zip
2026-09-23 22:50:00,NSW1,2026-09-23 23:35:00,115.9726,7643.49,0,PUBLIC_P5MIN_202609232250_20260923224533.zip
2026-09-23 22:50:00,NSW1,2026-09-23 23:40:00,90.21,7630.49,0,PUBLIC_P5MIN_202609232250_20260923224533.zip
2026-09-23 22:50:00,NSW1,2026-09-23 23:45:00,99.64292,7603.49,0,PUBLIC_P5MIN_202609232250_20260923224533.zip
2026-09-23 22:50:00,QLD1,2026-09-23 22:50:00,85.39,6230.58,0,PUBLIC_P5MIN_202609232250_20260923224533.zip
2026-09-23 22:50:00,QLD1,2026-09-23 22:55:00,85.39,6186.58,0,PUBLIC_P5MIN_202609232250_20260923224533.zip
2026-09-23 22:50:00,QLD1,2026-09-23 23:00:00,85.39,6138.58,0,PUBLIC_P5MIN_202609232250_20260923224533.zip
2026-09-23 22:50:00,QLD1,2026-09-23 23:05:00,88.6752,6098.58,0,PUBLIC_P5MIN_202609232250_20260923224533.zip
2026-09-23 22:50:00,QLD1,2026-09-23 23:10:00,89.58491,6077.58,0,PUBLIC_P5MIN_202609232250_20260923224533.zip
2026-09-23 22:50:00,QLD1,2026-09-23 23:15:00,89.58491,6060.58,0,PUBLIC_P5MIN_202609232250_20260923224533.zip
2026-09-23 22:50:00,QLD1,2026-09-23 23:20:00,89.22578,6036.58,0,PUBLIC_P5MIN_202609232250_20260923224533.zip
2026-09-23 22:50:00,QLD1,2026-09-23 23:25:00,88.80386,6007.58,0,PUBLIC_P5MIN_202609232250_20260923224533.zip
2026-09-23 22:50:00,QLD1,2026-09-23 23:30:00,89.51403,5987.58,0,PUBLIC_P5MIN_202609232250_20260923224533.zip
2026-09-23 22:50:00,QLD1,2026-09-23 23:35:00,90.86596,5979.58,0,PUBLIC_P5MIN_202609232250_20260923224533.zip
2026-09-23 22:50:00,QLD1,2026-09-23 23:40:00,70.68064,5977.58,0,PUBLIC_P5MIN_202609232250_20260923224533.zip
2026-09-23 22:50:00,QLD1,2026-09-23 23:45:00,78.07145,5968.58,0,PUBLIC_P5MIN_202609232250_20260923224533.zip
2026-09-23 22:50:00,SA1,2026-09-23 22:50:00,107.84478,1357.26,0,PUBLIC_P5MIN_202609232250_20260923224533.zip
2026-09-23 22:50:00,SA1,2026-09-23 22:55:00,101.02,1350.26,0,PUBLIC_P5MIN_202609232250_20260923224533.zip
2026-09-23 22:50:00,SA1,2026-09-23 23:00:00,100.44,1341.26,0,PUBLIC_P5MIN_202609232250_20260923224533.zip
2026-09-23 22:50:00,SA1,2026-09-23 23:05:00,101.02,1334.26,0,PUBLIC_P5MIN_202609232250_20260923224533.zip
2026-09-23 22:50:00,SA1,2026-09-23 23:10:00,101.82211,1326.26,0,PUBLIC_P5MIN_202609232250_20260923224533.zip
2026-09-23 22:50:00,SA1,2026-09-23 23:15:00,101.4266,1318.26,0,PUBLIC_P5MIN_202609232250_20260923224533.zip
2026-09-23 22:50:00,SA1,2026-09-23 23:20:00,101.02,1311.26,0,PUBLIC_P5MIN_202609232250_20260923224533.zip
2026-09-23 22:50:00,SA1,2026-09-23 23:25:00,101.02,1303.26,0,PUBLIC_P5MIN_202609232250_20260923224533.zip
2026-09-23 22:50:00,SA1,2026-09-23 23:30:00,101.02,1314.26,0,PUBLIC_P5MIN_202609232250_20260923224533.zip
2026-09-23 22:50:00,SA1,2026-09-23 23:35:00,101.02,1336.26,0,PUBLIC_P5MIN_202609232250_20260923224533.zip
2026-09-23 22:50:00,SA1,2026-09-23 23:40:00,85.26357,1355.26,0,PUBLIC_P5MIN_202609232250_20260923224533.zip
2026-09-23 22:50:00,SA1,2026-09-23 23:45:00,89.83776,1356.26,0,PUBLIC_P5MIN_202609232250_20260923224533.zip
2026-09-23 22:50:00,TAS1,2026-09-23 22:50:00,105.04157,1095.9,0,PUBLIC_P5MIN_202609232250_20260923224533.zip
2026-09-23 22:50:00,TAS1,2026-09-23 22:55:00,98.81559,1088.9,0,PUBLIC_P5MIN_202609232250_20260923224533.zip
2026-09-23 22:50:00,TAS1,2026-09-23 23:00:00,97.56809,1082.9,0,PUBLIC_P5MIN_202609232250_20260923224533.zip
2026-09-23 22:50:00,TAS1,2026-09-23 23:05:00,100.05959,1077.9,0,PUBLIC_P5MIN_202609232250_20260923224533.zip
2026-09-23 22:50:00,TAS1,2026-09-23 23:10:00,101.33109,1073.9,0,PUBLIC_P5MIN_202609232250_20260923224533.zip
2026-09-23 22:50:00,TAS1,2026-09-23 23:15:00,101.33109,1068.9,0,PUBLIC_P5MIN_202609232250_20260923224533.zip
2026-09-23 22:50:00,TAS1,2026-09-23 23:20:00,100.92487,1063.9,0,PUBLIC_P5MIN_202609232250_20260923224533.zip
2026-09-23 22:50:00,TAS1,2026-09-23 23:25:00,100.22426,1059.9,0,PUBLIC_P5MIN_202609232250_20260923224533.zip
2026-09-23 22:50:00,TAS1,2026-09-23 23:30:00,100.22426,1055.9,0,PUBLIC_P5MIN_202609232250_20260923224533.zip
2026-09-23 22:50:00,TAS1,2026-09-23 23:35:00,100.93227,1052.9,0,PUBLIC_P5MIN_202609232250_20260923224533.zip
2026-09-23 22:50:00,TAS1,2026-09-23 23:40:00,88.2,1049.9,0,PUBLIC_P5MIN_202609232250_20260923224533.zip
2026-09-23 22:50:00,TAS1,2026-09-23 23:45:00,88.22,1045.9,0,PUBLIC_P5MIN_202609232250_20260923224533.zip
2026-09-23 22:50:00,VIC1,2026-09-23 22:50:00,111.98,5431.3,0,PUBLIC_P5MIN_202609232250_20260923224533.zip
2026-09-23 22:50:00,VIC1,2026-09-23 22:55:00,104.6731,5414.3,0,PUBLIC_P5MIN_202609232250_20260923224533.zip
2026-09-23 22:50:00,VIC1,2026-09-23 23:00:00,103.66791,5384.3,0,PUBLIC_P5MIN_202609232250_20260923224533.zip
2026-09-23 22:50:00,VIC1,2026-09-23 23:05:00,106.31517,5400.3,0,PUBLIC_P5MIN_202609232250_20260923224533.zip
2026-09-23 22:50:00,VIC1,2026-09-23 23:10:00,107.99664,5437.3,0,PUBLIC_P5MIN_202609232250_20260923224533.zip
2026-09-23 22:50:00,VIC1,2026-09-23 23:15:00,107.99664,5460.3,0,PUBLIC_P5MIN_202609232250_20260923224533.zip
2026-09-23 22:50:00,VIC1,2026-09-23 23:20:00,107.5637,5460.3,0,PUBLIC_P5MIN_202609232250_20260923224533.zip
2026-09-23 22:50:00,VIC1,2026-09-23 23:25:00,107.14589,5456.3,0,PUBLIC_P5MIN_202609232250_20260923224533.zip
2026-09-23 22:50:00,VIC1,2026-09-23 23:30:00,107.14589,5452.3,0,PUBLIC_P5MIN_202609232250_20260923224533.zip
2026-09-23 22:50:00,VIC1,2026-09-23 23:35:00,107.90279,5432.3,0,PUBLIC_P5MIN_202609232250_20260923224533.zip
2026-09-23 22:50:00,VIC1,2026-09-23 23:40:00,88.05358,5397.3,0,PUBLIC_P5MIN_202609232250_20260923224533.zip
2026-09-23 22:50:00,VIC1,2026-09-23 23:45:00,93.44943,5351.3,0,PUBLIC_P5MIN_202609232250_20260923224533.zip
2026-09-23 22:55:00,NSW1,2026-09-23 22:55:00,101.60305,7763.42,0,PUBLIC_P5MIN_202609232255_20260923225033.zip
2026-09-23 22:55:00,NSW1,2026-09-23 23:00:00,108.29555,7737.42,0,PUBLIC_P5MIN_202609232255_20260923225033.zip
2026-09-23 22:55:00,NSW1,2026-09-23 23:05:00,90.21,7717.42,0,PUBLIC_P5MIN_202609232255_20260923225033.zip
2026-09-23 22:55:00,NSW1,2026-09-23 23:10:00,109.82157,7700.42,0,PUBLIC_P5MIN_202609232255_20260923225033.zip
2026-09-23 22:55:00,NSW1,2026-09-23 23:15:00,112.98,7664.42,0,PUBLIC_P5MIN_202609232255_20260923225033.zip
2026-09-23 22:55:00,NSW1,2026-09-23 23:20:00,112.98,7635.42,0,PUBLIC_P5MIN_202609232255_20260923225033.zip
2026-09-23 22:55:00,NSW1,2026-09-23 23:25:00,112.98,7605.42,0,PUBLIC_P5MIN_202609232255_20260923225033.zip
2026-09-23 22:55:00,NSW1,2026-09-23 23:30:00,112.98,7589.42,0,PUBLIC_P5MIN_202609232255_20260923225033.zip
2026-09-23 22:55:00,NSW1,2026-09-23 23:35:00,119.01,7575.42,0,PUBLIC_P5MIN_202609232255_20260923225033.zip
2026-09-23 22:55:00,NSW1,2026-09-23 23:40:00,116.08385,7562.42,0,PUBLIC_P5MIN_202609232255_20260923225033.zip
2026-09-23 22:55:00,NSW1,2026-09-23 23:45:00,115.62582,7535.42,0,PUBLIC_P5MIN_202609232255_20260923225033.zip
2026-09-23 22:55:00,NSW1,2026-09-23 23:50:00,114.72938,7506.42,0,PUBLIC_P5MIN_202609232255_20260923225033.zip
2026-09-23 22:55:00,QLD1,2026-09-23 22:55:00,85.39,6260.81,0,PUBLIC_P5MIN_202609232255_20260923225033.zip
2026-09-23 22:55:00,QLD1,2026-09-23 23:00:00,85.39,6202.81,0,PUBLIC_P5MIN_202609232255_20260923225033.zip
2026-09-23 22:55:00,QLD1,2026-09-23 23:05:00,72.03647,6164.81,0,PUBLIC_P5MIN_202609232255_20260923225033.zip
2026-09-23 22:55:00,QLD1,2026-09-23 23:10:00,87.69713,6143.81,0,PUBLIC_P5MIN_202609232255_20260923225033.zip
2026-09-23 22:55:00,QLD1,2026-09-23 23:15:00,89.64965,6126.81,0,PUBLIC_P5MIN_202609232255_20260923225033.zip
2026-09-23 22:55:00,QLD1,2026-09-23 23:20:00,89.58491,6102.81,0,PUBLIC_P5MIN_202609232255_20260923225033.zip
2026-09-23 22:55:00,QLD1,2026-09-23 23:25:00,89.58491,6073.81,0,PUBLIC_P5MIN_202609232255_20260923225033.zip
2026-09-23 22:55:00,QLD1,2026-09-23 23:30:00,89.08364,6053.81,0,PUBLIC_P5MIN_202609232255_20260923225033.zip
2026-09-23 22:55:00,QLD1,2026-09-23 23:35:00,93.24579,6045.81,0,PUBLIC_P5MIN_202609232255_20260923225033.zip
2026-09-23 22:55:00,QLD1,2026-09-23 23:40:00,90.95312,6043.81,0,PUBLIC_P5MIN_202609232255_20260923225033.zip
2026-09-23 22:55:00,QLD1,2026-09-23 23:45:00,90.95312,6034.81,0,PUBLIC_P5MIN_202609232255_20260923225033.zip
2026-09-23 22:55:00,QLD1,2026-09-23 23:50:00,90.46301,6008.81,0,PUBLIC_P5MIN_202609232255_20260923225033.zip
2026-09-23 22:55:00,SA1,2026-09-23 22:55:00,101.02,1371.67,0,PUBLIC_P5MIN_202609232255_20260923225033.zip
2026-09-23 22:55:00,SA1,2026-09-23 23:00:00,101.02,1364.67,0,PUBLIC_P5MIN_202609232255_20260923225033.zip
2026-09-23 22:55:00,SA1,2026-09-23 23:05:00,87.47745,1357.67,0,PUBLIC_P5MIN_202609232255_20260923225033.zip
2026-09-23 22:55:00,SA1,2026-09-23 23:10:00,101.02,1349.67,0,PUBLIC_P5MIN_202609232255_20260923225033.zip
2026-09-23 22:55:00,SA1,2026-09-23 23:15:00,101.90108,1341.67,0,PUBLIC_P5MIN_202609232255_20260923225033.zip
2026-09-23 22:55:00,SA1,2026-09-23 23:20:00,101.02,1334.67,0,PUBLIC_P5MIN_202609232255_20260923225033.zip
2026-09-23 22:55:00,SA1,2026-09-23 23:25:00,101.02,1326.67,0,PUBLIC_P5MIN_202609232255_20260923225033.zip
2026-09-23 22:55:00,SA1,2026-09-23 23:30:00,101.02,1337.67,0,PUBLIC_P5MIN_202609232255_20260923225033.zip
2026-09-23 22:55:00,SA1,2026-09-23 23:35:00,105.23144,1359.67,0,PUBLIC_P5MIN_202609232255_20260923225033.zip
2026-09-23 22:55:00,SA1,2026-09-23 23:40:00,102.22829,1378.67,0,PUBLIC_P5MIN_202609232255_20260923225033.zip
2026-09-23 22:55:00,SA1,2026-09-23 23:45:00,101.02,1379.67,0,PUBLIC_P5MIN_202609232255_20260923225033.zip
2026-09-23 22:55:00,SA1,2026-09-23 23:50:00,101.02,1377.67,0,PUBLIC_P5MIN_202609232255_20260923225033.zip
2026-09-23 22:55:00,TAS1,2026-09-23 22:55:00,96.7846,1087.68,0,PUBLIC_P5MIN_202609232255_20260923225033.zip
2026-09-23 22:55:00,TAS1,2026-09-23 23:00:00,97.75037,1080.68,0,PUBLIC_P5MIN_202609232255_20260923225033.zip
2026-09-23 22:55:00,TAS1,2026-09-23 23:05:00,88.2,1075.68,0,PUBLIC_P5MIN_202609232255_20260923225033.zip
2026-09-23 22:55:00,TAS1,2026-09-23 23:10:00,98.98003,1071.68,0,PUBLIC_P5MIN_202609232255_20260923225033.zip
2026-09-23 22:55:00,TAS1,2026-09-23 23:15:00,101.01578,1066.68,0,PUBLIC_P5MIN_202609232255_20260923225033.zip
2026-09-23 22:55:00,TAS1,2026-09-23 23:20:00,100.21287,1061.68,0,PUBLIC_P5MIN_202609232255_20260923225033.zip
2026-09-23 22:55:00,TAS1,2026-09-23 23:25:00,99.90528,1057.68,0,PUBLIC_P5MIN_202609232255_20260923225033.zip
2026-09-23 22:55:00,TAS1,2026-09-23 23:30:00,99.90528,1053.68,0,PUBLIC_P5MIN_202609232255_20260923225033.zip
2026-09-23 22:55:00,TAS1,2026-09-23 23:35:00,104.40254,1050.68,0,PUBLIC_P5MIN_202609232255_20260923225033.zip
2026-09-23 22:55:00,TAS1,2026-09-23 23:40:00,100.71804,1047.68,0,PUBLIC_P5MIN_202609232255_20260923225033.zip
2026-09-23 22:55:00,TAS1,2026-09-23 23:45:00,99.5276,1043.68,0,PUBLIC_P5MIN_202609232255_20260923225033.zip
2026-09-23 22:55:00,TAS1,2026-09-23 23:50:00,98.75597,1039.68,0,PUBLIC_P5MIN_202609232255_20260923225033.zip
2026-09-23 22:55:00,VIC1,2026-09-23 22:55:00,103.49371,5405.44,0,PUBLIC_P5MIN_202609232255_20260923225033.zip
2026-09-23 22:55:00,VIC1,2026-09-23 23:00:00,103.86159,5377.44,0,PUBLIC_P5MIN_202609232255_20260923225033.zip
2026-09-23 22:55:00,VIC1,2026-09-23 23:05:00,89.24079,5394.44,0,PUBLIC_P5MIN_202609232255_20260923225033.zip
2026-09-23 22:55:00,VIC1,2026-09-23 23:10:00,105.49094,5431.44,0,PUBLIC_P5MIN_202609232255_20260923225033.zip
2026-09-23 22:55:00,VIC1,2026-09-23 23:15:00,107.66059,5454.44,0,PUBLIC_P5MIN_202609232255_20260923225033.zip
2026-09-23 22:55:00,VIC1,2026-09-23 23:20:00,106.80487,5454.44,0,PUBLIC_P5MIN_202609232255_20260923225033.zip
2026-09-23 22:55:00,VIC1,2026-09-23 23:25:00,106.80487,5450.44,0,PUBLIC_P5MIN_202609232255_20260923225033.zip
2026-09-23 22:55:00,VIC1,2026-09-23 23:30:00,106.80487,5446.44,0,PUBLIC_P5MIN_202609232255_20260923225033.zip
2026-09-23 22:55:00,VIC1,2026-09-23 23:35:00,111.61272,5426.44,0,PUBLIC_P5MIN_202609232255_20260923225033.zip
2026-09-23 22:55:00,VIC1,2026-09-23 23:40:00,108.0063,5391.44,0,PUBLIC_P5MIN_202609232255_20260923225033.zip
2026-09-23 22:55:00,VIC1,2026-09-23 23:45:00,106.72972,5345.44,0,PUBLIC_P5MIN_202609232255_20260923225033.zip
2026-09-23 22:55:00,VIC1,2026-09-23 23:50:00,105.90225,5301.44,0,PUBLIC_P5MIN_202609232255_20260923225033.zip
2026-09-23 23:00:00,NSW1,2026-09-23 23:00:00,112.98,7833.91,0,PUBLIC_P5MIN_202609232300_20260923225534.zip
2026-09-23 23:00:00,NSW1,2026-09-23 23:05:00,119.01,7818.91,0,PUBLIC_P5MIN_202609232300_20260923225534.zip
2026-09-23 23:00:00,NSW1,2026-09-23 23:10:00,95.26173,7800.91,0,PUBLIC_P5MIN_202609232300_20260923225534.zip
2026-09-23 23:00:00,NSW1,2026-09-23 23:15:00,119.01,7764.91,0,PUBLIC_P5MIN_202609232300_20260923225534.zip
2026-09-23 23:00:00,NSW1,2026-09-23 23:20:00,119.01,7735.91,0,PUBLIC_P5MIN_202609232300_20260923225534.zip
2026-09-23 23:00:00,NSW1,2026-09-23 23:25:00,119.01,7705.91,0,PUBLIC_P5MIN_202609232300_20260923225534.zip
2026-09-23 23:00:00,NSW1,2026-09-23 23:30:00,119.01,7689.91,0,PUBLIC_P5MIN_202609232300_20260923225534.zip
2026-09-23 23:00:00,NSW1,2026-09-23 23:35:00,122.15,7675.91,0,PUBLIC_P5MIN_202609232300_20260923225534.zip
2026-09-23 23:00:00,NSW1,2026-09-23 23:40:00,122.15,7662.91,0,PUBLIC_P5MIN_202609232300_20260923225534.zip
2026-09-23 23:00:00,NSW1,2026-09-23 23:45:00,119.01,7635.91,0,PUBLIC_P5MIN_202609232300_20260923225534.zip
2026-09-23 23:00:00,NSW1,2026-09-23 23:50:00,119.01,7606.91,0,PUBLIC_P5MIN_202609232300_20260923225534.zip
2026-09-23 23:00:00,NSW1,2026-09-23 23:55:00,119.01,7571.91,0,PUBLIC_P5MIN_202609232300_20260923225534.zip
2026-09-23 23:00:00,QLD1,2026-09-23 23:00:00,85.39,6191.73,0,PUBLIC_P5MIN_202609232300_20260923225534.zip
2026-09-23 23:00:00,QLD1,2026-09-23 23:05:00,93.83824,6158.73,0,PUBLIC_P5MIN_202609232300_20260923225534.zip
2026-09-23 23:00:00,QLD1,2026-09-23 23:10:00,76.07049,6136.73,0,PUBLIC_P5MIN_202609232300_20260923225534.zip
2026-09-23 23:00:00,QLD1,2026-09-23 23:15:00,93.83824,6119.73,0,PUBLIC_P5MIN_202609232300_20260923225534.zip
2026-09-23 23:00:00,QLD1,2026-09-23 23:20:00,93.24579,6095.73,0,PUBLIC_P5MIN_202609232300_20260923225534.zip
2026-09-23 23:00:00,QLD1,2026-09-23 23:25:00,89.58491,6066.73,0,PUBLIC_P5MIN_202609232300_20260923225534.zip
2026-09-23 23:00:00,QLD1,2026-09-23 23:30:00,89.58491,6046.73,0,PUBLIC_P5MIN_202609232300_20260923225534.zip
2026-09-23 23:00:00,QLD1,2026-09-23 23:35:00,89.58491,6038.73,0,PUBLIC_P5MIN_202609232300_20260923225534.zip
2026-09-23 23:00:00,QLD1,2026-09-23 23:40:00,90.95312,6036.73,0,PUBLIC_P5MIN_202609232300_20260923225534.zip
2026-09-23 23:00:00,QLD1,2026-09-23 23:45:00,90.95312,6027.73,0,PUBLIC_P5MIN_202609232300_20260923225534.zip
2026-09-23 23:00:00,QLD1,2026-09-23 23:50:00,90.95312,6001.73,0,PUBLIC_P5MIN_202609232300_20260923225534.zip
2026-09-23 23:00:00,QLD1,2026-09-23 23:55:00,90.95312,5961.73,0,PUBLIC_P5MIN_202609232300_20260923225534.zip
2026-09-23 23:00:00,SA1,2026-09-23 23:00:00,110.62605,1343.98,0,PUBLIC_P5MIN_202609232300_20260923225534.zip
2026-09-23 23:00:00,SA1,2026-09-23 23:05:00,108.62331,1334.98,0,PUBLIC_P5MIN_202609232300_20260923225534.zip
2026-09-23 23:00:00,SA1,2026-09-23 23:10:00,91.17085,1327.98,0,PUBLIC_P5MIN_202609232300_20260923225534.zip
2026-09-23 23:00:00,SA1,2026-09-23 23:15:00,108.64801,1319.98,0,PUBLIC_P5MIN_202609232300_20260923225534.zip
2026-09-23 23:00:00,SA1,2026-09-23 23:20:00,108.22599,1312.98,0,PUBLIC_P5MIN_202609232300_20260923225534.zip
2026-09-23 23:00:00,SA1,2026-09-23 23:25:00,106.94544,1304.98,0,PUBLIC_P5MIN_202609232300_20260923225534.zip
2026-09-23 23:00:00,SA1,2026-09-23 23:30:00,107.02509,1315.98,0,PUBLIC_P5MIN_202609232300_20260923225534.zip
2026-09-23 23:00:00,SA1,2026-09-23 23:35:00,109.31765,1337.98,0,PUBLIC_P5MIN_202609232300_20260923225534.zip
2026-09-23 23:00:00,SA1,2026-09-23 23:40:00,109.31765,1356.98,0,PUBLIC_P5MIN_202609232300_20260923225534.zip
2026-09-23 23:00:00,SA1,2026-09-23 23:45:00,104.82269,1357.98,0,PUBLIC_P5MIN_202609232300_20260923225534.zip
2026-09-23 23:00:00,SA1,2026-09-23 23:50:00,103.66578,1355.98,0,PUBLIC_P5MIN_202609232300_20260923225534.zip
2026-09-23 23:00:00,SA1,2026-09-23 23:55:00,101.95879,1349.98,0,PUBLIC_P5MIN_202609232300_20260923225534.zip
2026-09-23 23:00:00,TAS1,2026-09-23 23:00:00,107.45572,1085.04,0,PUBLIC_P5MIN_202609232300_20260923225534.zip
2026-09-23 23:00:00,TAS1,2026-09-23 23:05:00,107.59062,1080.04,0,PUBLIC_P5MIN_202609232300_20260923225534.zip
2026-09-23 23:00:00,TAS1,2026-09-23 23:10:00,88.22,1076.04,0,PUBLIC_P5MIN_202609232300_20260923225534.zip
2026-09-23 23:00:00,TAS1,2026-09-23 23:15:00,108.12407,1071.04,0,PUBLIC_P5MIN_202609232300_20260923225534.zip
2026-09-23 23:00:00,TAS1,2026-09-23 23:20:00,108.12407,1066.04,0,PUBLIC_P5MIN_202609232300_20260923225534.zip
2026-09-23 23:00:00,TAS1,2026-09-23 23:25:00,107.26138,1062.04,0,PUBLIC_P5MIN_202609232300_20260923225534.zip
2026-09-23 23:00:00,TAS1,2026-09-23 23:30:00,106.93215,1058.04,0,PUBLIC_P5MIN_202609232300_20260923225534.zip
2026-09-23 23:00:00,TAS1,2026-09-23 23:35:00,108.87948,1055.04,0,PUBLIC_P5MIN_202609232300_20260923225534.zip
2026-09-23 23:00:00,TAS1,2026-09-23 23:40:00,108.87948,1052.04,0,PUBLIC_P5MIN_202609232300_20260923225534.zip
2026-09-23 23:00:00,TAS1,2026-09-23 23:45:00,104.08109,1048.04,0,PUBLIC_P5MIN_202609232300_20260923225534.zip
2026-09-23 23:00:00,TAS1,2026-09-23 23:50:00,103.25686,1044.04,0,PUBLIC_P5MIN_202609232300_20260923225534.zip
2026-09-23 23:00:00,TAS1,2026-09-23 23:55:00,101.63224,1040.04,0,PUBLIC_P5MIN_202609232300_20260923225534.zip
2026-09-23 23:00:00,VIC1,2026-09-23 23:00:00,114.90599,5411.95,0,PUBLIC_P5MIN_202609232300_20260923225534.zip
2026-09-23 23:00:00,VIC1,2026-09-23 23:05:00,114.31703,5417.95,0,PUBLIC_P5MIN_202609232300_20260923225534.zip
2026-09-23 23:00:00,VIC1,2026-09-23 23:10:00,93.73539,5456.95,0,PUBLIC_P5MIN_202609232300_20260923225534.zip
2026-09-23 23:00:00,VIC1,2026-09-23 23:15:00,115.23647,5479.95,0,PUBLIC_P5MIN_202609232300_20260923225534.zip
2026-09-23 23:00:00,VIC1,2026-09-23 23:20:00,115.23647,5479.95,0,PUBLIC_P5MIN_202609232300_20260923225534.zip
2026-09-23 23:00:00,VIC1,2026-09-23 23:25:00,114.31703,5475.95,0,PUBLIC_P5MIN_202609232300_20260923225534.zip
2026-09-23 23:00:00,VIC1,2026-09-23 23:30:00,114.31703,5471.95,0,PUBLIC_P5MIN_202609232300_20260923225534.zip
2026-09-23 23:00:00,VIC1,2026-09-23 23:35:00,116.39884,5451.95,0,PUBLIC_P5MIN_202609232300_20260923225534.zip
2026-09-23 23:00:00,VIC1,2026-09-23 23:40:00,116.39884,5416.95,0,PUBLIC_P5MIN_202609232300_20260923225534.zip
2026-09-23 23:00:00,VIC1,2026-09-23 23:45:00,111.61272,5370.95,0,PUBLIC_P5MIN_202609232300_20260923225534.zip
2026-09-23 23:00:00,VIC1,2026-09-23 23:50:00,110.72884,5326.95,0,PUBLIC_P5MIN_202609232300_20260923225534.zip
2026-09-23 23:00:00,VIC1,2026-09-23 23:55:00,108.98666,5281.95,0,PUBLIC_P5MIN_202609232300_20260923225534.zip
2026-09-23 23:05:00,NSW1,2026-09-23 23:05:00,112.84659,7804.37,0,PUBLIC_P5MIN_202609232305_20260923230033.zip
2026-09-23 23:05:00,NSW1,2026-09-23 23:10:00,108.76695,7782.37,0,PUBLIC_P5MIN_202609232305_20260923230033.zip
2026-09-23 23:05:00,NSW1,2026-09-23 23:15:00,112.98,7747.37,0,PUBLIC_P5MIN_202609232305_20260923230033.zip
2026-09-23 23:05:00,NSW1,2026-09-23 23:20:00,112.98,7718.37,0,PUBLIC_P5MIN_202609232305_20260923230033.zip
2026-09-23 23:05:00,NSW1,2026-09-23 23:25:00,112.9005,7688.37,0,PUBLIC_P5MIN_202609232305_20260923230033.zip
2026-09-23 23:05:00,NSW1,2026-09-23 23:30:00,110.92754,7672.37,0,PUBLIC_P5MIN_202609232305_20260923230033.zip
2026-09-23 23:05:00,NSW1,2026-09-23 23:35:00,114.24713,7658.37,0,PUBLIC_P5MIN_202609232305_20260923230033.zip
2026-09-23 23:05:00,NSW1,2026-09-23 23:40:00,113.80337,7645.37,0,PUBLIC_P5MIN_202609232305_20260923230033.zip
2026-09-23 23:05:00,NSW1,2026-09-23 23:45:00,113.16894,7618.37,0,PUBLIC_P5MIN_202609232305_20260923230033.zip
2026-09-23 23:05:00,NSW1,2026-09-23 23:50:00,100.74565,7589.37,0,PUBLIC_P5MIN_202609232305_20260923230033.zip
2026-09-23 23:05:00,NSW1,2026-09-23 23:55:00,90.21,7554.37,0,PUBLIC_P5MIN_202609232305_20260923230033.zip
2026-09-23 23:05:00,NSW1,2026-09-24 00:00:00,97.24694,7529.37,0,PUBLIC_P5MIN_202609232305_20260923230033.zip
2026-09-23 23:05:00,QLD1,2026-09-23 23:05:00,89.58491,6066.05,0,PUBLIC_P5MIN_202609232305_20260923230033.zip
2026-09-23 23:05:00,QLD1,2026-09-23 23:10:00,85.22024,6046.05,0,PUBLIC_P5MIN_202609232305_20260923230033.zip
2026-09-23 23:05:00,QLD1,2026-09-23 23:15:00,88.52122,6028.05,0,PUBLIC_P5MIN_202609232305_20260923230033.zip
2026-09-23 23:05:00,QLD1,2026-09-23 23:20:00,87.96234,6004.05,0,PUBLIC_P5MIN_202609232305_20260923230033.zip
2026-09-23 23:05:00,QLD1,2026-09-23 23:25:00,82.76676,5975.05,0,PUBLIC_P5MIN_202609232305_20260923230033.zip
2026-09-23 23:05:00,QLD1,2026-09-23 23:30:00,81.3204,5955.05,0,PUBLIC_P5MIN_202609232305_20260923230033.zip
2026-09-23 23:05:00,QLD1,2026-09-23 23:35:00,86.62959,5947.05,0,PUBLIC_P5MIN_202609232305_20260923230033.zip
2026-09-23 23:05:00,QLD1,2026-09-23 23:40:00,86.71988,5945.05,0,PUBLIC_P5MIN_202609232305_20260923230033.zip
2026-09-23 23:05:00,QLD1,2026-09-23 23:45:00,88.10944,5936.05,0,PUBLIC_P5MIN_202609232305_20260923230033.zip
2026-09-23 23:05:00,QLD1,2026-09-23 23:50:00,76.3919,5910.05,0,PUBLIC_P5MIN_202609232305_20260923230033.zip
2026-09-23 23:05:00,QLD1,2026-09-23 23:55:00,63.86679,5870.05,0,PUBLIC_P5MIN_202609232305_20260923230033.zip
2026-09-23 23:05:00,QLD1,2026-09-24 00:00:00,63.86679,5830.05,0,PUBLIC_P5MIN_202609232305_20260923230033.zip
2026-09-23 23:05:00,SA1,2026-09-23 23:05:00,107.73011,1328.33,0,PUBLIC_P5MIN_202609232305_20260923230033.zip
2026-09-23 23:05:00,SA1,2026-09-23 23:10:00,100.44,1320.33,0,PUBLIC_P5MIN_202609232305_20260923230033.zip
2026-09-23 23:05:00,SA1,2026-09-23 23:15:00,101.02,1312.33,0,PUBLIC_P5MIN_202609232305_20260923230033.zip
2026-09-23 23:05:00,SA1,2026-09-23 23:20:00,101.02,1305.33,0,PUBLIC_P5MIN_202609232305_20260923230033.zip
2026-09-23 23:05:00,SA1,2026-09-23 23:25:00,101.02,1297.33,0,PUBLIC_P5MIN_202609232305_20260923230033.zip
2026-09-23 23:05:00,SA1,2026-09-23 23:30:00,100.44,1308.33,0,PUBLIC_P5MIN_202609232305_20260923230033.zip
2026-09-23 23:05:00,SA1,2026-09-23 23:35:00,101.02,1330.33,0,PUBLIC_P5MIN_202609232305_20260923230033.zip
2026-09-23 23:05:00,SA1,2026-09-23 23:40:00,101.02,1349.33,0,PUBLIC_P5MIN_202609232305_20260923230033.zip
2026-09-23 23:05:00,SA1,2026-09-23 23:45:00,100.44,1350.33,0,PUBLIC_P5MIN_202609232305_20260923230033.zip
2026-09-23 23:05:00,SA1,2026-09-23 23:50:00,89.76268,1348.33,0,PUBLIC_P5MIN_202609232305_20260923230033.zip
2026-09-23 23:05:00,SA1,2026-09-23 23:55:00,83.62853,1342.33,0,PUBLIC_P5MIN_202609232305_20260923230033.zip
2026-09-23 23:05:00,SA1,2026-09-24 00:00:00,86.83694,1338.33,0,PUBLIC_P5MIN_202609232305_20260923230033.zip
2026-09-23 23:05:00,TAS1,2026-09-23 23:05:00,105.54195,1079.02,0,PUBLIC_P5MIN_202609232305_20260923230033.zip
2026-09-23 23:05:00,TAS1,2026-09-23 23:10:00,98.02953,1074.02,0,PUBLIC_P5MIN_202609232305_20260923230033.zip
2026-09-23 23:05:00,TAS1,2026-09-23 23:15:00,100.92487,1070.02,0,PUBLIC_P5MIN_202609232305_20260923230033.zip
2026-09-23 23:05:00,TAS1,2026-09-23 23:20:00,100.92487,1065.02,0,PUBLIC_P5MIN_202609232305_20260923230033.zip
2026-09-23 23:05:00,TAS1,2026-09-23 23:25:00,100.14236,1061.02,0,PUBLIC_P5MIN_202609232305_20260923230033.zip
2026-09-23 23:05:00,TAS1,2026-09-23 23:30:00,98.87624,1057.02,0,PUBLIC_P5MIN_202609232305_20260923230033.zip
2026-09-23 23:05:00,TAS1,2026-09-23 23:35:00,100.22426,1054.02,0,PUBLIC_P5MIN_202609232305_20260923230033.zip
2026-09-23 23:05:00,TAS1,2026-09-23 23:40:00,99.83498,1051.02,0,PUBLIC_P5MIN_202609232305_20260923230033.zip
2026-09-23 23:05:00,TAS1,2026-09-23 23:45:00,98.18896,1047.02,0,PUBLIC_P5MIN_202609232305_20260923230033.zip
2026-09-23 23:05:00,TAS1,2026-09-23 23:50:00,88.22,1043.02,0,PUBLIC_P5MIN_202609232305_20260923230033.zip
2026-09-23 23:05:00,TAS1,2026-09-23 23:55:00,88.2,1039.02,0,PUBLIC_P5MIN_202609232305_20260923230033.zip
2026-09-23 23:05:00,TAS1,2026-09-24 00:00:00,88.2,1036.02,0,PUBLIC_P5MIN_202609232305_20260923230033.zip
2026-09-23 23:05:00,VIC1,2026-09-23 23:05:00,112.86,5405.01,0,PUBLIC_P5MIN_202609232305_20260923230033.zip
2026-09-23 23:05:00,VIC1,2026-09-23 23:10:00,104.4779,5443.01,0,PUBLIC_P5MIN_202609232305_20260923230033.zip
2026-09-23 23:05:00,VIC1,2026-09-23 23:15:00,107.5637,5466.01,0,PUBLIC_P5MIN_202609232305_20260923230033.zip
2026-09-23 23:05:00,VIC1,2026-09-23 23:20:00,107.5637,5466.01,0,PUBLIC_P5MIN_202609232305_20260923230033.zip
2026-09-23 23:05:00,VIC1,2026-09-23 23:25:00,106.72972,5462.01,0,PUBLIC_P5MIN_202609232305_20260923230033.zip
2026-09-23 23:05:00,VIC1,2026-09-23 23:30:00,105.70477,5458.01,0,PUBLIC_P5MIN_202609232305_20260923230033.zip
2026-09-23 23:05:00,VIC1,2026-09-23 23:35:00,107.14589,5438.01,0,PUBLIC_P5MIN_202609232305_20260923230033.zip
2026-09-23 23:05:00,VIC1,2026-09-23 23:40:00,106.72972,5403.01,0,PUBLIC_P5MIN_202609232305_20260923230033.zip
2026-09-23 23:05:00,VIC1,2026-09-23 23:45:00,105.29422,5357.01,0,PUBLIC_P5MIN_202609232305_20260923230033.zip
2026-09-23 23:05:00,VIC1,2026-09-23 23:50:00,93.73539,5313.01,0,PUBLIC_P5MIN_202609232305_20260923230033.zip
2026-09-23 23:05:00,VIC1,2026-09-23 23:55:00,86.65271,5268.01,0,PUBLIC_P5MIN_202609232305_20260923230033.zip
2026-09-23 23:05:00,VIC1,2026-09-24 00:00:00,91.20238,5238.01,0,PUBLIC_P5MIN_202609232305_20260923230033.zip
2026-09-23 23:10:00,NSW1,2026-09-23 23:10:00,121.1,7739.44,0,PUBLIC_P5MIN_202609232310_20260923230535.zip
2026-09-23 23:10:00,NSW1,2026-09-23 23:15:00,132.55,7710.44,0,PUBLIC_P5MIN_202609232310_20260923230535.zip
2026-09-23 23:10:00,NSW1,2026-09-23 23:20:00,135.13414,7679.44,0,PUBLIC_P5MIN_202609232310_20260923230535.zip
2026-09-23 23:10:00,NSW1,2026-09-23 23:25:00,134.60919,7649.44,0,PUBLIC_P5MIN_202609232310_20260923230535.zip
2026-09-23 23:10:00,NSW1,2026-09-23 23:30:00,122.15,7633.44,0,PUBLIC_P5MIN_202609232310_20260923230535.zip
2026-09-23 23:10:00,NSW1,2026-09-23 23:35:00,179.43394,7619.44,0,PUBLIC_P5MIN_202609232310_20260923230535.zip
2026-09-23 23:10:00,NSW1,2026-09-23 23:40:00,201.44371,7606.44,0,PUBLIC_P5MIN_202609232310_20260923230535.zip
2026-09-23 23:10:00,NSW1,2026-09-23 23:45:00,299.99,7579.44,0,PUBLIC_P5MIN_202609232310_20260923230535.zip
2026-09-23 23:10:00,NSW1,2026-09-23 23:50:00,299.99,7550.44,0,PUBLIC_P5MIN_202609232310_20260923230535.zip
2026-09-23 23:10:00,NSW1,2026-09-23 23:55:00,299.99,7515.44,0,PUBLIC_P5MIN_202609232310_20260923230535.zip
2026-09-23 23:10:00,NSW1,2026-09-24 00:00:00,287.50692,7490.44,0,PUBLIC_P5MIN_202609232310_20260923230535.zip
2026-09-23 23:10:00,NSW1,2026-09-24 00:05:00,299.99,7484.44,0,PUBLIC_P5MIN_202609232310_20260923230535.zip
2026-09-23 23:10:00,QLD1,2026-09-23 23:10:00,110.34083,6140.81,0,PUBLIC_P5MIN_202609232310_20260923230535.zip
2026-09-23 23:10:00,QLD1,2026-09-23 23:15:00,114.68,6134.81,0,PUBLIC_P5MIN_202609232310_20260923230535.zip
2026-09-23 23:10:00,QLD1,2026-09-23 23:20:00,119.43482,6108.81,0,PUBLIC_P5MIN_202609232310_20260923230535.zip
2026-09-23 23:10:00,QLD1,2026-09-23 23:25:00,122.03655,6079.81,0,PUBLIC_P5MIN_202609232310_20260923230535.zip
2026-09-23 23:10:00,QLD1,2026-09-23 23:30:00,114.68,6059.81,0,PUBLIC_P5MIN_202609232310_20260923230535.zip
2026-09-23 23:10:00,QLD1,2026-09-23 23:35:00,166.87422,6051.81,0,PUBLIC_P5MIN_202609232310_20260923230535.zip
2026-09-23 23:10:00,QLD1,2026-09-23 23:40:00,189.75,6049.81,0,PUBLIC_P5MIN_202609232310_20260923230535.zip
2026-09-23 23:10:00,QLD1,2026-09-23 23:45:00,288.04618,6040.81,0,PUBLIC_P5MIN_202609232310_20260923230535.zip
2026-09-23 23:10:00,QLD1,2026-09-23 23:50:00,293.63335,6014.81,0,PUBLIC_P5MIN_202609232310_20260923230535.zip
2026-09-23 23:10:00,QLD1,2026-09-23 23:55:00,293.63335,5974.81,0,PUBLIC_P5MIN_202609232310_20260923230535.zip
2026-09-23 23:10:00,QLD1,2026-09-24 00:00:00,283.22515,5934.81,0,PUBLIC_P5MIN_202609232310_20260923230535.zip
2026-09-23 23:10:00,QLD1,2026-09-24 00:05:00,295.52232,5902.81,0,PUBLIC_P5MIN_202609232310_20260923230535.zip
2026-09-23 23:10:00,SA1,2026-09-23 23:10:00,117.81156,1346.65,0,PUBLIC_P5MIN_202609232310_20260923230535.zip
2026-09-23 23:10:00,SA1,2026-09-23 23:15:00,120.0,1338.65,0,PUBLIC_P5MIN_202609232310_20260923230535.zip
2026-09-23 23:10:00,SA1,2026-09-23 23:20:00,120.0,1331.65,0,PUBLIC_P5MIN_202609232310_20260923230535.zip
2026-09-23 23:10:00,SA1,2026-09-23 23:25:00,120.0,1323.65,0,PUBLIC_P5MIN_202609232310_20260923230535.zip
2026-09-23 23:10:00,SA1,2026-09-23 23:30:00,110.19518,1334.65,0,PUBLIC_P5MIN_202609232310_20260923230535.zip
2026-09-23 23:10:00,SA1,2026-09-23 23:35:00,143.78,1356.65,0,PUBLIC_P5MIN_202609232310_20260923230535.zip
2026-09-23 23:10:00,SA1,2026-09-23 23:40:00,160.14482,1375.65,0,PUBLIC_P5MIN_202609232310_20260923230535.zip
2026-09-23 23:10:00,SA1,2026-09-23 23:45:00,229.82992,1376.65,0,PUBLIC_P5MIN_202609232310_20260923230535.zip
2026-09-23 23:10:00,SA1,2026-09-23 23:50:00,227.69032,1374.65,0,PUBLIC_P5MIN_202609232310_20260923230535.zip
2026-09-23 23:10:00,SA1,2026-09-23 23:55:00,224.85011,1368.65,0,PUBLIC_P5MIN_202609232310_20260923230535.zip
2026-09-23 23:10:00,SA1,2026-09-24 00:00:00,214.3632,1364.65,0,PUBLIC_P5MIN_202609232310_20260923230535.zip
2026-09-23 23:10:00,SA1,2026-09-24 00:05:00,230.89043,1371.65,0,PUBLIC_P5MIN_202609232310_20260923230535.zip
2026-09-23 23:10:00,TAS1,2026-09-23 23:10:00,114.9829,1072.48,0,PUBLIC_P5MIN_202609232310_20260923230535.zip
2026-09-23 23:10:00,TAS1,2026-09-23 23:15:00,119.46472,1067.48,0,PUBLIC_P5MIN_202609232310_20260923230535.zip
2026-09-23 23:10:00,TAS1,2026-09-23 23:20:00,120.16,1062.48,0,PUBLIC_P5MIN_202609232310_20260923230535.zip
2026-09-23 23:10:00,TAS1,2026-09-23 23:25:00,119.98509,1058.48,0,PUBLIC_P5MIN_202609232310_20260923230535.zip
2026-09-23 23:10:00,TAS1,2026-09-23 23:30:00,109.75349,1054.48,0,PUBLIC_P5MIN_202609232310_20260923230535.zip
2026-09-23 23:10:00,TAS1,2026-09-23 23:35:00,152.28662,1051.48,0,PUBLIC_P5MIN_202609232310_20260923230535.zip
2026-09-23 23:10:00,TAS1,2026-09-23 23:40:00,169.09253,1048.48,0,PUBLIC_P5MIN_202609232310_20260923230535.zip
2026-09-23 23:10:00,TAS1,2026-09-23 23:45:00,247.09812,1044.48,0,PUBLIC_P5MIN_202609232310_20260923230535.zip
2026-09-23 23:10:00,TAS1,2026-09-23 23:50:00,245.16125,1040.48,0,PUBLIC_P5MIN_202609232310_20260923230535.zip
2026-09-23 23:10:00,TAS1,2026-09-23 23:55:00,241.34198,1036.48,0,PUBLIC_P5MIN_202609232310_20260923230535.zip
2026-09-23 23:10:00,TAS1,2026-09-24 00:00:00,229.49478,1033.48,0,PUBLIC_P5MIN_202609232310_20260923230535.zip
2026-09-23 23:10:00,TAS1,2026-09-24 00:05:00,251.73423,1031.48,0,PUBLIC_P5MIN_202609232310_20260923230535.zip
2026-09-23 23:10:00,VIC1,2026-09-23 23:10:00,123.35604,5492.52,0,PUBLIC_P5MIN_202609232310_20260923230535.zip
2026-09-23 23:10:00,VIC1,2026-09-23 23:15:00,127.3231,5521.52,0,PUBLIC_P5MIN_202609232310_20260923230535.zip
2026-09-23 23:10:00,VIC1,2026-09-23 23:20:00,128.77166,5520.52,0,PUBLIC_P5MIN_202609232310_20260923230535.zip
2026-09-23 23:10:00,VIC1,2026-09-23 23:25:00,128.27142,5516.52,0,PUBLIC_P5MIN_202609232310_20260923230535.zip
2026-09-23 23:10:00,VIC1,2026-09-23 23:30:00,117.33321,5512.52,0,PUBLIC_P5MIN_202609232310_20260923230535.zip
2026-09-23 23:10:00,VIC1,2026-09-23 23:35:00,164.32152,5492.52,0,PUBLIC_P5MIN_202609232310_20260923230535.zip
2026-09-23 23:10:00,VIC1,2026-09-23 23:40:00,183.02435,5457.52,0,PUBLIC_P5MIN_202609232310_20260923230535.zip
2026-09-23 23:10:00,VIC1,2026-09-23 23:45:00,268.29329,5411.52,0,PUBLIC_P5MIN_202609232310_20260923230535.zip
2026-09-23 23:10:00,VIC1,2026-09-23 23:50:00,266.19028,5367.52,0,PUBLIC_P5MIN_202609232310_20260923230535.zip
2026-09-23 23:10:00,VIC1,2026-09-23 23:55:00,262.04341,5322.52,0,PUBLIC_P5MIN_202609232310_20260923230535.zip
2026-09-23 23:10:00,VIC1,2026-09-24 00:00:00,249.18,5292.52,0,PUBLIC_P5MIN_202609232310_20260923230535.zip
2026-09-23 23:10:00,VIC1,2026-09-24 00:05:00,268.29329,5300.52,0,PUBLIC_P5MIN_202609232310_20260923230535.zip
2026-09-23 23:15:00,NSW1,2026-09-23 23:15:00,132.55,7766.19,0,PUBLIC_P5MIN_202609232315_20260923231034.zip
2026-09-23 23:15:00,NSW1,2026-09-23 23:20:00,138.0,7752.19,0,PUBLIC_P5MIN_202609232315_20260923231034.zip
2026-09-23 23:15:00,NSW1,2026-09-23 23:25:00,135.22176,7719.19,0,PUBLIC_P5MIN_202609232315_20260923231034.zip
2026-09-23 23:15:00,NSW1,2026-09-23 23:30:00,123.36469,7703.19,0,PUBLIC_P5MIN_202609232315_20260923231034.zip
2026-09-23 23:15:00,NSW1,2026-09-23 23:35:00,122.15,7689.19,0,PUBLIC_P5MIN_202609232315_20260923231034.zip
2026-09-23 23:15:00,NSW1,2026-09-23 23:40:00,122.15,7676.19,0,PUBLIC_P5MIN_202609232315_20260923231034.zip
2026-09-23 23:15:00,NSW1,2026-09-23 23:45:00,119.01,7649.19,0,PUBLIC_P5MIN_202609232315_20260923231034.zip
2026-09-23 23:15:00,NSW1,2026-09-23 23:50:00,119.01,7620.19,0,PUBLIC_P5MIN_202609232315_20260923231034.zip
2026-09-23 23:15:00,NSW1,2026-09-23 23:55:00,119.01,7585.19,0,PUBLIC_P5MIN_202609232315_20260923231034.zip
2026-09-23 23:15:00,NSW1,2026-09-24 00:00:00,118.85046,7560.19,0,PUBLIC_P5MIN_202609232315_20260923231034.zip
2026-09-23 23:15:00,NSW1,2026-09-24 00:05:00,122.15,7554.19,0,PUBLIC_P5MIN_202609232315_20260923231034.zip
2026-09-23 23:15:00,NSW1,2026-09-24 00:10:00,101.87317,7538.19,0,PUBLIC_P5MIN_202609232315_20260923231034.zip
2026-09-23 23:15:00,QLD1,2026-09-23 23:15:00,121.12,6109.48,0,PUBLIC_P5MIN_202609232315_20260923231034.zip
2026-09-23 23:15:00,QLD1,2026-09-23 23:20:00,117.40883,6074.48,0,PUBLIC_P5MIN_202609232315_20260923231034.zip
2026-09-23 23:15:00,QLD1,2026-09-23 23:25:00,114.68,6047.48,0,PUBLIC_P5MIN_202609232315_20260923231034.zip
2026-09-23 23:15:00,QLD1,2026-09-23 23:30:00,102.32877,6027.48,0,PUBLIC_P5MIN_202609232315_20260923231034.zip
2026-09-23 23:15:00,QLD1,2026-09-23 23:35:00,101.96549,6019.48,0,PUBLIC_P5MIN_202609232315_20260923231034.zip
2026-09-23 23:15:00,QLD1,2026-09-23 23:40:00,101.96549,6017.48,0,PUBLIC_P5MIN_202609232315_20260923231034.zip
2026-09-23 23:15:00,QLD1,2026-09-23 23:45:00,98.71663,6008.48,0,PUBLIC_P5MIN_202609232315_20260923231034.zip
2026-09-23 23:15:00,QLD1,2026-09-23 23:50:00,98.71663,5982.48,0,PUBLIC_P5MIN_202609232315_20260923231034.zip
2026-09-23 23:15:00,QLD1,2026-09-23 23:55:00,98.71663,5942.48,0,PUBLIC_P5MIN_202609232315_20260923231034.zip
2026-09-23 23:15:00,QLD1,2026-09-24 00:00:00,97.96149,5902.48,0,PUBLIC_P5MIN_202609232315_20260923231034.zip
2026-09-23 23:15:00,QLD1,2026-09-24 00:05:00,100.6811,5868.48,0,PUBLIC_P5MIN_202609232315_20260923231034.zip
2026-09-23 23:15:00,QLD1,2026-09-24 00:10:00,81.35,5839.48,0,PUBLIC_P5MIN_202609232315_20260923231034.zip
2026-09-23 23:15:00,SA1,2026-09-23 23:15:00,120.3,1316.17,0,PUBLIC_P5MIN_202609232315_20260923231034.zip
2026-09-23 23:15:00,SA1,2026-09-23 23:20:00,120.121,1309.17,0,PUBLIC_P5MIN_202609232315_20260923231034.zip
2026-09-23 23:15:00,SA1,2026-09-23 23:25:00,120.0,1301.17,0,PUBLIC_P5MIN_202609232315_20260923231034.zip
2026-09-23 23:15:00,SA1,2026-09-23 23:30:00,110.42803,1312.17,0,PUBLIC_P5MIN_202609232315_20260923231034.zip
2026-09-23 23:15:00,SA1,2026-09-23 23:35:00,108.47,1334.17,0,PUBLIC_P5MIN_202609232315_20260923231034.zip
2026-09-23 23:15:00,SA1,2026-09-23 23:40:00,107.17045,1353.17,0,PUBLIC_P5MIN_202609232315_20260923231034.zip
2026-09-23 23:15:00,SA1,2026-09-23 23:45:00,103.66578,1354.17,0,PUBLIC_P5MIN_202609232315_20260923231034.zip
2026-09-23 23:15:00,SA1,2026-09-23 23:50:00,101.95879,1352.17,0,PUBLIC_P5MIN_202609232315_20260923231034.zip
2026-09-23 23:15:00,SA1,2026-09-23 23:55:00,101.02,1346.17,0,PUBLIC_P5MIN_202609232315_20260923231034.zip
2026-09-23 23:15:00,SA1,2026-09-24 00:00:00,101.02,1342.17,0,PUBLIC_P5MIN_202609232315_20260923231034.zip
2026-09-23 23:15:00,SA1,2026-09-24 00:05:00,109.72234,1349.17,0,PUBLIC_P5MIN_202609232315_20260923231034.zip
2026-09-23 23:15:00,SA1,2026-09-24 00:10:00,95.57156,1353.17,0,PUBLIC_P5MIN_202609232315_20260923231034.zip
2026-09-23 23:15:00,TAS1,2026-09-23 23:15:00,120.59582,1067.82,0,PUBLIC_P5MIN_202609232315_20260923231034.zip
2026-09-23 23:15:00,TAS1,2026-09-23 23:20:00,121.27838,1062.82,0,PUBLIC_P5MIN_202609232315_20260923231034.zip
2026-09-23 23:15:00,TAS1,2026-09-23 23:25:00,120.16,1057.82,0,PUBLIC_P5MIN_202609232315_20260923231034.zip
2026-09-23 23:15:00,TAS1,2026-09-23 23:30:00,110.8449,1053.82,0,PUBLIC_P5MIN_202609232315_20260923231034.zip
2026-09-23 23:15:00,TAS1,2026-09-23 23:35:00,108.87948,1050.82,0,PUBLIC_P5MIN_202609232315_20260923231034.zip
2026-09-23 23:15:00,TAS1,2026-09-23 23:40:00,107.15713,1047.82,0,PUBLIC_P5MIN_202609232315_20260923231034.zip
2026-09-23 23:15:00,TAS1,2026-09-23 23:45:00,103.25686,1043.82,0,PUBLIC_P5MIN_202609232315_20260923231034.zip
2026-09-23 23:15:00,TAS1,2026-09-23 23:50:00,101.63224,1039.82,0,PUBLIC_P5MIN_202609232315_20260923231034.zip
2026-09-23 23:15:00,TAS1,2026-09-23 23:55:00,100.83162,1035.82,0,PUBLIC_P5MIN_202609232315_20260923231034.zip
2026-09-23 23:15:00,TAS1,2026-09-24 00:00:00,100.38546,1032.82,0,PUBLIC_P5MIN_202609232315_20260923231034.zip
2026-09-23 23:15:00,TAS1,2026-09-24 00:05:00,109.67689,1030.82,0,PUBLIC_P5MIN_202609232315_20260923231034.zip
2026-09-23 23:15:00,TAS1,2026-09-24 00:10:00,93.69113,1027.82,0,PUBLIC_P5MIN_202609232315_20260923231034.zip
2026-09-23 23:15:00,VIC1,2026-09-23 23:15:00,130.60761,5569.07,0,PUBLIC_P5MIN_202609232315_20260923231034.zip
2026-09-23 23:15:00,VIC1,2026-09-23 23:20:00,130.45736,5569.07,0,PUBLIC_P5MIN_202609232315_20260923231034.zip
2026-09-23 23:15:00,VIC1,2026-09-23 23:25:00,128.85515,5565.07,0,PUBLIC_P5MIN_202609232315_20260923231034.zip
2026-09-23 23:15:00,VIC1,2026-09-23 23:30:00,118.5,5561.07,0,PUBLIC_P5MIN_202609232315_20260923231034.zip
2026-09-23 23:15:00,VIC1,2026-09-23 23:35:00,116.39884,5541.07,0,PUBLIC_P5MIN_202609232315_20260923231034.zip
2026-09-23 23:15:00,VIC1,2026-09-23 23:40:00,114.55754,5506.07,0,PUBLIC_P5MIN_202609232315_20260923231034.zip
2026-09-23 23:15:00,VIC1,2026-09-23 23:45:00,110.72884,5460.07,0,PUBLIC_P5MIN_202609232315_20260923231034.zip
2026-09-23 23:15:00,VIC1,2026-09-23 23:50:00,108.98666,5416.07,0,PUBLIC_P5MIN_202609232315_20260923231034.zip
2026-09-23 23:15:00,VIC1,2026-09-23 23:55:00,108.12811,5371.07,0,PUBLIC_P5MIN_202609232315_20260923231034.zip
2026-09-23 23:15:00,VIC1,2026-09-24 00:00:00,107.98316,5341.07,0,PUBLIC_P5MIN_202609232315_20260923231034.zip
2026-09-23 23:15:00,VIC1,2026-09-24 00:05:00,115.47367,5348.07,0,PUBLIC_P5MIN_202609232315_20260923231034.zip
2026-09-23 23:15:00,VIC1,2026-09-24 00:10:00,98.64301,5315.07,0,PUBLIC_P5MIN_202609232315_20260923231034.zip
2026-09-23 23:20:00,NSW1,2026-09-23 23:20:00,112.98,7684.51,0,PUBLIC_P5MIN_202609232320_20260923231533.zip
2026-09-23 23:20:00,NSW1,2026-09-23 23:25:00,114.95,7652.51,0,PUBLIC_P5MIN_202609232320_20260923231533.zip
2026-09-23 23:20:00,NSW1,2026-09-23 23:30:00,114.54,7637.51,0,PUBLIC_P5MIN_202609232320_20260923231533.zip
2026-09-23 23:20:00,NSW1,2026-09-23 23:35:00,119.01,7623.51,0,PUBLIC_P5MIN_202609232320_20260923231533.zip
2026-09-23 23:20:00,NSW1,2026-09-23 23:40:00,119.01,7610.51,0,PUBLIC_P5MIN_202609232320_20260923231533.zip
2026-09-23 23:20:00,NSW1,2026-09-23 23:45:00,119.01,7583.51,0,PUBLIC_P5MIN_202609232320_20260923231533.zip
2026-09-23 23:20:00,NSW1,2026-09-23 23:50:00,117.43995,7554.51,0,PUBLIC_P5MIN_202609232320_20260923231533.zip
2026-09-23 23:20:00,NSW1,2026-09-23 23:55:00,116.07668,7519.51,0,PUBLIC_P5MIN_202609232320_20260923231533.zip
2026-09-23 23:20:00,NSW1,2026-09-24 00:00:00,114.54,7494.51,0,PUBLIC_P5MIN_202609232320_20260923231533.zip
2026-09-23 23:20:00,NSW1,2026-09-24 00:05:00,122.15,7485.51,0,PUBLIC_P5MIN_202609232320_20260923231533.zip
2026-09-23 23:20:00,NSW1,2026-09-24 00:10:00,122.15,7469.51,0,PUBLIC_P5MIN_202609232320_20260923231533.zip
2026-09-23 23:20:00,NSW1,2026-09-24 00:15:00,122.15,7452.51,0,PUBLIC_P5MIN_202609232320_20260923231533.zip
2026-09-23 23:20:00,QLD1,2026-09-23 23:20:00,303.0,6053.88,0,PUBLIC_P5MIN_202609232320_20260923231533.zip
2026-09-23 23:20:00,QLD1,2026-09-23 23:25:00,303.0,6052.88,0,PUBLIC_P5MIN_202609232320_20260923231533.zip
2026-09-23 23:20:00,QLD1,2026-09-23 23:30:00,303.0,6026.88,0,PUBLIC_P5MIN_202609232320_20260923231533.zip
2026-09-23 23:20:00,QLD1,2026-09-23 23:35:00,303.0,6018.88,0,PUBLIC_P5MIN_202609232320_20260923231533.zip
2026-09-23 23:20:00,QLD1,2026-09-23 23:40:00,303.0,6016.88,0,PUBLIC_P5MIN_202609232320_20260923231533.zip
2026-09-23 23:20:00,QLD1,2026-09-23 23:45:00,303.0,6007.88,0,PUBLIC_P5MIN_202609232320_20260923231533.zip
2026-09-23 23:20:00,QLD1,2026-09-23 23:50:00,303.0,5981.88,0,PUBLIC_P5MIN_202609232320_20260923231533.zip
2026-09-23 23:20:00,QLD1,2026-09-23 23:55:00,303.0,5941.88,0,PUBLIC_P5MIN_202609232320_20260923231533.zip
2026-09-23 23:20:00,QLD1,2026-09-24 00:00:00,303.0,5901.88,0,PUBLIC_P5MIN_202609232320_20260923231533.zip
2026-09-23 23:20:00,QLD1,2026-09-24 00:05:00,303.0,5869.88,0,PUBLIC_P5MIN_202609232320_20260923231533.zip
2026-09-23 23:20:00,QLD1,2026-09-24 00:10:00,303.0,5841.88,0,PUBLIC_P5MIN_202609232320_20260923231533.zip
2026-09-23 23:20:00,QLD1,2026-09-24 00:15:00,303.0,5814.88,0,PUBLIC_P5MIN_202609232320_20260923231533.zip
2026-09-23 23:20:00,SA1,2026-09-23 23:20:00,106.66985,1318.61,0,PUBLIC_P5MIN_202609232320_20260923231533.zip
2026-09-23 23:20:00,SA1,2026-09-23 23:25:00,101.67979,1305.61,0,PUBLIC_P5MIN_202609232320_20260923231533.zip
2026-09-23 23:20:00,SA1,2026-09-23 23:30:00,101.31713,1317.61,0,PUBLIC_P5MIN_202609232320_20260923231533.zip
2026-09-23 23:20:00,SA1,2026-09-23 23:35:00,104.84166,1339.61,0,PUBLIC_P5MIN_202609232320_20260923231533.zip
2026-09-23 23:20:00,SA1,2026-09-23 23:40:00,105.25053,1358.61,0,PUBLIC_P5MIN_202609232320_20260923231533.zip
2026-09-23 23:20:00,SA1,2026-09-23 23:45:00,103.45,1359.61,0,PUBLIC_P5MIN_202609232320_20260923231533.zip
2026-09-23 23:20:00,SA1,2026-09-23 23:50:00,101.02,1357.61,0,PUBLIC_P5MIN_202609232320_20260923231533.zip
2026-09-23 23:20:00,SA1,2026-09-23 23:55:00,101.02,1351.61,0,PUBLIC_P5MIN_202609232320_20260923231533.zip
2026-09-23 23:20:00,SA1,2026-09-24 00:00:00,100.44,1347.61,0,PUBLIC_P5MIN_202609232320_20260923231533.zip
2026-09-23 23:20:00,SA1,2026-09-24 00:05:00,109.72234,1354.61,0,PUBLIC_P5MIN_202609232320_20260923231533.zip
2026-09-23 23:20:00,SA1,2026-09-24 00:10:00,111.90022,1358.61,0,PUBLIC_P5MIN_202609232320_20260923231533.zip
2026-09-23 23:20:00,SA1,2026-09-24 00:15:00,113.23827,1361.61,0,PUBLIC_P5MIN_202609232320_20260923231533.zip
2026-09-23 23:20:00,TAS1,2026-09-23 23:20:00,106.36497,1070.43,0,PUBLIC_P5MIN_202609232320_20260923231533.zip
2026-09-23 23:20:00,TAS1,2026-09-23 23:25:00,102.77716,1065.43,0,PUBLIC_P5MIN_202609232320_20260923231533.zip
2026-09-23 23:20:00,TAS1,2026-09-23 23:30:00,102.41058,1061.43,0,PUBLIC_P5MIN_202609232320_20260923231533.zip
2026-09-23 23:20:00,TAS1,2026-09-23 23:35:00,105.23745,1058.43,0,PUBLIC_P5MIN_202609232320_20260923231533.zip
2026-09-23 23:20:00,TAS1,2026-09-23 23:40:00,105.23745,1055.43,0,PUBLIC_P5MIN_202609232320_20260923231533.zip
2026-09-23 23:20:00,TAS1,2026-09-23 23:45:00,103.57575,1051.43,0,PUBLIC_P5MIN_202609232320_20260923231533.zip
2026-09-23 23:20:00,TAS1,2026-09-23 23:50:00,101.08915,1047.43,0,PUBLIC_P5MIN_202609232320_20260923231533.zip
2026-09-23 23:20:00,TAS1,2026-09-23 23:55:00,99.91568,1043.43,0,PUBLIC_P5MIN_202609232320_20260923231533.zip
2026-09-23 23:20:00,TAS1,2026-09-24 00:00:00,98.57181,1040.43,0,PUBLIC_P5MIN_202609232320_20260923231533.zip
2026-09-23 23:20:00,TAS1,2026-09-24 00:05:00,110.20689,1038.43,0,PUBLIC_P5MIN_202609232320_20260923231533.zip
2026-09-23 23:20:00,TAS1,2026-09-24 00:10:00,111.08562,1035.43,0,PUBLIC_P5MIN_202609232320_20260923231533.zip
2026-09-23 23:20:00,TAS1,2026-09-24 00:15:00,111.44308,1032.43,0,PUBLIC_P5MIN_202609232320_20260923231533.zip
2026-09-23 23:20:00,VIC1,2026-09-23 23:20:00,114.12454,5555.86,0,PUBLIC_P5MIN_202609232320_20260923231533.zip
2026-09-23 23:20:00,VIC1,2026-09-23 23:25:00,109.53784,5529.86,0,PUBLIC_P5MIN_202609232320_20260923231533.zip
2026-09-23 23:20:00,VIC1,2026-09-23 23:30:00,109.14714,5530.86,0,PUBLIC_P5MIN_202609232320_20260923231533.zip
2026-09-23 23:20:00,VIC1,2026-09-23 23:35:00,112.50529,5510.86,0,PUBLIC_P5MIN_202609232320_20260923231533.zip
2026-09-23 23:20:00,VIC1,2026-09-23 23:40:00,112.50529,5475.86,0,PUBLIC_P5MIN_202609232320_20260923231533.zip
2026-09-23 23:20:00,VIC1,2026-09-23 23:45:00,110.72884,5429.86,0,PUBLIC_P5MIN_202609232320_20260923231533.zip
2026-09-23 23:20:00,VIC1,2026-09-23 23:50:00,108.40427,5385.86,0,PUBLIC_P5MIN_202609232320_20260923231533.zip
2026-09-23 23:20:00,VIC1,2026-09-23 23:55:00,107.14589,5340.86,0,PUBLIC_P5MIN_202609232320_20260923231533.zip
2026-09-23 23:20:00,VIC1,2026-09-24 00:00:00,105.70477,5310.86,0,PUBLIC_P5MIN_202609232320_20260923231533.zip
2026-09-23 23:20:00,VIC1,2026-09-24 00:05:00,115.47367,5318.86,0,PUBLIC_P5MIN_202609232320_20260923231533.zip
2026-09-23 23:20:00,VIC1,2026-09-24 00:10:00,116.39884,5283.86,0,PUBLIC_P5MIN_202609232320_20260923231533.zip
2026-09-23 23:20:00,VIC1,2026-09-24 00:15:00,117.33321,5251.86,0,PUBLIC_P5MIN_202609232320_20260923231533.zip
2026-09-23 23:25:00,NSW1,2026-09-23 23:25:00,111.6615,7623.42,0,PUBLIC_P5MIN_202609232325_20260923232034.zip
2026-09-23 23:25:00,NSW1,2026-09-23 23:30:00,112.98,7603.42,0,PUBLIC_P5MIN_202609232325_20260923232034.zip
2026-09-23 23:25:00,NSW1,2026-09-23 23:35:00,119.01,7590.42,0,PUBLIC_P5MIN_202609232325_20260923232034.zip
2026-09-23 23:25:00,NSW1,2026-09-23 23:40:00,119.01,7577.42,0,PUBLIC_P5MIN_202609232325_20260923232034.zip
2026-09-23 23:25:00,NSW1,2026-09-23 23:45:00,114.26625,7550.42,0,PUBLIC_P5MIN_202609232325_20260923232034.zip
2026-09-23 23:25:00,NSW1,2026-09-23 23:50:00,103.22408,7521.42,0,PUBLIC_P5MIN_202609232325_20260923232034.zip
2026-09-23 23:25:00,NSW1,2026-09-23 23:55:00,100.14223,7486.42,0,PUBLIC_P5MIN_202609232325_20260923232034.zip
2026-09-23 23:25:00,NSW1,2026-09-24 00:00:00,98.62107,7461.42,0,PUBLIC_P5MIN_202609232325_20260923232034.zip
2026-09-23 23:25:00,NSW1,2026-09-24 00:05:00,104.77425,7452.42,0,PUBLIC_P5MIN_202609232325_20260923232034.zip
2026-09-23 23:25:00,NSW1,2026-09-24 00:10:00,119.01,7436.42,0,PUBLIC_P5MIN_202609232325_20260923232034.zip
2026-09-23 23:25:00,NSW1,2026-09-24 00:15:00,119.01,7419.42,0,PUBLIC_P5MIN_202609232325_20260923232034.zip
2026-09-23 23:25:00,NSW1,2026-09-24 00:20:00,119.01,7402.42,0,PUBLIC_P5MIN_202609232325_20260923232034.zip
2026-09-23 23:25:00,QLD1,2026-09-23 23:25:00,194.03903,5976.14,0,PUBLIC_P5MIN_202609232325_20260923232034.zip
2026-09-23 23:25:00,QLD1,2026-09-23 23:30:00,303.0,5942.14,0,PUBLIC_P5MIN_202609232325_20260923232034.zip
2026-09-23 23:25:00,QLD1,2026-09-23 23:35:00,303.0,5937.14,0,PUBLIC_P5MIN_202609232325_20260923232034.zip
2026-09-23 23:25:00,QLD1,2026-09-23 23:40:00,303.0,5935.14,0,PUBLIC_P5MIN_202609232325_20260923232034.zip
2026-09-23 23:25:00,QLD1,2026-09-23 23:45:00,303.0,5926.14,0,PUBLIC_P5MIN_202609232325_20260923232034.zip
2026-09-23 23:25:00,QLD1,2026-09-23 23:50:00,303.0,5900.14,0,PUBLIC_P5MIN_202609232325_20260923232034.zip
2026-09-23 23:25:00,QLD1,2026-09-23 23:55:00,302.99,5860.14,0,PUBLIC_P5MIN_202609232325_20260923232034.zip
2026-09-23 23:25:00,QLD1,2026-09-24 00:00:00,302.99,5820.14,0,PUBLIC_P5MIN_202609232325_20260923232034.zip
2026-09-23 23:25:00,QLD1,2026-09-24 00:05:00,303.0,5783.14,0,PUBLIC_P5MIN_202609232325_20260923232034.zip
2026-09-23 23:25:00,QLD1,2026-09-24 00:10:00,303.0,5755.14,0,PUBLIC_P5MIN_202609232325_20260923232034.zip
2026-09-23 23:25:00,QLD1,2026-09-24 00:15:00,303.0,5729.14,0,PUBLIC_P5MIN_202609232325_20260923232034.zip
2026-09-23 23:25:00,QLD1,2026-09-24 00:20:00,303.0,5700.14,0,PUBLIC_P5MIN_202609232325_20260923232034.zip
2026-09-23 23:25:00,SA1,2026-09-23 23:25:00,106.1275,1341.86,0,PUBLIC_P5MIN_202609232325_20260923232034.zip
2026-09-23 23:25:00,SA1,2026-09-23 23:30:00,101.02,1345.86,0,PUBLIC_P5MIN_202609232325_20260923232034.zip
2026-09-23 23:25:00,SA1,2026-09-23 23:35:00,104.41551,1369.86,0,PUBLIC_P5MIN_202609232325_20260923232034.zip
2026-09-23 23:25:00,SA1,2026-09-23 23:40:00,103.66578,1388.86,0,PUBLIC_P5MIN_202609232325_20260923232034.zip
2026-09-23 23:25:00,SA1,2026-09-23 23:45:00,101.02,1389.86,0,PUBLIC_P5MIN_202609232325_20260923232034.zip
2026-09-23 23:25:00,SA1,2026-09-23 23:50:00,91.97092,1387.86,0,PUBLIC_P5MIN_202609232325_20260923232034.zip
2026-09-23 23:25:00,SA1,2026-09-23 23:55:00,89.22504,1381.86,0,PUBLIC_P5MIN_202609232325_20260923232034.zip
2026-09-23 23:25:00,SA1,2026-09-24 00:00:00,87.52844,1377.86,0,PUBLIC_P5MIN_202609232325_20260923232034.zip
2026-09-23 23:25:00,SA1,2026-09-24 00:05:00,95.59086,1385.86,0,PUBLIC_P5MIN_202609232325_20260923232034.zip
2026-09-23 23:25:00,SA1,2026-09-24 00:10:00,108.94053,1388.86,0,PUBLIC_P5MIN_202609232325_20260923232034.zip
2026-09-23 23:25:00,SA1,2026-09-24 00:15:00,109.81336,1390.86,0,PUBLIC_P5MIN_202609232325_20260923232034.zip
2026-09-23 23:25:00,SA1,2026-09-24 00:20:00,108.57885,1392.86,0,PUBLIC_P5MIN_202609232325_20260923232034.zip
2026-09-23 23:25:00,TAS1,2026-09-23 23:25:00,105.20161,1068.97,0,PUBLIC_P5MIN_202609232325_20260923232034.zip
2026-09-23 23:25:00,TAS1,2026-09-23 23:30:00,100.53284,1062.97,0,PUBLIC_P5MIN_202609232325_20260923232034.zip
2026-09-23 23:25:00,TAS1,2026-09-23 23:35:00,104.72398,1059.97,0,PUBLIC_P5MIN_202609232325_20260923232034.zip
2026-09-23 23:25:00,TAS1,2026-09-23 23:40:00,103.89465,1056.97,0,PUBLIC_P5MIN_202609232325_20260923232034.zip
2026-09-23 23:25:00,TAS1,2026-09-23 23:45:00,99.44721,1052.97,0,PUBLIC_P5MIN_202609232325_20260923232034.zip
2026-09-23 23:25:00,TAS1,2026-09-23 23:50:00,89.83709,1048.97,0,PUBLIC_P5MIN_202609232325_20260923232034.zip
2026-09-23 23:25:00,TAS1,2026-09-23 23:55:00,88.22,1044.97,0,PUBLIC_P5MIN_202609232325_20260923232034.zip
2026-09-23 23:25:00,TAS1,2026-09-24 00:00:00,88.2,1041.97,0,PUBLIC_P5MIN_202609232325_20260923232034.zip
2026-09-23 23:25:00,TAS1,2026-09-24 00:05:00,94.92069,1039.97,0,PUBLIC_P5MIN_202609232325_20260923232034.zip
2026-09-23 23:25:00,TAS1,2026-09-24 00:10:00,107.38752,1036.97,0,PUBLIC_P5MIN_202609232325_20260923232034.zip
2026-09-23 23:25:00,TAS1,2026-09-24 00:15:00,108.25367,1033.97,0,PUBLIC_P5MIN_202609232325_20260923232034.zip
2026-09-23 23:25:00,TAS1,2026-09-24 00:20:00,107.40752,1030.97,0,PUBLIC_P5MIN_202609232325_20260923232034.zip
2026-09-23 23:25:00,VIC1,2026-09-23 23:25:00,112.86,5471.95,0,PUBLIC_P5MIN_202609232325_20260923232034.zip
2026-09-23 23:25:00,VIC1,2026-09-23 23:30:00,107.14589,5471.95,0,PUBLIC_P5MIN_202609232325_20260923232034.zip
2026-09-23 23:25:00,VIC1,2026-09-23 23:35:00,111.61272,5451.95,0,PUBLIC_P5MIN_202609232325_20260923232034.zip
2026-09-23 23:25:00,VIC1,2026-09-23 23:40:00,110.72884,5416.95,0,PUBLIC_P5MIN_202609232325_20260923232034.zip
2026-09-23 23:25:00,VIC1,2026-09-23 23:45:00,106.31517,5370.95,0,PUBLIC_P5MIN_202609232325_20260923232034.zip
2026-09-23 23:25:00,VIC1,2026-09-23 23:50:00,96.04136,5326.95,0,PUBLIC_P5MIN_202609232325_20260923232034.zip
2026-09-23 23:25:00,VIC1,2026-09-23 23:55:00,93.17396,5281.95,0,PUBLIC_P5MIN_202609232325_20260923232034.zip
2026-09-23 23:25:00,VIC1,2026-09-24 00:00:00,91.75865,5251.95,0,PUBLIC_P5MIN_202609232325_20260923232034.zip
2026-09-23 23:25:00,VIC1,2026-09-24 00:05:00,99.04762,5263.95,0,PUBLIC_P5MIN_202609232325_20260923232034.zip
2026-09-23 23:25:00,VIC1,2026-09-24 00:10:00,112.50529,5228.95,0,PUBLIC_P5MIN_202609232325_20260923232034.zip
2026-09-23 23:25:00,VIC1,2026-09-24 00:15:00,113.40668,5195.95,0,PUBLIC_P5MIN_202609232325_20260923232034.zip
2026-09-23 23:25:00,VIC1,2026-09-24 00:20:00,112.50529,5166.95,0,PUBLIC_P5MIN_202609232325_20260923232034.zip
2026-09-23 23:30:00,NSW1,2026-09-23 23:30:00,112.98,7631.14,0,PUBLIC_P5MIN_202609232330_20260923232534.zip
2026-09-23 23:30:00,NSW1,2026-09-23 23:35:00,122.15,7631.14,0,PUBLIC_P5MIN_202609232330_20260923232534.zip
2026-09-23 23:30:00,NSW1,2026-09-23 23:40:00,119.01,7615.14,0,PUBLIC_P5MIN_202609232330_20260923232534.zip
2026-09-23 23:30:00,NSW1,2026-09-23 23:45:00,119.01,7588.14,0,PUBLIC_P5MIN_202609232330_20260923232534.zip
2026-09-23 23:30:00,NSW1,2026-09-23 23:50:00,116.89667,7559.14,0,PUBLIC_P5MIN_202609232330_20260923232534.zip
2026-09-23 23:30:00,NSW1,2026-09-23 23:55:00,110.40009,7524.14,0,PUBLIC_P5MIN_202609232330_20260923232534.zip
2026-09-23 23:30:00,NSW1,2026-09-24 00:00:00,107.28308,7499.14,0,PUBLIC_P5MIN_202609232330_20260923232534.zip
2026-09-23 23:30:00,NSW1,2026-09-24 00:05:00,119.01,7488.14,0,PUBLIC_P5MIN_202609232330_20260923232534.zip
2026-09-23 23:30:00,NSW1,2026-09-24 00:10:00,122.15,7473.14,0,PUBLIC_P5MIN_202609232330_20260923232534.zip
2026-09-23 23:30:00,NSW1,2026-09-24 00:15:00,122.15,7457.14,0,PUBLIC_P5MIN_202609232330_20260923232534.zip
2026-09-23 23:30:00,NSW1,2026-09-24 00:20:00,122.15,7442.14,0,PUBLIC_P5MIN_202609232330_20260923232534.zip
2026-09-23 23:30:00,NSW1,2026-09-24 00:25:00,122.15,7426.14,0,PUBLIC_P5MIN_202609232330_20260923232534.zip
2026-09-23 23:30:00,QLD1,2026-09-23 23:30:00,175.11,5921.45,0,PUBLIC_P5MIN_202609232330_20260923232534.zip
2026-09-23 23:30:00,QLD1,2026-09-23 23:35:00,303.0,5934.45,0,PUBLIC_P5MIN_202609232330_20260923232534.zip
2026-09-23 23:30:00,QLD1,2026-09-23 23:40:00,283.66602,5928.45,0,PUBLIC_P5MIN_202609232330_20260923232534.zip
2026-09-23 23:30:00,QLD1,2026-09-23 23:45:00,303.0,5919.45,0,PUBLIC_P5MIN_202609232330_20260923232534.zip
2026-09-23 23:30:00,QLD1,2026-09-23 23:50:00,303.0,5893.45,0,PUBLIC_P5MIN_202609232330_20260923232534.zip
2026-09-23 23:30:00,QLD1,2026-09-23 23:55:00,303.0,5853.45,0,PUBLIC_P5MIN_202609232330_20260923232534.zip
2026-09-23 23:30:00,QLD1,2026-09-24 00:00:00,302.99,5813.45,0,PUBLIC_P5MIN_202609232330_20260923232534.zip
2026-09-23 23:30:00,QLD1,2026-09-24 00:05:00,303.0,5776.45,0,PUBLIC_P5MIN_202609232330_20260923232534.zip
2026-09-23 23:30:00,QLD1,2026-09-24 00:10:00,303.0,5749.45,0,PUBLIC_P5MIN_202609232330_20260923232534.zip
2026-09-23 23:30:00,QLD1,2026-09-24 00:15:00,303.0,5724.45,0,PUBLIC_P5MIN_202609232330_20260923232534.zip
2026-09-23 23:30:00,QLD1,2026-09-24 00:20:00,303.0,5696.45,0,PUBLIC_P5MIN_202609232330_20260923232534.zip
2026-09-23 23:30:00,QLD1,2026-09-24 00:25:00,303.0,5668.45,0,PUBLIC_P5MIN_202609232330_20260923232534.zip
2026-09-23 23:30:00,SA1,2026-09-23 23:30:00,105.65379,1352.1,0,PUBLIC_P5MIN_202609232330_20260923232534.zip
2026-09-23 23:30:00,SA1,2026-09-23 23:35:00,106.33939,1377.1,0,PUBLIC_P5MIN_202609232330_20260923232534.zip
2026-09-23 23:30:00,SA1,2026-09-23 23:40:00,104.00989,1395.1,0,PUBLIC_P5MIN_202609232330_20260923232534.zip
2026-09-23 23:30:00,SA1,2026-09-23 23:45:00,101.97283,1396.1,0,PUBLIC_P5MIN_202609232330_20260923232534.zip
2026-09-23 23:30:00,SA1,2026-09-23 23:50:00,101.02,1394.1,0,PUBLIC_P5MIN_202609232330_20260923232534.zip
2026-09-23 23:30:00,SA1,2026-09-23 23:55:00,96.83048,1388.1,0,PUBLIC_P5MIN_202609232330_20260923232534.zip
2026-09-23 23:30:00,SA1,2026-09-24 00:00:00,93.35406,1384.1,0,PUBLIC_P5MIN_202609232330_20260923232534.zip
2026-09-23 23:30:00,SA1,2026-09-24 00:05:00,106.05369,1393.1,0,PUBLIC_P5MIN_202609232330_20260923232534.zip
2026-09-23 23:30:00,SA1,2026-09-24 00:10:00,111.90022,1397.1,0,PUBLIC_P5MIN_202609232330_20260923232534.zip
2026-09-23 23:30:00,SA1,2026-09-24 00:15:00,111.90022,1399.1,0,PUBLIC_P5MIN_202609232330_20260923232534.zip
2026-09-23 23:30:00,SA1,2026-09-24 00:20:00,111.46561,1401.1,0,PUBLIC_P5MIN_202609232330_20260923232534.zip
2026-09-23 23:30:00,SA1,2026-09-24 00:25:00,110.57964,1402.1,0,PUBLIC_P5MIN_202609232330_20260923232534.zip
2026-09-23 23:30:00,TAS1,2026-09-23 23:30:00,105.61215,1065.17,0,PUBLIC_P5MIN_202609232330_20260923232534.zip
2026-09-23 23:30:00,TAS1,2026-09-23 23:35:00,107.48705,1061.17,0,PUBLIC_P5MIN_202609232330_20260923232534.zip
2026-09-23 23:30:00,TAS1,2026-09-23 23:40:00,104.72398,1058.17,0,PUBLIC_P5MIN_202609232330_20260923232534.zip
2026-09-23 23:30:00,TAS1,2026-09-23 23:45:00,102.75699,1054.17,0,PUBLIC_P5MIN_202609232330_20260923232534.zip
2026-09-23 23:30:00,TAS1,2026-09-23 23:50:00,100.93227,1050.17,0,PUBLIC_P5MIN_202609232330_20260923232534.zip
2026-09-23 23:30:00,TAS1,2026-09-23 23:55:00,95.32292,1046.17,0,PUBLIC_P5MIN_202609232330_20260923232534.zip
2026-09-23 23:30:00,TAS1,2026-09-24 00:00:00,91.61767,1043.17,0,PUBLIC_P5MIN_202609232330_20260923232534.zip
2026-09-23 23:30:00,TAS1,2026-09-24 00:05:00,106.3312,1041.17,0,PUBLIC_P5MIN_202609232330_20260923232534.zip
2026-09-23 23:30:00,TAS1,2026-09-24 00:10:00,110.89085,1038.17,0,PUBLIC_P5MIN_202609232330_20260923232534.zip
2026-09-23 23:30:00,TAS1,2026-09-24 00:15:00,110.55562,1035.17,0,PUBLIC_P5MIN_202609232330_20260923232534.zip
2026-09-23 23:30:00,TAS1,2026-09-24 00:20:00,110.55562,1032.17,0,PUBLIC_P5MIN_202609232330_20260923232534.zip
2026-09-23 23:30:00,TAS1,2026-09-24 00:25:00,109.67689,1030.17,0,PUBLIC_P5MIN_202609232330_20260923232534.zip
2026-09-23 23:30:00,VIC1,2026-09-23 23:30:00,113.31386,5538.18,0,PUBLIC_P5MIN_202609232330_20260923232534.zip
2026-09-23 23:30:00,VIC1,2026-09-23 23:35:00,114.55754,5512.18,0,PUBLIC_P5MIN_202609232330_20260923232534.zip
2026-09-23 23:30:00,VIC1,2026-09-23 23:40:00,111.61272,5478.18,0,PUBLIC_P5MIN_202609232330_20260923232534.zip
2026-09-23 23:30:00,VIC1,2026-09-23 23:45:00,109.85353,5432.18,0,PUBLIC_P5MIN_202609232330_20260923232534.zip
2026-09-23 23:30:00,VIC1,2026-09-23 23:50:00,107.90279,5388.18,0,PUBLIC_P5MIN_202609232330_20260923232534.zip
2026-09-23 23:30:00,VIC1,2026-09-23 23:55:00,101.90605,5343.18,0,PUBLIC_P5MIN_202609232330_20260923232534.zip
2026-09-23 23:30:00,VIC1,2026-09-24 00:00:00,98.2474,5313.18,0,PUBLIC_P5MIN_202609232330_20260923232534.zip
2026-09-23 23:30:00,VIC1,2026-09-24 00:05:00,111.61272,5324.18,0,PUBLIC_P5MIN_202609232330_20260923232534.zip
2026-09-23 23:30:00,VIC1,2026-09-24 00:10:00,116.39884,5289.18,0,PUBLIC_P5MIN_202609232330_20260923232534.zip
2026-09-23 23:30:00,VIC1,2026-09-24 00:15:00,116.39884,5256.18,0,PUBLIC_P5MIN_202609232330_20260923232534.zip
2026-09-23 23:30:00,VIC1,2026-09-24 00:20:00,116.39884,5228.18,0,PUBLIC_P5MIN_202609232330_20260923232534.zip
2026-09-23 23:30:00,VIC1,2026-09-24 00:25:00,115.47367,5200.18,0,PUBLIC_P5MIN_202609232330_20260923232534.zip
2026-09-23 23:35:00,NSW1,2026-09-23 23:35:00,117.23,7627.09,0,PUBLIC_P5MIN_202609232335_20260923233033.zip
2026-09-23 23:35:00,NSW1,2026-09-23 23:40:00,119.01,7620.09,0,PUBLIC_P5MIN_202609232335_20260923233033.zip
2026-09-23 23:35:00,NSW1,2026-09-23 23:45:00,119.01,7592.09,0,PUBLIC_P5MIN_202609232335_20260923233033.zip
2026-09-23 23:35:00,NSW1,2026-09-23 23:50:00,119.01,7563.09,0,PUBLIC_P5MIN_202609232335_20260923233033.zip
2026-09-23 23:35:00,NSW1,2026-09-23 23:55:00,118.85046,7528.09,0,PUBLIC_P5MIN_202609232335_20260923233033.zip
2026-09-23 23:35:00,NSW1,2026-09-24 00:00:00,107.29353,7503.09,0,PUBLIC_P5MIN_202609232335_20260923233033.zip
2026-09-23 23:35:00,NSW1,2026-09-24 00:05:00,136.26426,7490.09,0,PUBLIC_P5MIN_202609232335_20260923233033.zip
2026-09-23 23:35:00,NSW1,2026-09-24 00:10:00,136.38586,7474.09,0,PUBLIC_P5MIN_202609232335_20260923233033.zip
2026-09-23 23:35:00,NSW1,2026-09-24 00:15:00,136.80193,7458.09,0,PUBLIC_P5MIN_202609232335_20260923233033.zip
2026-09-23 23:35:00,NSW1,2026-09-24 00:20:00,137.67234,7443.09,0,PUBLIC_P5MIN_202609232335_20260923233033.zip
2026-09-23 23:35:00,NSW1,2026-09-24 00:25:00,138.0,7428.09,0,PUBLIC_P5MIN_202609232335_20260923233033.zip
2026-09-23 23:35:00,NSW1,2026-09-24 00:30:00,119.01,7411.09,0,PUBLIC_P5MIN_202609232335_20260923233033.zip
2026-09-23 23:35:00,QLD1,2026-09-23 23:35:00,298.89015,5942.19,0,PUBLIC_P5MIN_202609232335_20260923233033.zip
2026-09-23 23:35:00,QLD1,2026-09-23 23:40:00,303.0,5933.19,0,PUBLIC_P5MIN_202609232335_20260923233033.zip
2026-09-23 23:35:00,QLD1,2026-09-23 23:45:00,303.0,5926.19,0,PUBLIC_P5MIN_202609232335_20260923233033.zip
2026-09-23 23:35:00,QLD1,2026-09-23 23:50:00,315.86742,5900.19,0,PUBLIC_P5MIN_202609232335_20260923233033.zip
2026-09-23 23:35:00,QLD1,2026-09-23 23:55:00,314.14081,5860.19,0,PUBLIC_P5MIN_202609232335_20260923233033.zip
2026-09-23 23:35:00,QLD1,2026-09-24 00:00:00,303.0,5820.19,0,PUBLIC_P5MIN_202609232335_20260923233033.zip
2026-09-23 23:35:00,QLD1,2026-09-24 00:05:00,329.25121,5782.19,0,PUBLIC_P5MIN_202609232335_20260923233033.zip
2026-09-23 23:35:00,QLD1,2026-09-24 00:10:00,327.70327,5753.19,0,PUBLIC_P5MIN_202609232335_20260923233033.zip
2026-09-23 23:35:00,QLD1,2026-09-24 00:15:00,328.09881,5727.19,0,PUBLIC_P5MIN_202609232335_20260923233033.zip
2026-09-23 23:35:00,QLD1,2026-09-24 00:20:00,327.26608,5699.19,0,PUBLIC_P5MIN_202609232335_20260923233033.zip
2026-09-23 23:35:00,QLD1,2026-09-24 00:25:00,329.2379,5672.19,0,PUBLIC_P5MIN_202609232335_20260923233033.zip
2026-09-23 23:35:00,QLD1,2026-09-24 00:30:00,54.75,5643.19,0,PUBLIC_P5MIN_202609232335_20260923233033.zip
2026-09-23 23:35:00,SA1,2026-09-23 23:35:00,109.29473,1370.66,0,PUBLIC_P5MIN_202609232335_20260923233033.zip
2026-09-23 23:35:00,SA1,2026-09-23 23:40:00,103.18622,1393.66,0,PUBLIC_P5MIN_202609232335_20260923233033.zip
2026-09-23 23:35:00,SA1,2026-09-23 23:45:00,101.97283,1393.66,0,PUBLIC_P5MIN_202609232335_20260923233033.zip
2026-09-23 23:35:00,SA1,2026-09-23 23:50:00,101.02,1391.66,0,PUBLIC_P5MIN_202609232335_20260923233033.zip
2026-09-23 23:35:00,SA1,2026-09-23 23:55:00,101.02,1385.66,0,PUBLIC_P5MIN_202609232335_20260923233033.zip
2026-09-23 23:35:00,SA1,2026-09-24 00:00:00,93.00052,1381.66,0,PUBLIC_P5MIN_202609232335_20260923233033.zip
2026-09-23 23:35:00,SA1,2026-09-24 00:05:00,120.0,1389.66,0,PUBLIC_P5MIN_202609232335_20260923233033.zip
2026-09-23 23:35:00,SA1,2026-09-24 00:10:00,120.10709,1393.66,0,PUBLIC_P5MIN_202609232335_20260923233033.zip
2026-09-23 23:35:00,SA1,2026-09-24 00:15:00,120.3,1396.66,0,PUBLIC_P5MIN_202609232335_20260923233033.zip
2026-09-23 23:35:00,SA1,2026-09-24 00:20:00,120.3,1398.66,0,PUBLIC_P5MIN_202609232335_20260923233033.zip
2026-09-23 23:35:00,SA1,2026-09-24 00:25:00,120.3,1400.66,0,PUBLIC_P5MIN_202609232335_20260923233033.zip
2026-09-23 23:35:00,SA1,2026-09-24 00:30:00,106.46721,1400.66,0,PUBLIC_P5MIN_202609232335_20260923233033.zip
2026-09-23 23:35:00,TAS1,2026-09-23 23:35:00,108.80811,1064.19,0,PUBLIC_P5MIN_202609232335_20260923233033.zip
2026-09-23 23:35:00,TAS1,2026-09-23 23:40:00,103.89465,1060.19,0,PUBLIC_P5MIN_202609232335_20260923233033.zip
2026-09-23 23:35:00,TAS1,2026-09-23 23:45:00,102.75699,1056.19,0,PUBLIC_P5MIN_202609232335_20260923233033.zip
2026-09-23 23:35:00,TAS1,2026-09-23 23:50:00,101.94612,1052.19,0,PUBLIC_P5MIN_202609232335_20260923233033.zip
2026-09-23 23:35:00,TAS1,2026-09-23 23:55:00,101.00744,1048.19,0,PUBLIC_P5MIN_202609232335_20260923233033.zip
2026-09-23 23:35:00,TAS1,2026-09-24 00:00:00,91.90957,1045.19,0,PUBLIC_P5MIN_202609232335_20260923233033.zip
2026-09-23 23:35:00,TAS1,2026-09-24 00:05:00,120.16,1043.19,0,PUBLIC_P5MIN_202609232335_20260923233033.zip
2026-09-23 23:35:00,TAS1,2026-09-24 00:10:00,120.16,1040.19,0,PUBLIC_P5MIN_202609232335_20260923233033.zip
2026-09-23 23:35:00,TAS1,2026-09-24 00:15:00,120.16,1037.19,0,PUBLIC_P5MIN_202609232335_20260923233033.zip
2026-09-23 23:35:00,TAS1,2026-09-24 00:20:00,120.55562,1034.19,0,PUBLIC_P5MIN_202609232335_20260923233033.zip
2026-09-23 23:35:00,TAS1,2026-09-24 00:25:00,120.18,1031.19,0,PUBLIC_P5MIN_202609232335_20260923233033.zip
2026-09-23 23:35:00,TAS1,2026-09-24 00:30:00,106.00976,1029.19,0,PUBLIC_P5MIN_202609232335_20260923233033.zip
2026-09-23 23:35:00,VIC1,2026-09-23 23:35:00,116.7413,5522.06,0,PUBLIC_P5MIN_202609232335_20260923233033.zip
2026-09-23 23:35:00,VIC1,2026-09-23 23:40:00,110.72884,5482.06,0,PUBLIC_P5MIN_202609232335_20260923233033.zip
2026-09-23 23:35:00,VIC1,2026-09-23 23:45:00,109.85353,5437.06,0,PUBLIC_P5MIN_202609232335_20260923233033.zip
2026-09-23 23:35:00,VIC1,2026-09-23 23:50:00,108.98666,5393.06,0,PUBLIC_P5MIN_202609232335_20260923233033.zip
2026-09-23 23:35:00,VIC1,2026-09-23 23:55:00,107.98316,5348.06,0,PUBLIC_P5MIN_202609232335_20260923233033.zip
2026-09-23 23:35:00,VIC1,2026-09-24 00:00:00,98.25698,5318.06,0,PUBLIC_P5MIN_202609232335_20260923233033.zip
2026-09-23 23:35:00,VIC1,2026-09-24 00:05:00,126.78248,5330.06,0,PUBLIC_P5MIN_202609232335_20260923233033.zip
2026-09-23 23:35:00,VIC1,2026-09-24 00:10:00,126.89562,5295.06,0,PUBLIC_P5MIN_202609232335_20260923233033.zip
2026-09-23 23:35:00,VIC1,2026-09-24 00:15:00,127.28274,5262.06,0,PUBLIC_P5MIN_202609232335_20260923233033.zip
2026-09-23 23:35:00,VIC1,2026-09-24 00:20:00,128.09259,5233.06,0,PUBLIC_P5MIN_202609232335_20260923233033.zip
2026-09-23 23:35:00,VIC1,2026-09-24 00:25:00,127.59504,5204.06,0,PUBLIC_P5MIN_202609232335_20260923233033.zip
2026-09-23 23:35:00,VIC1,2026-09-24 00:30:00,111.61272,5177.06,0,PUBLIC_P5MIN_202609232335_20260923233033.zip
2026-09-23 23:40:00,NSW1,2026-09-23 23:40:00,114.19352,7622.22,0,PUBLIC_P5MIN_202609232340_20260923233534.zip
2026-09-23 23:40:00,NSW1,2026-09-23 23:45:00,119.01,7568.22,0,PUBLIC_P5MIN_202609232340_20260923233534.zip
2026-09-23 23:40:00,NSW1,2026-09-23 23:50:00,119.01,7544.22,0,PUBLIC_P5MIN_202609232340_20260923233534.zip
2026-09-23 23:40:00,NSW1,2026-09-23 23:55:00,119.01,7509.22,0,PUBLIC_P5MIN_202609232340_20260923233534.zip
2026-09-23 23:40:00,NSW1,2026-09-24 00:00:00,104.22556,7484.22,0,PUBLIC_P5MIN_202609232340_20260923233534.zip
2026-09-23 23:40:00,NSW1,2026-09-24 00:05:00,119.01,7475.22,0,PUBLIC_P5MIN_202609232340_20260923233534.zip
2026-09-23 23:40:00,NSW1,2026-09-24 00:10:00,126.34308,7458.22,0,PUBLIC_P5MIN_202609232340_20260923233534.zip
2026-09-23 23:40:00,NSW1,2026-09-24 00:15:00,134.30053,7441.22,0,PUBLIC_P5MIN_202609232340_20260923233534.zip
2026-09-23 23:40:00,NSW1,2026-09-24 00:20:00,135.71229,7425.22,0,PUBLIC_P5MIN_202609232340_20260923233534.zip
2026-09-23 23:40:00,NSW1,2026-09-24 00:25:00,138.0,7409.22,0,PUBLIC_P5MIN_202609232340_20260923233534.zip
2026-09-23 23:40:00,NSW1,2026-09-24 00:30:00,119.01,7390.22,0,PUBLIC_P5MIN_202609232340_20260923233534.zip
2026-09-23 23:40:00,NSW1,2026-09-24 00:35:00,127.36235,7371.22,0,PUBLIC_P5MIN_202609232340_20260923233534.zip
2026-09-23 23:40:00,QLD1,2026-09-23 23:40:00,277.24366,5947.23,0,PUBLIC_P5MIN_202609232340_20260923233534.zip
2026-09-23 23:40:00,QLD1,2026-09-23 23:45:00,317.45235,5937.23,0,PUBLIC_P5MIN_202609232340_20260923233534.zip
2026-09-23 23:40:00,QLD1,2026-09-23 23:50:00,317.45242,5911.23,0,PUBLIC_P5MIN_202609232340_20260923233534.zip
2026-09-23 23:40:00,QLD1,2026-09-23 23:55:00,315.86742,5871.23,0,PUBLIC_P5MIN_202609232340_20260923233534.zip
2026-09-23 23:40:00,QLD1,2026-09-24 00:00:00,303.0,5831.23,0,PUBLIC_P5MIN_202609232340_20260923233534.zip
2026-09-23 23:40:00,QLD1,2026-09-24 00:05:00,312.73376,5792.23,0,PUBLIC_P5MIN_202609232340_20260923233534.zip
2026-09-23 23:40:00,QLD1,2026-09-24 00:10:00,318.15609,5764.23,0,PUBLIC_P5MIN_202609232340_20260923233534.zip
2026-09-23 23:40:00,QLD1,2026-09-24 00:15:00,324.08289,5739.23,0,PUBLIC_P5MIN_202609232340_20260923233534.zip
2026-09-23 23:40:00,QLD1,2026-09-24 00:20:00,303.0,5711.23,0,PUBLIC_P5MIN_202609232340_20260923233534.zip
2026-09-23 23:40:00,QLD1,2026-09-24 00:25:00,329.2379,5684.23,0,PUBLIC_P5MIN_202609232340_20260923233534.zip
2026-09-23 23:40:00,QLD1,2026-09-24 00:30:00,81.35,5655.23,0,PUBLIC_P5MIN_202609232340_20260923233534.zip
2026-09-23 23:40:00,QLD1,2026-09-24 00:35:00,62.66,5626.23,0,PUBLIC_P5MIN_202609232340_20260923233534.zip
2026-09-23 23:40:00,SA1,2026-09-23 23:40:00,105.54028,1385.01,0,PUBLIC_P5MIN_202609232340_20260923233534.zip
2026-09-23 23:40:00,SA1,2026-09-23 23:45:00,101.02,1393.01,0,PUBLIC_P5MIN_202609232340_20260923233534.zip
2026-09-23 23:40:00,SA1,2026-09-23 23:50:00,101.02,1390.01,0,PUBLIC_P5MIN_202609232340_20260923233534.zip
2026-09-23 23:40:00,SA1,2026-09-23 23:55:00,100.76265,1384.01,0,PUBLIC_P5MIN_202609232340_20260923233534.zip
2026-09-23 23:40:00,SA1,2026-09-24 00:00:00,88.93465,1380.01,0,PUBLIC_P5MIN_202609232340_20260923233534.zip
2026-09-23 23:40:00,SA1,2026-09-24 00:05:00,103.66578,1387.01,0,PUBLIC_P5MIN_202609232340_20260923233534.zip
2026-09-23 23:40:00,SA1,2026-09-24 00:10:00,112.15114,1390.01,0,PUBLIC_P5MIN_202609232340_20260923233534.zip
2026-09-23 23:40:00,SA1,2026-09-24 00:15:00,119.67958,1393.01,0,PUBLIC_P5MIN_202609232340_20260923233534.zip
2026-09-23 23:40:00,SA1,2026-09-24 00:20:00,120.0,1395.01,0,PUBLIC_P5MIN_202609232340_20260923233534.zip
2026-09-23 23:40:00,SA1,2026-09-24 00:25:00,120.0,1397.01,0,PUBLIC_P5MIN_202609232340_20260923233534.zip
2026-09-23 23:40:00,SA1,2026-09-24 00:30:00,104.80518,1397.01,0,PUBLIC_P5MIN_202609232340_20260923233534.zip
2026-09-23 23:40:00,SA1,2026-09-24 00:35:00,113.47771,1396.01,0,PUBLIC_P5MIN_202609232340_20260923233534.zip
2026-09-23 23:40:00,TAS1,2026-09-23 23:40:00,105.19674,1058.14,0,PUBLIC_P5MIN_202609232340_20260923233534.zip
2026-09-23 23:40:00,TAS1,2026-09-23 23:45:00,102.19387,1055.14,0,PUBLIC_P5MIN_202609232340_20260923233534.zip
2026-09-23 23:40:00,TAS1,2026-09-23 23:50:00,101.94612,1051.14,0,PUBLIC_P5MIN_202609232340_20260923233534.zip
2026-09-23 23:40:00,TAS1,2026-09-23 23:55:00,101.14303,1047.14,0,PUBLIC_P5MIN_202609232340_20260923233534.zip
2026-09-23 23:40:00,TAS1,2026-09-24 00:00:00,88.30546,1044.14,0,PUBLIC_P5MIN_202609232340_20260923233534.zip
2026-09-23 23:40:00,TAS1,2026-09-24 00:05:00,106.04915,1042.14,0,PUBLIC_P5MIN_202609232340_20260923233534.zip
2026-09-23 23:40:00,TAS1,2026-09-24 00:10:00,113.43305,1039.14,0,PUBLIC_P5MIN_202609232340_20260923233534.zip
2026-09-23 23:40:00,TAS1,2026-09-24 00:15:00,120.16,1036.14,0,PUBLIC_P5MIN_202609232340_20260923233534.zip
2026-09-23 23:40:00,TAS1,2026-09-24 00:20:00,120.16,1033.14,0,PUBLIC_P5MIN_202609232340_20260923233534.zip
2026-09-23 23:40:00,TAS1,2026-09-24 00:25:00,120.25498,1030.14,0,PUBLIC_P5MIN_202609232340_20260923233534.zip
2026-09-23 23:40:00,TAS1,2026-09-24 00:30:00,105.72025,1028.14,0,PUBLIC_P5MIN_202609232340_20260923233534.zip
2026-09-23 23:40:00,TAS1,2026-09-24 00:35:00,112.21002,1026.14,0,PUBLIC_P5MIN_202609232340_20260923233534.zip
2026-09-23 23:40:00,VIC1,2026-09-23 23:40:00,112.86,5479.63,0,PUBLIC_P5MIN_202609232340_20260923233534.zip
2026-09-23 23:40:00,VIC1,2026-09-23 23:45:00,109.25152,5432.63,0,PUBLIC_P5MIN_202609232340_20260923233534.zip
2026-09-23 23:40:00,VIC1,2026-09-23 23:50:00,108.98666,5388.63,0,PUBLIC_P5MIN_202609232340_20260923233534.zip
2026-09-23 23:40:00,VIC1,2026-09-23 23:55:00,108.12811,5343.63,0,PUBLIC_P5MIN_202609232340_20260923233534.zip
2026-09-23 23:40:00,VIC1,2026-09-24 00:00:00,94.69551,5313.63,0,PUBLIC_P5MIN_202609232340_20260923233534.zip
2026-09-23 23:40:00,VIC1,2026-09-24 00:05:00,110.72884,5325.63,0,PUBLIC_P5MIN_202609232340_20260923233534.zip
2026-09-23 23:40:00,VIC1,2026-09-24 00:10:00,118.49,5290.63,0,PUBLIC_P5MIN_202609232340_20260923233534.zip
2026-09-23 23:40:00,VIC1,2026-09-24 00:15:00,125.95283,5257.63,0,PUBLIC_P5MIN_202609232340_20260923233534.zip
2026-09-23 23:40:00,VIC1,2026-09-24 00:20:00,127.27684,5228.63,0,PUBLIC_P5MIN_202609232340_20260923233534.zip
2026-09-23 23:40:00,VIC1,2026-09-24 00:25:00,127.77315,5199.63,0,PUBLIC_P5MIN_202609232340_20260923233534.zip
2026-09-23 23:40:00,VIC1,2026-09-24 00:30:00,110.72884,5172.63,0,PUBLIC_P5MIN_202609232340_20260923233534.zip
2026-09-23 23:40:00,VIC1,2026-09-24 00:35:00,118.5,5148.63,0,PUBLIC_P5MIN_202609232340_20260923233534.zip
2026-09-23 23:45:00,NSW1,2026-09-23 23:45:00,109.40525,7632.98,0,PUBLIC_P5MIN_202609232345_20260923234034.zip
2026-09-23 23:45:00,NSW1,2026-09-23 23:50:00,119.01,7603.98,0,PUBLIC_P5MIN_202609232345_20260923234034.zip
2026-09-23 23:45:00,NSW1,2026-09-23 23:55:00,108.84197,7568.98,0,PUBLIC_P5MIN_202609232345_20260923234034.zip
2026-09-23 23:45:00,NSW1,2026-09-24 00:00:00,105.75475,7543.98,0,PUBLIC_P5MIN_202609232345_20260923234034.zip
2026-09-23 23:45:00,NSW1,2026-09-24 00:05:00,137.47258,7530.98,0,PUBLIC_P5MIN_202609232345_20260923234034.zip
2026-09-23 23:45:00,NSW1,2026-09-24 00:10:00,137.89197,7517.98,0,PUBLIC_P5MIN_202609232345_20260923234034.zip
2026-09-23 23:45:00,NSW1,2026-09-24 00:15:00,138.0,7503.98,0,PUBLIC_P5MIN_202609232345_20260923234034.zip
2026-09-23 23:45:00,NSW1,2026-09-24 00:20:00,138.0,7489.98,0,PUBLIC_P5MIN_202609232345_20260923234034.zip
2026-09-23 23:45:00,NSW1,2026-09-24 00:25:00,138.96306,7474.98,0,PUBLIC_P5MIN_202609232345_20260923234034.zip
2026-09-23 23:45:00,NSW1,2026-09-24 00:30:00,119.01,7455.98,0,PUBLIC_P5MIN_202609232345_20260923234034.zip
2026-09-23 23:45:00,NSW1,2026-09-24 00:35:00,129.39827,7434.98,0,PUBLIC_P5MIN_202609232345_20260923234034.zip
2026-09-23 23:45:00,NSW1,2026-09-24 00:40:00,119.01,7416.98,0,PUBLIC_P5MIN_202609232345_20260923234034.zip
2026-09-23 23:45:00,QLD1,2026-09-23 23:45:00,303.0,5970.17,0,PUBLIC_P5MIN_202609232345_20260923234034.zip
2026-09-23 23:45:00,QLD1,2026-09-23 23:50:00,303.0,5931.17,0,PUBLIC_P5MIN_202609232345_20260923234034.zip
2026-09-23 23:45:00,QLD1,2026-09-23 23:55:00,303.0,5894.17,0,PUBLIC_P5MIN_202609232345_20260923234034.zip
2026-09-23 23:45:00,QLD1,2026-09-24 00:00:00,303.0,5854.17,0,PUBLIC_P5MIN_202609232345_20260923234034.zip
2026-09-23 23:45:00,QLD1,2026-09-24 00:05:00,332.09235,5817.17,0,PUBLIC_P5MIN_202609232345_20260923234034.zip
2026-09-23 23:45:00,QLD1,2026-09-24 00:10:00,329.13505,5789.17,0,PUBLIC_P5MIN_202609232345_20260923234034.zip
2026-09-23 23:45:00,QLD1,2026-09-24 00:15:00,329.23775,5763.17,0,PUBLIC_P5MIN_202609232345_20260923234034.zip
2026-09-23 23:45:00,QLD1,2026-09-24 00:20:00,327.5754,5734.17,0,PUBLIC_P5MIN_202609232345_20260923234034.zip
2026-09-23 23:45:00,QLD1,2026-09-24 00:25:00,330.15343,5707.17,0,PUBLIC_P5MIN_202609232345_20260923234034.zip
2026-09-23 23:45:00,QLD1,2026-09-24 00:30:00,84.83008,5677.17,0,PUBLIC_P5MIN_202609232345_20260923234034.zip
2026-09-23 23:45:00,QLD1,2026-09-24 00:35:00,62.66,5648.17,0,PUBLIC_P5MIN_202609232345_20260923234034.zip
2026-09-23 23:45:00,QLD1,2026-09-24 00:40:00,61.41685,5621.17,0,PUBLIC_P5MIN_202609232345_20260923234034.zip
2026-09-23 23:45:00,SA1,2026-09-23 23:45:00,101.02,1369.31,0,PUBLIC_P5MIN_202609232345_20260923234034.zip
2026-09-23 23:45:00,SA1,2026-09-23 23:50:00,100.76265,1370.31,0,PUBLIC_P5MIN_202609232345_20260923234034.zip
2026-09-23 23:45:00,SA1,2026-09-23 23:55:00,92.58192,1363.31,0,PUBLIC_P5MIN_202609232345_20260923234034.zip
2026-09-23 23:45:00,SA1,2026-09-24 00:00:00,89.18206,1359.31,0,PUBLIC_P5MIN_202609232345_20260923234034.zip
2026-09-23 23:45:00,SA1,2026-09-24 00:05:00,118.71292,1367.31,0,PUBLIC_P5MIN_202609232345_20260923234034.zip
2026-09-23 23:45:00,SA1,2026-09-24 00:10:00,120.0,1370.31,0,PUBLIC_P5MIN_202609232345_20260923234034.zip
2026-09-23 23:45:00,SA1,2026-09-24 00:15:00,120.0,1372.31,0,PUBLIC_P5MIN_202609232345_20260923234034.zip
2026-09-23 23:45:00,SA1,2026-09-24 00:20:00,120.0,1374.31,0,PUBLIC_P5MIN_202609232345_20260923234034.zip
2026-09-23 23:45:00,SA1,2026-09-24 00:25:00,120.0,1376.31,0,PUBLIC_P5MIN_202609232345_20260923234034.zip
2026-09-23 23:45:00,SA1,2026-09-24 00:30:00,103.57283,1377.31,0,PUBLIC_P5MIN_202609232345_20260923234034.zip
2026-09-23 23:45:00,SA1,2026-09-24 00:35:00,113.47771,1376.31,0,PUBLIC_P5MIN_202609232345_20260923234034.zip
2026-09-23 23:45:00,SA1,2026-09-24 00:40:00,104.7745,1376.31,0,PUBLIC_P5MIN_202609232345_20260923234034.zip
2026-09-23 23:45:00,TAS1,2026-09-23 23:45:00,100.28196,1047.65,0,PUBLIC_P5MIN_202609232345_20260923234034.zip
2026-09-23 23:45:00,TAS1,2026-09-23 23:50:00,101.14303,1044.65,0,PUBLIC_P5MIN_202609232345_20260923234034.zip
2026-09-23 23:45:00,TAS1,2026-09-23 23:55:00,92.21672,1040.65,0,PUBLIC_P5MIN_202609232345_20260923234034.zip
2026-09-23 23:45:00,TAS1,2026-09-24 00:00:00,88.89643,1037.65,0,PUBLIC_P5MIN_202609232345_20260923234034.zip
2026-09-23 23:45:00,TAS1,2026-09-24 00:05:00,120.16,1035.65,0,PUBLIC_P5MIN_202609232345_20260923234034.zip
2026-09-23 23:45:00,TAS1,2026-09-24 00:10:00,120.16,1032.65,0,PUBLIC_P5MIN_202609232345_20260923234034.zip
2026-09-23 23:45:00,TAS1,2026-09-24 00:15:00,120.16,1029.65,0,PUBLIC_P5MIN_202609232345_20260923234034.zip
2026-09-23 23:45:00,TAS1,2026-09-24 00:20:00,120.16,1026.65,0,PUBLIC_P5MIN_202609232345_20260923234034.zip
2026-09-23 23:45:00,TAS1,2026-09-24 00:25:00,120.72393,1023.65,0,PUBLIC_P5MIN_202609232345_20260923234034.zip
2026-09-23 23:45:00,TAS1,2026-09-24 00:30:00,104.0225,1021.65,0,PUBLIC_P5MIN_202609232345_20260923234034.zip
2026-09-23 23:45:00,TAS1,2026-09-24 00:35:00,112.21002,1019.65,0,PUBLIC_P5MIN_202609232345_20260923234034.zip
2026-09-23 23:45:00,TAS1,2026-09-24 00:40:00,102.88776,1017.65,0,PUBLIC_P5MIN_202609232345_20260923234034.zip
2026-09-23 23:45:00,VIC1,2026-09-23 23:45:00,107.90279,5374.15,0,PUBLIC_P5MIN_202609232345_20260923234034.zip
2026-09-23 23:45:00,VIC1,2026-09-23 23:50:00,108.12811,5327.15,0,PUBLIC_P5MIN_202609232345_20260923234034.zip
2026-09-23 23:45:00,VIC1,2026-09-23 23:55:00,98.88981,5283.15,0,PUBLIC_P5MIN_202609232345_20260923234034.zip
2026-09-23 23:45:00,VIC1,2026-09-24 00:00:00,95.32924,5253.15,0,PUBLIC_P5MIN_202609232345_20260923234034.zip
2026-09-23 23:45:00,VIC1,2026-09-24 00:05:00,126.89562,5266.15,0,PUBLIC_P5MIN_202609232345_20260923234034.zip
2026-09-23 23:45:00,VIC1,2026-09-24 00:10:00,127.28274,5232.15,0,PUBLIC_P5MIN_202609232345_20260923234034.zip
2026-09-23 23:45:00,VIC1,2026-09-24 00:15:00,127.38246,5199.15,0,PUBLIC_P5MIN_202609232345_20260923234034.zip
2026-09-23 23:45:00,VIC1,2026-09-24 00:20:00,127.38246,5170.15,0,PUBLIC_P5MIN_202609232345_20260923234034.zip
2026-09-23 23:45:00,VIC1,2026-09-24 00:25:00,128.27142,5141.15,0,PUBLIC_P5MIN_202609232345_20260923234034.zip
2026-09-23 23:45:00,VIC1,2026-09-24 00:30:00,109.85353,5114.15,0,PUBLIC_P5MIN_202609232345_20260923234034.zip
2026-09-23 23:45:00,VIC1,2026-09-24 00:35:00,118.5,5090.15,0,PUBLIC_P5MIN_202609232345_20260923234034.zip
2026-09-23 23:45:00,VIC1,2026-09-24 00:40:00,108.98666,5068.15,0,PUBLIC_P5MIN_202609232345_20260923234034.zip
2026-09-23 23:50:00,NSW1,2026-09-23 23:50:00,109.5093,7541.67,0,PUBLIC_P5MIN_202609232350_20260923234533.zip
2026-09-23 23:50:00,NSW1,2026-09-23 23:55:00,115.87636,7513.67,0,PUBLIC_P5MIN_202609232350_20260923234533.zip
2026-09-23 23:50:00,NSW1,2026-09-24 00:00:00,108.84197,7487.67,0,PUBLIC_P5MIN_202609232350_20260923234533.zip
2026-09-23 23:50:00,NSW1,2026-09-24 00:05:00,119.01,7473.67,0,PUBLIC_P5MIN_202609232350_20260923234533.zip
2026-09-23 23:50:00,NSW1,2026-09-24 00:10:00,134.89552,7460.67,0,PUBLIC_P5MIN_202609232350_20260923234533.zip
2026-09-23 23:50:00,NSW1,2026-09-24 00:15:00,136.80193,7446.67,0,PUBLIC_P5MIN_202609232350_20260923234533.zip
2026-09-23 23:50:00,NSW1,2026-09-24 00:20:00,138.0,7432.67,0,PUBLIC_P5MIN_202609232350_20260923234533.zip
2026-09-23 23:50:00,NSW1,2026-09-24 00:25:00,139.50452,7417.67,0,PUBLIC_P5MIN_202609232350_20260923234533.zip
2026-09-23 23:50:00,NSW1,2026-09-24 00:30:00,136.07434,7399.67,0,PUBLIC_P5MIN_202609232350_20260923234533.zip
2026-09-23 23:50:00,NSW1,2026-09-24 00:35:00,138.0,7379.67,0,PUBLIC_P5MIN_202609232350_20260923234533.zip
2026-09-23 23:50:00,NSW1,2026-09-24 00:40:00,132.08741,7362.67,0,PUBLIC_P5MIN_202609232350_20260923234533.zip
2026-09-23 23:50:00,NSW1,2026-09-24 00:45:00,119.01,7343.67,0,PUBLIC_P5MIN_202609232350_20260923234533.zip
2026-09-23 23:50:00,QLD1,2026-09-23 23:50:00,298.89,5851.57,0,PUBLIC_P5MIN_202609232350_20260923234533.zip
2026-09-23 23:50:00,QLD1,2026-09-23 23:55:00,303.0,5831.57,0,PUBLIC_P5MIN_202609232350_20260923234533.zip
2026-09-23 23:50:00,QLD1,2026-09-24 00:00:00,303.0,5787.57,0,PUBLIC_P5MIN_202609232350_20260923234533.zip
2026-09-23 23:50:00,QLD1,2026-09-24 00:05:00,303.0,5743.57,0,PUBLIC_P5MIN_202609232350_20260923234533.zip
2026-09-23 23:50:00,QLD1,2026-09-24 00:10:00,303.0,5717.57,0,PUBLIC_P5MIN_202609232350_20260923234533.zip
2026-09-23 23:50:00,QLD1,2026-09-24 00:15:00,303.0,5693.57,0,PUBLIC_P5MIN_202609232350_20260923234533.zip
2026-09-23 23:50:00,QLD1,2026-09-24 00:20:00,303.0,5666.57,0,PUBLIC_P5MIN_202609232350_20260923234533.zip
2026-09-23 23:50:00,QLD1,2026-09-24 00:25:00,303.0,5641.57,0,PUBLIC_P5MIN_202609232350_20260923234533.zip
2026-09-23 23:50:00,QLD1,2026-09-24 00:30:00,65.46,5612.57,0,PUBLIC_P5MIN_202609232350_20260923234533.zip
2026-09-23 23:50:00,QLD1,2026-09-24 00:35:00,54.75,5583.57,0,PUBLIC_P5MIN_202609232350_20260923234533.zip
2026-09-23 23:50:00,QLD1,2026-09-24 00:40:00,64.69,5556.57,0,PUBLIC_P5MIN_202609232350_20260923234533.zip
2026-09-23 23:50:00,QLD1,2026-09-24 00:45:00,39.16107,5533.57,0,PUBLIC_P5MIN_202609232350_20260923234533.zip
2026-09-23 23:50:00,SA1,2026-09-23 23:50:00,101.02,1371.11,0,PUBLIC_P5MIN_202609232350_20260923234533.zip
2026-09-23 23:50:00,SA1,2026-09-23 23:55:00,100.44,1368.11,0,PUBLIC_P5MIN_202609232350_20260923234533.zip
2026-09-23 23:50:00,SA1,2026-09-24 00:00:00,94.71055,1363.11,0,PUBLIC_P5MIN_202609232350_20260923234533.zip
2026-09-23 23:50:00,SA1,2026-09-24 00:05:00,106.05369,1371.11,0,PUBLIC_P5MIN_202609232350_20260923234533.zip
2026-09-23 23:50:00,SA1,2026-09-24 00:10:00,120.0,1373.11,0,PUBLIC_P5MIN_202609232350_20260923234533.zip
2026-09-23 23:50:00,SA1,2026-09-24 00:15:00,120.3,1375.11,0,PUBLIC_P5MIN_202609232350_20260923234533.zip
2026-09-23 23:50:00,SA1,2026-09-24 00:20:00,120.3,1377.11,0,PUBLIC_P5MIN_202609232350_20260923234533.zip
2026-09-23 23:50:00,SA1,2026-09-24 00:25:00,122.37633,1379.11,0,PUBLIC_P5MIN_202609232350_20260923234533.zip
2026-09-23 23:50:00,SA1,2026-09-24 00:30:00,120.3,1380.11,0,PUBLIC_P5MIN_202609232350_20260923234533.zip
2026-09-23 23:50:00,SA1,2026-09-24 00:35:00,122.9368,1379.11,0,PUBLIC_P5MIN_202609232350_20260923234533.zip
2026-09-23 23:50:00,SA1,2026-09-24 00:40:00,120.0,1379.11,0,PUBLIC_P5MIN_202609232350_20260923234533.zip
2026-09-23 23:50:00,SA1,2026-09-24 00:45:00,108.11931,1379.11,0,PUBLIC_P5MIN_202609232350_20260923234533.zip
2026-09-23 23:50:00,TAS1,2026-09-23 23:50:00,99.60532,1046.15,0,PUBLIC_P5MIN_202609232350_20260923234533.zip
2026-09-23 23:50:00,TAS1,2026-09-23 23:55:00,98.95616,1042.15,0,PUBLIC_P5MIN_202609232350_20260923234533.zip
2026-09-23 23:50:00,TAS1,2026-09-24 00:00:00,92.94893,1039.15,0,PUBLIC_P5MIN_202609232350_20260923234533.zip
2026-09-23 23:50:00,TAS1,2026-09-24 00:05:00,106.9312,1038.15,0,PUBLIC_P5MIN_202609232350_20260923234533.zip
2026-09-23 23:50:00,TAS1,2026-09-24 00:10:00,120.16,1035.15,0,PUBLIC_P5MIN_202609232350_20260923234533.zip
2026-09-23 23:50:00,TAS1,2026-09-24 00:15:00,120.16,1032.15,0,PUBLIC_P5MIN_202609232350_20260923234533.zip
2026-09-23 23:50:00,TAS1,2026-09-24 00:20:00,120.55562,1029.15,0,PUBLIC_P5MIN_202609232350_20260923234533.zip
2026-09-23 23:50:00,TAS1,2026-09-24 00:25:00,122.16,1026.15,0,PUBLIC_P5MIN_202609232350_20260923234533.zip
2026-09-23 23:50:00,TAS1,2026-09-24 00:30:00,119.88554,1024.15,0,PUBLIC_P5MIN_202609232350_20260923234533.zip
2026-09-23 23:50:00,TAS1,2026-09-24 00:35:00,120.16,1022.15,0,PUBLIC_P5MIN_202609232350_20260923234533.zip
2026-09-23 23:50:00,TAS1,2026-09-24 00:40:00,116.37294,1020.15,0,PUBLIC_P5MIN_202609232350_20260923234533.zip
2026-09-23 23:50:00,TAS1,2026-09-24 00:45:00,104.53245,1018.15,0,PUBLIC_P5MIN_202609232350_20260923234533.zip
2026-09-23 23:50:00,VIC1,2026-09-23 23:50:00,107.16793,5329.63,0,PUBLIC_P5MIN_202609232350_20260923234533.zip
2026-09-23 23:50:00,VIC1,2026-09-23 23:55:00,106.11694,5306.63,0,PUBLIC_P5MIN_202609232350_20260923234533.zip
2026-09-23 23:50:00,VIC1,2026-09-24 00:00:00,99.675,5271.63,0,PUBLIC_P5MIN_202609232350_20260923234533.zip
2026-09-23 23:50:00,VIC1,2026-09-24 00:05:00,111.61272,5280.63,0,PUBLIC_P5MIN_202609232350_20260923234533.zip
2026-09-23 23:50:00,VIC1,2026-09-24 00:10:00,126.51084,5246.63,0,PUBLIC_P5MIN_202609232350_20260923234533.zip
2026-09-23 23:50:00,VIC1,2026-09-24 00:15:00,127.28274,5213.63,0,PUBLIC_P5MIN_202609232350_20260923234533.zip
2026-09-23 23:50:00,VIC1,2026-09-24 00:20:00,128.09259,5185.63,0,PUBLIC_P5MIN_202609232350_20260923234533.zip
2026-09-23 23:50:00,VIC1,2026-09-24 00:25:00,129.79727,5157.63,0,PUBLIC_P5MIN_202609232350_20260923234533.zip
2026-09-23 23:50:00,VIC1,2026-09-24 00:30:00,126.60578,5131.63,0,PUBLIC_P5MIN_202609232350_20260923234533.zip
2026-09-23 23:50:00,VIC1,2026-09-24 00:35:00,127.38246,5108.63,0,PUBLIC_P5MIN_202609232350_20260923234533.zip
2026-09-23 23:50:00,VIC1,2026-09-24 00:40:00,122.89627,5088.63,0,PUBLIC_P5MIN_202609232350_20260923234533.zip
2026-09-23 23:50:00,VIC1,2026-09-24 00:45:00,110.72884,5067.63,0,PUBLIC_P5MIN_202609232350_20260923234533.zip
2026-09-23 23:55:00,NSW1,2026-09-23 23:55:00,119.01,7555.9,0,PUBLIC_P5MIN_202609232355_20260923235033.zip
2026-09-23 23:55:00,NSW1,2026-09-24 00:00:00,116.54549,7511.9,0,PUBLIC_P5MIN_202609232355_20260923235033.zip
2026-09-23 23:55:00,NSW1,2026-09-24 00:05:00,136.26426,7509.9,0,PUBLIC_P5MIN_202609232355_20260923235033.zip
2026-09-23 23:55:00,NSW1,2026-09-24 00:10:00,138.0,7493.9,0,PUBLIC_P5MIN_202609232355_20260923235033.zip
2026-09-23 23:55:00,NSW1,2026-09-24 00:15:00,177.1776,7477.9,0,PUBLIC_P5MIN_202609232355_20260923235033.zip
2026-09-23 23:55:00,NSW1,2026-09-24 00:20:00,163.26729,7461.9,0,PUBLIC_P5MIN_202609232355_20260923235033.zip
2026-09-23 23:55:00,NSW1,2026-09-24 00:25:00,177.72028,7444.9,0,PUBLIC_P5MIN_202609232355_20260923235033.zip
2026-09-23 23:55:00,NSW1,2026-09-24 00:30:00,178.52068,7424.9,0,PUBLIC_P5MIN_202609232355_20260923235033.zip
2026-09-23 23:55:00,NSW1,2026-09-24 00:35:00,273.09118,7403.9,0,PUBLIC_P5MIN_202609232355_20260923235033.zip
2026-09-23 23:55:00,NSW1,2026-09-24 00:40:00,266.75866,7385.9,0,PUBLIC_P5MIN_202609232355_20260923235033.zip
2026-09-23 23:55:00,NSW1,2026-09-24 00:45:00,264.69055,7367.9,0,PUBLIC_P5MIN_202609232355_20260923235033.zip
2026-09-23 23:55:00,NSW1,2026-09-24 00:50:00,248.95027,7346.9,0,PUBLIC_P5MIN_202609232355_20260923235033.zip
2026-09-23 23:55:00,QLD1,2026-09-23 23:55:00,276.89844,5809.05,0,PUBLIC_P5MIN_202609232355_20260923235033.zip
2026-09-23 23:55:00,QLD1,2026-09-24 00:00:00,276.89896,5773.05,0,PUBLIC_P5MIN_202609232355_20260923235033.zip
2026-09-23 23:55:00,QLD1,2026-09-24 00:05:00,303.0,5737.05,0,PUBLIC_P5MIN_202609232355_20260923235033.zip
2026-09-23 23:55:00,QLD1,2026-09-24 00:10:00,303.0,5707.05,0,PUBLIC_P5MIN_202609232355_20260923235033.zip
2026-09-23 23:55:00,QLD1,2026-09-24 00:15:00,303.0,5680.05,0,PUBLIC_P5MIN_202609232355_20260923235033.zip
2026-09-23 23:55:00,QLD1,2026-09-24 00:20:00,303.0,5651.05,0,PUBLIC_P5MIN_202609232355_20260923235033.zip
2026-09-23 23:55:00,QLD1,2026-09-24 00:25:00,303.0,5623.05,0,PUBLIC_P5MIN_202609232355_20260923235033.zip
2026-09-23 23:55:00,QLD1,2026-09-24 00:30:00,303.0,5593.05,0,PUBLIC_P5MIN_202609232355_20260923235033.zip
2026-09-23 23:55:00,QLD1,2026-09-24 00:35:00,303.0,5564.05,0,PUBLIC_P5MIN_202609232355_20260923235033.zip
2026-09-23 23:55:00,QLD1,2026-09-24 00:40:00,303.0,5537.05,0,PUBLIC_P5MIN_202609232355_20260923235033.zip
2026-09-23 23:55:00,QLD1,2026-09-24 00:45:00,303.0,5516.05,0,PUBLIC_P5MIN_202609232355_20260923235033.zip
2026-09-23 23:55:00,QLD1,2026-09-24 00:50:00,303.0,5495.05,0,PUBLIC_P5MIN_202609232355_20260923235033.zip
2026-09-23 23:55:00,SA1,2026-09-23 23:55:00,109.05205,1355.04,0,PUBLIC_P5MIN_202609232355_20260923235033.zip
2026-09-23 23:55:00,SA1,2026-09-24 00:00:00,101.02,1354.04,0,PUBLIC_P5MIN_202609232355_20260923235033.zip
2026-09-23 23:55:00,SA1,2026-09-24 00:05:00,120.0,1363.04,0,PUBLIC_P5MIN_202609232355_20260923235033.zip
2026-09-23 23:55:00,SA1,2026-09-24 00:10:00,121.05653,1365.04,0,PUBLIC_P5MIN_202609232355_20260923235033.zip
2026-09-23 23:55:00,SA1,2026-09-24 00:15:00,156.03,1366.04,0,PUBLIC_P5MIN_202609232355_20260923235033.zip
2026-09-23 23:55:00,SA1,2026-09-24 00:20:00,143.78,1367.04,0,PUBLIC_P5MIN_202609232355_20260923235033.zip
2026-09-23 23:55:00,SA1,2026-09-24 00:25:00,155.9,1369.04,0,PUBLIC_P5MIN_202609232355_20260923235033.zip
2026-09-23 23:55:00,SA1,2026-09-24 00:30:00,155.97,1370.04,0,PUBLIC_P5MIN_202609232355_20260923235033.zip
2026-09-23 23:55:00,SA1,2026-09-24 00:35:00,233.0,1369.04,0,PUBLIC_P5MIN_202609232355_20260923235033.zip
2026-09-23 23:55:00,SA1,2026-09-24 00:40:00,233.0,1369.04,0,PUBLIC_P5MIN_202609232355_20260923235033.zip
2026-09-23 23:55:00,SA1,2026-09-24 00:45:00,233.0,1369.04,0,PUBLIC_P5MIN_202609232355_20260923235033.zip
2026-09-23 23:55:00,SA1,2026-09-24 00:50:00,223.47821,1368.04,0,PUBLIC_P5MIN_202609232355_20260923235033.zip
2026-09-23 23:55:00,TAS1,2026-09-23 23:55:00,107.24084,1046.13,0,PUBLIC_P5MIN_202609232355_20260923235033.zip
2026-09-23 23:55:00,TAS1,2026-09-24 00:00:00,99.5276,1043.13,0,PUBLIC_P5MIN_202609232355_20260923235033.zip
2026-09-23 23:55:00,TAS1,2026-09-24 00:05:00,120.16,1042.13,0,PUBLIC_P5MIN_202609232355_20260923235033.zip
2026-09-23 23:55:00,TAS1,2026-09-24 00:10:00,121.21232,1039.13,0,PUBLIC_P5MIN_202609232355_20260923235033.zip
2026-09-23 23:55:00,TAS1,2026-09-24 00:15:00,155.14921,1036.13,0,PUBLIC_P5MIN_202609232355_20260923235033.zip
2026-09-23 23:55:00,TAS1,2026-09-24 00:20:00,142.96836,1033.13,0,PUBLIC_P5MIN_202609232355_20260923235033.zip
2026-09-23 23:55:00,TAS1,2026-09-24 00:25:00,155.62441,1030.13,0,PUBLIC_P5MIN_202609232355_20260923235033.zip
2026-09-23 23:55:00,TAS1,2026-09-24 00:30:00,154.61496,1028.13,0,PUBLIC_P5MIN_202609232355_20260923235033.zip
2026-09-23 23:55:00,TAS1,2026-09-24 00:35:00,230.97574,1026.13,0,PUBLIC_P5MIN_202609232355_20260923235033.zip
2026-09-23 23:55:00,TAS1,2026-09-24 00:40:00,226.71019,1024.13,0,PUBLIC_P5MIN_202609232355_20260923235033.zip
2026-09-23 23:55:00,TAS1,2026-09-24 00:45:00,224.95256,1022.13,0,PUBLIC_P5MIN_202609232355_20260923235033.zip
2026-09-23 23:55:00,TAS1,2026-09-24 00:50:00,213.2553,1020.13,0,PUBLIC_P5MIN_202609232355_20260923235033.zip
2026-09-23 23:55:00,VIC1,2026-09-23 23:55:00,115.37886,5306.53,0,PUBLIC_P5MIN_202609232355_20260923235033.zip
2026-09-23 23:55:00,VIC1,2026-09-24 00:00:00,106.72972,5269.53,0,PUBLIC_P5MIN_202609232355_20260923235033.zip
2026-09-23 23:55:00,VIC1,2026-09-24 00:05:00,126.78248,5291.53,0,PUBLIC_P5MIN_202609232355_20260923235033.zip
2026-09-23 23:55:00,VIC1,2026-09-24 00:10:00,128.39744,5253.53,0,PUBLIC_P5MIN_202609232355_20260923235033.zip
2026-09-23 23:55:00,VIC1,2026-09-24 00:15:00,164.84892,5217.53,0,PUBLIC_P5MIN_202609232355_20260923235033.zip
2026-09-23 23:55:00,VIC1,2026-09-24 00:20:00,151.90654,5186.53,0,PUBLIC_P5MIN_202609232355_20260923235033.zip
2026-09-23 23:55:00,VIC1,2026-09-24 00:25:00,165.35383,5155.53,0,PUBLIC_P5MIN_202609232355_20260923235033.zip
2026-09-23 23:55:00,VIC1,2026-09-24 00:30:00,164.78553,5127.53,0,PUBLIC_P5MIN_202609232355_20260923235033.zip
2026-09-23 23:55:00,VIC1,2026-09-24 00:35:00,246.16931,5103.53,0,PUBLIC_P5MIN_202609232355_20260923235033.zip
2026-09-23 23:55:00,VIC1,2026-09-24 00:40:00,242.3671,5083.53,0,PUBLIC_P5MIN_202609232355_20260923235033.zip
2026-09-23 23:55:00,VIC1,2026-09-24 00:45:00,240.48809,5064.53,0,PUBLIC_P5MIN_202609232355_20260923235033.zip
2026-09-23 23:55:00,VIC1,2026-09-24 00:50:00,227.983,5042.53,0,PUBLIC_P5MIN_202609232355_20260923235033.zip
2026-09-24 00:00:00,NSW1,2026-09-24 00:00:00,119.01,7555.18,0,PUBLIC_P5MIN_202609240000_20260923235534.zip
2026-09-24 00:00:00,NSW1,2026-09-24 00:05:00,138.0,7526.18,0,PUBLIC_P5MIN_202609240000_20260923235534.zip
2026-09-24 00:00:00,NSW1,2026-09-24 00:10:00,136.38586,7513.18,0,PUBLIC_P5MIN_202609240000_20260923235534.zip
2026-09-24 00:00:00,NSW1,2026-09-24 00:15:00,130.23,7499.18,0,PUBLIC_P5MIN_202609240000_20260923235534.zip
2026-09-24 00:00:00,NSW1,2026-09-24 00:20:00,136.09522,7485.18,0,PUBLIC_P5MIN_202609240000_20260923235534.zip
2026-09-24 00:00:00,NSW1,2026-09-24 00:25:00,122.98796,7470.18,0,PUBLIC_P5MIN_202609240000_20260923235534.zip
2026-09-24 00:00:00,NSW1,2026-09-24 00:30:00,119.01,7451.18,0,PUBLIC_P5MIN_202609240000_20260923235534.zip
2026-09-24 00:00:00,NSW1,2026-09-24 00:35:00,136.3985,7430.18,0,PUBLIC_P5MIN_202609240000_20260923235534.zip
2026-09-24 00:00:00,NSW1,2026-09-24 00:40:00,139.41406,7412.18,0,PUBLIC_P5MIN_202609240000_20260923235534.zip
2026-09-24 00:00:00,NSW1,2026-09-24 00:45:00,138.0,7393.18,0,PUBLIC_P5MIN_202609240000_20260923235534.zip
2026-09-24 00:00:00,NSW1,2026-09-24 00:50:00,195.13947,7370.18,0,PUBLIC_P5MIN_202609240000_20260923235534.zip
2026-09-24 00:00:00,NSW1,2026-09-24 00:55:00,139.41406,7347.18,0,PUBLIC_P5MIN_202609240000_20260923235534.zip
2026-09-24 00:00:00,QLD1,2026-09-24 00:00:00,303.0,5775.22,0,PUBLIC_P5MIN_202609240000_20260923235534.zip
2026-09-24 00:00:00,QLD1,2026-09-24 00:05:00,303.0,5747.22,0,PUBLIC_P5MIN_202609240000_20260923235534.zip
2026-09-24 00:00:00,QLD1,2026-09-24 00:10:00,303.0,5717.22,0,PUBLIC_P5MIN_202609240000_20260923235534.zip
2026-09-24 00:00:00,QLD1,2026-09-24 00:15:00,303.0,5690.22,0,PUBLIC_P5MIN_202609240000_20260923235534.zip
2026-09-24 00:00:00,QLD1,2026-09-24 00:20:00,303.0,5660.22,0,PUBLIC_P5MIN_202609240000_20260923235534.zip
2026-09-24 00:00:00,QLD1,2026-09-24 00:25:00,303.0,5632.22,0,PUBLIC_P5MIN_202609240000_20260923235534.zip
2026-09-24 00:00:00,QLD1,2026-09-24 00:30:00,303.0,5602.22,0,PUBLIC_P5MIN_202609240000_20260923235534.zip
2026-09-24 00:00:00,QLD1,2026-09-24 00:35:00,303.0,5573.22,0,PUBLIC_P5MIN_202609240000_20260923235534.zip
2026-09-24 00:00:00,QLD1,2026-09-24 00:40:00,303.0,5546.22,0,PUBLIC_P5MIN_202609240000_20260923235534.zip
2026-09-24 00:00:00,QLD1,2026-09-24 00:45:00,303.0,5525.22,0,PUBLIC_P5MIN_202609240000_20260923235534.zip
2026-09-24 00:00:00,QLD1,2026-09-24 00:50:00,303.0,5504.22,0,PUBLIC_P5MIN_202609240000_20260923235534.zip
2026-09-24 00:00:00,QLD1,2026-09-24 00:55:00,303.0,5485.22,0,PUBLIC_P5MIN_202609240000_20260923235534.zip
2026-09-24 00:00:00,SA1,2026-09-24 00:00:00,111.2655,1355.92,0,PUBLIC_P5MIN_202609240000_20260923235534.zip
2026-09-24 00:00:00,SA1,2026-09-24 00:05:00,120.58631,1364.92,0,PUBLIC_P5MIN_202609240000_20260923235534.zip
2026-09-24 00:00:00,SA1,2026-09-24 00:10:00,120.57541,1365.92,0,PUBLIC_P5MIN_202609240000_20260923235534.zip
2026-09-24 00:00:00,SA1,2026-09-24 00:15:00,118.33238,1366.92,0,PUBLIC_P5MIN_202609240000_20260923235534.zip
2026-09-24 00:00:00,SA1,2026-09-24 00:20:00,120.3,1367.92,0,PUBLIC_P5MIN_202609240000_20260923235534.zip
2026-09-24 00:00:00,SA1,2026-09-24 00:25:00,110.80425,1368.92,0,PUBLIC_P5MIN_202609240000_20260923235534.zip
2026-09-24 00:00:00,SA1,2026-09-24 00:30:00,106.01963,1368.92,0,PUBLIC_P5MIN_202609240000_20260923235534.zip
2026-09-24 00:00:00,SA1,2026-09-24 00:35:00,120.0,1367.92,0,PUBLIC_P5MIN_202609240000_20260923235534.zip
2026-09-24 00:00:00,SA1,2026-09-24 00:40:00,123.6969,1367.92,0,PUBLIC_P5MIN_202609240000_20260923235534.zip
2026-09-24 00:00:00,SA1,2026-09-24 00:45:00,122.44225,1367.92,0,PUBLIC_P5MIN_202609240000_20260923235534.zip
2026-09-24 00:00:00,SA1,2026-09-24 00:50:00,174.49281,1366.92,0,PUBLIC_P5MIN_202609240000_20260923235534.zip
2026-09-24 00:00:00,SA1,2026-09-24 00:55:00,125.63753,1365.92,0,PUBLIC_P5MIN_202609240000_20260923235534.zip
2026-09-24 00:00:00,TAS1,2026-09-24 00:00:00,107.76991,1042.43,0,PUBLIC_P5MIN_202609240000_20260923235534.zip
2026-09-24 00:00:00,TAS1,2026-09-24 00:05:00,121.21232,1040.43,0,PUBLIC_P5MIN_202609240000_20260923235534.zip
2026-09-24 00:00:00,TAS1,2026-09-24 00:10:00,120.16,1037.43,0,PUBLIC_P5MIN_202609240000_20260923235534.zip
2026-09-24 00:00:00,TAS1,2026-09-24 00:15:00,116.00412,1034.43,0,PUBLIC_P5MIN_202609240000_20260923235534.zip
2026-09-24 00:00:00,TAS1,2026-09-24 00:20:00,119.31789,1031.43,0,PUBLIC_P5MIN_202609240000_20260923235534.zip
2026-09-24 00:00:00,TAS1,2026-09-24 00:25:00,108.68561,1028.43,0,PUBLIC_P5MIN_202609240000_20260923235534.zip
2026-09-24 00:00:00,TAS1,2026-09-24 00:30:00,104.0225,1026.43,0,PUBLIC_P5MIN_202609240000_20260923235534.zip
2026-09-24 00:00:00,TAS1,2026-09-24 00:35:00,117.34863,1024.43,0,PUBLIC_P5MIN_202609240000_20260923235534.zip
2026-09-24 00:00:00,TAS1,2026-09-24 00:40:00,120.16,1022.43,0,PUBLIC_P5MIN_202609240000_20260923235534.zip
2026-09-24 00:00:00,TAS1,2026-09-24 00:45:00,119.30519,1020.43,0,PUBLIC_P5MIN_202609240000_20260923235534.zip
2026-09-24 00:00:00,TAS1,2026-09-24 00:50:00,167.16,1018.43,0,PUBLIC_P5MIN_202609240000_20260923235534.zip
2026-09-24 00:00:00,TAS1,2026-09-24 00:55:00,120.16,1016.43,0,PUBLIC_P5MIN_202609240000_20260923235534.zip
2026-09-24 00:00:00,VIC1,2026-09-24 00:00:00,116.30541,5283.58,0,PUBLIC_P5MIN_202609240000_20260923235534.zip
2026-09-24 00:00:00,VIC1,2026-09-24 00:05:00,128.39744,5296.58,0,PUBLIC_P5MIN_202609240000_20260923235534.zip
2026-09-24 00:00:00,VIC1,2026-09-24 00:10:00,126.89562,5259.58,0,PUBLIC_P5MIN_202609240000_20260923235534.zip
2026-09-24 00:00:00,VIC1,2026-09-24 00:15:00,122.13532,5224.58,0,PUBLIC_P5MIN_202609240000_20260923235534.zip
2026-09-24 00:00:00,VIC1,2026-09-24 00:20:00,125.62423,5194.58,0,PUBLIC_P5MIN_202609240000_20260923235534.zip
2026-09-24 00:00:00,VIC1,2026-09-24 00:25:00,114.43,5164.58,0,PUBLIC_P5MIN_202609240000_20260923235534.zip
2026-09-24 00:00:00,VIC1,2026-09-24 00:30:00,109.85353,5137.58,0,PUBLIC_P5MIN_202609240000_20260923235534.zip
2026-09-24 00:00:00,VIC1,2026-09-24 00:35:00,123.92665,5113.58,0,PUBLIC_P5MIN_202609240000_20260923235534.zip
2026-09-24 00:00:00,VIC1,2026-09-24 00:40:00,127.67223,5093.58,0,PUBLIC_P5MIN_202609240000_20260923235534.zip
2026-09-24 00:00:00,VIC1,2026-09-24 00:45:00,126.37727,5073.58,0,PUBLIC_P5MIN_202609240000_20260923235534.zip
2026-09-24 00:00:00,VIC1,2026-09-24 00:50:00,178.7043,5050.58,0,PUBLIC_P5MIN_202609240000_20260923235534.zip
2026-09-24 00:00:00,VIC1,2026-09-24 00:55:00,127.67223,5027.58,0,PUBLIC_P5MIN_202609240000_20260923235534.zip
2026-09-24 00:05:00,NSW1,2026-09-24 00:05:00,129.92805,7573.72,0,PUBLIC_P5MIN_202609240005_20260924000033.zip
2026-09-24 00:05:00,NSW1,2026-09-24 00:10:00,147.22749,7564.72,0,PUBLIC_P5MIN_202609240005_20260924000033.zip
2026-09-24 00:05:00,NSW1,2026-09-24 00:15:00,147.22749,7554.72,0,PUBLIC_P5MIN_202609240005_20260924000033.zip
2026-09-24 00:05:00,NSW1,2026-09-24 00:20:00,147.22749,7544.72,0,PUBLIC_P5MIN_202609240005_20260924000033.zip
2026-09-24 00:05:00,NSW1,2026-09-24 00:25:00,148.39853,7532.72,0,PUBLIC_P5MIN_202609240005_20260924000033.zip
2026-09-24 00:05:00,NSW1,2026-09-24 00:30:00,121.1,7516.72,0,PUBLIC_P5MIN_202609240005_20260924000033.zip
2026-09-24 00:05:00,NSW1,2026-09-24 00:35:00,121.1,7498.72,0,PUBLIC_P5MIN_202609240005_20260924000033.zip
2026-09-24 00:05:00,NSW1,2026-09-24 00:40:00,121.1,7482.72,0,PUBLIC_P5MIN_202609240005_20260924000033.zip
2026-09-24 00:05:00,NSW1,2026-09-24 00:45:00,121.1,7464.72,0,PUBLIC_P5MIN_202609240005_20260924000033.zip
2026-09-24 00:05:00,NSW1,2026-09-24 00:50:00,231.33228,7441.72,0,PUBLIC_P5MIN_202609240005_20260924000033.zip
2026-09-24 00:05:00,NSW1,2026-09-24 00:55:00,273.62422,7417.72,0,PUBLIC_P5MIN_202609240005_20260924000033.zip
2026-09-24 00:05:00,NSW1,2026-09-24 01:00:00,267.82887,7394.72,0,PUBLIC_P5MIN_202609240005_20260924000033.zip
2026-09-24 00:05:00,QLD1,2026-09-24 00:05:00,303.0,5666.04,0,PUBLIC_P5MIN_202609240005_20260924000033.zip
2026-09-24 00:05:00,QLD1,2026-09-24 00:10:00,303.0,5634.04,0,PUBLIC_P5MIN_202609240005_20260924000033.zip
2026-09-24 00:05:00,QLD1,2026-09-24 00:15:00,303.0,5605.04,0,PUBLIC_P5MIN_202609240005_20260924000033.zip
2026-09-24 00:05:00,QLD1,2026-09-24 00:20:00,303.0,5573.04,0,PUBLIC_P5MIN_202609240005_20260924000033.zip
2026-09-24 00:05:00,QLD1,2026-09-24 00:25:00,303.0,5543.04,0,PUBLIC_P5MIN_202609240005_20260924000033.zip
2026-09-24 00:05:00,QLD1,2026-09-24 00:30:00,303.0,5511.04,0,PUBLIC_P5MIN_202609240005_20260924000033.zip
2026-09-24 00:05:00,QLD1,2026-09-24 00:35:00,303.0,5481.04,0,PUBLIC_P5MIN_202609240005_20260924000033.zip
2026-09-24 00:05:00,QLD1,2026-09-24 00:40:00,303.0,5454.04,0,PUBLIC_P5MIN_202609240005_20260924000033.zip
2026-09-24 00:05:00,QLD1,2026-09-24 00:45:00,303.0,5433.04,0,PUBLIC_P5MIN_202609240005_20260924000033.zip
2026-09-24 00:05:00,QLD1,2026-09-24 00:50:00,303.0,5412.04,0,PUBLIC_P5MIN_202609240005_20260924000033.zip
2026-09-24 00:05:00,QLD1,2026-09-24 00:55:00,303.0,5394.04,0,PUBLIC_P5MIN_202609240005_20260924000033.zip
2026-09-24 00:05:00,QLD1,2026-09-24 01:00:00,303.0,5376.04,0,PUBLIC_P5MIN_202609240005_20260924000033.zip
2026-09-24 00:05:00,SA1,2026-09-24 00:05:00,121.608,1359.31,0,PUBLIC_P5MIN_202609240005_20260924000033.zip
2026-09-24 00:05:00,SA1,2026-09-24 00:10:00,128.62976,1361.31,0,PUBLIC_P5MIN_202609240005_20260924000033.zip
2026-09-24 00:05:00,SA1,2026-09-24 00:15:00,130.14026,1362.31,0,PUBLIC_P5MIN_202609240005_20260924000033.zip
2026-09-24 00:05:00,SA1,2026-09-24 00:20:00,130.14026,1363.31,0,PUBLIC_P5MIN_202609240005_20260924000033.zip
2026-09-24 00:05:00,SA1,2026-09-24 00:25:00,130.14026,1365.31,0,PUBLIC_P5MIN_202609240005_20260924000033.zip
2026-09-24 00:05:00,SA1,2026-09-24 00:30:00,109.16509,1365.31,0,PUBLIC_P5MIN_202609240005_20260924000033.zip
2026-09-24 00:05:00,SA1,2026-09-24 00:35:00,112.21899,1364.31,0,PUBLIC_P5MIN_202609240005_20260924000033.zip
2026-09-24 00:05:00,SA1,2026-09-24 00:40:00,113.55919,1364.31,0,PUBLIC_P5MIN_202609240005_20260924000033.zip
2026-09-24 00:05:00,SA1,2026-09-24 00:45:00,112.65658,1364.31,0,PUBLIC_P5MIN_202609240005_20260924000033.zip
2026-09-24 00:05:00,SA1,2026-09-24 00:50:00,202.05688,1363.31,0,PUBLIC_P5MIN_202609240005_20260924000033.zip
2026-09-24 00:05:00,SA1,2026-09-24 00:55:00,233.0,1361.31,0,PUBLIC_P5MIN_202609240005_20260924000033.zip
2026-09-24 00:05:00,SA1,2026-09-24 01:00:00,233.0,1359.31,0,PUBLIC_P5MIN_202609240005_20260924000033.zip
2026-09-24 00:05:00,TAS1,2026-09-24 00:05:00,120.16,1036.03,0,PUBLIC_P5MIN_202609240005_20260924000033.zip
2026-09-24 00:05:00,TAS1,2026-09-24 00:10:00,127.90364,1033.03,0,PUBLIC_P5MIN_202609240005_20260924000033.zip
2026-09-24 00:05:00,TAS1,2026-09-24 00:15:00,127.90364,1030.03,0,PUBLIC_P5MIN_202609240005_20260924000033.zip
2026-09-24 00:05:00,TAS1,2026-09-24 00:20:00,127.51225,1027.03,0,PUBLIC_P5MIN_202609240005_20260924000033.zip
2026-09-24 00:05:00,TAS1,2026-09-24 00:25:00,127.51225,1024.03,0,PUBLIC_P5MIN_202609240005_20260924000033.zip
2026-09-24 00:05:00,TAS1,2026-09-24 00:30:00,106.6927,1022.03,0,PUBLIC_P5MIN_202609240005_20260924000033.zip
2026-09-24 00:05:00,TAS1,2026-09-24 00:35:00,108.4044,1020.03,0,PUBLIC_P5MIN_202609240005_20260924000033.zip
2026-09-24 00:05:00,TAS1,2026-09-24 00:40:00,108.94059,1018.03,0,PUBLIC_P5MIN_202609240005_20260924000033.zip
2026-09-24 00:05:00,TAS1,2026-09-24 00:45:00,108.0747,1016.03,0,PUBLIC_P5MIN_202609240005_20260924000033.zip
2026-09-24 00:05:00,TAS1,2026-09-24 00:50:00,196.60237,1014.03,0,PUBLIC_P5MIN_202609240005_20260924000033.zip
2026-09-24 00:05:00,TAS1,2026-09-24 00:55:00,228.20005,1012.03,0,PUBLIC_P5MIN_202609240005_20260924000033.zip
2026-09-24 00:05:00,TAS1,2026-09-24 01:00:00,225.13436,1011.03,0,PUBLIC_P5MIN_202609240005_20260924000033.zip
2026-09-24 00:05:00,VIC1,2026-09-24 00:05:00,128.09958,5341.26,0,PUBLIC_P5MIN_202609240005_20260924000033.zip
2026-09-24 00:05:00,VIC1,2026-09-24 00:10:00,135.9,5305.26,0,PUBLIC_P5MIN_202609240005_20260924000033.zip
2026-09-24 00:05:00,VIC1,2026-09-24 00:15:00,135.9,5271.26,0,PUBLIC_P5MIN_202609240005_20260924000033.zip
2026-09-24 00:05:00,VIC1,2026-09-24 00:20:00,135.9,5241.26,0,PUBLIC_P5MIN_202609240005_20260924000033.zip
2026-09-24 00:05:00,VIC1,2026-09-24 00:25:00,135.9,5212.26,0,PUBLIC_P5MIN_202609240005_20260924000033.zip
2026-09-24 00:05:00,VIC1,2026-09-24 00:30:00,112.67341,5185.26,0,PUBLIC_P5MIN_202609240005_20260924000033.zip
2026-09-24 00:05:00,VIC1,2026-09-24 00:35:00,114.48106,5162.26,0,PUBLIC_P5MIN_202609240005_20260924000033.zip
2026-09-24 00:05:00,VIC1,2026-09-24 00:40:00,115.39828,5142.26,0,PUBLIC_P5MIN_202609240005_20260924000033.zip
2026-09-24 00:05:00,VIC1,2026-09-24 00:45:00,114.48106,5122.26,0,PUBLIC_P5MIN_202609240005_20260924000033.zip
2026-09-24 00:05:00,VIC1,2026-09-24 00:50:00,210.18,5099.26,0,PUBLIC_P5MIN_202609240005_20260924000033.zip
2026-09-24 00:05:00,VIC1,2026-09-24 00:55:00,244.7133,5076.26,0,PUBLIC_P5MIN_202609240005_20260924000033.zip
2026-09-24 00:05:00,VIC1,2026-09-24 01:00:00,241.42577,5052.26,0,PUBLIC_P5MIN_202609240005_20260924000033.zip
2026-09-24 00:10:00,NSW1,2026-09-24 00:10:00,224.08629,7678.45,0,PUBLIC_P5MIN_202609240010_20260924000534.zip
2026-09-24 00:10:00,NSW1,2026-09-24 00:15:00,278.18653,7666.45,0,PUBLIC_P5MIN_202609240010_20260924000534.zip
2026-09-24 00:10:00,NSW1,2026-09-24 00:20:00,241.98162,7654.45,0,PUBLIC_P5MIN_202609240010_20260924000534.zip
2026-09-24 00:10:00,NSW1,2026-09-24 00:25:00,283.03485,7640.45,0,PUBLIC_P5MIN_202609240010_20260924000534.zip
2026-09-24 00:10:00,NSW1,2026-09-24 00:30:00,244.83578,7621.45,0,PUBLIC_P5MIN_202609240010_20260924000534.zip
2026-09-24 00:10:00,NSW1,2026-09-24 00:35:00,292.0359,7601.45,0,PUBLIC_P5MIN_202609240010_20260924000534.zip
2026-09-24 00:10:00,NSW1,2026-09-24 00:40:00,299.99,7582.45,0,PUBLIC_P5MIN_202609240010_20260924000534.zip
2026-09-24 00:10:00,NSW1,2026-09-24 00:45:00,287.50692,7561.45,0,PUBLIC_P5MIN_202609240010_20260924000534.zip
2026-09-24 00:10:00,NSW1,2026-09-24 00:50:00,177.13805,7535.45,0,PUBLIC_P5MIN_202609240010_20260924000534.zip
2026-09-24 00:10:00,NSW1,2026-09-24 00:55:00,191.55228,7508.45,0,PUBLIC_P5MIN_202609240010_20260924000534.zip
2026-09-24 00:10:00,NSW1,2026-09-24 01:00:00,273.14185,7482.45,0,PUBLIC_P5MIN_202609240010_20260924000534.zip
2026-09-24 00:10:00,NSW1,2026-09-24 01:05:00,266.93969,7453.45,0,PUBLIC_P5MIN_202609240010_20260924000534.zip
2026-09-24 00:10:00,QLD1,2026-09-24 00:10:00,185.40242,5708.12,0,PUBLIC_P5MIN_202609240010_20260924000534.zip
2026-09-24 00:10:00,QLD1,2026-09-24 00:15:00,303.0,5679.12,0,PUBLIC_P5MIN_202609240010_20260924000534.zip
2026-09-24 00:10:00,QLD1,2026-09-24 00:20:00,283.66602,5648.12,0,PUBLIC_P5MIN_202609240010_20260924000534.zip
2026-09-24 00:10:00,QLD1,2026-09-24 00:25:00,277.24363,5619.12,0,PUBLIC_P5MIN_202609240010_20260924000534.zip
2026-09-24 00:10:00,QLD1,2026-09-24 00:30:00,303.0,5588.12,0,PUBLIC_P5MIN_202609240010_20260924000534.zip
2026-09-24 00:10:00,QLD1,2026-09-24 00:35:00,303.0,5558.12,0,PUBLIC_P5MIN_202609240010_20260924000534.zip
2026-09-24 00:10:00,QLD1,2026-09-24 00:40:00,303.0,5531.12,0,PUBLIC_P5MIN_202609240010_20260924000534.zip
2026-09-24 00:10:00,QLD1,2026-09-24 00:45:00,303.0,5510.12,0,PUBLIC_P5MIN_202609240010_20260924000534.zip
2026-09-24 00:10:00,QLD1,2026-09-24 00:50:00,303.0,5489.12,0,PUBLIC_P5MIN_202609240010_20260924000534.zip
2026-09-24 00:10:00,QLD1,2026-09-24 00:55:00,303.0,5471.12,0,PUBLIC_P5MIN_202609240010_20260924000534.zip
2026-09-24 00:10:00,QLD1,2026-09-24 01:00:00,303.0,5452.12,0,PUBLIC_P5MIN_202609240010_20260924000534.zip
2026-09-24 00:10:00,QLD1,2026-09-24 01:05:00,303.0,5435.12,0,PUBLIC_P5MIN_202609240010_20260924000534.zip
2026-09-24 00:10:00,SA1,2026-09-24 00:10:00,197.67,1366.03,0,PUBLIC_P5MIN_202609240010_20260924000534.zip
2026-09-24 00:10:00,SA1,2026-09-24 00:15:00,221.41108,1368.03,0,PUBLIC_P5MIN_202609240010_20260924000534.zip
2026-09-24 00:10:00,SA1,2026-09-24 00:20:00,197.65,1370.03,0,PUBLIC_P5MIN_202609240010_20260924000534.zip
2026-09-24 00:10:00,SA1,2026-09-24 00:25:00,221.75498,1372.03,0,PUBLIC_P5MIN_202609240010_20260924000534.zip
2026-09-24 00:10:00,SA1,2026-09-24 00:30:00,197.65,1373.03,0,PUBLIC_P5MIN_202609240010_20260924000534.zip
2026-09-24 00:10:00,SA1,2026-09-24 00:35:00,234.02099,1373.03,0,PUBLIC_P5MIN_202609240010_20260924000534.zip
2026-09-24 00:10:00,SA1,2026-09-24 00:40:00,233.0,1374.03,0,PUBLIC_P5MIN_202609240010_20260924000534.zip
2026-09-24 00:10:00,SA1,2026-09-24 00:45:00,235.84962,1374.03,0,PUBLIC_P5MIN_202609240010_20260924000534.zip
2026-09-24 00:10:00,SA1,2026-09-24 00:50:00,154.54,1373.03,0,PUBLIC_P5MIN_202609240010_20260924000534.zip
2026-09-24 00:10:00,SA1,2026-09-24 00:55:00,164.66569,1371.03,0,PUBLIC_P5MIN_202609240010_20260924000534.zip
2026-09-24 00:10:00,SA1,2026-09-24 01:00:00,233.0,1369.03,0,PUBLIC_P5MIN_202609240010_20260924000534.zip
2026-09-24 00:10:00,SA1,2026-09-24 01:05:00,233.0,1366.03,0,PUBLIC_P5MIN_202609240010_20260924000534.zip
2026-09-24 00:10:00,TAS1,2026-09-24 00:10:00,199.43386,1031.18,0,PUBLIC_P5MIN_202609240010_20260924000534.zip
2026-09-24 00:10:00,TAS1,2026-09-24 00:15:00,233.43803,1028.18,0,PUBLIC_P5MIN_202609240010_20260924000534.zip
2026-09-24 00:10:00,TAS1,2026-09-24 00:20:00,200.84692,1025.18,0,PUBLIC_P5MIN_202609240010_20260924000534.zip
2026-09-24 00:10:00,TAS1,2026-09-24 00:25:00,233.08297,1023.18,0,PUBLIC_P5MIN_202609240010_20260924000534.zip
2026-09-24 00:10:00,TAS1,2026-09-24 00:30:00,201.62553,1021.18,0,PUBLIC_P5MIN_202609240010_20260924000534.zip
2026-09-24 00:10:00,TAS1,2026-09-24 00:35:00,233.08297,1019.18,0,PUBLIC_P5MIN_202609240010_20260924000534.zip
2026-09-24 00:10:00,TAS1,2026-09-24 00:40:00,239.43139,1017.18,0,PUBLIC_P5MIN_202609240010_20260924000534.zip
2026-09-24 00:10:00,TAS1,2026-09-24 00:45:00,233.08297,1015.18,0,PUBLIC_P5MIN_202609240010_20260924000534.zip
2026-09-24 00:10:00,TAS1,2026-09-24 00:50:00,147.02617,1013.18,0,PUBLIC_P5MIN_202609240010_20260924000534.zip
2026-09-24 00:10:00,TAS1,2026-09-24 00:55:00,157.74586,1011.18,0,PUBLIC_P5MIN_202609240010_20260924000534.zip
2026-09-24 00:10:00,TAS1,2026-09-24 01:00:00,226.01217,1010.18,0,PUBLIC_P5MIN_202609240010_20260924000534.zip
2026-09-24 00:10:00,TAS1,2026-09-24 01:05:00,224.38693,1009.18,0,PUBLIC_P5MIN_202609240010_20260924000534.zip
2026-09-24 00:10:00,VIC1,2026-09-24 00:10:00,213.91756,5311.74,0,PUBLIC_P5MIN_202609240010_20260924000534.zip
2026-09-24 00:10:00,VIC1,2026-09-24 00:15:00,248.79357,5278.74,0,PUBLIC_P5MIN_202609240010_20260924000534.zip
2026-09-24 00:10:00,VIC1,2026-09-24 00:20:00,214.71768,5249.74,0,PUBLIC_P5MIN_202609240010_20260924000534.zip
2026-09-24 00:10:00,VIC1,2026-09-24 00:25:00,249.18,5220.74,0,PUBLIC_P5MIN_202609240010_20260924000534.zip
2026-09-24 00:10:00,VIC1,2026-09-24 00:30:00,215.55006,5193.74,0,PUBLIC_P5MIN_202609240010_20260924000534.zip
2026-09-24 00:10:00,VIC1,2026-09-24 00:35:00,249.18,5170.74,0,PUBLIC_P5MIN_202609240010_20260924000534.zip
2026-09-24 00:10:00,VIC1,2026-09-24 00:40:00,255.96684,5150.74,0,PUBLIC_P5MIN_202609240010_20260924000534.zip
2026-09-24 00:10:00,VIC1,2026-09-24 00:45:00,249.18,5130.74,0,PUBLIC_P5MIN_202609240010_20260924000534.zip
2026-09-24 00:10:00,VIC1,2026-09-24 00:50:00,157.18,5106.74,0,PUBLIC_P5MIN_202609240010_20260924000534.zip
2026-09-24 00:10:00,VIC1,2026-09-24 00:55:00,168.64,5081.74,0,PUBLIC_P5MIN_202609240010_20260924000534.zip
2026-09-24 00:10:00,VIC1,2026-09-24 01:00:00,242.3671,5055.74,0,PUBLIC_P5MIN_202609240010_20260924000534.zip
2026-09-24 00:10:00,VIC1,2026-09-24 01:05:00,240.62425,5029.74,0,PUBLIC_P5MIN_202609240010_20260924000534.zip
2026-09-24 00:15:00,NSW1,2026-09-24 00:15:00,230.59,7537.97,0,PUBLIC_P5MIN_202609240015_20260924001034.zip
2026-09-24 00:15:00,NSW1,2026-09-24 00:20:00,288.47592,7538.97,0,PUBLIC_P5MIN_202609240015_20260924001034.zip
2026-09-24 00:15:00,NSW1,2026-09-24 00:25:00,287.50692,7536.97,0,PUBLIC_P5MIN_202609240015_20260924001034.zip
2026-09-24 00:15:00,NSW1,2026-09-24 00:30:00,287.50692,7529.97,0,PUBLIC_P5MIN_202609240015_20260924001034.zip
2026-09-24 00:15:00,NSW1,2026-09-24 00:35:00,299.99,7518.97,0,PUBLIC_P5MIN_202609240015_20260924001034.zip
2026-09-24 00:15:00,NSW1,2026-09-24 00:40:00,299.99,7508.97,0,PUBLIC_P5MIN_202609240015_20260924001034.zip
2026-09-24 00:15:00,NSW1,2026-09-24 00:45:00,299.99,7494.97,0,PUBLIC_P5MIN_202609240015_20260924001034.zip
2026-09-24 00:15:00,NSW1,2026-09-24 00:50:00,259.52127,7473.97,0,PUBLIC_P5MIN_202609240015_20260924001034.zip
2026-09-24 00:15:00,NSW1,2026-09-24 00:55:00,130.01,7449.97,0,PUBLIC_P5MIN_202609240015_20260924001034.zip
2026-09-24 00:15:00,NSW1,2026-09-24 01:00:00,299.99,7423.97,0,PUBLIC_P5MIN_202609240015_20260924001034.zip
2026-09-24 00:15:00,NSW1,2026-09-24 01:05:00,225.11148,7391.97,0,PUBLIC_P5MIN_202609240015_20260924001034.zip
2026-09-24 00:15:00,NSW1,2026-09-24 01:10:00,225.11148,7366.97,0,PUBLIC_P5MIN_202609240015_20260924001034.zip
2026-09-24 00:15:00,QLD1,2026-09-24 00:15:00,185.40242,5785.82,0,PUBLIC_P5MIN_202609240015_20260924001034.zip
2026-09-24 00:15:00,QLD1,2026-09-24 00:20:00,264.12677,5756.82,0,PUBLIC_P5MIN_202609240015_20260924001034.zip
2026-09-24 00:15:00,QLD1,2026-09-24 00:25:00,264.12677,5728.82,0,PUBLIC_P5MIN_202609240015_20260924001034.zip
2026-09-24 00:15:00,QLD1,2026-09-24 00:30:00,185.40238,5698.82,0,PUBLIC_P5MIN_202609240015_20260924001034.zip
2026-09-24 00:15:00,QLD1,2026-09-24 00:35:00,303.0,5669.82,0,PUBLIC_P5MIN_202609240015_20260924001034.zip
2026-09-24 00:15:00,QLD1,2026-09-24 00:40:00,303.0,5643.82,0,PUBLIC_P5MIN_202609240015_20260924001034.zip
2026-09-24 00:15:00,QLD1,2026-09-24 00:45:00,303.0,5622.82,0,PUBLIC_P5MIN_202609240015_20260924001034.zip
2026-09-24 00:15:00,QLD1,2026-09-24 00:50:00,303.0,5601.82,0,PUBLIC_P5MIN_202609240015_20260924001034.zip
2026-09-24 00:15:00,QLD1,2026-09-24 00:55:00,303.0,5582.82,0,PUBLIC_P5MIN_202609240015_20260924001034.zip
2026-09-24 00:15:00,QLD1,2026-09-24 01:00:00,303.0,5563.82,0,PUBLIC_P5MIN_202609240015_20260924001034.zip
2026-09-24 00:15:00,QLD1,2026-09-24 01:05:00,303.0,5544.82,0,PUBLIC_P5MIN_202609240015_20260924001034.zip
2026-09-24 00:15:00,QLD1,2026-09-24 01:10:00,303.0,5528.82,0,PUBLIC_P5MIN_202609240015_20260924001034.zip
2026-09-24 00:15:00,SA1,2026-09-24 00:15:00,208.13491,1307.32,0,PUBLIC_P5MIN_202609240015_20260924001034.zip
2026-09-24 00:15:00,SA1,2026-09-24 00:20:00,233.0,1308.32,0,PUBLIC_P5MIN_202609240015_20260924001034.zip
2026-09-24 00:15:00,SA1,2026-09-24 00:25:00,233.0,1309.32,0,PUBLIC_P5MIN_202609240015_20260924001034.zip
2026-09-24 00:15:00,SA1,2026-09-24 00:30:00,233.0,1309.32,0,PUBLIC_P5MIN_202609240015_20260924001034.zip
2026-09-24 00:15:00,SA1,2026-09-24 00:35:00,245.32845,1308.32,0,PUBLIC_P5MIN_202609240015_20260924001034.zip
2026-09-24 00:15:00,SA1,2026-09-24 00:40:00,248.03998,1308.32,0,PUBLIC_P5MIN_202609240015_20260924001034.zip
2026-09-24 00:15:00,SA1,2026-09-24 00:45:00,249.99645,1308.32,0,PUBLIC_P5MIN_202609240015_20260924001034.zip
2026-09-24 00:15:00,SA1,2026-09-24 00:50:00,233.0,1307.32,0,PUBLIC_P5MIN_202609240015_20260924001034.zip
2026-09-24 00:15:00,SA1,2026-09-24 00:55:00,119.03563,1305.32,0,PUBLIC_P5MIN_202609240015_20260924001034.zip
2026-09-24 00:15:00,SA1,2026-09-24 01:00:00,247.06151,1303.32,0,PUBLIC_P5MIN_202609240015_20260924001034.zip
2026-09-24 00:15:00,SA1,2026-09-24 01:05:00,199.70793,1301.32,0,PUBLIC_P5MIN_202609240015_20260924001034.zip
2026-09-24 00:15:00,SA1,2026-09-24 01:10:00,200.5118,1298.32,0,PUBLIC_P5MIN_202609240015_20260924001034.zip
2026-09-24 00:15:00,TAS1,2026-09-24 00:15:00,199.39061,1024.83,0,PUBLIC_P5MIN_202609240015_20260924001034.zip
2026-09-24 00:15:00,TAS1,2026-09-24 00:20:00,231.35318,1021.83,0,PUBLIC_P5MIN_202609240015_20260924001034.zip
2026-09-24 00:15:00,TAS1,2026-09-24 00:25:00,228.77714,1018.83,0,PUBLIC_P5MIN_202609240015_20260924001034.zip
2026-09-24 00:15:00,TAS1,2026-09-24 00:30:00,228.77714,1016.83,0,PUBLIC_P5MIN_202609240015_20260924001034.zip
2026-09-24 00:15:00,TAS1,2026-09-24 00:35:00,245.1154,1014.83,0,PUBLIC_P5MIN_202609240015_20260924001034.zip
2026-09-24 00:15:00,TAS1,2026-09-24 00:40:00,247.04576,1012.83,0,PUBLIC_P5MIN_202609240015_20260924001034.zip
2026-09-24 00:15:00,TAS1,2026-09-24 00:45:00,248.99439,1010.83,0,PUBLIC_P5MIN_202609240015_20260924001034.zip
2026-09-24 00:15:00,TAS1,2026-09-24 00:50:00,223.38894,1008.83,0,PUBLIC_P5MIN_202609240015_20260924001034.zip
2026-09-24 00:15:00,TAS1,2026-09-24 00:55:00,114.1943,1006.83,0,PUBLIC_P5MIN_202609240015_20260924001034.zip
2026-09-24 00:15:00,TAS1,2026-09-24 01:00:00,244.36072,1005.83,0,PUBLIC_P5MIN_202609240015_20260924001034.zip
2026-09-24 00:15:00,TAS1,2026-09-24 01:05:00,190.72646,1004.83,0,PUBLIC_P5MIN_202609240015_20260924001034.zip
2026-09-24 00:15:00,TAS1,2026-09-24 01:10:00,192.24084,1003.83,0,PUBLIC_P5MIN_202609240015_20260924001034.zip
2026-09-24 00:15:00,VIC1,2026-09-24 00:15:00,217.88421,5237.22,0,PUBLIC_P5MIN_202609240015_20260924001034.zip
2026-09-24 00:15:00,VIC1,2026-09-24 00:20:00,251.98578,5215.22,0,PUBLIC_P5MIN_202609240015_20260924001034.zip
2026-09-24 00:15:00,VIC1,2026-09-24 00:25:00,249.18,5193.22,0,PUBLIC_P5MIN_202609240015_20260924001034.zip
2026-09-24 00:15:00,VIC1,2026-09-24 00:30:00,249.18,5172.22,0,PUBLIC_P5MIN_202609240015_20260924001034.zip
2026-09-24 00:15:00,VIC1,2026-09-24 00:35:00,262.04341,5154.22,0,PUBLIC_P5MIN_202609240015_20260924001034.zip
2026-09-24 00:15:00,VIC1,2026-09-24 00:40:00,264.10708,5138.22,0,PUBLIC_P5MIN_202609240015_20260924001034.zip
2026-09-24 00:15:00,VIC1,2026-09-24 00:45:00,266.19028,5121.22,0,PUBLIC_P5MIN_202609240015_20260924001034.zip
2026-09-24 00:15:00,VIC1,2026-09-24 00:50:00,239.55404,5099.22,0,PUBLIC_P5MIN_202609240015_20260924001034.zip
2026-09-24 00:15:00,VIC1,2026-09-24 00:55:00,120.96342,5075.22,0,PUBLIC_P5MIN_202609240015_20260924001034.zip
2026-09-24 00:15:00,VIC1,2026-09-24 01:00:00,262.04341,5048.22,0,PUBLIC_P5MIN_202609240015_20260924001034.zip
2026-09-24 00:15:00,VIC1,2026-09-24 01:05:00,204.52801,5019.22,0,PUBLIC_P5MIN_202609240015_20260924001034.zip
2026-09-24 00:15:00,VIC1,2026-09-24 01:10:00,206.15198,4995.22,0,PUBLIC_P5MIN_202609240015_20260924001034.zip
2026-09-24 00:20:00,NSW1,2026-09-24 00:20:00,146.11,7486.38,0,PUBLIC_P5MIN_202609240020_20260924001533.zip
2026-09-24 00:20:00,NSW1,2026-09-24 00:25:00,146.11,7478.38,0,PUBLIC_P5MIN_202609240020_20260924001533.zip
2026-09-24 00:20:00,NSW1,2026-09-24 00:30:00,146.11,7465.38,0,PUBLIC_P5MIN_202609240020_20260924001533.zip
2026-09-24 00:20:00,NSW1,2026-09-24 00:35:00,299.99,7449.38,0,PUBLIC_P5MIN_202609240020_20260924001533.zip
2026-09-24 00:20:00,NSW1,2026-09-24 00:40:00,299.99,7434.38,0,PUBLIC_P5MIN_202609240020_20260924001533.zip
2026-09-24 00:20:00,NSW1,2026-09-24 00:45:00,259.52127,7416.38,0,PUBLIC_P5MIN_202609240020_20260924001533.zip
2026-09-24 00:20:00,NSW1,2026-09-24 00:50:00,299.99,7393.38,0,PUBLIC_P5MIN_202609240020_20260924001533.zip
2026-09-24 00:20:00,NSW1,2026-09-24 00:55:00,299.99,7368.38,0,PUBLIC_P5MIN_202609240020_20260924001533.zip
2026-09-24 00:20:00,NSW1,2026-09-24 01:00:00,299.99,7342.38,0,PUBLIC_P5MIN_202609240020_20260924001533.zip
2026-09-24 00:20:00,NSW1,2026-09-24 01:05:00,193.74678,7312.38,0,PUBLIC_P5MIN_202609240020_20260924001533.zip
2026-09-24 00:20:00,NSW1,2026-09-24 01:10:00,209.17035,7291.38,0,PUBLIC_P5MIN_202609240020_20260924001533.zip
2026-09-24 00:20:00,NSW1,2026-09-24 01:15:00,209.17035,7265.38,0,PUBLIC_P5MIN_202609240020_20260924001533.zip
2026-09-24 00:20:00,QLD1,2026-09-24 00:20:00,264.12691,5787.79,0,PUBLIC_P5MIN_202609240020_20260924001533.zip
2026-09-24 00:20:00,QLD1,2026-09-24 00:25:00,303.0,5763.79,0,PUBLIC_P5MIN_202609240020_20260924001533.zip
2026-09-24 00:20:00,QLD1,2026-09-24 00:30:00,303.0,5736.79,0,PUBLIC_P5MIN_202609240020_20260924001533.zip
2026-09-24 00:20:00,QLD1,2026-09-24 00:35:00,303.0,5710.79,0,PUBLIC_P5MIN_202609240020_20260924001533.zip
2026-09-24 00:20:00,QLD1,2026-09-24 00:40:00,303.0,5686.79,0,PUBLIC_P5MIN_202609240020_20260924001533.zip
2026-09-24 00:20:00,QLD1,2026-09-24 00:45:00,303.0,5667.79,0,PUBLIC_P5MIN_202609240020_20260924001533.zip
2026-09-24 00:20:00,QLD1,2026-09-24 00:50:00,303.0,5647.79,0,PUBLIC_P5MIN_202609240020_20260924001533.zip
2026-09-24 00:20:00,QLD1,2026-09-24 00:55:00,303.0,5629.79,0,PUBLIC_P5MIN_202609240020_20260924001533.zip
2026-09-24 00:20:00,QLD1,2026-09-24 01:00:00,338.00793,5609.79,0,PUBLIC_P5MIN_202609240020_20260924001533.zip
2026-09-24 00:20:00,QLD1,2026-09-24 01:05:00,338.00793,5589.79,0,PUBLIC_P5MIN_202609240020_20260924001533.zip
2026-09-24 00:20:00,QLD1,2026-09-24 01:10:00,303.0,5571.79,0,PUBLIC_P5MIN_202609240020_20260924001533.zip
2026-09-24 00:20:00,QLD1,2026-09-24 01:15:00,338.00803,5556.79,0,PUBLIC_P5MIN_202609240020_20260924001533.zip
2026-09-24 00:20:00,SA1,2026-09-24 00:20:00,140.75013,1352.89,0,PUBLIC_P5MIN_202609240020_20260924001533.zip
2026-09-24 00:20:00,SA1,2026-09-24 00:25:00,130.65088,1352.89,0,PUBLIC_P5MIN_202609240020_20260924001533.zip
2026-09-24 00:20:00,SA1,2026-09-24 00:30:00,129.62167,1351.89,0,PUBLIC_P5MIN_202609240020_20260924001533.zip
2026-09-24 00:20:00,SA1,2026-09-24 00:35:00,248.03998,1349.89,0,PUBLIC_P5MIN_202609240020_20260924001533.zip
2026-09-24 00:20:00,SA1,2026-09-24 00:40:00,249.02534,1348.89,0,PUBLIC_P5MIN_202609240020_20260924001533.zip
2026-09-24 00:20:00,SA1,2026-09-24 00:45:00,233.0,1347.89,0,PUBLIC_P5MIN_202609240020_20260924001533.zip
2026-09-24 00:20:00,SA1,2026-09-24 00:50:00,258.98465,1346.89,0,PUBLIC_P5MIN_202609240020_20260924001533.zip
2026-09-24 00:20:00,SA1,2026-09-24 00:55:00,251.97152,1344.89,0,PUBLIC_P5MIN_202609240020_20260924001533.zip
2026-09-24 00:20:00,SA1,2026-09-24 01:00:00,249.99645,1342.89,0,PUBLIC_P5MIN_202609240020_20260924001533.zip
2026-09-24 00:20:00,SA1,2026-09-24 01:05:00,175.99,1340.89,0,PUBLIC_P5MIN_202609240020_20260924001533.zip
2026-09-24 00:20:00,SA1,2026-09-24 01:10:00,190.0,1337.89,0,PUBLIC_P5MIN_202609240020_20260924001533.zip
2026-09-24 00:20:00,SA1,2026-09-24 01:15:00,190.0,1333.89,0,PUBLIC_P5MIN_202609240020_20260924001533.zip
2026-09-24 00:20:00,TAS1,2026-09-24 00:20:00,129.3533,1023.9,0,PUBLIC_P5MIN_202609240020_20260924001533.zip
2026-09-24 00:20:00,TAS1,2026-09-24 00:25:00,122.84833,1020.9,0,PUBLIC_P5MIN_202609240020_20260924001533.zip
2026-09-24 00:20:00,TAS1,2026-09-24 00:30:00,121.88059,1018.9,0,PUBLIC_P5MIN_202609240020_20260924001533.zip
2026-09-24 00:20:00,TAS1,2026-09-24 00:35:00,247.04576,1016.9,0,PUBLIC_P5MIN_202609240020_20260924001533.zip
2026-09-24 00:20:00,TAS1,2026-09-24 00:40:00,248.99439,1014.9,0,PUBLIC_P5MIN_202609240020_20260924001533.zip
2026-09-24 00:20:00,TAS1,2026-09-24 00:45:00,224.07885,1012.9,0,PUBLIC_P5MIN_202609240020_20260924001533.zip
2026-09-24 00:20:00,TAS1,2026-09-24 00:50:00,254.95251,1010.9,0,PUBLIC_P5MIN_202609240020_20260924001533.zip
2026-09-24 00:20:00,TAS1,2026-09-24 00:55:00,250.96155,1008.9,0,PUBLIC_P5MIN_202609240020_20260924001533.zip
2026-09-24 00:20:00,TAS1,2026-09-24 01:00:00,248.22776,1006.9,0,PUBLIC_P5MIN_202609240020_20260924001533.zip
2026-09-24 00:20:00,TAS1,2026-09-24 01:05:00,166.77202,1005.9,0,PUBLIC_P5MIN_202609240020_20260924001533.zip
2026-09-24 00:20:00,TAS1,2026-09-24 01:10:00,180.04821,1004.9,0,PUBLIC_P5MIN_202609240020_20260924001533.zip
2026-09-24 00:20:00,TAS1,2026-09-24 01:15:00,180.04821,1003.9,0,PUBLIC_P5MIN_202609240020_20260924001533.zip
2026-09-24 00:20:00,VIC1,2026-09-24 00:20:00,141.79518,5221.28,0,PUBLIC_P5MIN_202609240020_20260924001533.zip
2026-09-24 00:20:00,VIC1,2026-09-24 00:25:00,133.80422,5199.28,0,PUBLIC_P5MIN_202609240020_20260924001533.zip
2026-09-24 00:20:00,VIC1,2026-09-24 00:30:00,132.75017,5179.28,0,PUBLIC_P5MIN_202609240020_20260924001533.zip
2026-09-24 00:20:00,VIC1,2026-09-24 00:35:00,264.10708,5162.28,0,PUBLIC_P5MIN_202609240020_20260924001533.zip
2026-09-24 00:20:00,VIC1,2026-09-24 00:40:00,266.19028,5147.28,0,PUBLIC_P5MIN_202609240020_20260924001533.zip
2026-09-24 00:20:00,VIC1,2026-09-24 00:45:00,239.55404,5131.28,0,PUBLIC_P5MIN_202609240020_20260924001533.zip
2026-09-24 00:20:00,VIC1,2026-09-24 00:50:00,272.55987,5110.28,0,PUBLIC_P5MIN_202609240020_20260924001533.zip
2026-09-24 00:20:00,VIC1,2026-09-24 00:55:00,268.29329,5087.28,0,PUBLIC_P5MIN_202609240020_20260924001533.zip
2026-09-24 00:20:00,VIC1,2026-09-24 01:00:00,266.19028,5062.28,0,PUBLIC_P5MIN_202609240020_20260924001533.zip
2026-09-24 00:20:00,VIC1,2026-09-24 01:05:00,178.84016,5035.28,0,PUBLIC_P5MIN_202609240020_20260924001533.zip
2026-09-24 00:20:00,VIC1,2026-09-24 01:10:00,193.07705,5012.28,0,PUBLIC_P5MIN_202609240020_20260924001533.zip
2026-09-24 00:20:00,VIC1,2026-09-24 01:15:00,193.07705,4990.28,0,PUBLIC_P5MIN_202609240020_20260924001533.zip
2026-09-24 00:25:00,NSW1,2026-09-24 00:25:00,230.59,7622.24,0,PUBLIC_P5MIN_202609240025_20260924002033.zip
2026-09-24 00:25:00,NSW1,2026-09-24 00:30:00,146.11,7604.24,0,PUBLIC_P5MIN_202609240025_20260924002033.zip
2026-09-24 00:25:00,NSW1,2026-09-24 00:35:00,171.02936,7584.24,0,PUBLIC_P5MIN_202609240025_20260924002033.zip
2026-09-24 00:25:00,NSW1,2026-09-24 00:40:00,299.99,7565.24,0,PUBLIC_P5MIN_202609240025_20260924002033.zip
2026-09-24 00:25:00,NSW1,2026-09-24 00:45:00,299.99,7543.24,0,PUBLIC_P5MIN_202609240025_20260924002033.zip
2026-09-24 00:25:00,NSW1,2026-09-24 00:50:00,188.56347,7517.24,0,PUBLIC_P5MIN_202609240025_20260924002033.zip
2026-09-24 00:25:00,NSW1,2026-09-24 00:55:00,299.99,7489.24,0,PUBLIC_P5MIN_202609240025_20260924002033.zip
2026-09-24 00:25:00,NSW1,2026-09-24 01:00:00,299.99,7461.24,0,PUBLIC_P5MIN_202609240025_20260924002033.zip
2026-09-24 00:25:00,NSW1,2026-09-24 01:05:00,152.73571,7430.24,0,PUBLIC_P5MIN_202609240025_20260924002033.zip
2026-09-24 00:25:00,NSW1,2026-09-24 01:10:00,234.63209,7408.24,0,PUBLIC_P5MIN_202609240025_20260924002033.zip
2026-09-24 00:25:00,NSW1,2026-09-24 01:15:00,196.83844,7382.24,0,PUBLIC_P5MIN_202609240025_20260924002033.zip
2026-09-24 00:25:00,NSW1,2026-09-24 01:20:00,160.24499,7353.24,0,PUBLIC_P5MIN_202609240025_20260924002033.zip
2026-09-24 00:25:00,QLD1,2026-09-24 00:25:00,303.0,5724.97,0,PUBLIC_P5MIN_202609240025_20260924002033.zip
2026-09-24 00:25:00,QLD1,2026-09-24 00:30:00,303.0,5701.97,0,PUBLIC_P5MIN_202609240025_20260924002033.zip
2026-09-24 00:25:00,QLD1,2026-09-24 00:35:00,374.21107,5679.97,0,PUBLIC_P5MIN_202609240025_20260924002033.zip
2026-09-24 00:25:00,QLD1,2026-09-24 00:40:00,338.00764,5658.97,0,PUBLIC_P5MIN_202609240025_20260924002033.zip
2026-09-24 00:25:00,QLD1,2026-09-24 00:45:00,338.00764,5642.97,0,PUBLIC_P5MIN_202609240025_20260924002033.zip
2026-09-24 00:25:00,QLD1,2026-09-24 00:50:00,338.00764,5625.97,0,PUBLIC_P5MIN_202609240025_20260924002033.zip
2026-09-24 00:25:00,QLD1,2026-09-24 00:55:00,338.00793,5609.97,0,PUBLIC_P5MIN_202609240025_20260924002033.zip
2026-09-24 00:25:00,QLD1,2026-09-24 01:00:00,376.0968,5591.97,0,PUBLIC_P5MIN_202609240025_20260924002033.zip
2026-09-24 00:25:00,QLD1,2026-09-24 01:05:00,338.00771,5572.97,0,PUBLIC_P5MIN_202609240025_20260924002033.zip
2026-09-24 00:25:00,QLD1,2026-09-24 01:10:00,338.00793,5554.97,0,PUBLIC_P5MIN_202609240025_20260924002033.zip
2026-09-24 00:25:00,QLD1,2026-09-24 01:15:00,303.0,5538.97,0,PUBLIC_P5MIN_202609240025_20260924002033.zip
2026-09-24 00:25:00,QLD1,2026-09-24 01:20:00,303.0,5525.97,0,PUBLIC_P5MIN_202609240025_20260924002033.zip
2026-09-24 00:25:00,SA1,2026-09-24 00:25:00,218.5642,1366.88,0,PUBLIC_P5MIN_202609240025_20260924002033.zip
2026-09-24 00:25:00,SA1,2026-09-24 00:30:00,129.11821,1366.88,0,PUBLIC_P5MIN_202609240025_20260924002033.zip
2026-09-24 00:25:00,SA1,2026-09-24 00:35:00,153.53,1364.88,0,PUBLIC_P5MIN_202609240025_20260924002033.zip
2026-09-24 00:25:00,SA1,2026-09-24 00:40:00,240.39496,1363.88,0,PUBLIC_P5MIN_202609240025_20260924002033.zip
2026-09-24 00:25:00,SA1,2026-09-24 00:45:00,240.39496,1362.88,0,PUBLIC_P5MIN_202609240025_20260924002033.zip
2026-09-24 00:25:00,SA1,2026-09-24 00:50:00,164.02612,1361.88,0,PUBLIC_P5MIN_202609240025_20260924002033.zip
2026-09-24 00:25:00,SA1,2026-09-24 00:55:00,245.12482,1359.88,0,PUBLIC_P5MIN_202609240025_20260924002033.zip
2026-09-24 00:25:00,SA1,2026-09-24 01:00:00,241.5182,1357.88,0,PUBLIC_P5MIN_202609240025_20260924002033.zip
2026-09-24 00:25:00,SA1,2026-09-24 01:05:00,135.48455,1354.88,0,PUBLIC_P5MIN_202609240025_20260924002033.zip
2026-09-24 00:25:00,SA1,2026-09-24 01:10:00,208.96582,1351.88,0,PUBLIC_P5MIN_202609240025_20260924002033.zip
2026-09-24 00:25:00,SA1,2026-09-24 01:15:00,175.99,1347.88,0,PUBLIC_P5MIN_202609240025_20260924002033.zip
2026-09-24 00:25:00,SA1,2026-09-24 01:20:00,144.41,1342.88,0,PUBLIC_P5MIN_202609240025_20260924002033.zip
2026-09-24 00:25:00,TAS1,2026-09-24 00:25:00,202.48159,1022.96,0,PUBLIC_P5MIN_202609240025_20260924002033.zip
2026-09-24 00:25:00,TAS1,2026-09-24 00:30:00,121.88059,1020.96,0,PUBLIC_P5MIN_202609240025_20260924002033.zip
2026-09-24 00:25:00,TAS1,2026-09-24 00:35:00,146.50684,1018.96,0,PUBLIC_P5MIN_202609240025_20260924002033.zip
2026-09-24 00:25:00,TAS1,2026-09-24 00:40:00,239.43139,1016.96,0,PUBLIC_P5MIN_202609240025_20260924002033.zip
2026-09-24 00:25:00,TAS1,2026-09-24 00:45:00,239.43139,1014.96,0,PUBLIC_P5MIN_202609240025_20260924002033.zip
2026-09-24 00:25:00,TAS1,2026-09-24 00:50:00,157.74586,1012.96,0,PUBLIC_P5MIN_202609240025_20260924002033.zip
2026-09-24 00:25:00,TAS1,2026-09-24 00:55:00,241.30846,1010.96,0,PUBLIC_P5MIN_202609240025_20260924002033.zip
2026-09-24 00:25:00,TAS1,2026-09-24 01:00:00,241.30846,1009.96,0,PUBLIC_P5MIN_202609240025_20260924002033.zip
2026-09-24 00:25:00,TAS1,2026-09-24 01:05:00,128.38817,1008.96,0,PUBLIC_P5MIN_202609240025_20260924002033.zip
2026-09-24 00:25:00,TAS1,2026-09-24 01:10:00,198.79283,1007.96,0,PUBLIC_P5MIN_202609240025_20260924002033.zip
2026-09-24 00:25:00,TAS1,2026-09-24 01:15:00,166.77202,1006.96,0,PUBLIC_P5MIN_202609240025_20260924002033.zip
2026-09-24 00:25:00,TAS1,2026-09-24 01:20:00,136.84612,1005.96,0,PUBLIC_P5MIN_202609240025_20260924002033.zip
2026-09-24 00:25:00,VIC1,2026-09-24 00:25:00,221.94674,5197.55,0,PUBLIC_P5MIN_202609240025_20260924002033.zip
2026-09-24 00:25:00,VIC1,2026-09-24 00:30:00,132.75017,5170.55,0,PUBLIC_P5MIN_202609240025_20260924002033.zip
2026-09-24 00:25:00,VIC1,2026-09-24 00:35:00,156.6248,5146.55,0,PUBLIC_P5MIN_202609240025_20260924002033.zip
2026-09-24 00:25:00,VIC1,2026-09-24 00:40:00,255.96684,5125.55,0,PUBLIC_P5MIN_202609240025_20260924002033.zip
2026-09-24 00:25:00,VIC1,2026-09-24 00:45:00,255.96684,5104.55,0,PUBLIC_P5MIN_202609240025_20260924002033.zip
2026-09-24 00:25:00,VIC1,2026-09-24 00:50:00,168.64,5079.55,0,PUBLIC_P5MIN_202609240025_20260924002033.zip
2026-09-24 00:25:00,VIC1,2026-09-24 00:55:00,257.97355,5052.55,0,PUBLIC_P5MIN_202609240025_20260924002033.zip
2026-09-24 00:25:00,VIC1,2026-09-24 01:00:00,257.97355,5024.55,0,PUBLIC_P5MIN_202609240025_20260924002033.zip
2026-09-24 00:25:00,VIC1,2026-09-24 01:05:00,137.67873,4996.55,0,PUBLIC_P5MIN_202609240025_20260924002033.zip
2026-09-24 00:25:00,VIC1,2026-09-24 01:10:00,213.17808,4974.55,0,PUBLIC_P5MIN_202609240025_20260924002033.zip
2026-09-24 00:25:00,VIC1,2026-09-24 01:15:00,178.84016,4954.55,0,PUBLIC_P5MIN_202609240025_20260924002033.zip
2026-09-24 00:25:00,VIC1,2026-09-24 01:20:00,146.74872,4930.55,0,PUBLIC_P5MIN_202609240025_20260924002033.zip
2026-09-24 00:30:00,NSW1,2026-09-24 00:30:00,250.49054,7571.11,0,PUBLIC_P5MIN_202609240030_20260924002534.zip
2026-09-24 00:30:00,NSW1,2026-09-24 00:35:00,231.33228,7556.11,0,PUBLIC_P5MIN_202609240030_20260924002534.zip
2026-09-24 00:30:00,NSW1,2026-09-24 00:40:00,287.50692,7542.11,0,PUBLIC_P5MIN_202609240030_20260924002534.zip
2026-09-24 00:30:00,NSW1,2026-09-24 00:45:00,178.91905,7524.11,0,PUBLIC_P5MIN_202609240030_20260924002534.zip
2026-09-24 00:30:00,NSW1,2026-09-24 00:50:00,299.99,7501.11,0,PUBLIC_P5MIN_202609240030_20260924002534.zip
2026-09-24 00:30:00,NSW1,2026-09-24 00:55:00,282.88,7476.11,0,PUBLIC_P5MIN_202609240030_20260924002534.zip
2026-09-24 00:30:00,NSW1,2026-09-24 01:00:00,299.99,7450.11,0,PUBLIC_P5MIN_202609240030_20260924002534.zip
2026-09-24 00:30:00,NSW1,2026-09-24 01:05:00,164.70949,7420.11,0,PUBLIC_P5MIN_202609240030_20260924002534.zip
2026-09-24 00:30:00,NSW1,2026-09-24 01:10:00,240.76842,7399.11,0,PUBLIC_P5MIN_202609240030_20260924002534.zip
2026-09-24 00:30:00,NSW1,2026-09-24 01:15:00,257.3821,7372.11,0,PUBLIC_P5MIN_202609240030_20260924002534.zip
2026-09-24 00:30:00,NSW1,2026-09-24 01:20:00,195.28783,7341.11,0,PUBLIC_P5MIN_202609240030_20260924002534.zip
2026-09-24 00:30:00,NSW1,2026-09-24 01:25:00,139.84199,7313.11,0,PUBLIC_P5MIN_202609240030_20260924002534.zip
2026-09-24 00:30:00,QLD1,2026-09-24 00:30:00,283.66649,5570.33,0,PUBLIC_P5MIN_202609240030_20260924002534.zip
2026-09-24 00:30:00,QLD1,2026-09-24 00:35:00,283.66638,5547.33,0,PUBLIC_P5MIN_202609240030_20260924002534.zip
2026-09-24 00:30:00,QLD1,2026-09-24 00:40:00,283.66628,5525.33,0,PUBLIC_P5MIN_202609240030_20260924002534.zip
2026-09-24 00:30:00,QLD1,2026-09-24 00:45:00,283.66628,5509.33,0,PUBLIC_P5MIN_202609240030_20260924002534.zip
2026-09-24 00:30:00,QLD1,2026-09-24 00:50:00,283.66628,5492.33,0,PUBLIC_P5MIN_202609240030_20260924002534.zip
2026-09-24 00:30:00,QLD1,2026-09-24 00:55:00,283.66658,5475.33,0,PUBLIC_P5MIN_202609240030_20260924002534.zip
2026-09-24 00:30:00,QLD1,2026-09-24 01:00:00,303.0,5456.33,0,PUBLIC_P5MIN_202609240030_20260924002534.zip
2026-09-24 00:30:00,QLD1,2026-09-24 01:05:00,338.00793,5437.33,0,PUBLIC_P5MIN_202609240030_20260924002534.zip
2026-09-24 00:30:00,QLD1,2026-09-24 01:10:00,303.0,5419.33,0,PUBLIC_P5MIN_202609240030_20260924002534.zip
2026-09-24 00:30:00,QLD1,2026-09-24 01:15:00,303.0,5404.33,0,PUBLIC_P5MIN_202609240030_20260924002534.zip
2026-09-24 00:30:00,QLD1,2026-09-24 01:20:00,303.0,5392.33,0,PUBLIC_P5MIN_202609240030_20260924002534.zip
2026-09-24 00:30:00,QLD1,2026-09-24 01:25:00,303.0,5381.33,0,PUBLIC_P5MIN_202609240030_20260924002534.zip
2026-09-24 00:30:00,SA1,2026-09-24 00:30:00,233.0,1337.51,0,PUBLIC_P5MIN_202609240030_20260924002534.zip
2026-09-24 00:30:00,SA1,2026-09-24 00:35:00,202.84471,1338.51,0,PUBLIC_P5MIN_202609240030_20260924002534.zip
2026-09-24 00:30:00,SA1,2026-09-24 00:40:00,233.0,1340.51,0,PUBLIC_P5MIN_202609240030_20260924002534.zip
2026-09-24 00:30:00,SA1,2026-09-24 00:45:00,158.65836,1341.51,0,PUBLIC_P5MIN_202609240030_20260924002534.zip
2026-09-24 00:30:00,SA1,2026-09-24 00:50:00,241.33846,1341.51,0,PUBLIC_P5MIN_202609240030_20260924002534.zip
2026-09-24 00:30:00,SA1,2026-09-24 00:55:00,233.0,1340.51,0,PUBLIC_P5MIN_202609240030_20260924002534.zip
2026-09-24 00:30:00,SA1,2026-09-24 01:00:00,248.99197,1339.51,0,PUBLIC_P5MIN_202609240030_20260924002534.zip
2026-09-24 00:30:00,SA1,2026-09-24 01:05:00,144.41,1337.51,0,PUBLIC_P5MIN_202609240030_20260924002534.zip
2026-09-24 00:30:00,SA1,2026-09-24 01:10:00,215.294,1334.51,0,PUBLIC_P5MIN_202609240030_20260924002534.zip
2026-09-24 00:30:00,SA1,2026-09-24 01:15:00,232.37,1330.51,0,PUBLIC_P5MIN_202609240030_20260924002534.zip
2026-09-24 00:30:00,SA1,2026-09-24 01:20:00,175.99,1325.51,0,PUBLIC_P5MIN_202609240030_20260924002534.zip
2026-09-24 00:30:00,SA1,2026-09-24 01:25:00,125.53365,1321.51,0,PUBLIC_P5MIN_202609240030_20260924002534.zip
2026-09-24 00:30:00,TAS1,2026-09-24 00:30:00,217.8081,1021.55,0,PUBLIC_P5MIN_202609240030_20260924002534.zip
2026-09-24 00:30:00,TAS1,2026-09-24 00:35:00,196.60237,1019.55,0,PUBLIC_P5MIN_202609240030_20260924002534.zip
2026-09-24 00:30:00,TAS1,2026-09-24 00:40:00,233.08297,1018.55,0,PUBLIC_P5MIN_202609240030_20260924002534.zip
2026-09-24 00:30:00,TAS1,2026-09-24 00:45:00,153.26529,1017.55,0,PUBLIC_P5MIN_202609240030_20260924002534.zip
2026-09-24 00:30:00,TAS1,2026-09-24 00:50:00,241.30846,1016.55,0,PUBLIC_P5MIN_202609240030_20260924002534.zip
2026-09-24 00:30:00,TAS1,2026-09-24 00:55:00,229.37241,1015.55,0,PUBLIC_P5MIN_202609240030_20260924002534.zip
2026-09-24 00:30:00,TAS1,2026-09-24 01:00:00,245.1154,1014.55,0,PUBLIC_P5MIN_202609240030_20260924002534.zip
2026-09-24 00:30:00,TAS1,2026-09-24 01:05:00,138.8808,1013.55,0,PUBLIC_P5MIN_202609240030_20260924002534.zip
2026-09-24 00:30:00,TAS1,2026-09-24 01:10:00,206.24658,1012.55,0,PUBLIC_P5MIN_202609240030_20260924002534.zip
2026-09-24 00:30:00,TAS1,2026-09-24 01:15:00,220.19896,1011.55,0,PUBLIC_P5MIN_202609240030_20260924002534.zip
2026-09-24 00:30:00,TAS1,2026-09-24 01:20:00,166.77202,1010.55,0,PUBLIC_P5MIN_202609240030_20260924002534.zip
2026-09-24 00:30:00,TAS1,2026-09-24 01:25:00,120.16,1009.55,0,PUBLIC_P5MIN_202609240030_20260924002534.zip
2026-09-24 00:30:00,VIC1,2026-09-24 00:30:00,238.74296,5193.73,0,PUBLIC_P5MIN_202609240030_20260924002534.zip
2026-09-24 00:30:00,VIC1,2026-09-24 00:35:00,210.18,5170.73,0,PUBLIC_P5MIN_202609240030_20260924002534.zip
2026-09-24 00:30:00,VIC1,2026-09-24 00:40:00,249.18,5149.73,0,PUBLIC_P5MIN_202609240030_20260924002534.zip
2026-09-24 00:30:00,VIC1,2026-09-24 00:45:00,163.85,5128.73,0,PUBLIC_P5MIN_202609240030_20260924002534.zip
2026-09-24 00:30:00,VIC1,2026-09-24 00:50:00,257.97355,5103.73,0,PUBLIC_P5MIN_202609240030_20260924002534.zip
2026-09-24 00:30:00,VIC1,2026-09-24 00:55:00,245.21318,5076.73,0,PUBLIC_P5MIN_202609240030_20260924002534.zip
2026-09-24 00:30:00,VIC1,2026-09-24 01:00:00,262.04341,5048.73,0,PUBLIC_P5MIN_202609240030_20260924002534.zip
2026-09-24 00:30:00,VIC1,2026-09-24 01:05:00,148.4721,5019.73,0,PUBLIC_P5MIN_202609240030_20260924002534.zip
2026-09-24 00:30:00,VIC1,2026-09-24 01:10:00,220.49025,4996.73,0,PUBLIC_P5MIN_202609240030_20260924002534.zip
2026-09-24 00:30:00,VIC1,2026-09-24 01:15:00,236.13323,4975.73,0,PUBLIC_P5MIN_202609240030_20260924002534.zip
2026-09-24 00:30:00,VIC1,2026-09-24 01:20:00,178.84016,4950.73,0,PUBLIC_P5MIN_202609240030_20260924002534.zip
2026-09-24 00:30:00,VIC1,2026-09-24 01:25:00,128.06412,4925.73,0,PUBLIC_P5MIN_202609240030_20260924002534.zip
2026-09-24 00:35:00,NSW1,2026-09-24 00:35:00,299.99,7468.53,0,PUBLIC_P5MIN_202609240035_20260924003033.zip
2026-09-24 00:35:00,NSW1,2026-09-24 00:40:00,185.1847,7454.53,0,PUBLIC_P5MIN_202609240035_20260924003033.zip
2026-09-24 00:35:00,NSW1,2026-09-24 00:45:00,231.33228,7437.53,0,PUBLIC_P5MIN_202609240035_20260924003033.zip
2026-09-24 00:35:00,NSW1,2026-09-24 00:50:00,299.99,7415.53,0,PUBLIC_P5MIN_202609240035_20260924003033.zip
2026-09-24 00:35:00,NSW1,2026-09-24 00:55:00,299.99,7391.53,0,PUBLIC_P5MIN_202609240035_20260924003033.zip
2026-09-24 00:35:00,NSW1,2026-09-24 01:00:00,299.99,7366.53,0,PUBLIC_P5MIN_202609240035_20260924003033.zip
2026-09-24 00:35:00,NSW1,2026-09-24 01:05:00,299.99,7337.53,0,PUBLIC_P5MIN_202609240035_20260924003033.zip
2026-09-24 00:35:00,NSW1,2026-09-24 01:10:00,318.92287,7316.53,0,PUBLIC_P5MIN_202609240035_20260924003033.zip
2026-09-24 00:35:00,NSW1,2026-09-24 01:15:00,299.99,7291.53,0,PUBLIC_P5MIN_202609240035_20260924003033.zip
2026-09-24 00:35:00,NSW1,2026-09-24 01:20:00,299.99,7261.53,0,PUBLIC_P5MIN_202609240035_20260924003033.zip
2026-09-24 00:35:00,NSW1,2026-09-24 01:25:00,299.99,7234.53,0,PUBLIC_P5MIN_202609240035_20260924003033.zip
2026-09-24 00:35:00,NSW1,2026-09-24 01:30:00,299.99,7207.53,0,PUBLIC_P5MIN_202609240035_20260924003033.zip
2026-09-24 00:35:00,QLD1,2026-09-24 00:35:00,185.4021,5585.7,0,PUBLIC_P5MIN_202609240035_20260924003033.zip
2026-09-24 00:35:00,QLD1,2026-09-24 00:40:00,185.40276,5560.7,0,PUBLIC_P5MIN_202609240035_20260924003033.zip
2026-09-24 00:35:00,QLD1,2026-09-24 00:45:00,130.69,5540.7,0,PUBLIC_P5MIN_202609240035_20260924003033.zip
2026-09-24 00:35:00,QLD1,2026-09-24 00:50:00,130.69,5520.7,0,PUBLIC_P5MIN_202609240035_20260924003033.zip
2026-09-24 00:35:00,QLD1,2026-09-24 00:55:00,185.40265,5501.7,0,PUBLIC_P5MIN_202609240035_20260924003033.zip
2026-09-24 00:35:00,QLD1,2026-09-24 01:00:00,275.62216,5480.7,0,PUBLIC_P5MIN_202609240035_20260924003033.zip
2026-09-24 00:35:00,QLD1,2026-09-24 01:05:00,185.40265,5460.7,0,PUBLIC_P5MIN_202609240035_20260924003033.zip
2026-09-24 00:35:00,QLD1,2026-09-24 01:10:00,130.69,5442.7,0,PUBLIC_P5MIN_202609240035_20260924003033.zip
2026-09-24 00:35:00,QLD1,2026-09-24 01:15:00,130.69,5427.7,0,PUBLIC_P5MIN_202609240035_20260924003033.zip
2026-09-24 00:35:00,QLD1,2026-09-24 01:20:00,130.69,5417.7,0,PUBLIC_P5MIN_202609240035_20260924003033.zip
2026-09-24 00:35:00,QLD1,2026-09-24 01:25:00,185.40285,5408.7,0,PUBLIC_P5MIN_202609240035_20260924003033.zip
2026-09-24 00:35:00,QLD1,2026-09-24 01:30:00,130.69,5398.7,0,PUBLIC_P5MIN_202609240035_20260924003033.zip
2026-09-24 00:35:00,SA1,2026-09-24 00:35:00,264.26,1307.94,0,PUBLIC_P5MIN_202609240035_20260924003033.zip
2026-09-24 00:35:00,SA1,2026-09-24 00:40:00,162.38,1307.94,0,PUBLIC_P5MIN_202609240035_20260924003033.zip
2026-09-24 00:35:00,SA1,2026-09-24 00:45:00,203.52038,1307.94,0,PUBLIC_P5MIN_202609240035_20260924003033.zip
2026-09-24 00:35:00,SA1,2026-09-24 00:50:00,246.10185,1306.94,0,PUBLIC_P5MIN_202609240035_20260924003033.zip
2026-09-24 00:35:00,SA1,2026-09-24 00:55:00,246.10185,1305.94,0,PUBLIC_P5MIN_202609240035_20260924003033.zip
2026-09-24 00:35:00,SA1,2026-09-24 01:00:00,245.14587,1303.94,0,PUBLIC_P5MIN_202609240035_20260924003033.zip
2026-09-24 00:35:00,SA1,2026-09-24 01:05:00,248.03998,1301.94,0,PUBLIC_P5MIN_202609240035_20260924003033.zip
2026-09-24 00:35:00,SA1,2026-09-24 01:10:00,266.81051,1298.94,0,PUBLIC_P5MIN_202609240035_20260924003033.zip
2026-09-24 00:35:00,SA1,2026-09-24 01:15:00,252.95407,1294.94,0,PUBLIC_P5MIN_202609240035_20260924003033.zip
2026-09-24 00:35:00,SA1,2026-09-24 01:20:00,250.9713,1290.94,0,PUBLIC_P5MIN_202609240035_20260924003033.zip
2026-09-24 00:35:00,SA1,2026-09-24 01:25:00,248.03998,1287.94,0,PUBLIC_P5MIN_202609240035_20260924003033.zip
2026-09-24 00:35:00,SA1,2026-09-24 01:30:00,248.03998,1283.94,0,PUBLIC_P5MIN_202609240035_20260924003033.zip
2026-09-24 00:35:00,TAS1,2026-09-24 00:35:00,260.82999,1018.29,0,PUBLIC_P5MIN_202609240035_20260924003033.zip
2026-09-24 00:35:00,TAS1,2026-09-24 00:40:00,156.89836,1017.29,0,PUBLIC_P5MIN_202609240035_20260924003033.zip
2026-09-24 00:35:00,TAS1,2026-09-24 00:45:00,195.39174,1016.29,0,PUBLIC_P5MIN_202609240035_20260924003033.zip
2026-09-24 00:35:00,TAS1,2026-09-24 00:50:00,243.60603,1015.29,0,PUBLIC_P5MIN_202609240035_20260924003033.zip
2026-09-24 00:35:00,TAS1,2026-09-24 00:55:00,242.85135,1013.29,0,PUBLIC_P5MIN_202609240035_20260924003033.zip
2026-09-24 00:35:00,TAS1,2026-09-24 01:00:00,242.85135,1012.29,0,PUBLIC_P5MIN_202609240035_20260924003033.zip
2026-09-24 00:35:00,TAS1,2026-09-24 01:05:00,244.76388,1011.29,0,PUBLIC_P5MIN_202609240035_20260924003033.zip
2026-09-24 00:35:00,TAS1,2026-09-24 01:10:00,262.26381,1010.29,0,PUBLIC_P5MIN_202609240035_20260924003033.zip
2026-09-24 00:35:00,TAS1,2026-09-24 01:15:00,248.64349,1009.29,0,PUBLIC_P5MIN_202609240035_20260924003033.zip
2026-09-24 00:35:00,TAS1,2026-09-24 01:20:00,246.69451,1008.29,0,PUBLIC_P5MIN_202609240035_20260924003033.zip
2026-09-24 00:35:00,TAS1,2026-09-24 01:25:00,244.76388,1007.29,0,PUBLIC_P5MIN_202609240035_20260924003033.zip
2026-09-24 00:35:00,TAS1,2026-09-24 01:30:00,244.76388,1006.29,0,PUBLIC_P5MIN_202609240035_20260924003033.zip
2026-09-24 00:35:00,VIC1,2026-09-24 00:35:00,281.46311,5195.96,0,PUBLIC_P5MIN_202609240035_20260924003033.zip
2026-09-24 00:35:00,VIC1,2026-09-24 00:40:00,168.252,5177.96,0,PUBLIC_P5MIN_202609240035_20260924003033.zip
2026-09-24 00:35:00,VIC1,2026-09-24 00:45:00,210.18,5158.96,0,PUBLIC_P5MIN_202609240035_20260924003033.zip
2026-09-24 00:35:00,VIC1,2026-09-24 00:50:00,262.04341,5135.96,0,PUBLIC_P5MIN_202609240035_20260924003033.zip
2026-09-24 00:35:00,VIC1,2026-09-24 00:55:00,262.04341,5111.96,0,PUBLIC_P5MIN_202609240035_20260924003033.zip
2026-09-24 00:35:00,VIC1,2026-09-24 01:00:00,262.04341,5085.96,0,PUBLIC_P5MIN_202609240035_20260924003033.zip
2026-09-24 00:35:00,VIC1,2026-09-24 01:05:00,264.10708,5058.96,0,PUBLIC_P5MIN_202609240035_20260924003033.zip
2026-09-24 00:35:00,VIC1,2026-09-24 01:10:00,282.99,5036.96,0,PUBLIC_P5MIN_202609240035_20260924003033.zip
2026-09-24 00:35:00,VIC1,2026-09-24 01:15:00,268.29329,5015.96,0,PUBLIC_P5MIN_202609240035_20260924003033.zip
2026-09-24 00:35:00,VIC1,2026-09-24 01:20:00,266.19028,4990.96,0,PUBLIC_P5MIN_202609240035_20260924003033.zip
2026-09-24 00:35:00,VIC1,2026-09-24 01:25:00,264.10708,4964.96,0,PUBLIC_P5MIN_202609240035_20260924003033.zip
2026-09-24 00:35:00,VIC1,2026-09-24 01:30:00,264.10708,4940.96,0,PUBLIC_P5MIN_202609240035_20260924003033.zip
2026-09-24 00:40:00,NSW1,2026-09-24 00:40:00,299.99,7366.9,0,PUBLIC_P5MIN_202609240040_20260924003534.zip
2026-09-24 00:40:00,NSW1,2026-09-24 00:45:00,146.11,7343.9,0,PUBLIC_P5MIN_202609240040_20260924003534.zip
2026-09-24 00:40:00,NSW1,2026-09-24 00:50:00,230.59,7316.9,0,PUBLIC_P5MIN_202609240040_20260924003534.zip
2026-09-24 00:40:00,NSW1,2026-09-24 00:55:00,299.99,7287.9,0,PUBLIC_P5MIN_202609240040_20260924003534.zip
2026-09-24 00:40:00,NSW1,2026-09-24 01:00:00,293.034,7259.9,0,PUBLIC_P5MIN_202609240040_20260924003534.zip
2026-09-24 00:40:00,NSW1,2026-09-24 01:05:00,240.61624,7227.9,0,PUBLIC_P5MIN_202609240040_20260924003534.zip
2026-09-24 00:40:00,NSW1,2026-09-24 01:10:00,299.99,7204.9,0,PUBLIC_P5MIN_202609240040_20260924003534.zip
2026-09-24 00:40:00,NSW1,2026-09-24 01:15:00,299.99,7178.9,0,PUBLIC_P5MIN_202609240040_20260924003534.zip
2026-09-24 00:40:00,NSW1,2026-09-24 01:20:00,299.99,7148.9,0,PUBLIC_P5MIN_202609240040_20260924003534.zip
2026-09-24 00:40:00,NSW1,2026-09-24 01:25:00,299.99,7122.9,0,PUBLIC_P5MIN_202609240040_20260924003534.zip
2026-09-24 00:40:00,NSW1,2026-09-24 01:30:00,293.01694,7098.9,0,PUBLIC_P5MIN_202609240040_20260924003534.zip
2026-09-24 00:40:00,NSW1,2026-09-24 01:35:00,129.39827,7072.9,0,PUBLIC_P5MIN_202609240040_20260924003534.zip
2026-09-24 00:40:00,QLD1,2026-09-24 00:40:00,81.35,5591.23,0,PUBLIC_P5MIN_202609240040_20260924003534.zip
2026-09-24 00:40:00,QLD1,2026-09-24 00:45:00,115.04868,5568.23,0,PUBLIC_P5MIN_202609240040_20260924003534.zip
2026-09-24 00:40:00,QLD1,2026-09-24 00:50:00,115.04878,5545.23,0,PUBLIC_P5MIN_202609240040_20260924003534.zip
2026-09-24 00:40:00,QLD1,2026-09-24 00:55:00,115.04886,5524.23,0,PUBLIC_P5MIN_202609240040_20260924003534.zip
2026-09-24 00:40:00,QLD1,2026-09-24 01:00:00,115.04886,5501.23,0,PUBLIC_P5MIN_202609240040_20260924003534.zip
2026-09-24 00:40:00,QLD1,2026-09-24 01:05:00,130.69,5479.23,0,PUBLIC_P5MIN_202609240040_20260924003534.zip
2026-09-24 00:40:00,QLD1,2026-09-24 01:10:00,130.69,5459.23,0,PUBLIC_P5MIN_202609240040_20260924003534.zip
2026-09-24 00:40:00,QLD1,2026-09-24 01:15:00,130.69,5443.23,0,PUBLIC_P5MIN_202609240040_20260924003534.zip
2026-09-24 00:40:00,QLD1,2026-09-24 01:20:00,130.69,5432.23,0,PUBLIC_P5MIN_202609240040_20260924003534.zip
2026-09-24 00:40:00,QLD1,2026-09-24 01:25:00,130.69,5423.23,0,PUBLIC_P5MIN_202609240040_20260924003534.zip
2026-09-24 00:40:00,QLD1,2026-09-24 01:30:00,130.69,5413.23,0,PUBLIC_P5MIN_202609240040_20260924003534.zip
2026-09-24 00:40:00,QLD1,2026-09-24 01:35:00,303.0,5403.23,0,PUBLIC_P5MIN_202609240040_20260924003534.zip
2026-09-24 00:40:00,SA1,2026-09-24 00:40:00,275.81786,1348.65,0,PUBLIC_P5MIN_202609240040_20260924003534.zip
2026-09-24 00:40:00,SA1,2026-09-24 00:45:00,129.62167,1346.65,0,PUBLIC_P5MIN_202609240040_20260924003534.zip
2026-09-24 00:40:00,SA1,2026-09-24 00:50:00,188.57391,1343.65,0,PUBLIC_P5MIN_202609240040_20260924003534.zip
2026-09-24 00:40:00,SA1,2026-09-24 00:55:00,233.79843,1340.65,0,PUBLIC_P5MIN_202609240040_20260924003534.zip
2026-09-24 00:40:00,SA1,2026-09-24 01:00:00,233.0,1337.65,0,PUBLIC_P5MIN_202609240040_20260924003534.zip
2026-09-24 00:40:00,SA1,2026-09-24 01:05:00,197.39358,1334.65,0,PUBLIC_P5MIN_202609240040_20260924003534.zip
2026-09-24 00:40:00,SA1,2026-09-24 01:10:00,242.29984,1330.65,0,PUBLIC_P5MIN_202609240040_20260924003534.zip
2026-09-24 00:40:00,SA1,2026-09-24 01:15:00,240.42053,1325.65,0,PUBLIC_P5MIN_202609240040_20260924003534.zip
2026-09-24 00:40:00,SA1,2026-09-24 01:20:00,240.42053,1320.65,0,PUBLIC_P5MIN_202609240040_20260924003534.zip
2026-09-24 00:40:00,SA1,2026-09-24 01:25:00,238.54481,1317.65,0,PUBLIC_P5MIN_202609240040_20260924003534.zip
2026-09-24 00:40:00,SA1,2026-09-24 01:30:00,233.0,1314.65,0,PUBLIC_P5MIN_202609240040_20260924003534.zip
2026-09-24 00:40:00,SA1,2026-09-24 01:35:00,112.16061,1310.65,0,PUBLIC_P5MIN_202609240040_20260924003534.zip
2026-09-24 00:40:00,TAS1,2026-09-24 00:40:00,257.36721,1018.49,0,PUBLIC_P5MIN_202609240040_20260924003534.zip
2026-09-24 00:40:00,TAS1,2026-09-24 00:45:00,121.11594,1017.49,0,PUBLIC_P5MIN_202609240040_20260924003534.zip
2026-09-24 00:40:00,TAS1,2026-09-24 00:50:00,183.76939,1016.49,0,PUBLIC_P5MIN_202609240040_20260924003534.zip
2026-09-24 00:40:00,TAS1,2026-09-24 00:55:00,230.98846,1015.49,0,PUBLIC_P5MIN_202609240040_20260924003534.zip
2026-09-24 00:40:00,TAS1,2026-09-24 01:00:00,227.39877,1014.49,0,PUBLIC_P5MIN_202609240040_20260924003534.zip
2026-09-24 00:40:00,TAS1,2026-09-24 01:05:00,194.78642,1013.49,0,PUBLIC_P5MIN_202609240040_20260924003534.zip
2026-09-24 00:40:00,TAS1,2026-09-24 01:10:00,242.85135,1012.49,0,PUBLIC_P5MIN_202609240040_20260924003534.zip
2026-09-24 00:40:00,TAS1,2026-09-24 01:15:00,242.09666,1011.49,0,PUBLIC_P5MIN_202609240040_20260924003534.zip
2026-09-24 00:40:00,TAS1,2026-09-24 01:20:00,242.09666,1010.49,0,PUBLIC_P5MIN_202609240040_20260924003534.zip
2026-09-24 00:40:00,TAS1,2026-09-24 01:25:00,240.20786,1009.49,0,PUBLIC_P5MIN_202609240040_20260924003534.zip
2026-09-24 00:40:00,TAS1,2026-09-24 01:30:00,234.6244,1008.49,0,PUBLIC_P5MIN_202609240040_20260924003534.zip
2026-09-24 00:40:00,TAS1,2026-09-24 01:35:00,111.86874,1007.49,0,PUBLIC_P5MIN_202609240040_20260924003534.zip
2026-09-24 00:40:00,VIC1,2026-09-24 00:40:00,282.99,5177.38,0,PUBLIC_P5MIN_202609240040_20260924003534.zip
2026-09-24 00:40:00,VIC1,2026-09-24 00:45:00,132.75017,5159.38,0,PUBLIC_P5MIN_202609240040_20260924003534.zip
2026-09-24 00:40:00,VIC1,2026-09-24 00:50:00,201.42201,5136.38,0,PUBLIC_P5MIN_202609240040_20260924003534.zip
2026-09-24 00:40:00,VIC1,2026-09-24 00:55:00,253.9786,5112.38,0,PUBLIC_P5MIN_202609240040_20260924003534.zip
2026-09-24 00:40:00,VIC1,2026-09-24 01:00:00,250.03163,5086.38,0,PUBLIC_P5MIN_202609240040_20260924003534.zip
2026-09-24 00:40:00,VIC1,2026-09-24 01:05:00,210.18,5059.38,0,PUBLIC_P5MIN_202609240040_20260924003534.zip
2026-09-24 00:40:00,VIC1,2026-09-24 01:10:00,262.04341,5037.38,0,PUBLIC_P5MIN_202609240040_20260924003534.zip
2026-09-24 00:40:00,VIC1,2026-09-24 01:15:00,262.04341,5016.38,0,PUBLIC_P5MIN_202609240040_20260924003534.zip
2026-09-24 00:40:00,VIC1,2026-09-24 01:20:00,262.04341,4991.38,0,PUBLIC_P5MIN_202609240040_20260924003534.zip
2026-09-24 00:40:00,VIC1,2026-09-24 01:25:00,259.99899,4965.38,0,PUBLIC_P5MIN_202609240040_20260924003534.zip
2026-09-24 00:40:00,VIC1,2026-09-24 01:30:00,253.95549,4941.38,0,PUBLIC_P5MIN_202609240040_20260924003534.zip
2026-09-24 00:40:00,VIC1,2026-09-24 01:35:00,118.5,4918.38,0,PUBLIC_P5MIN_202609240040_20260924003534.zip
