effective_time,predispatch_seqno,run_no,region_id,period_id,rrp,eep,total_demand,intervention,source_file
2026-09-23 20:30:00,2026092333,1,NSW1,01,114.54,0,8547.27,0,PUBLIC_PREDISPATCHIS_202609232030_20260923200152.zip
2026-09-23 20:30:00,2026092333,1,NSW1,02,120.92144,0,8387.57,0,PUBLIC_PREDISPATCHIS_202609232030_20260923200152.zip
2026-09-23 20:30:00,2026092333,1,NSW1,03,114.89131,0,8182.75,0,PUBLIC_PREDISPATCHIS_202609232030_20260923200152.zip
2026-09-23 20:30:00,2026092333,1,NSW1,04,112.98,0,7986.52,0,PUBLIC_PREDISPATCHIS_202609232030_20260923200152.zip
2026-09-23 20:30:00,2026092333,1,NSW1,05,111.78629,0,7890.59,0,PUBLIC_PREDISPATCHIS_202609232030_20260923200152.zip
2026-09-23 20:30:00,2026092333,1,NSW1,06,97.08843,0,7753.74,0,PUBLIC_PREDISPATCHIS_202609232030_20260923200152.zip
2026-09-23 20:30:00,2026092333,1,NSW1,07,98.97738,0,7615.24,0,PUBLIC_PREDISPATCHIS_202609232030_20260923200152.zip
2026-09-23 20:30:00,2026092333,1,NSW1,08,99.24998,0,7464.36,0,PUBLIC_PREDISPATCHIS_202609232030_20260923200152.zip
2026-09-23 20:30:00,2026092333,1,NSW1,09,101.78589,0,7360.16,0,PUBLIC_PREDISPATCHIS_202609232030_20260923200152.zip
2026-09-23 20:30:00,2026092333,1,NSW1,10,100.19226,0,7233.32,0,PUBLIC_PREDISPATCHIS_202609232030_20260923200152.zip
2026-09-23 20:30:00,2026092333,1,NSW1,11,96.99,0,7087.64,0,PUBLIC_PREDISPATCHIS_202609232030_20260923200152.zip
2026-09-23 20:30:00,2026092333,1,NSW1,12,95.36686,0,6910.72,0,PUBLIC_PREDISPATCHIS_202609232030_20260923200152.zip
2026-09-23 20:30:00,2026092333,1,NSW1,13,95.85702,0,6772.23,0,PUBLIC_PREDISPATCHIS_202609232030_20260923200152.zip
2026-09-23 20:30:00,2026092333,1,NSW1,14,88.88003,0,6661.42,0,PUBLIC_PREDISPATCHIS_202609232030_20260923200152.zip
2026-09-23 20:30:00,2026092333,1,NSW1,15,84.79,0,6625.12,0,PUBLIC_PREDISPATCHIS_202609232030_20260923200152.zip
2026-09-23 20:30:00,2026092333,1,NSW1,16,83.99,0,6585.96,0,PUBLIC_PREDISPATCHIS_202609232030_20260923200152.zip
2026-09-23 20:30:00,2026092333,1,NSW1,17,78.27269,0,6622.53,0,PUBLIC_PREDISPATCHIS_202609232030_20260923200152.zip
2026-09-23 20:30:00,2026092333,1,NSW1,18,83.99,0,6717.48,0,PUBLIC_PREDISPATCHIS_202609232030_20260923200152.zip
2026-09-23 20:30:00,2026092333,1,NSW1,19,88.88,0,6914.93,0,PUBLIC_PREDISPATCHIS_202609232030_20260923200152.zip
2026-09-23 20:30:00,2026092333,1,NSW1,20,88.99087,0,7158.52,0,PUBLIC_PREDISPATCHIS_202609232030_20260923200152.zip
2026-09-23 20:30:00,2026092333,1,NSW1,21,94.19093,0,7323.35,0,PUBLIC_PREDISPATCHIS_202609232030_20260923200152.zip
2026-09-23 20:30:00,2026092333,1,NSW1,22,67.04402,0,7333.29,0,PUBLIC_PREDISPATCHIS_202609232030_20260923200152.zip
2026-09-23 20:30:00,2026092333,1,NSW1,23,48.53337,0,7182.96,0,PUBLIC_PREDISPATCHIS_202609232030_20260923200152.zip
2026-09-23 20:30:00,2026092333,1,NSW1,24,44.87336,0,6925.24,0,PUBLIC_PREDISPATCHIS_202609232030_20260923200152.zip
2026-09-23 20:30:00,2026092333,1,NSW1,25,35.0518,0,6577.54,0,PUBLIC_PREDISPATCHIS_202609232030_20260923200152.zip
2026-09-23 20:30:00,2026092333,1,NSW1,26,34.50518,0,6130.14,0,PUBLIC_PREDISPATCHIS_202609232030_20260923200152.zip
2026-09-23 20:30:00,2026092333,1,NSW1,27,33.50817,0,5824.56,0,PUBLIC_PREDISPATCHIS_202609232030_20260923200152.zip
2026-09-23 20:30:00,2026092333,1,NSW1,28,42.94,0,5604.6,0,PUBLIC_PREDISPATCHIS_202609232030_20260923200152.zip
2026-09-23 20:30:00,2026092333,1,NSW1,29,53.15,0,5442.34,0,PUBLIC_PREDISPATCHIS_202609232030_20260923200152.zip
2026-09-23 20:30:00,2026092333,1,NSW1,30,48.75746,0,5264.3,0,PUBLIC_PREDISPATCHIS_202609232030_20260923200152.zip
2026-09-23 20:30:00,2026092333,1,NSW1,31,24.99028,0,5078.23,0,PUBLIC_PREDISPATCHIS_202609232030_20260923200152.zip
2026-09-23 20:30:00,2026092333,1,NSW1,32,29.15852,0,4922.68,0,PUBLIC_PREDISPATCHIS_202609232030_20260923200152.zip
2026-09-23 20:30:00,2026092333,1,NSW1,33,28.95346,0,4787.93,0,PUBLIC_PREDISPATCHIS_202609232030_20260923200152.zip
2026-09-23 20:30:00,2026092333,1,NSW1,34,42.80028,0,4818.24,0,PUBLIC_PREDISPATCHIS_202609232030_20260923200152.zip
2026-09-23 20:30:00,2026092333,1,NSW1,35,42.16094,0,4910.31,0,PUBLIC_PREDISPATCHIS_202609232030_20260923200152.zip
2026-09-23 20:30:00,2026092333,1,NSW1,36,0.0107,0,5105.73,0,PUBLIC_PREDISPATCHIS_202609232030_20260923200152.zip
2026-09-23 20:30:00,2026092333,1,NSW1,37,2.20592,0,5374.88,0,PUBLIC_PREDISPATCHIS_202609232030_20260923200152.zip
2026-09-23 20:30:00,2026092333,1,NSW1,38,41.53948,0,5785.81,0,PUBLIC_PREDISPATCHIS_202609232030_20260923200152.zip
2026-09-23 20:30:00,2026092333,1,NSW1,39,42.54,0,6236.18,0,PUBLIC_PREDISPATCHIS_202609232030_20260923200152.zip
2026-09-23 20:30:00,2026092333,1,NSW1,40,42.54,0,6846.16,0,PUBLIC_PREDISPATCHIS_202609232030_20260923200152.zip
2026-09-23 20:30:00,2026092333,1,NSW1,41,84.77518,0,7413.15,0,PUBLIC_PREDISPATCHIS_202609232030_20260923200152.zip
2026-09-23 20:30:00,2026092333,1,NSW1,42,96.99,0,7978.58,0,PUBLIC_PREDISPATCHIS_202609232030_20260923200152.zip
2026-09-23 20:30:00,2026092333,1,NSW1,43,130.23501,0,8326.86,0,PUBLIC_PREDISPATCHIS_202609232030_20260923200152.zip
2026-09-23 20:30:00,2026092333,1,NSW1,44,169.5,0,8685.15,0,PUBLIC_PREDISPATCHIS_202609232030_20260923200152.zip
2026-09-23 20:30:00,2026092333,1,NSW1,45,153.0128,0,8852.63,0,PUBLIC_PREDISPATCHIS_202609232030_20260923200152.zip
2026-09-23 20:30:00,2026092333,1,NSW1,46,146.64998,0,8887.15,0,PUBLIC_PREDISPATCHIS_202609232030_20260923200152.zip
2026-09-23 20:30:00,2026092333,1,NSW1,47,169.5,0,8736.12,0,PUBLIC_PREDISPATCHIS_202609232030_20260923200152.zip
2026-09-23 20:30:00,2026092333,1,NSW1,48,169.5,0,8574.46,0,PUBLIC_PREDISPATCHIS_202609232030_20260923200152.zip
2026-09-23 20:30:00,2026092333,1,NSW1,49,172.75862,0,8412.36,0,PUBLIC_PREDISPATCHIS_202609232030_20260923200152.zip
2026-09-23 20:30:00,2026092333,1,NSW1,50,169.5,0,8257.99,0,PUBLIC_PREDISPATCHIS_202609232030_20260923200152.zip
2026-09-23 20:30:00,2026092333,1,NSW1,51,142.66574,0,8086.86,0,PUBLIC_PREDISPATCHIS_202609232030_20260923200152.zip
2026-09-23 20:30:00,2026092333,1,NSW1,52,125.46431,0,7894.17,0,PUBLIC_PREDISPATCHIS_202609232030_20260923200152.zip
2026-09-23 20:30:00,2026092333,1,NSW1,53,121.01,0,7792.85,0,PUBLIC_PREDISPATCHIS_202609232030_20260923200152.zip
2026-09-23 20:30:00,2026092333,1,NSW1,54,113.65416,0,7669.83,0,PUBLIC_PREDISPATCHIS_202609232030_20260923200152.zip
2026-09-23 20:30:00,2026092333,1,NSW1,55,107.92566,0,7521.8,0,PUBLIC_PREDISPATCHIS_202609232030_20260923200152.zip
2026-09-23 20:30:00,2026092333,1,NSW1,56,90.11639,0,7362.3,0,PUBLIC_PREDISPATCHIS_202609232030_20260923200152.zip
2026-09-23 20:30:00,2026092333,1,NSW1,57,94.23,0,7232.94,0,PUBLIC_PREDISPATCHIS_202609232030_20260923200152.zip
2026-09-23 20:30:00,2026092333,1,NSW1,58,92.19255,0,7082.27,0,PUBLIC_PREDISPATCHIS_202609232030_20260923200152.zip
2026-09-23 20:30:00,2026092333,1,NSW1,59,94.23,0,6921.25,0,PUBLIC_PREDISPATCHIS_202609232030_20260923200152.zip
2026-09-23 20:30:00,2026092333,1,NSW1,60,90.0,0,6739.5,0,PUBLIC_PREDISPATCHIS_202609232030_20260923200152.zip
2026-09-23 20:30:00,2026092333,1,NSW1,61,91.1,0,6597.37,0,PUBLIC_PREDISPATCHIS_202609232030_20260923200152.zip
2026-09-23 20:30:00,2026092333,1,NSW1,62,91.75209,0,6481.15,0,PUBLIC_PREDISPATCHIS_202609232030_20260923200152.zip
2026-09-23 20:30:00,2026092333,1,NSW1,63,88.88,0,6426.1,0,PUBLIC_PREDISPATCHIS_202609232030_20260923200152.zip
2026-09-23 20:30:00,2026092333,1,NSW1,64,84.79,0,6384.34,0,PUBLIC_PREDISPATCHIS_202609232030_20260923200152.zip
2026-09-23 20:30:00,2026092333,1,QLD1,01,98.7269,0,6765.47,0,PUBLIC_PREDISPATCHIS_202609232030_20260923200152.zip
2026-09-23 20:30:00,2026092333,1,QLD1,02,99.68,0,6751.08,0,PUBLIC_PREDISPATCHIS_202609232030_20260923200152.zip
2026-09-23 20:30:00,2026092333,1,QLD1,03,99.68,0,6743.74,0,PUBLIC_PREDISPATCHIS_202609232030_20260923200152.zip
2026-09-23 20:30:00,2026092333,1,QLD1,04,99.68,0,6630.7,0,PUBLIC_PREDISPATCHIS_202609232030_20260923200152.zip
2026-09-23 20:30:00,2026092333,1,QLD1,05,99.68,0,6414.07,0,PUBLIC_PREDISPATCHIS_202609232030_20260923200152.zip
2026-09-23 20:30:00,2026092333,1,QLD1,06,85.25,0,6205.26,0,PUBLIC_PREDISPATCHIS_202609232030_20260923200152.zip
2026-09-23 20:30:00,2026092333,1,QLD1,07,85.25,0,6047.58,0,PUBLIC_PREDISPATCHIS_202609232030_20260923200152.zip
2026-09-23 20:30:00,2026092333,1,QLD1,08,85.25,0,5950.46,0,PUBLIC_PREDISPATCHIS_202609232030_20260923200152.zip
2026-09-23 20:30:00,2026092333,1,QLD1,09,85.33343,0,5829.85,0,PUBLIC_PREDISPATCHIS_202609232030_20260923200152.zip
2026-09-23 20:30:00,2026092333,1,QLD1,10,85.25,0,5686.71,0,PUBLIC_PREDISPATCHIS_202609232030_20260923200152.zip
2026-09-23 20:30:00,2026092333,1,QLD1,11,82.44258,0,5608.88,0,PUBLIC_PREDISPATCHIS_202609232030_20260923200152.zip
2026-09-23 20:30:00,2026092333,1,QLD1,12,81.53498,0,5557.84,0,PUBLIC_PREDISPATCHIS_202609232030_20260923200152.zip
2026-09-23 20:30:00,2026092333,1,QLD1,13,82.75,0,5529.47,0,PUBLIC_PREDISPATCHIS_202609232030_20260923200152.zip
2026-09-23 20:30:00,2026092333,1,QLD1,14,78.91475,0,5526.91,0,PUBLIC_PREDISPATCHIS_202609232030_20260923200152.zip
2026-09-23 20:30:00,2026092333,1,QLD1,15,75.76965,0,5542.31,0,PUBLIC_PREDISPATCHIS_202609232030_20260923200152.zip
2026-09-23 20:30:00,2026092333,1,QLD1,16,75.07556,0,5563.88,0,PUBLIC_PREDISPATCHIS_202609232030_20260923200152.zip
2026-09-23 20:30:00,2026092333,1,QLD1,17,71.82006,0,5620.0,0,PUBLIC_PREDISPATCHIS_202609232030_20260923200152.zip
2026-09-23 20:30:00,2026092333,1,QLD1,18,76.6674,0,5723.88,0,PUBLIC_PREDISPATCHIS_202609232030_20260923200152.zip
2026-09-23 20:30:00,2026092333,1,QLD1,19,81.79574,0,5870.47,0,PUBLIC_PREDISPATCHIS_202609232030_20260923200152.zip
2026-09-23 20:30:00,2026092333,1,QLD1,20,81.50397,0,6002.46,0,PUBLIC_PREDISPATCHIS_202609232030_20260923200152.zip
2026-09-23 20:30:00,2026092333,1,QLD1,21,85.25,0,6078.17,0,PUBLIC_PREDISPATCHIS_202609232030_20260923200152.zip
2026-09-23 20:30:00,2026092333,1,QLD1,22,60.25346,0,6021.38,0,PUBLIC_PREDISPATCHIS_202609232030_20260923200152.zip
2026-09-23 20:30:00,2026092333,1,QLD1,23,45.82,0,5878.55,0,PUBLIC_PREDISPATCHIS_202609232030_20260923200152.zip
2026-09-23 20:30:00,2026092333,1,QLD1,24,43.01,0,5568.78,0,PUBLIC_PREDISPATCHIS_202609232030_20260923200152.zip
2026-09-23 20:30:00,2026092333,1,QLD1,25,32.62,0,5253.59,0,PUBLIC_PREDISPATCHIS_202609232030_20260923200152.zip
2026-09-23 20:30:00,2026092333,1,QLD1,26,32.62,0,4962.78,0,PUBLIC_PREDISPATCHIS_202609232030_20260923200152.zip
2026-09-23 20:30:00,2026092333,1,QLD1,27,32.0755,0,4729.29,0,PUBLIC_PREDISPATCHIS_202609232030_20260923200152.zip
2026-09-23 20:30:00,2026092333,1,QLD1,28,38.36379,0,4519.72,0,PUBLIC_PREDISPATCHIS_202609232030_20260923200152.zip
2026-09-23 20:30:00,2026092333,1,QLD1,29,35.69833,0,4344.68,0,PUBLIC_PREDISPATCHIS_202609232030_20260923200152.zip
2026-09-23 20:30:00,2026092333,1,QLD1,30,26.47412,0,4218.06,0,PUBLIC_PREDISPATCHIS_202609232030_20260923200152.zip
2026-09-23 20:30:00,2026092333,1,QLD1,31,22.26592,0,4254.9,0,PUBLIC_PREDISPATCHIS_202609232030_20260923200152.zip
2026-09-23 20:30:00,2026092333,1,QLD1,32,26.15318,0,4277.59,0,PUBLIC_PREDISPATCHIS_202609232030_20260923200152.zip
2026-09-23 20:30:00,2026092333,1,QLD1,33,26.15318,0,4325.96,0,PUBLIC_PREDISPATCHIS_202609232030_20260923200152.zip
2026-09-23 20:30:00,2026092333,1,QLD1,34,37.09534,0,4304.23,0,PUBLIC_PREDISPATCHIS_202609232030_20260923200152.zip
2026-09-23 20:30:00,2026092333,1,QLD1,35,26.75,0,4352.41,0,PUBLIC_PREDISPATCHIS_202609232030_20260923200152.zip
2026-09-23 20:30:00,2026092333,1,QLD1,36,0.01,0,4463.23,0,PUBLIC_PREDISPATCHIS_202609232030_20260923200152.zip
2026-09-23 20:30:00,2026092333,1,QLD1,37,2.12,0,4716.46,0,PUBLIC_PREDISPATCHIS_202609232030_20260923200152.zip
2026-09-23 20:30:00,2026092333,1,QLD1,38,38.06735,0,5010.28,0,PUBLIC_PREDISPATCHIS_202609232030_20260923200152.zip
2026-09-23 20:30:00,2026092333,1,QLD1,39,39.42286,0,5392.46,0,PUBLIC_PREDISPATCHIS_202609232030_20260923200152.zip
2026-09-23 20:30:00,2026092333,1,QLD1,40,40.40358,0,5840.32,0,PUBLIC_PREDISPATCHIS_202609232030_20260923200152.zip
2026-09-23 20:30:00,2026092333,1,QLD1,41,85.25,0,6317.04,0,PUBLIC_PREDISPATCHIS_202609232030_20260923200152.zip
2026-09-23 20:30:00,2026092333,1,QLD1,42,98.10601,0,6792.73,0,PUBLIC_PREDISPATCHIS_202609232030_20260923200152.zip
2026-09-23 20:30:00,2026092333,1,QLD1,43,128.1,0,7124.98,0,PUBLIC_PREDISPATCHIS_202609232030_20260923200152.zip
2026-09-23 20:30:00,2026092333,1,QLD1,44,167.32308,0,7417.23,0,PUBLIC_PREDISPATCHIS_202609232030_20260923200152.zip
2026-09-23 20:30:00,2026092333,1,QLD1,45,148.40572,0,7546.69,0,PUBLIC_PREDISPATCHIS_202609232030_20260923200152.zip
2026-09-23 20:30:00,2026092333,1,QLD1,46,136.83123,0,7518.49,0,PUBLIC_PREDISPATCHIS_202609232030_20260923200152.zip
2026-09-23 20:30:00,2026092333,1,QLD1,47,157.86321,0,7365.5,0,PUBLIC_PREDISPATCHIS_202609232030_20260923200152.zip
2026-09-23 20:30:00,2026092333,1,QLD1,48,155.56597,0,7210.96,0,PUBLIC_PREDISPATCHIS_202609232030_20260923200152.zip
2026-09-23 20:30:00,2026092333,1,QLD1,49,152.33599,0,7057.35,0,PUBLIC_PREDISPATCHIS_202609232030_20260923200152.zip
2026-09-23 20:30:00,2026092333,1,QLD1,50,149.49698,0,7054.03,0,PUBLIC_PREDISPATCHIS_202609232030_20260923200152.zip
2026-09-23 20:30:00,2026092333,1,QLD1,51,128.1,0,6953.58,0,PUBLIC_PREDISPATCHIS_202609232030_20260923200152.zip
2026-09-23 20:30:00,2026092333,1,QLD1,52,114.58,0,6785.72,0,PUBLIC_PREDISPATCHIS_202609232030_20260923200152.zip
2026-09-23 20:30:00,2026092333,1,QLD1,53,114.47683,0,6556.6,0,PUBLIC_PREDISPATCHIS_202609232030_20260923200152.zip
2026-09-23 20:30:00,2026092333,1,QLD1,54,105.85992,0,6347.32,0,PUBLIC_PREDISPATCHIS_202609232030_20260923200152.zip
2026-09-23 20:30:00,2026092333,1,QLD1,55,101.59606,0,6172.23,0,PUBLIC_PREDISPATCHIS_202609232030_20260923200152.zip
2026-09-23 20:30:00,2026092333,1,QLD1,56,85.25,0,6054.28,0,PUBLIC_PREDISPATCHIS_202609232030_20260923200152.zip
2026-09-23 20:30:00,2026092333,1,QLD1,57,87.29228,0,5910.34,0,PUBLIC_PREDISPATCHIS_202609232030_20260923200152.zip
2026-09-23 20:30:00,2026092333,1,QLD1,58,85.25,0,5759.92,0,PUBLIC_PREDISPATCHIS_202609232030_20260923200152.zip
2026-09-23 20:30:00,2026092333,1,QLD1,59,85.25,0,5669.02,0,PUBLIC_PREDISPATCHIS_202609232030_20260923200152.zip
2026-09-23 20:30:00,2026092333,1,QLD1,60,82.02831,0,5603.96,0,PUBLIC_PREDISPATCHIS_202609232030_20260923200152.zip
2026-09-23 20:30:00,2026092333,1,QLD1,61,82.47364,0,5570.28,0,PUBLIC_PREDISPATCHIS_202609232030_20260923200152.zip
2026-09-23 20:30:00,2026092333,1,QLD1,62,83.05924,0,5557.82,0,PUBLIC_PREDISPATCHIS_202609232030_20260923200152.zip
2026-09-23 20:30:00,2026092333,1,QLD1,63,80.97449,0,5555.53,0,PUBLIC_PREDISPATCHIS_202609232030_20260923200152.zip
2026-09-23 20:30:00,2026092333,1,QLD1,64,76.77763,0,5574.06,0,PUBLIC_PREDISPATCHIS_202609232030_20260923200152.zip
2026-09-23 20:30:00,2026092333,1,SA1,01,112.77406,0,1590.53,0,PUBLIC_PREDISPATCHIS_202609232030_20260923200152.zip
2026-09-23 20:30:00,2026092333,1,SA1,02,115.67783,0,1563.23,0,PUBLIC_PREDISPATCHIS_202609232030_20260923200152.zip
2026-09-23 20:30:00,2026092333,1,SA1,03,107.95474,0,1519.4,0,PUBLIC_PREDISPATCHIS_202609232030_20260923200152.zip
2026-09-23 20:30:00,2026092333,1,SA1,04,109.76591,0,1479.37,0,PUBLIC_PREDISPATCHIS_202609232030_20260923200152.zip
2026-09-23 20:30:00,2026092333,1,SA1,05,101.65142,0,1446.15,0,PUBLIC_PREDISPATCHIS_202609232030_20260923200152.zip
2026-09-23 20:30:00,2026092333,1,SA1,06,94.50728,0,1407.56,0,PUBLIC_PREDISPATCHIS_202609232030_20260923200152.zip
2026-09-23 20:30:00,2026092333,1,SA1,07,93.5473,0,1385.31,0,PUBLIC_PREDISPATCHIS_202609232030_20260923200152.zip
2026-09-23 20:30:00,2026092333,1,SA1,08,92.92154,0,1392.18,0,PUBLIC_PREDISPATCHIS_202609232030_20260923200152.zip
2026-09-23 20:30:00,2026092333,1,SA1,09,101.02,0,1407.09,0,PUBLIC_PREDISPATCHIS_202609232030_20260923200152.zip
2026-09-23 20:30:00,2026092333,1,SA1,10,100.57958,0,1425.51,0,PUBLIC_PREDISPATCHIS_202609232030_20260923200152.zip
2026-09-23 20:30:00,2026092333,1,SA1,11,97.36533,0,1406.08,0,PUBLIC_PREDISPATCHIS_202609232030_20260923200152.zip
2026-09-23 20:30:00,2026092333,1,SA1,12,93.10718,0,1387.93,0,PUBLIC_PREDISPATCHIS_202609232030_20260923200152.zip
2026-09-23 20:30:00,2026092333,1,SA1,13,92.69196,0,1362.59,0,PUBLIC_PREDISPATCHIS_202609232030_20260923200152.zip
2026-09-23 20:30:00,2026092333,1,SA1,14,81.64346,0,1337.19,0,PUBLIC_PREDISPATCHIS_202609232030_20260923200152.zip
2026-09-23 20:30:00,2026092333,1,SA1,15,75.78106,0,1314.85,0,PUBLIC_PREDISPATCHIS_202609232030_20260923200152.zip
2026-09-23 20:30:00,2026092333,1,SA1,16,72.89399,0,1294.99,0,PUBLIC_PREDISPATCHIS_202609232030_20260923200152.zip
2026-09-23 20:30:00,2026092333,1,SA1,17,66.738,0,1281.22,0,PUBLIC_PREDISPATCHIS_202609232030_20260923200152.zip
2026-09-23 20:30:00,2026092333,1,SA1,18,70.44235,0,1282.18,0,PUBLIC_PREDISPATCHIS_202609232030_20260923200152.zip
2026-09-23 20:30:00,2026092333,1,SA1,19,76.1238,0,1284.99,0,PUBLIC_PREDISPATCHIS_202609232030_20260923200152.zip
2026-09-23 20:30:00,2026092333,1,SA1,20,77.46641,0,1314.82,0,PUBLIC_PREDISPATCHIS_202609232030_20260923200152.zip
2026-09-23 20:30:00,2026092333,1,SA1,21,84.10525,0,1349.86,0,PUBLIC_PREDISPATCHIS_202609232030_20260923200152.zip
2026-09-23 20:30:00,2026092333,1,SA1,22,62.54143,0,1392.46,0,PUBLIC_PREDISPATCHIS_202609232030_20260923200152.zip
2026-09-23 20:30:00,2026092333,1,SA1,23,10.38333,0,1392.12,0,PUBLIC_PREDISPATCHIS_202609232030_20260923200152.zip
2026-09-23 20:30:00,2026092333,1,SA1,24,2.38179,0,1354.26,0,PUBLIC_PREDISPATCHIS_202609232030_20260923200152.zip
2026-09-23 20:30:00,2026092333,1,SA1,25,0.01024,0,1294.78,0,PUBLIC_PREDISPATCHIS_202609232030_20260923200152.zip
2026-09-23 20:30:00,2026092333,1,SA1,26,-1.09996,0,1222.0,0,PUBLIC_PREDISPATCHIS_202609232030_20260923200152.zip
2026-09-23 20:30:00,2026092333,1,SA1,27,-0.58175,0,1118.93,0,PUBLIC_PREDISPATCHIS_202609232030_20260923200152.zip
2026-09-23 20:30:00,2026092333,1,SA1,28,-1.09996,0,1012.91,0,PUBLIC_PREDISPATCHIS_202609232030_20260923200152.zip
2026-09-23 20:30:00,2026092333,1,SA1,29,-5.82643,0,947.45,0,PUBLIC_PREDISPATCHIS_202609232030_20260923200152.zip
2026-09-23 20:30:00,2026092333,1,SA1,30,-7.0,0,922.69,0,PUBLIC_PREDISPATCHIS_202609232030_20260923200152.zip
2026-09-23 20:30:00,2026092333,1,SA1,31,-5.0,0,866.76,0,PUBLIC_PREDISPATCHIS_202609232030_20260923200152.zip
2026-09-23 20:30:00,2026092333,1,SA1,32,-5.99999,0,853.75,0,PUBLIC_PREDISPATCHIS_202609232030_20260923200152.zip
2026-09-23 20:30:00,2026092333,1,SA1,33,-7.1,0,820.49,0,PUBLIC_PREDISPATCHIS_202609232030_20260923200152.zip
2026-09-23 20:30:00,2026092333,1,SA1,34,-8.0,0,787.27,0,PUBLIC_PREDISPATCHIS_202609232030_20260923200152.zip
2026-09-23 20:30:00,2026092333,1,SA1,35,-7.13,0,749.02,0,PUBLIC_PREDISPATCHIS_202609232030_20260923200152.zip
2026-09-23 20:30:00,2026092333,1,SA1,36,-12.09979,0,721.55,0,PUBLIC_PREDISPATCHIS_202609232030_20260923200152.zip
2026-09-23 20:30:00,2026092333,1,SA1,37,-2.85022,0,751.83,0,PUBLIC_PREDISPATCHIS_202609232030_20260923200152.zip
2026-09-23 20:30:00,2026092333,1,SA1,38,0.00941,0,794.8,0,PUBLIC_PREDISPATCHIS_202609232030_20260923200152.zip
2026-09-23 20:30:00,2026092333,1,SA1,39,9.1,0,854.05,0,PUBLIC_PREDISPATCHIS_202609232030_20260923200152.zip
2026-09-23 20:30:00,2026092333,1,SA1,40,13.22176,0,928.04,0,PUBLIC_PREDISPATCHIS_202609232030_20260923200152.zip
2026-09-23 20:30:00,2026092333,1,SA1,41,31.56673,0,1019.95,0,PUBLIC_PREDISPATCHIS_202609232030_20260923200152.zip
2026-09-23 20:30:00,2026092333,1,SA1,42,91.29516,0,1139.93,0,PUBLIC_PREDISPATCHIS_202609232030_20260923200152.zip
2026-09-23 20:30:00,2026092333,1,SA1,43,117.36985,0,1285.83,0,PUBLIC_PREDISPATCHIS_202609232030_20260923200152.zip
2026-09-23 20:30:00,2026092333,1,SA1,44,136.89518,0,1422.16,0,PUBLIC_PREDISPATCHIS_202609232030_20260923200152.zip
2026-09-23 20:30:00,2026092333,1,SA1,45,130.7053,0,1515.11,0,PUBLIC_PREDISPATCHIS_202609232030_20260923200152.zip
2026-09-23 20:30:00,2026092333,1,SA1,46,135.04,0,1569.57,0,PUBLIC_PREDISPATCHIS_202609232030_20260923200152.zip
2026-09-23 20:30:00,2026092333,1,SA1,47,156.97597,0,1591.27,0,PUBLIC_PREDISPATCHIS_202609232030_20260923200152.zip
2026-09-23 20:30:00,2026092333,1,SA1,48,150.85346,0,1571.75,0,PUBLIC_PREDISPATCHIS_202609232030_20260923200152.zip
2026-09-23 20:30:00,2026092333,1,SA1,49,163.08997,0,1555.88,0,PUBLIC_PREDISPATCHIS_202609232030_20260923200152.zip
2026-09-23 20:30:00,2026092333,1,SA1,50,152.45909,0,1532.22,0,PUBLIC_PREDISPATCHIS_202609232030_20260923200152.zip
2026-09-23 20:30:00,2026092333,1,SA1,51,123.6266,0,1499.28,0,PUBLIC_PREDISPATCHIS_202609232030_20260923200152.zip
2026-09-23 20:30:00,2026092333,1,SA1,52,111.10013,0,1465.56,0,PUBLIC_PREDISPATCHIS_202609232030_20260923200152.zip
2026-09-23 20:30:00,2026092333,1,SA1,53,101.12922,0,1425.27,0,PUBLIC_PREDISPATCHIS_202609232030_20260923200152.zip
2026-09-23 20:30:00,2026092333,1,SA1,54,100.44,0,1387.86,0,PUBLIC_PREDISPATCHIS_202609232030_20260923200152.zip
2026-09-23 20:30:00,2026092333,1,SA1,55,96.34332,0,1363.25,0,PUBLIC_PREDISPATCHIS_202609232030_20260923200152.zip
2026-09-23 20:30:00,2026092333,1,SA1,56,83.84997,0,1367.99,0,PUBLIC_PREDISPATCHIS_202609232030_20260923200152.zip
2026-09-23 20:30:00,2026092333,1,SA1,57,93.10846,0,1397.33,0,PUBLIC_PREDISPATCHIS_202609232030_20260923200152.zip
2026-09-23 20:30:00,2026092333,1,SA1,58,70.03,0,1404.35,0,PUBLIC_PREDISPATCHIS_202609232030_20260923200152.zip
2026-09-23 20:30:00,2026092333,1,SA1,59,87.7315,0,1386.71,0,PUBLIC_PREDISPATCHIS_202609232030_20260923200152.zip
2026-09-23 20:30:00,2026092333,1,SA1,60,88.91911,0,1373.33,0,PUBLIC_PREDISPATCHIS_202609232030_20260923200152.zip
2026-09-23 20:30:00,2026092333,1,SA1,61,144.41,0,1343.67,0,PUBLIC_PREDISPATCHIS_202609232030_20260923200152.zip
2026-09-23 20:30:00,2026092333,1,SA1,62,143.78,0,1312.37,0,PUBLIC_PREDISPATCHIS_202609232030_20260923200152.zip
2026-09-23 20:30:00,2026092333,1,SA1,63,144.41,0,1288.67,0,PUBLIC_PREDISPATCHIS_202609232030_20260923200152.zip
2026-09-23 20:30:00,2026092333,1,SA1,64,84.87091,0,1266.04,0,PUBLIC_PREDISPATCHIS_202609232030_20260923200152.zip
2026-09-23 20:30:00,2026092333,1,TAS1,01,104.67856,0,1230.0,0,PUBLIC_PREDISPATCHIS_202609232030_20260923200152.zip
2026-09-23 20:30:00,2026092333,1,TAS1,02,109.71631,0,1207.0,0,PUBLIC_PREDISPATCHIS_202609232030_20260923200152.zip
2026-09-23 20:30:00,2026092333,1,TAS1,03,106.09635,0,1186.0,0,PUBLIC_PREDISPATCHIS_202609232030_20260923200152.zip
2026-09-23 20:30:00,2026092333,1,TAS1,04,106.31677,0,1154.0,0,PUBLIC_PREDISPATCHIS_202609232030_20260923200152.zip
2026-09-23 20:30:00,2026092333,1,TAS1,05,99.88959,0,1118.0,0,PUBLIC_PREDISPATCHIS_202609232030_20260923200152.zip
2026-09-23 20:30:00,2026092333,1,TAS1,06,88.22,0,1080.0,0,PUBLIC_PREDISPATCHIS_202609232030_20260923200152.zip
2026-09-23 20:30:00,2026092333,1,TAS1,07,88.22,0,1050.0,0,PUBLIC_PREDISPATCHIS_202609232030_20260923200152.zip
2026-09-23 20:30:00,2026092333,1,TAS1,08,88.22,0,1025.0,0,PUBLIC_PREDISPATCHIS_202609232030_20260923200152.zip
2026-09-23 20:30:00,2026092333,1,TAS1,09,90.59049,0,1003.0,0,PUBLIC_PREDISPATCHIS_202609232030_20260923200152.zip
2026-09-23 20:30:00,2026092333,1,TAS1,10,89.92435,0,986.0,0,PUBLIC_PREDISPATCHIS_202609232030_20260923200152.zip
2026-09-23 20:30:00,2026092333,1,TAS1,11,88.22,0,974.0,0,PUBLIC_PREDISPATCHIS_202609232030_20260923200152.zip
2026-09-23 20:30:00,2026092333,1,TAS1,12,88.2,0,963.0,0,PUBLIC_PREDISPATCHIS_202609232030_20260923200152.zip
2026-09-23 20:30:00,2026092333,1,TAS1,13,88.2,0,959.0,0,PUBLIC_PREDISPATCHIS_202609232030_20260923200152.zip
2026-09-23 20:30:00,2026092333,1,TAS1,14,78.75818,0,961.0,0,PUBLIC_PREDISPATCHIS_202609232030_20260923200152.zip
2026-09-23 20:30:00,2026092333,1,TAS1,15,73.51754,0,964.0,0,PUBLIC_PREDISPATCHIS_202609232030_20260923200152.zip
2026-09-23 20:30:00,2026092333,1,TAS1,16,71.63725,0,966.0,0,PUBLIC_PREDISPATCHIS_202609232030_20260923200152.zip
2026-09-23 20:30:00,2026092333,1,TAS1,17,67.16026,0,977.0,0,PUBLIC_PREDISPATCHIS_202609232030_20260923200152.zip
2026-09-23 20:30:00,2026092333,1,TAS1,18,71.92123,0,993.0,0,PUBLIC_PREDISPATCHIS_202609232030_20260923200152.zip
2026-09-23 20:30:00,2026092333,1,TAS1,19,77.49199,0,1022.0,0,PUBLIC_PREDISPATCHIS_202609232030_20260923200152.zip
2026-09-23 20:30:00,2026092333,1,TAS1,20,79.61153,0,1063.0,0,PUBLIC_PREDISPATCHIS_202609232030_20260923200152.zip
2026-09-23 20:30:00,2026092333,1,TAS1,21,87.43745,0,1122.0,0,PUBLIC_PREDISPATCHIS_202609232030_20260923200152.zip
2026-09-23 20:30:00,2026092333,1,TAS1,22,66.00035,0,1166.0,0,PUBLIC_PREDISPATCHIS_202609232030_20260923200152.zip
2026-09-23 20:30:00,2026092333,1,TAS1,23,11.75917,0,1177.0,0,PUBLIC_PREDISPATCHIS_202609232030_20260923200152.zip
2026-09-23 20:30:00,2026092333,1,TAS1,24,3.10829,0,1164.0,0,PUBLIC_PREDISPATCHIS_202609232030_20260923200152.zip
2026-09-23 20:30:00,2026092333,1,TAS1,25,0.0105,0,1119.0,0,PUBLIC_PREDISPATCHIS_202609232030_20260923200152.zip
2026-09-23 20:30:00,2026092333,1,TAS1,26,-1.12403,0,1066.0,0,PUBLIC_PREDISPATCHIS_202609232030_20260923200152.zip
2026-09-23 20:30:00,2026092333,1,TAS1,27,-0.5762,0,1011.0,0,PUBLIC_PREDISPATCHIS_202609232030_20260923200152.zip
2026-09-23 20:30:00,2026092333,1,TAS1,28,-1.09753,0,970.0,0,PUBLIC_PREDISPATCHIS_202609232030_20260923200152.zip
2026-09-23 20:30:00,2026092333,1,TAS1,29,-5.74198,0,933.0,0,PUBLIC_PREDISPATCHIS_202609232030_20260923200152.zip
2026-09-23 20:30:00,2026092333,1,TAS1,30,-8.36398,0,904.0,0,PUBLIC_PREDISPATCHIS_202609232030_20260923200152.zip
2026-09-23 20:30:00,2026092333,1,TAS1,31,-8.34909,0,880.0,0,PUBLIC_PREDISPATCHIS_202609232030_20260923200152.zip
2026-09-23 20:30:00,2026092333,1,TAS1,32,-17.34948,0,862.0,0,PUBLIC_PREDISPATCHIS_202609232030_20260923200152.zip
2026-09-23 20:30:00,2026092333,1,TAS1,33,-12.32341,0,844.0,0,PUBLIC_PREDISPATCHIS_202609232030_20260923200152.zip
2026-09-23 20:30:00,2026092333,1,TAS1,34,-12.32249,0,834.0,0,PUBLIC_PREDISPATCHIS_202609232030_20260923200152.zip
2026-09-23 20:30:00,2026092333,1,TAS1,35,-12.32166,0,842.0,0,PUBLIC_PREDISPATCHIS_202609232030_20260923200152.zip
2026-09-23 20:30:00,2026092333,1,TAS1,36,-12.39603,0,853.0,0,PUBLIC_PREDISPATCHIS_202609232030_20260923200152.zip
2026-09-23 20:30:00,2026092333,1,TAS1,37,-3.12388,0,874.0,0,PUBLIC_PREDISPATCHIS_202609232030_20260923200152.zip
2026-09-23 20:30:00,2026092333,1,TAS1,38,0.01044,0,892.0,0,PUBLIC_PREDISPATCHIS_202609232030_20260923200152.zip
2026-09-23 20:30:00,2026092333,1,TAS1,39,10.02823,0,913.0,0,PUBLIC_PREDISPATCHIS_202609232030_20260923200152.zip
2026-09-23 20:30:00,2026092333,1,TAS1,40,14.60072,0,943.0,0,PUBLIC_PREDISPATCHIS_202609232030_20260923200152.zip
2026-09-23 20:30:00,2026092333,1,TAS1,41,34.1515,0,977.0,0,PUBLIC_PREDISPATCHIS_202609232030_20260923200152.zip
2026-09-23 20:30:00,2026092333,1,TAS1,42,89.92747,0,1017.0,0,PUBLIC_PREDISPATCHIS_202609232030_20260923200152.zip
2026-09-23 20:30:00,2026092333,1,TAS1,43,108.96184,0,1067.0,0,PUBLIC_PREDISPATCHIS_202609232030_20260923200152.zip
2026-09-23 20:30:00,2026092333,1,TAS1,44,130.34697,0,1117.0,0,PUBLIC_PREDISPATCHIS_202609232030_20260923200152.zip
2026-09-23 20:30:00,2026092333,1,TAS1,45,121.01787,0,1154.0,0,PUBLIC_PREDISPATCHIS_202609232030_20260923200152.zip
2026-09-23 20:30:00,2026092333,1,TAS1,46,121.00633,0,1176.0,0,PUBLIC_PREDISPATCHIS_202609232030_20260923200152.zip
2026-09-23 20:30:00,2026092333,1,TAS1,47,144.58291,0,1169.0,0,PUBLIC_PREDISPATCHIS_202609232030_20260923200152.zip
2026-09-23 20:30:00,2026092333,1,TAS1,48,138.82444,0,1156.0,0,PUBLIC_PREDISPATCHIS_202609232030_20260923200152.zip
2026-09-23 20:30:00,2026092333,1,TAS1,49,145.99114,0,1140.0,0,PUBLIC_PREDISPATCHIS_202609232030_20260923200152.zip
2026-09-23 20:30:00,2026092333,1,TAS1,50,139.1974,0,1108.0,0,PUBLIC_PREDISPATCHIS_202609232030_20260923200152.zip
2026-09-23 20:30:00,2026092333,1,TAS1,51,112.4634,0,1081.0,0,PUBLIC_PREDISPATCHIS_202609232030_20260923200152.zip
2026-09-23 20:30:00,2026092333,1,TAS1,52,99.12839,0,1063.0,0,PUBLIC_PREDISPATCHIS_202609232030_20260923200152.zip
2026-09-23 20:30:00,2026092333,1,TAS1,53,92.83397,0,1035.0,0,PUBLIC_PREDISPATCHIS_202609232030_20260923200152.zip
2026-09-23 20:30:00,2026092333,1,TAS1,54,88.73472,0,1007.0,0,PUBLIC_PREDISPATCHIS_202609232030_20260923200152.zip
2026-09-23 20:30:00,2026092333,1,TAS1,55,88.19,0,982.0,0,PUBLIC_PREDISPATCHIS_202609232030_20260923200152.zip
2026-09-23 20:30:00,2026092333,1,TAS1,56,76.34101,0,963.0,0,PUBLIC_PREDISPATCHIS_202609232030_20260923200152.zip
2026-09-23 20:30:00,2026092333,1,TAS1,57,80.43349,0,949.0,0,PUBLIC_PREDISPATCHIS_202609232030_20260923200152.zip
2026-09-23 20:30:00,2026092333,1,TAS1,58,88.2,0,939.0,0,PUBLIC_PREDISPATCHIS_202609232030_20260923200152.zip
2026-09-23 20:30:00,2026092333,1,TAS1,59,81.25092,0,939.0,0,PUBLIC_PREDISPATCHIS_202609232030_20260923200152.zip
2026-09-23 20:30:00,2026092333,1,TAS1,60,81.94374,0,936.0,0,PUBLIC_PREDISPATCHIS_202609232030_20260923200152.zip
2026-09-23 20:30:00,2026092333,1,TAS1,61,81.81058,0,938.0,0,PUBLIC_PREDISPATCHIS_202609232030_20260923200152.zip
2026-09-23 20:30:00,2026092333,1,TAS1,62,87.24,0,946.0,0,PUBLIC_PREDISPATCHIS_202609232030_20260923200152.zip
2026-09-23 20:30:00,2026092333,1,TAS1,63,84.01132,0,954.0,0,PUBLIC_PREDISPATCHIS_202609232030_20260923200152.zip
2026-09-23 20:30:00,2026092333,1,TAS1,64,80.3142,0,960.0,0,PUBLIC_PREDISPATCHIS_202609232030_20260923200152.zip
2026-09-23 20:30:00,2026092333,1,VIC1,01,112.37203,0,6116.38,0,PUBLIC_PREDISPATCHIS_202609232030_20260923200152.zip
2026-09-23 20:30:00,2026092333,1,VIC1,02,118.5,0,6019.65,0,PUBLIC_PREDISPATCHIS_202609232030_20260923200152.zip
2026-09-23 20:30:00,2026092333,1,VIC1,03,114.21863,0,5901.82,0,PUBLIC_PREDISPATCHIS_202609232030_20260923200152.zip
2026-09-23 20:30:00,2026092333,1,VIC1,04,113.03087,0,5731.46,0,PUBLIC_PREDISPATCHIS_202609232030_20260923200152.zip
2026-09-23 20:30:00,2026092333,1,VIC1,05,107.15764,0,5548.47,0,PUBLIC_PREDISPATCHIS_202609232030_20260923200152.zip
2026-09-23 20:30:00,2026092333,1,VIC1,06,94.37727,0,5381.94,0,PUBLIC_PREDISPATCHIS_202609232030_20260923200152.zip
2026-09-23 20:30:00,2026092333,1,VIC1,07,94.62772,0,5365.58,0,PUBLIC_PREDISPATCHIS_202609232030_20260923200152.zip
2026-09-23 20:30:00,2026092333,1,VIC1,08,94.18591,0,5263.36,0,PUBLIC_PREDISPATCHIS_202609232030_20260923200152.zip
2026-09-23 20:30:00,2026092333,1,VIC1,09,98.97567,0,5117.46,0,PUBLIC_PREDISPATCHIS_202609232030_20260923200152.zip
2026-09-23 20:30:00,2026092333,1,VIC1,10,96.70348,0,4953.66,0,PUBLIC_PREDISPATCHIS_202609232030_20260923200152.zip
2026-09-23 20:30:00,2026092333,1,VIC1,11,94.26812,0,4803.31,0,PUBLIC_PREDISPATCHIS_202609232030_20260923200152.zip
2026-09-23 20:30:00,2026092333,1,VIC1,12,91.13706,0,4657.42,0,PUBLIC_PREDISPATCHIS_202609232030_20260923200152.zip
2026-09-23 20:30:00,2026092333,1,VIC1,13,90.04989,0,4558.05,0,PUBLIC_PREDISPATCHIS_202609232030_20260923200152.zip
2026-09-23 20:30:00,2026092333,1,VIC1,14,80.1628,0,4473.59,0,PUBLIC_PREDISPATCHIS_202609232030_20260923200152.zip
2026-09-23 20:30:00,2026092333,1,VIC1,15,74.60525,0,4428.75,0,PUBLIC_PREDISPATCHIS_202609232030_20260923200152.zip
2026-09-23 20:30:00,2026092333,1,VIC1,16,72.69673,0,4420.41,0,PUBLIC_PREDISPATCHIS_202609232030_20260923200152.zip
2026-09-23 20:30:00,2026092333,1,VIC1,17,67.17414,0,4447.52,0,PUBLIC_PREDISPATCHIS_202609232030_20260923200152.zip
2026-09-23 20:30:00,2026092333,1,VIC1,18,71.53253,0,4541.72,0,PUBLIC_PREDISPATCHIS_202609232030_20260923200152.zip
2026-09-23 20:30:00,2026092333,1,VIC1,19,77.54297,0,4786.74,0,PUBLIC_PREDISPATCHIS_202609232030_20260923200152.zip
2026-09-23 20:30:00,2026092333,1,VIC1,20,79.00369,0,5044.64,0,PUBLIC_PREDISPATCHIS_202609232030_20260923200152.zip
2026-09-23 20:30:00,2026092333,1,VIC1,21,86.53071,0,5326.91,0,PUBLIC_PREDISPATCHIS_202609232030_20260923200152.zip
2026-09-23 20:30:00,2026092333,1,VIC1,22,63.28064,0,5495.7,0,PUBLIC_PREDISPATCHIS_202609232030_20260923200152.zip
2026-09-23 20:30:00,2026092333,1,VIC1,23,10.5,0,5470.28,0,PUBLIC_PREDISPATCHIS_202609232030_20260923200152.zip
2026-09-23 20:30:00,2026092333,1,VIC1,24,2.31534,0,5288.91,0,PUBLIC_PREDISPATCHIS_202609232030_20260923200152.zip
2026-09-23 20:30:00,2026092333,1,VIC1,25,0.01,0,5032.18,0,PUBLIC_PREDISPATCHIS_202609232030_20260923200152.zip
2026-09-23 20:30:00,2026092333,1,VIC1,26,-1.06997,0,4706.81,0,PUBLIC_PREDISPATCHIS_202609232030_20260923200152.zip
2026-09-23 20:30:00,2026092333,1,VIC1,27,-0.55,0,4392.75,0,PUBLIC_PREDISPATCHIS_202609232030_20260923200152.zip
2026-09-23 20:30:00,2026092333,1,VIC1,28,-1.04724,0,4089.02,0,PUBLIC_PREDISPATCHIS_202609232030_20260923200152.zip
2026-09-23 20:30:00,2026092333,1,VIC1,29,-5.5282,0,3763.17,0,PUBLIC_PREDISPATCHIS_202609232030_20260923200152.zip
2026-09-23 20:30:00,2026092333,1,VIC1,30,-8.0,0,3534.64,0,PUBLIC_PREDISPATCHIS_202609232030_20260923200152.zip
2026-09-23 20:30:00,2026092333,1,VIC1,31,-8.01,0,3433.64,0,PUBLIC_PREDISPATCHIS_202609232030_20260923200152.zip
2026-09-23 20:30:00,2026092333,1,VIC1,32,-16.54,0,3357.83,0,PUBLIC_PREDISPATCHIS_202609232030_20260923200152.zip
2026-09-23 20:30:00,2026092333,1,VIC1,33,-11.86,0,3370.32,0,PUBLIC_PREDISPATCHIS_202609232030_20260923200152.zip
2026-09-23 20:30:00,2026092333,1,VIC1,34,-11.86,0,3405.87,0,PUBLIC_PREDISPATCHIS_202609232030_20260923200152.zip
2026-09-23 20:30:00,2026092333,1,VIC1,35,-11.86,0,3462.03,0,PUBLIC_PREDISPATCHIS_202609232030_20260923200152.zip
2026-09-23 20:30:00,2026092333,1,VIC1,36,-11.86,0,3638.1,0,PUBLIC_PREDISPATCHIS_202609232030_20260923200152.zip
2026-09-23 20:30:00,2026092333,1,VIC1,37,-2.99,0,3921.35,0,PUBLIC_PREDISPATCHIS_202609232030_20260923200152.zip
2026-09-23 20:30:00,2026092333,1,VIC1,38,0.01,0,4258.36,0,PUBLIC_PREDISPATCHIS_202609232030_20260923200152.zip
2026-09-23 20:30:00,2026092333,1,VIC1,39,9.60817,0,4625.5,0,PUBLIC_PREDISPATCHIS_202609232030_20260923200152.zip
2026-09-23 20:30:00,2026092333,1,VIC1,40,13.95,0,4881.68,0,PUBLIC_PREDISPATCHIS_202609232030_20260923200152.zip
2026-09-23 20:30:00,2026092333,1,VIC1,41,33.26668,0,5218.49,0,PUBLIC_PREDISPATCHIS_202609232030_20260923200152.zip
2026-09-23 20:30:00,2026092333,1,VIC1,42,91.59305,0,5603.65,0,PUBLIC_PREDISPATCHIS_202609232030_20260923200152.zip
2026-09-23 20:30:00,2026092333,1,VIC1,43,119.95151,0,5918.55,0,PUBLIC_PREDISPATCHIS_202609232030_20260923200152.zip
2026-09-23 20:30:00,2026092333,1,VIC1,44,146.35315,0,6147.93,0,PUBLIC_PREDISPATCHIS_202609232030_20260923200152.zip
2026-09-23 20:30:00,2026092333,1,VIC1,45,135.9,0,6252.79,0,PUBLIC_PREDISPATCHIS_202609232030_20260923200152.zip
2026-09-23 20:30:00,2026092333,1,VIC1,46,135.9,0,6356.8,0,PUBLIC_PREDISPATCHIS_202609232030_20260923200152.zip
2026-09-23 20:30:00,2026092333,1,VIC1,47,162.34582,0,6255.4,0,PUBLIC_PREDISPATCHIS_202609232030_20260923200152.zip
2026-09-23 20:30:00,2026092333,1,VIC1,48,155.83358,0,6078.29,0,PUBLIC_PREDISPATCHIS_202609232030_20260923200152.zip
2026-09-23 20:30:00,2026092333,1,VIC1,49,163.85,0,5949.19,0,PUBLIC_PREDISPATCHIS_202609232030_20260923200152.zip
2026-09-23 20:30:00,2026092333,1,VIC1,50,156.77779,0,5830.09,0,PUBLIC_PREDISPATCHIS_202609232030_20260923200152.zip
2026-09-23 20:30:00,2026092333,1,VIC1,51,126.64116,0,5665.03,0,PUBLIC_PREDISPATCHIS_202609232030_20260923200152.zip
2026-09-23 20:30:00,2026092333,1,VIC1,52,111.1889,0,5486.03,0,PUBLIC_PREDISPATCHIS_202609232030_20260923200152.zip
2026-09-23 20:30:00,2026092333,1,VIC1,53,104.48945,0,5326.47,0,PUBLIC_PREDISPATCHIS_202609232030_20260923200152.zip
2026-09-23 20:30:00,2026092333,1,VIC1,54,99.49403,0,5179.65,0,PUBLIC_PREDISPATCHIS_202609232030_20260923200152.zip
2026-09-23 20:30:00,2026092333,1,VIC1,55,95.17869,0,5170.81,0,PUBLIC_PREDISPATCHIS_202609232030_20260923200152.zip
2026-09-23 20:30:00,2026092333,1,VIC1,56,80.13692,0,5076.31,0,PUBLIC_PREDISPATCHIS_202609232030_20260923200152.zip
2026-09-23 20:30:00,2026092333,1,VIC1,57,83.90655,0,4931.49,0,PUBLIC_PREDISPATCHIS_202609232030_20260923200152.zip
2026-09-23 20:30:00,2026092333,1,VIC1,58,38.47957,0,4755.35,0,PUBLIC_PREDISPATCHIS_202609232030_20260923200152.zip
2026-09-23 20:30:00,2026092333,1,VIC1,59,74.36339,0,4611.23,0,PUBLIC_PREDISPATCHIS_202609232030_20260923200152.zip
2026-09-23 20:30:00,2026092333,1,VIC1,60,78.20537,0,4478.9,0,PUBLIC_PREDISPATCHIS_202609232030_20260923200152.zip
2026-09-23 20:30:00,2026092333,1,VIC1,61,76.90197,0,4366.4,0,PUBLIC_PREDISPATCHIS_202609232030_20260923200152.zip
2026-09-23 20:30:00,2026092333,1,VIC1,62,84.06139,0,4273.79,0,PUBLIC_PREDISPATCHIS_202609232030_20260923200152.zip
2026-09-23 20:30:00,2026092333,1,VIC1,63,80.68717,0,4217.45,0,PUBLIC_PREDISPATCHIS_202609232030_20260923200152.zip
2026-09-23 20:30:00,2026092333,1,VIC1,64,76.89043,0,4185.37,0,PUBLIC_PREDISPATCHIS_202609232030_20260923200152.zip
2026-09-23 21:00:00,2026092334,1,NSW1,01,121.1,0,8348.43,0,PUBLIC_PREDISPATCHIS_202609232100_20260923203138.zip
2026-09-23 21:00:00,2026092334,1,NSW1,02,112.9721,0,8169.63,0,PUBLIC_PREDISPATCHIS_202609232100_20260923203138.zip
2026-09-23 21:00:00,2026092334,1,NSW1,03,112.98,0,8011.52,0,PUBLIC_PREDISPATCHIS_202609232100_20260923203138.zip
2026-09-23 21:00:00,2026092334,1,NSW1,04,112.98,0,7916.53,0,PUBLIC_PREDISPATCHIS_202609232100_20260923203138.zip
2026-09-23 21:00:00,2026092334,1,NSW1,05,97.1082,0,7776.13,0,PUBLIC_PREDISPATCHIS_202609232100_20260923203138.zip
2026-09-23 21:00:00,2026092334,1,NSW1,06,98.54529,0,7641.77,0,PUBLIC_PREDISPATCHIS_202609232100_20260923203138.zip
2026-09-23 21:00:00,2026092334,1,NSW1,07,97.63005,0,7492.85,0,PUBLIC_PREDISPATCHIS_202609232100_20260923203138.zip
2026-09-23 21:00:00,2026092334,1,NSW1,08,98.69242,0,7380.82,0,PUBLIC_PREDISPATCHIS_202609232100_20260923203138.zip
2026-09-23 21:00:00,2026092334,1,NSW1,09,96.99,0,7259.74,0,PUBLIC_PREDISPATCHIS_202609232100_20260923203138.zip
2026-09-23 21:00:00,2026092334,1,NSW1,10,96.99,0,7102.85,0,PUBLIC_PREDISPATCHIS_202609232100_20260923203138.zip
2026-09-23 21:00:00,2026092334,1,NSW1,11,96.18673,0,6922.42,0,PUBLIC_PREDISPATCHIS_202609232100_20260923203138.zip
2026-09-23 21:00:00,2026092334,1,NSW1,12,90.0,0,6785.63,0,PUBLIC_PREDISPATCHIS_202609232100_20260923203138.zip
2026-09-23 21:00:00,2026092334,1,NSW1,13,84.79,0,6672.44,0,PUBLIC_PREDISPATCHIS_202609232100_20260923203138.zip
2026-09-23 21:00:00,2026092334,1,NSW1,14,82.17163,0,6622.52,0,PUBLIC_PREDISPATCHIS_202609232100_20260923203138.zip
2026-09-23 21:00:00,2026092334,1,NSW1,15,81.10993,0,6581.39,0,PUBLIC_PREDISPATCHIS_202609232100_20260923203138.zip
2026-09-23 21:00:00,2026092334,1,NSW1,16,77.18224,0,6622.03,0,PUBLIC_PREDISPATCHIS_202609232100_20260923203138.zip
2026-09-23 21:00:00,2026092334,1,NSW1,17,78.91834,0,6719.69,0,PUBLIC_PREDISPATCHIS_202609232100_20260923203138.zip
2026-09-23 21:00:00,2026092334,1,NSW1,18,85.60637,0,6918.68,0,PUBLIC_PREDISPATCHIS_202609232100_20260923203138.zip
2026-09-23 21:00:00,2026092334,1,NSW1,19,87.05198,0,7161.34,0,PUBLIC_PREDISPATCHIS_202609232100_20260923203138.zip
2026-09-23 21:00:00,2026092334,1,NSW1,20,90.84523,0,7324.4,0,PUBLIC_PREDISPATCHIS_202609232100_20260923203138.zip
2026-09-23 21:00:00,2026092334,1,NSW1,21,70.62294,0,7339.05,0,PUBLIC_PREDISPATCHIS_202609232100_20260923203138.zip
2026-09-23 21:00:00,2026092334,1,NSW1,22,62.72362,0,7189.73,0,PUBLIC_PREDISPATCHIS_202609232100_20260923203138.zip
2026-09-23 21:00:00,2026092334,1,NSW1,23,46.45,0,6928.75,0,PUBLIC_PREDISPATCHIS_202609232100_20260923203138.zip
2026-09-23 21:00:00,2026092334,1,NSW1,24,41.74853,0,6583.44,0,PUBLIC_PREDISPATCHIS_202609232100_20260923203138.zip
2026-09-23 21:00:00,2026092334,1,NSW1,25,42.54,0,6131.62,0,PUBLIC_PREDISPATCHIS_202609232100_20260923203138.zip
2026-09-23 21:00:00,2026092334,1,NSW1,26,42.94,0,5828.51,0,PUBLIC_PREDISPATCHIS_202609232100_20260923203138.zip
2026-09-23 21:00:00,2026092334,1,NSW1,27,42.94,0,5603.53,0,PUBLIC_PREDISPATCHIS_202609232100_20260923203138.zip
2026-09-23 21:00:00,2026092334,1,NSW1,28,52.21,0,5442.46,0,PUBLIC_PREDISPATCHIS_202609232100_20260923203138.zip
2026-09-23 21:00:00,2026092334,1,NSW1,29,53.15,0,5266.6,0,PUBLIC_PREDISPATCHIS_202609232100_20260923203138.zip
2026-09-23 21:00:00,2026092334,1,NSW1,30,53.15,0,5076.88,0,PUBLIC_PREDISPATCHIS_202609232100_20260923203138.zip
2026-09-23 21:00:00,2026092334,1,NSW1,31,41.88,0,4907.6,0,PUBLIC_PREDISPATCHIS_202609232100_20260923203138.zip
2026-09-23 21:00:00,2026092334,1,NSW1,32,29.49538,0,4775.51,0,PUBLIC_PREDISPATCHIS_202609232100_20260923203138.zip
2026-09-23 21:00:00,2026092334,1,NSW1,33,24.99028,0,4813.76,0,PUBLIC_PREDISPATCHIS_202609232100_20260923203138.zip
2026-09-23 21:00:00,2026092334,1,NSW1,34,24.99028,0,4921.74,0,PUBLIC_PREDISPATCHIS_202609232100_20260923203138.zip
2026-09-23 21:00:00,2026092334,1,NSW1,35,24.99028,0,5114.85,0,PUBLIC_PREDISPATCHIS_202609232100_20260923203138.zip
2026-09-23 21:00:00,2026092334,1,NSW1,36,26.70368,0,5362.17,0,PUBLIC_PREDISPATCHIS_202609232100_20260923203138.zip
2026-09-23 21:00:00,2026092334,1,NSW1,37,38.98039,0,5772.42,0,PUBLIC_PREDISPATCHIS_202609232100_20260923203138.zip
2026-09-23 21:00:00,2026092334,1,NSW1,38,42.54,0,6229.38,0,PUBLIC_PREDISPATCHIS_202609232100_20260923203138.zip
2026-09-23 21:00:00,2026092334,1,NSW1,39,42.54,0,6835.17,0,PUBLIC_PREDISPATCHIS_202609232100_20260923203138.zip
2026-09-23 21:00:00,2026092334,1,NSW1,40,83.99,0,7402.86,0,PUBLIC_PREDISPATCHIS_202609232100_20260923203138.zip
2026-09-23 21:00:00,2026092334,1,NSW1,41,89.70309,0,7969.29,0,PUBLIC_PREDISPATCHIS_202609232100_20260923203138.zip
2026-09-23 21:00:00,2026092334,1,NSW1,42,119.42391,0,8318.65,0,PUBLIC_PREDISPATCHIS_202609232100_20260923203138.zip
2026-09-23 21:00:00,2026092334,1,NSW1,43,167.5,0,8676.84,0,PUBLIC_PREDISPATCHIS_202609232100_20260923203138.zip
2026-09-23 21:00:00,2026092334,1,NSW1,44,149.44098,0,8839.85,0,PUBLIC_PREDISPATCHIS_202609232100_20260923203138.zip
2026-09-23 21:00:00,2026092334,1,NSW1,45,167.5,0,8884.46,0,PUBLIC_PREDISPATCHIS_202609232100_20260923203138.zip
2026-09-23 21:00:00,2026092334,1,NSW1,46,146.58644,0,8729.37,0,PUBLIC_PREDISPATCHIS_202609232100_20260923203138.zip
2026-09-23 21:00:00,2026092334,1,NSW1,47,167.5,0,8557.61,0,PUBLIC_PREDISPATCHIS_202609232100_20260923203138.zip
2026-09-23 21:00:00,2026092334,1,NSW1,48,167.5,0,8409.65,0,PUBLIC_PREDISPATCHIS_202609232100_20260923203138.zip
2026-09-23 21:00:00,2026092334,1,NSW1,49,159.34087,0,8239.45,0,PUBLIC_PREDISPATCHIS_202609232100_20260923203138.zip
2026-09-23 21:00:00,2026092334,1,NSW1,50,129.89,0,8072.19,0,PUBLIC_PREDISPATCHIS_202609232100_20260923203138.zip
2026-09-23 21:00:00,2026092334,1,NSW1,51,121.01,0,7893.02,0,PUBLIC_PREDISPATCHIS_202609232100_20260923203138.zip
2026-09-23 21:00:00,2026092334,1,NSW1,52,121.01,0,7787.24,0,PUBLIC_PREDISPATCHIS_202609232100_20260923203138.zip
2026-09-23 21:00:00,2026092334,1,NSW1,53,115.9394,0,7666.71,0,PUBLIC_PREDISPATCHIS_202609232100_20260923203138.zip
2026-09-23 21:00:00,2026092334,1,NSW1,54,110.68754,0,7520.65,0,PUBLIC_PREDISPATCHIS_202609232100_20260923203138.zip
2026-09-23 21:00:00,2026092334,1,NSW1,55,90.0,0,7362.45,0,PUBLIC_PREDISPATCHIS_202609232100_20260923203138.zip
2026-09-23 21:00:00,2026092334,1,NSW1,56,91.43569,0,7234.75,0,PUBLIC_PREDISPATCHIS_202609232100_20260923203138.zip
2026-09-23 21:00:00,2026092334,1,NSW1,57,93.36909,0,7084.4,0,PUBLIC_PREDISPATCHIS_202609232100_20260923203138.zip
2026-09-23 21:00:00,2026092334,1,NSW1,58,95.27171,0,6925.35,0,PUBLIC_PREDISPATCHIS_202609232100_20260923203138.zip
2026-09-23 21:00:00,2026092334,1,NSW1,59,93.53014,0,6743.22,0,PUBLIC_PREDISPATCHIS_202609232100_20260923203138.zip
2026-09-23 21:00:00,2026092334,1,NSW1,60,91.1,0,6603.12,0,PUBLIC_PREDISPATCHIS_202609232100_20260923203138.zip
2026-09-23 21:00:00,2026092334,1,NSW1,61,91.1,0,6486.1,0,PUBLIC_PREDISPATCHIS_202609232100_20260923203138.zip
2026-09-23 21:00:00,2026092334,1,NSW1,62,88.88,0,6429.56,0,PUBLIC_PREDISPATCHIS_202609232100_20260923203138.zip
2026-09-23 21:00:00,2026092334,1,NSW1,63,83.99,0,6387.67,0,PUBLIC_PREDISPATCHIS_202609232100_20260923203138.zip
2026-09-23 21:00:00,2026092334,1,QLD1,01,99.68,0,6662.22,0,PUBLIC_PREDISPATCHIS_202609232100_20260923203138.zip
2026-09-23 21:00:00,2026092334,1,QLD1,02,98.51524,0,6637.67,0,PUBLIC_PREDISPATCHIS_202609232100_20260923203138.zip
2026-09-23 21:00:00,2026092334,1,QLD1,03,99.68,0,6601.1,0,PUBLIC_PREDISPATCHIS_202609232100_20260923203138.zip
2026-09-23 21:00:00,2026092334,1,QLD1,04,99.68,0,6402.99,0,PUBLIC_PREDISPATCHIS_202609232100_20260923203138.zip
2026-09-23 21:00:00,2026092334,1,QLD1,05,85.25,0,6188.25,0,PUBLIC_PREDISPATCHIS_202609232100_20260923203138.zip
2026-09-23 21:00:00,2026092334,1,QLD1,06,85.25,0,6026.07,0,PUBLIC_PREDISPATCHIS_202609232100_20260923203138.zip
2026-09-23 21:00:00,2026092334,1,QLD1,07,83.83369,0,5930.21,0,PUBLIC_PREDISPATCHIS_202609232100_20260923203138.zip
2026-09-23 21:00:00,2026092334,1,QLD1,08,84.62499,0,5813.03,0,PUBLIC_PREDISPATCHIS_202609232100_20260923203138.zip
2026-09-23 21:00:00,2026092334,1,QLD1,09,82.50903,0,5683.77,0,PUBLIC_PREDISPATCHIS_202609232100_20260923203138.zip
2026-09-23 21:00:00,2026092334,1,QLD1,10,82.42867,0,5597.72,0,PUBLIC_PREDISPATCHIS_202609232100_20260923203138.zip
2026-09-23 21:00:00,2026092334,1,QLD1,11,82.75,0,5550.24,0,PUBLIC_PREDISPATCHIS_202609232100_20260923203138.zip
2026-09-23 21:00:00,2026092334,1,QLD1,12,78.39624,0,5529.19,0,PUBLIC_PREDISPATCHIS_202609232100_20260923203138.zip
2026-09-23 21:00:00,2026092334,1,QLD1,13,73.85753,0,5528.28,0,PUBLIC_PREDISPATCHIS_202609232100_20260923203138.zip
2026-09-23 21:00:00,2026092334,1,QLD1,14,72.5,0,5533.68,0,PUBLIC_PREDISPATCHIS_202609232100_20260923203138.zip
2026-09-23 21:00:00,2026092334,1,QLD1,15,72.5,0,5557.67,0,PUBLIC_PREDISPATCHIS_202609232100_20260923203138.zip
2026-09-23 21:00:00,2026092334,1,QLD1,16,71.73,0,5621.91,0,PUBLIC_PREDISPATCHIS_202609232100_20260923203138.zip
2026-09-23 21:00:00,2026092334,1,QLD1,17,72.5,0,5728.6,0,PUBLIC_PREDISPATCHIS_202609232100_20260923203138.zip
2026-09-23 21:00:00,2026092334,1,QLD1,18,79.28049,0,5874.09,0,PUBLIC_PREDISPATCHIS_202609232100_20260923203138.zip
2026-09-23 21:00:00,2026092334,1,QLD1,19,79.73,0,6005.78,0,PUBLIC_PREDISPATCHIS_202609232100_20260923203138.zip
2026-09-23 21:00:00,2026092334,1,QLD1,20,82.75,0,6080.79,0,PUBLIC_PREDISPATCHIS_202609232100_20260923203138.zip
2026-09-23 21:00:00,2026092334,1,QLD1,21,64.28526,0,6026.74,0,PUBLIC_PREDISPATCHIS_202609232100_20260923203138.zip
2026-09-23 21:00:00,2026092334,1,QLD1,22,59.5978,0,5885.8,0,PUBLIC_PREDISPATCHIS_202609232100_20260923203138.zip
2026-09-23 21:00:00,2026092334,1,QLD1,23,44.80859,0,5573.33,0,PUBLIC_PREDISPATCHIS_202609232100_20260923203138.zip
2026-09-23 21:00:00,2026092334,1,QLD1,24,38.66352,0,5257.27,0,PUBLIC_PREDISPATCHIS_202609232100_20260923203138.zip
2026-09-23 21:00:00,2026092334,1,QLD1,25,40.21681,0,4964.35,0,PUBLIC_PREDISPATCHIS_202609232100_20260923203138.zip
2026-09-23 21:00:00,2026092334,1,QLD1,26,40.1,0,4731.76,0,PUBLIC_PREDISPATCHIS_202609232100_20260923203138.zip
2026-09-23 21:00:00,2026092334,1,QLD1,27,37.14154,0,4519.25,0,PUBLIC_PREDISPATCHIS_202609232100_20260923203138.zip
2026-09-23 21:00:00,2026092334,1,QLD1,28,35.95217,0,4345.82,0,PUBLIC_PREDISPATCHIS_202609232100_20260923203138.zip
2026-09-23 21:00:00,2026092334,1,QLD1,29,26.15318,0,4221.46,0,PUBLIC_PREDISPATCHIS_202609232100_20260923203138.zip
2026-09-23 21:00:00,2026092334,1,QLD1,30,26.47412,0,4256.27,0,PUBLIC_PREDISPATCHIS_202609232100_20260923203138.zip
2026-09-23 21:00:00,2026092334,1,QLD1,31,26.47412,0,4269.03,0,PUBLIC_PREDISPATCHIS_202609232100_20260923203138.zip
2026-09-23 21:00:00,2026092334,1,QLD1,32,26.47412,0,4312.88,0,PUBLIC_PREDISPATCHIS_202609232100_20260923203138.zip
2026-09-23 21:00:00,2026092334,1,QLD1,33,22.85586,0,4305.27,0,PUBLIC_PREDISPATCHIS_202609232100_20260923203138.zip
2026-09-23 21:00:00,2026092334,1,QLD1,34,22.2984,0,4374.31,0,PUBLIC_PREDISPATCHIS_202609232100_20260923203138.zip
2026-09-23 21:00:00,2026092334,1,QLD1,35,22.47251,0,4485.43,0,PUBLIC_PREDISPATCHIS_202609232100_20260923203138.zip
2026-09-23 21:00:00,2026092334,1,QLD1,36,24.54294,0,4708.93,0,PUBLIC_PREDISPATCHIS_202609232100_20260923203138.zip
2026-09-23 21:00:00,2026092334,1,QLD1,37,35.95217,0,5004.5,0,PUBLIC_PREDISPATCHIS_202609232100_20260923203138.zip
2026-09-23 21:00:00,2026092334,1,QLD1,38,38.92533,0,5396.88,0,PUBLIC_PREDISPATCHIS_202609232100_20260923203138.zip
2026-09-23 21:00:00,2026092334,1,QLD1,39,40.14815,0,5840.69,0,PUBLIC_PREDISPATCHIS_202609232100_20260923203138.zip
2026-09-23 21:00:00,2026092334,1,QLD1,40,81.27355,0,6317.97,0,PUBLIC_PREDISPATCHIS_202609232100_20260923203138.zip
2026-09-23 21:00:00,2026092334,1,QLD1,41,85.39,0,6794.55,0,PUBLIC_PREDISPATCHIS_202609232100_20260923203138.zip
2026-09-23 21:00:00,2026092334,1,QLD1,42,114.5,0,7124.95,0,PUBLIC_PREDISPATCHIS_202609232100_20260923203138.zip
2026-09-23 21:00:00,2026092334,1,QLD1,43,156.10258,0,7417.11,0,PUBLIC_PREDISPATCHIS_202609232100_20260923203138.zip
2026-09-23 21:00:00,2026092334,1,QLD1,44,138.607,0,7543.37,0,PUBLIC_PREDISPATCHIS_202609232100_20260923203138.zip
2026-09-23 21:00:00,2026092334,1,QLD1,45,150.43043,0,7513.79,0,PUBLIC_PREDISPATCHIS_202609232100_20260923203138.zip
2026-09-23 21:00:00,2026092334,1,QLD1,46,128.11,0,7357.74,0,PUBLIC_PREDISPATCHIS_202609232100_20260923203138.zip
2026-09-23 21:00:00,2026092334,1,QLD1,47,149.87135,0,7192.47,0,PUBLIC_PREDISPATCHIS_202609232100_20260923203138.zip
2026-09-23 21:00:00,2026092334,1,QLD1,48,140.0491,0,7054.06,0,PUBLIC_PREDISPATCHIS_202609232100_20260923203138.zip
2026-09-23 21:00:00,2026092334,1,QLD1,49,135.28234,0,7034.48,0,PUBLIC_PREDISPATCHIS_202609232100_20260923203138.zip
2026-09-23 21:00:00,2026092334,1,QLD1,50,117.69,0,6939.74,0,PUBLIC_PREDISPATCHIS_202609232100_20260923203138.zip
2026-09-23 21:00:00,2026092334,1,QLD1,51,109.8165,0,6793.34,0,PUBLIC_PREDISPATCHIS_202609232100_20260923203138.zip
2026-09-23 21:00:00,2026092334,1,QLD1,52,114.48137,0,6557.75,0,PUBLIC_PREDISPATCHIS_202609232100_20260923203138.zip
2026-09-23 21:00:00,2026092334,1,QLD1,53,109.75,0,6352.24,0,PUBLIC_PREDISPATCHIS_202609232100_20260923203138.zip
2026-09-23 21:00:00,2026092334,1,QLD1,54,105.54144,0,6179.33,0,PUBLIC_PREDISPATCHIS_202609232100_20260923203138.zip
2026-09-23 21:00:00,2026092334,1,QLD1,55,85.25,0,6061.32,0,PUBLIC_PREDISPATCHIS_202609232100_20260923203138.zip
2026-09-23 21:00:00,2026092334,1,QLD1,56,85.25,0,5914.7,0,PUBLIC_PREDISPATCHIS_202609232100_20260923203138.zip
2026-09-23 21:00:00,2026092334,1,QLD1,57,85.25,0,5766.22,0,PUBLIC_PREDISPATCHIS_202609232100_20260923203138.zip
2026-09-23 21:00:00,2026092334,1,QLD1,58,85.25,0,5670.68,0,PUBLIC_PREDISPATCHIS_202609232100_20260923203138.zip
2026-09-23 21:00:00,2026092334,1,QLD1,59,85.25,0,5605.35,0,PUBLIC_PREDISPATCHIS_202609232100_20260923203138.zip
2026-09-23 21:00:00,2026092334,1,QLD1,60,82.47447,0,5571.42,0,PUBLIC_PREDISPATCHIS_202609232100_20260923203138.zip
2026-09-23 21:00:00,2026092334,1,QLD1,61,82.47188,0,5561.05,0,PUBLIC_PREDISPATCHIS_202609232100_20260923203138.zip
2026-09-23 21:00:00,2026092334,1,QLD1,62,80.46458,0,5559.71,0,PUBLIC_PREDISPATCHIS_202609232100_20260923203138.zip
2026-09-23 21:00:00,2026092334,1,QLD1,63,76.05701,0,5577.18,0,PUBLIC_PREDISPATCHIS_202609232100_20260923203138.zip
2026-09-23 21:00:00,2026092334,1,SA1,01,111.81038,0,1527.56,0,PUBLIC_PREDISPATCHIS_202609232100_20260923203138.zip
2026-09-23 21:00:00,2026092334,1,SA1,02,101.95526,0,1509.13,0,PUBLIC_PREDISPATCHIS_202609232100_20260923203138.zip
2026-09-23 21:00:00,2026092334,1,SA1,03,101.32469,0,1468.4,0,PUBLIC_PREDISPATCHIS_202609232100_20260923203138.zip
2026-09-23 21:00:00,2026092334,1,SA1,04,101.04,0,1430.1,0,PUBLIC_PREDISPATCHIS_202609232100_20260923203138.zip
2026-09-23 21:00:00,2026092334,1,SA1,05,92.20713,0,1399.1,0,PUBLIC_PREDISPATCHIS_202609232100_20260923203138.zip
2026-09-23 21:00:00,2026092334,1,SA1,06,91.94296,0,1377.04,0,PUBLIC_PREDISPATCHIS_202609232100_20260923203138.zip
2026-09-23 21:00:00,2026092334,1,SA1,07,90.94832,0,1384.72,0,PUBLIC_PREDISPATCHIS_202609232100_20260923203138.zip
2026-09-23 21:00:00,2026092334,1,SA1,08,95.97215,0,1402.93,0,PUBLIC_PREDISPATCHIS_202609232100_20260923203138.zip
2026-09-23 21:00:00,2026092334,1,SA1,09,96.18116,0,1423.07,0,PUBLIC_PREDISPATCHIS_202609232100_20260923203138.zip
2026-09-23 21:00:00,2026092334,1,SA1,10,95.22589,0,1404.14,0,PUBLIC_PREDISPATCHIS_202609232100_20260923203138.zip
2026-09-23 21:00:00,2026092334,1,SA1,11,91.30392,0,1385.73,0,PUBLIC_PREDISPATCHIS_202609232100_20260923203138.zip
2026-09-23 21:00:00,2026092334,1,SA1,12,84.62254,0,1360.08,0,PUBLIC_PREDISPATCHIS_202609232100_20260923203138.zip
2026-09-23 21:00:00,2026092334,1,SA1,13,77.11901,0,1334.84,0,PUBLIC_PREDISPATCHIS_202609232100_20260923203138.zip
2026-09-23 21:00:00,2026092334,1,SA1,14,71.46993,0,1312.97,0,PUBLIC_PREDISPATCHIS_202609232100_20260923203138.zip
2026-09-23 21:00:00,2026092334,1,SA1,15,69.28641,0,1293.21,0,PUBLIC_PREDISPATCHIS_202609232100_20260923203138.zip
2026-09-23 21:00:00,2026092334,1,SA1,16,51.71836,0,1278.16,0,PUBLIC_PREDISPATCHIS_202609232100_20260923203138.zip
2026-09-23 21:00:00,2026092334,1,SA1,17,51.28503,0,1278.89,0,PUBLIC_PREDISPATCHIS_202609232100_20260923203138.zip
2026-09-23 21:00:00,2026092334,1,SA1,18,71.87635,0,1281.51,0,PUBLIC_PREDISPATCHIS_202609232100_20260923203138.zip
2026-09-23 21:00:00,2026092334,1,SA1,19,74.57413,0,1311.07,0,PUBLIC_PREDISPATCHIS_202609232100_20260923203138.zip
2026-09-23 21:00:00,2026092334,1,SA1,20,80.13418,0,1346.25,0,PUBLIC_PREDISPATCHIS_202609232100_20260923203138.zip
2026-09-23 21:00:00,2026092334,1,SA1,21,32.54424,0,1388.89,0,PUBLIC_PREDISPATCHIS_202609232100_20260923203138.zip
2026-09-23 21:00:00,2026092334,1,SA1,22,10.26042,0,1378.11,0,PUBLIC_PREDISPATCHIS_202609232100_20260923203138.zip
2026-09-23 21:00:00,2026092334,1,SA1,23,0.0,0,1352.74,0,PUBLIC_PREDISPATCHIS_202609232100_20260923203138.zip
2026-09-23 21:00:00,2026092334,1,SA1,24,0.01062,0,1293.2,0,PUBLIC_PREDISPATCHIS_202609232100_20260923203138.zip
2026-09-23 21:00:00,2026092334,1,SA1,25,-4.32,0,1220.45,0,PUBLIC_PREDISPATCHIS_202609232100_20260923203138.zip
2026-09-23 21:00:00,2026092334,1,SA1,26,0.01041,0,1114.97,0,PUBLIC_PREDISPATCHIS_202609232100_20260923203138.zip
2026-09-23 21:00:00,2026092334,1,SA1,27,0.0103,0,1008.49,0,PUBLIC_PREDISPATCHIS_202609232100_20260923203138.zip
2026-09-23 21:00:00,2026092334,1,SA1,28,-5.0,0,944.15,0,PUBLIC_PREDISPATCHIS_202609232100_20260923203138.zip
2026-09-23 21:00:00,2026092334,1,SA1,29,-5.88855,0,920.69,0,PUBLIC_PREDISPATCHIS_202609232100_20260923203138.zip
2026-09-23 21:00:00,2026092334,1,SA1,30,-7.01,0,863.9,0,PUBLIC_PREDISPATCHIS_202609232100_20260923203138.zip
2026-09-23 21:00:00,2026092334,1,SA1,31,-8.0,0,849.73,0,PUBLIC_PREDISPATCHIS_202609232100_20260923203138.zip
2026-09-23 21:00:00,2026092334,1,SA1,32,-14.99,0,817.59,0,PUBLIC_PREDISPATCHIS_202609232100_20260923203138.zip
2026-09-23 21:00:00,2026092334,1,SA1,33,-7.13,0,786.38,0,PUBLIC_PREDISPATCHIS_202609232100_20260923203138.zip
2026-09-23 21:00:00,2026092334,1,SA1,34,-7.25,0,748.35,0,PUBLIC_PREDISPATCHIS_202609232100_20260923203138.zip
2026-09-23 21:00:00,2026092334,1,SA1,35,-8.14562,0,721.01,0,PUBLIC_PREDISPATCHIS_202609232100_20260923203138.zip
2026-09-23 21:00:00,2026092334,1,SA1,36,-7.01,0,750.1,0,PUBLIC_PREDISPATCHIS_202609232100_20260923203138.zip
2026-09-23 21:00:00,2026092334,1,SA1,37,-0.5133,0,794.8,0,PUBLIC_PREDISPATCHIS_202609232100_20260923203138.zip
2026-09-23 21:00:00,2026092334,1,SA1,38,4.70778,0,850.01,0,PUBLIC_PREDISPATCHIS_202609232100_20260923203138.zip
2026-09-23 21:00:00,2026092334,1,SA1,39,13.2194,0,923.57,0,PUBLIC_PREDISPATCHIS_202609232100_20260923203138.zip
2026-09-23 21:00:00,2026092334,1,SA1,40,34.62859,0,1018.71,0,PUBLIC_PREDISPATCHIS_202609232100_20260923203138.zip
2026-09-23 21:00:00,2026092334,1,SA1,41,85.44,0,1138.78,0,PUBLIC_PREDISPATCHIS_202609232100_20260923203138.zip
2026-09-23 21:00:00,2026092334,1,SA1,42,105.53161,0,1284.8,0,PUBLIC_PREDISPATCHIS_202609232100_20260923203138.zip
2026-09-23 21:00:00,2026092334,1,SA1,43,133.69351,0,1420.6,0,PUBLIC_PREDISPATCHIS_202609232100_20260923203138.zip
2026-09-23 21:00:00,2026092334,1,SA1,44,134.30867,0,1515.35,0,PUBLIC_PREDISPATCHIS_202609232100_20260923203138.zip
2026-09-23 21:00:00,2026092334,1,SA1,45,158.73872,0,1570.21,0,PUBLIC_PREDISPATCHIS_202609232100_20260923203138.zip
2026-09-23 21:00:00,2026092334,1,SA1,46,140.47983,0,1589.25,0,PUBLIC_PREDISPATCHIS_202609232100_20260923203138.zip
2026-09-23 21:00:00,2026092334,1,SA1,47,162.50741,0,1570.95,0,PUBLIC_PREDISPATCHIS_202609232100_20260923203138.zip
2026-09-23 21:00:00,2026092334,1,SA1,48,160.64115,0,1555.01,0,PUBLIC_PREDISPATCHIS_202609232100_20260923203138.zip
2026-09-23 21:00:00,2026092334,1,SA1,49,144.41,0,1530.22,0,PUBLIC_PREDISPATCHIS_202609232100_20260923203138.zip
2026-09-23 21:00:00,2026092334,1,SA1,50,108.91149,0,1497.66,0,PUBLIC_PREDISPATCHIS_202609232100_20260923203138.zip
2026-09-23 21:00:00,2026092334,1,SA1,51,105.45119,0,1460.22,0,PUBLIC_PREDISPATCHIS_202609232100_20260923203138.zip
2026-09-23 21:00:00,2026092334,1,SA1,52,101.04,0,1422.27,0,PUBLIC_PREDISPATCHIS_202609232100_20260923203138.zip
2026-09-23 21:00:00,2026092334,1,SA1,53,100.44,0,1385.36,0,PUBLIC_PREDISPATCHIS_202609232100_20260923203138.zip
2026-09-23 21:00:00,2026092334,1,SA1,54,97.62751,0,1361.27,0,PUBLIC_PREDISPATCHIS_202609232100_20260923203138.zip
2026-09-23 21:00:00,2026092334,1,SA1,55,83.06507,0,1365.95,0,PUBLIC_PREDISPATCHIS_202609232100_20260923203138.zip
2026-09-23 21:00:00,2026092334,1,SA1,56,90.35488,0,1398.38,0,PUBLIC_PREDISPATCHIS_202609232100_20260923203138.zip
2026-09-23 21:00:00,2026092334,1,SA1,57,65.61183,0,1405.36,0,PUBLIC_PREDISPATCHIS_202609232100_20260923203138.zip
2026-09-23 21:00:00,2026092334,1,SA1,58,80.0,0,1386.52,0,PUBLIC_PREDISPATCHIS_202609232100_20260923203138.zip
2026-09-23 21:00:00,2026092334,1,SA1,59,62.05141,0,1372.2,0,PUBLIC_PREDISPATCHIS_202609232100_20260923203138.zip
2026-09-23 21:00:00,2026092334,1,SA1,60,143.78,0,1347.3,0,PUBLIC_PREDISPATCHIS_202609232100_20260923203138.zip
2026-09-23 21:00:00,2026092334,1,SA1,61,103.45,0,1311.4,0,PUBLIC_PREDISPATCHIS_202609232100_20260923203138.zip
2026-09-23 21:00:00,2026092334,1,SA1,62,143.78,0,1287.69,0,PUBLIC_PREDISPATCHIS_202609232100_20260923203138.zip
2026-09-23 21:00:00,2026092334,1,SA1,63,56.96468,0,1265.07,0,PUBLIC_PREDISPATCHIS_202609232100_20260923203138.zip
2026-09-23 21:00:00,2026092334,1,TAS1,01,109.69409,0,1202.0,0,PUBLIC_PREDISPATCHIS_202609232100_20260923203138.zip
2026-09-23 21:00:00,2026092334,1,TAS1,02,102.63578,0,1180.0,0,PUBLIC_PREDISPATCHIS_202609232100_20260923203138.zip
2026-09-23 21:00:00,2026092334,1,TAS1,03,102.59591,0,1151.0,0,PUBLIC_PREDISPATCHIS_202609232100_20260923203138.zip
2026-09-23 21:00:00,2026092334,1,TAS1,04,100.39127,0,1116.0,0,PUBLIC_PREDISPATCHIS_202609232100_20260923203138.zip
2026-09-23 21:00:00,2026092334,1,TAS1,05,88.22,0,1078.0,0,PUBLIC_PREDISPATCHIS_202609232100_20260923203138.zip
2026-09-23 21:00:00,2026092334,1,TAS1,06,88.22,0,1048.0,0,PUBLIC_PREDISPATCHIS_202609232100_20260923203138.zip
2026-09-23 21:00:00,2026092334,1,TAS1,07,88.2,0,1024.0,0,PUBLIC_PREDISPATCHIS_202609232100_20260923203138.zip
2026-09-23 21:00:00,2026092334,1,TAS1,08,88.22,0,1003.0,0,PUBLIC_PREDISPATCHIS_202609232100_20260923203138.zip
2026-09-23 21:00:00,2026092334,1,TAS1,09,88.22,0,986.0,0,PUBLIC_PREDISPATCHIS_202609232100_20260923203138.zip
2026-09-23 21:00:00,2026092334,1,TAS1,10,88.22,0,975.0,0,PUBLIC_PREDISPATCHIS_202609232100_20260923203138.zip
2026-09-23 21:00:00,2026092334,1,TAS1,11,88.2,0,964.0,0,PUBLIC_PREDISPATCHIS_202609232100_20260923203138.zip
2026-09-23 21:00:00,2026092334,1,TAS1,12,81.7282,0,959.0,0,PUBLIC_PREDISPATCHIS_202609232100_20260923203138.zip
2026-09-23 21:00:00,2026092334,1,TAS1,13,74.74836,0,961.0,0,PUBLIC_PREDISPATCHIS_202609232100_20260923203138.zip
2026-09-23 21:00:00,2026092334,1,TAS1,14,70.16,0,965.0,0,PUBLIC_PREDISPATCHIS_202609232100_20260923203138.zip
2026-09-23 21:00:00,2026092334,1,TAS1,15,69.43551,0,966.0,0,PUBLIC_PREDISPATCHIS_202609232100_20260923203138.zip
2026-09-23 21:00:00,2026092334,1,TAS1,16,50.16,0,977.0,0,PUBLIC_PREDISPATCHIS_202609232100_20260923203138.zip
2026-09-23 21:00:00,2026092334,1,TAS1,17,50.12,0,993.0,0,PUBLIC_PREDISPATCHIS_202609232100_20260923203138.zip
2026-09-23 21:00:00,2026092334,1,TAS1,18,74.90936,0,1022.0,0,PUBLIC_PREDISPATCHIS_202609232100_20260923203138.zip
2026-09-23 21:00:00,2026092334,1,TAS1,19,77.48809,0,1062.0,0,PUBLIC_PREDISPATCHIS_202609232100_20260923203138.zip
2026-09-23 21:00:00,2026092334,1,TAS1,20,84.19263,0,1122.0,0,PUBLIC_PREDISPATCHIS_202609232100_20260923203138.zip
2026-09-23 21:00:00,2026092334,1,TAS1,21,35.85387,0,1166.0,0,PUBLIC_PREDISPATCHIS_202609232100_20260923203138.zip
2026-09-23 21:00:00,2026092334,1,TAS1,22,11.7591,0,1176.0,0,PUBLIC_PREDISPATCHIS_202609232100_20260923203138.zip
2026-09-23 21:00:00,2026092334,1,TAS1,23,0.67,0,1163.0,0,PUBLIC_PREDISPATCHIS_202609232100_20260923203138.zip
2026-09-23 21:00:00,2026092334,1,TAS1,24,0.01102,0,1119.0,0,PUBLIC_PREDISPATCHIS_202609232100_20260923203138.zip
2026-09-23 21:00:00,2026092334,1,TAS1,25,-4.41523,0,1065.0,0,PUBLIC_PREDISPATCHIS_202609232100_20260923203138.zip
2026-09-23 21:00:00,2026092334,1,TAS1,26,0.01048,0,1010.0,0,PUBLIC_PREDISPATCHIS_202609232100_20260923203138.zip
2026-09-23 21:00:00,2026092334,1,TAS1,27,0.01048,0,968.0,0,PUBLIC_PREDISPATCHIS_202609232100_20260923203138.zip
2026-09-23 21:00:00,2026092334,1,TAS1,28,-5.10498,0,932.0,0,PUBLIC_PREDISPATCHIS_202609232100_20260923203138.zip
2026-09-23 21:00:00,2026092334,1,TAS1,29,-5.95028,0,904.0,0,PUBLIC_PREDISPATCHIS_202609232100_20260923203138.zip
2026-09-23 21:00:00,2026092334,1,TAS1,30,-8.24245,0,879.0,0,PUBLIC_PREDISPATCHIS_202609232100_20260923203138.zip
2026-09-23 21:00:00,2026092334,1,TAS1,31,-12.59087,0,861.0,0,PUBLIC_PREDISPATCHIS_202609232100_20260923203138.zip
2026-09-23 21:00:00,2026092334,1,TAS1,32,-15.81677,0,843.0,0,PUBLIC_PREDISPATCHIS_202609232100_20260923203138.zip
2026-09-23 21:00:00,2026092334,1,TAS1,33,-15.01,0,834.0,0,PUBLIC_PREDISPATCHIS_202609232100_20260923203138.zip
2026-09-23 21:00:00,2026092334,1,TAS1,34,-12.3216,0,842.0,0,PUBLIC_PREDISPATCHIS_202609232100_20260923203138.zip
2026-09-23 21:00:00,2026092334,1,TAS1,35,-8.41045,0,853.0,0,PUBLIC_PREDISPATCHIS_202609232100_20260923203138.zip
2026-09-23 21:00:00,2026092334,1,TAS1,36,-7.47773,0,874.0,0,PUBLIC_PREDISPATCHIS_202609232100_20260923203138.zip
2026-09-23 21:00:00,2026092334,1,TAS1,37,-0.57434,0,891.0,0,PUBLIC_PREDISPATCHIS_202609232100_20260923203138.zip
2026-09-23 21:00:00,2026092334,1,TAS1,38,5.2499,0,913.0,0,PUBLIC_PREDISPATCHIS_202609232100_20260923203138.zip
2026-09-23 21:00:00,2026092334,1,TAS1,39,14.55518,0,943.0,0,PUBLIC_PREDISPATCHIS_202609232100_20260923203138.zip
2026-09-23 21:00:00,2026092334,1,TAS1,40,37.46641,0,976.0,0,PUBLIC_PREDISPATCHIS_202609232100_20260923203138.zip
2026-09-23 21:00:00,2026092334,1,TAS1,41,89.28688,0,1018.0,0,PUBLIC_PREDISPATCHIS_202609232100_20260923203138.zip
2026-09-23 21:00:00,2026092334,1,TAS1,42,99.1274,0,1067.0,0,PUBLIC_PREDISPATCHIS_202609232100_20260923203138.zip
2026-09-23 21:00:00,2026092334,1,TAS1,43,126.81021,0,1118.0,0,PUBLIC_PREDISPATCHIS_202609232100_20260923203138.zip
2026-09-23 21:00:00,2026092334,1,TAS1,44,121.0181,0,1154.0,0,PUBLIC_PREDISPATCHIS_202609232100_20260923203138.zip
2026-09-23 21:00:00,2026092334,1,TAS1,45,142.67899,0,1176.0,0,PUBLIC_PREDISPATCHIS_202609232100_20260923203138.zip
2026-09-23 21:00:00,2026092334,1,TAS1,46,127.04582,0,1169.0,0,PUBLIC_PREDISPATCHIS_202609232100_20260923203138.zip
2026-09-23 21:00:00,2026092334,1,TAS1,47,142.74026,0,1156.0,0,PUBLIC_PREDISPATCHIS_202609232100_20260923203138.zip
2026-09-23 21:00:00,2026092334,1,TAS1,48,143.81359,0,1140.0,0,PUBLIC_PREDISPATCHIS_202609232100_20260923203138.zip
2026-09-23 21:00:00,2026092334,1,TAS1,49,130.8405,0,1107.0,0,PUBLIC_PREDISPATCHIS_202609232100_20260923203138.zip
2026-09-23 21:00:00,2026092334,1,TAS1,50,101.58099,0,1081.0,0,PUBLIC_PREDISPATCHIS_202609232100_20260923203138.zip
2026-09-23 21:00:00,2026092334,1,TAS1,51,94.10667,0,1063.0,0,PUBLIC_PREDISPATCHIS_202609232100_20260923203138.zip
2026-09-23 21:00:00,2026092334,1,TAS1,52,92.09679,0,1035.0,0,PUBLIC_PREDISPATCHIS_202609232100_20260923203138.zip
2026-09-23 21:00:00,2026092334,1,TAS1,53,88.77332,0,1004.0,0,PUBLIC_PREDISPATCHIS_202609232100_20260923203138.zip
2026-09-23 21:00:00,2026092334,1,TAS1,54,88.2,0,982.0,0,PUBLIC_PREDISPATCHIS_202609232100_20260923203138.zip
2026-09-23 21:00:00,2026092334,1,TAS1,55,76.0948,0,963.0,0,PUBLIC_PREDISPATCHIS_202609232100_20260923203138.zip
2026-09-23 21:00:00,2026092334,1,TAS1,56,78.18,0,949.0,0,PUBLIC_PREDISPATCHIS_202609232100_20260923203138.zip
2026-09-23 21:00:00,2026092334,1,TAS1,57,88.2,0,939.0,0,PUBLIC_PREDISPATCHIS_202609232100_20260923203138.zip
2026-09-23 21:00:00,2026092334,1,TAS1,58,72.93742,0,939.0,0,PUBLIC_PREDISPATCHIS_202609232100_20260923203138.zip
2026-09-23 21:00:00,2026092334,1,TAS1,59,53.9066,0,936.0,0,PUBLIC_PREDISPATCHIS_202609232100_20260923203138.zip
2026-09-23 21:00:00,2026092334,1,TAS1,60,81.81079,0,938.0,0,PUBLIC_PREDISPATCHIS_202609232100_20260923203138.zip
2026-09-23 21:00:00,2026092334,1,TAS1,61,82.02139,0,946.0,0,PUBLIC_PREDISPATCHIS_202609232100_20260923203138.zip
2026-09-23 21:00:00,2026092334,1,TAS1,62,82.49488,0,954.0,0,PUBLIC_PREDISPATCHIS_202609232100_20260923203138.zip
2026-09-23 21:00:00,2026092334,1,TAS1,63,45.9647,0,960.0,0,PUBLIC_PREDISPATCHIS_202609232100_20260923203138.zip
2026-09-23 21:00:00,2026092334,1,VIC1,01,118.49,0,6070.3,0,PUBLIC_PREDISPATCHIS_202609232100_20260923203138.zip
2026-09-23 21:00:00,2026092334,1,VIC1,02,110.5,0,5923.4,0,PUBLIC_PREDISPATCHIS_202609232100_20260923203138.zip
2026-09-23 21:00:00,2026092334,1,VIC1,03,109.41638,0,5754.89,0,PUBLIC_PREDISPATCHIS_202609232100_20260923203138.zip
2026-09-23 21:00:00,2026092334,1,VIC1,04,107.04071,0,5570.21,0,PUBLIC_PREDISPATCHIS_202609232100_20260923203138.zip
2026-09-23 21:00:00,2026092334,1,VIC1,05,93.60674,0,5406.94,0,PUBLIC_PREDISPATCHIS_202609232100_20260923203138.zip
2026-09-23 21:00:00,2026092334,1,VIC1,06,94.1734,0,5387.62,0,PUBLIC_PREDISPATCHIS_202609232100_20260923203138.zip
2026-09-23 21:00:00,2026092334,1,VIC1,07,92.61018,0,5280.48,0,PUBLIC_PREDISPATCHIS_202609232100_20260923203138.zip
2026-09-23 21:00:00,2026092334,1,VIC1,08,95.18,0,5137.38,0,PUBLIC_PREDISPATCHIS_202609232100_20260923203138.zip
2026-09-23 21:00:00,2026092334,1,VIC1,09,93.59452,0,4968.23,0,PUBLIC_PREDISPATCHIS_202609232100_20260923203138.zip
2026-09-23 21:00:00,2026092334,1,VIC1,10,93.4989,0,4817.36,0,PUBLIC_PREDISPATCHIS_202609232100_20260923203138.zip
2026-09-23 21:00:00,2026092334,1,VIC1,11,90.44956,0,4666.89,0,PUBLIC_PREDISPATCHIS_202609232100_20260923203138.zip
2026-09-23 21:00:00,2026092334,1,VIC1,12,83.19814,0,4560.14,0,PUBLIC_PREDISPATCHIS_202609232100_20260923203138.zip
2026-09-23 21:00:00,2026092334,1,VIC1,13,75.85948,0,4473.53,0,PUBLIC_PREDISPATCHIS_202609232100_20260923203138.zip
2026-09-23 21:00:00,2026092334,1,VIC1,14,71.19783,0,4426.79,0,PUBLIC_PREDISPATCHIS_202609232100_20260923203138.zip
2026-09-23 21:00:00,2026092334,1,VIC1,15,69.6481,0,4412.04,0,PUBLIC_PREDISPATCHIS_202609232100_20260923203138.zip
2026-09-23 21:00:00,2026092334,1,VIC1,16,37.90986,0,4441.85,0,PUBLIC_PREDISPATCHIS_202609232100_20260923203138.zip
2026-09-23 21:00:00,2026092334,1,VIC1,17,35.90063,0,4531.54,0,PUBLIC_PREDISPATCHIS_202609232100_20260923203138.zip
2026-09-23 21:00:00,2026092334,1,VIC1,18,74.09009,0,4780.56,0,PUBLIC_PREDISPATCHIS_202609232100_20260923203138.zip
2026-09-23 21:00:00,2026092334,1,VIC1,19,76.66271,0,5036.18,0,PUBLIC_PREDISPATCHIS_202609232100_20260923203138.zip
2026-09-23 21:00:00,2026092334,1,VIC1,20,82.78486,0,5320.98,0,PUBLIC_PREDISPATCHIS_202609232100_20260923203138.zip
2026-09-23 21:00:00,2026092334,1,VIC1,21,34.37642,0,5491.13,0,PUBLIC_PREDISPATCHIS_202609232100_20260923203138.zip
2026-09-23 21:00:00,2026092334,1,VIC1,22,10.5,0,5457.04,0,PUBLIC_PREDISPATCHIS_202609232100_20260923203138.zip
2026-09-23 21:00:00,2026092334,1,VIC1,23,0.0,0,5287.56,0,PUBLIC_PREDISPATCHIS_202609232100_20260923203138.zip
2026-09-23 21:00:00,2026092334,1,VIC1,24,0.01049,0,5033.55,0,PUBLIC_PREDISPATCHIS_202609232100_20260923203138.zip
2026-09-23 21:00:00,2026092334,1,VIC1,25,-4.20288,0,4707.36,0,PUBLIC_PREDISPATCHIS_202609232100_20260923203138.zip
2026-09-23 21:00:00,2026092334,1,VIC1,26,0.01,0,4394.83,0,PUBLIC_PREDISPATCHIS_202609232100_20260923203138.zip
2026-09-23 21:00:00,2026092334,1,VIC1,27,0.01,0,4090.65,0,PUBLIC_PREDISPATCHIS_202609232100_20260923203138.zip
2026-09-23 21:00:00,2026092334,1,VIC1,28,-4.91491,0,3761.02,0,PUBLIC_PREDISPATCHIS_202609232100_20260923203138.zip
2026-09-23 21:00:00,2026092334,1,VIC1,29,-5.69129,0,3532.61,0,PUBLIC_PREDISPATCHIS_202609232100_20260923203138.zip
2026-09-23 21:00:00,2026092334,1,VIC1,30,-7.90769,0,3433.62,0,PUBLIC_PREDISPATCHIS_202609232100_20260923203138.zip
2026-09-23 21:00:00,2026092334,1,VIC1,31,-12.1166,0,3354.47,0,PUBLIC_PREDISPATCHIS_202609232100_20260923203138.zip
2026-09-23 21:00:00,2026092334,1,VIC1,32,-15.08,0,3377.18,0,PUBLIC_PREDISPATCHIS_202609232100_20260923203138.zip
2026-09-23 21:00:00,2026092334,1,VIC1,33,-15.08,0,3405.97,0,PUBLIC_PREDISPATCHIS_202609232100_20260923203138.zip
2026-09-23 21:00:00,2026092334,1,VIC1,34,-11.86,0,3463.16,0,PUBLIC_PREDISPATCHIS_202609232100_20260923203138.zip
2026-09-23 21:00:00,2026092334,1,VIC1,35,-8.0468,0,3640.53,0,PUBLIC_PREDISPATCHIS_202609232100_20260923203138.zip
2026-09-23 21:00:00,2026092334,1,VIC1,36,-7.1573,0,3930.1,0,PUBLIC_PREDISPATCHIS_202609232100_20260923203138.zip
2026-09-23 21:00:00,2026092334,1,VIC1,37,-0.55,0,4265.07,0,PUBLIC_PREDISPATCHIS_202609232100_20260923203138.zip
2026-09-23 21:00:00,2026092334,1,VIC1,38,5.03,0,4627.39,0,PUBLIC_PREDISPATCHIS_202609232100_20260923203138.zip
2026-09-23 21:00:00,2026092334,1,VIC1,39,13.95,0,4880.51,0,PUBLIC_PREDISPATCHIS_202609232100_20260923203138.zip
2026-09-23 21:00:00,2026092334,1,VIC1,40,36.49591,0,5219.54,0,PUBLIC_PREDISPATCHIS_202609232100_20260923203138.zip
2026-09-23 21:00:00,2026092334,1,VIC1,41,85.39081,0,5603.93,0,PUBLIC_PREDISPATCHIS_202609232100_20260923203138.zip
2026-09-23 21:00:00,2026092334,1,VIC1,42,109.12519,0,5918.93,0,PUBLIC_PREDISPATCHIS_202609232100_20260923203138.zip
2026-09-23 21:00:00,2026092334,1,VIC1,43,142.38137,0,6143.56,0,PUBLIC_PREDISPATCHIS_202609232100_20260923203138.zip
2026-09-23 21:00:00,2026092334,1,VIC1,44,135.9,0,6246.61,0,PUBLIC_PREDISPATCHIS_202609232100_20260923203138.zip
2026-09-23 21:00:00,2026092334,1,VIC1,45,160.23958,0,6367.19,0,PUBLIC_PREDISPATCHIS_202609232100_20260923203138.zip
2026-09-23 21:00:00,2026092334,1,VIC1,46,142.65392,0,6260.55,0,PUBLIC_PREDISPATCHIS_202609232100_20260923203138.zip
2026-09-23 21:00:00,2026092334,1,VIC1,47,160.22858,0,6079.18,0,PUBLIC_PREDISPATCHIS_202609232100_20260923203138.zip
2026-09-23 21:00:00,2026092334,1,VIC1,48,161.40518,0,5956.12,0,PUBLIC_PREDISPATCHIS_202609232100_20260923203138.zip
2026-09-23 21:00:00,2026092334,1,VIC1,49,147.36533,0,5830.41,0,PUBLIC_PREDISPATCHIS_202609232100_20260923203138.zip
2026-09-23 21:00:00,2026092334,1,VIC1,50,114.38665,0,5665.18,0,PUBLIC_PREDISPATCHIS_202609232100_20260923203138.zip
2026-09-23 21:00:00,2026092334,1,VIC1,51,105.55621,0,5478.73,0,PUBLIC_PREDISPATCHIS_202609232100_20260923203138.zip
2026-09-23 21:00:00,2026092334,1,VIC1,52,103.65933,0,5317.41,0,PUBLIC_PREDISPATCHIS_202609232100_20260923203138.zip
2026-09-23 21:00:00,2026092334,1,VIC1,53,99.90423,0,5176.97,0,PUBLIC_PREDISPATCHIS_202609232100_20260923203138.zip
2026-09-23 21:00:00,2026092334,1,VIC1,54,96.08545,0,5162.68,0,PUBLIC_PREDISPATCHIS_202609232100_20260923203138.zip
2026-09-23 21:00:00,2026092334,1,VIC1,55,79.39853,0,5068.98,0,PUBLIC_PREDISPATCHIS_202609232100_20260923203138.zip
2026-09-23 21:00:00,2026092334,1,VIC1,56,81.42202,0,4932.37,0,PUBLIC_PREDISPATCHIS_202609232100_20260923203138.zip
2026-09-23 21:00:00,2026092334,1,VIC1,57,29.68688,0,4755.42,0,PUBLIC_PREDISPATCHIS_202609232100_20260923203138.zip
2026-09-23 21:00:00,2026092334,1,VIC1,58,59.3131,0,4616.34,0,PUBLIC_PREDISPATCHIS_202609232100_20260923203138.zip
2026-09-23 21:00:00,2026092334,1,VIC1,59,29.63555,0,4483.68,0,PUBLIC_PREDISPATCHIS_202609232100_20260923203138.zip
2026-09-23 21:00:00,2026092334,1,VIC1,60,76.90606,0,4375.44,0,PUBLIC_PREDISPATCHIS_202609232100_20260923203138.zip
2026-09-23 21:00:00,2026092334,1,VIC1,61,76.44886,0,4275.41,0,PUBLIC_PREDISPATCHIS_202609232100_20260923203138.zip
2026-09-23 21:00:00,2026092334,1,VIC1,62,78.23972,0,4218.13,0,PUBLIC_PREDISPATCHIS_202609232100_20260923203138.zip
2026-09-23 21:00:00,2026092334,1,VIC1,63,22.02,0,4188.45,0,PUBLIC_PREDISPATCHIS_202609232100_20260923203138.zip
2026-09-23 21:30:00,2026092335,1,NSW1,01,112.20051,0,8152.85,0,PUBLIC_PREDISPATCHIS_202609232130_20260923210153.zip
2026-09-23 21:30:00,2026092335,1,NSW1,02,112.98,0,7972.87,0,PUBLIC_PREDISPATCHIS_202609232130_20260923210153.zip
2026-09-23 21:30:00,2026092335,1,NSW1,03,112.98,0,7908.03,0,PUBLIC_PREDISPATCHIS_202609232130_20260923210153.zip
2026-09-23 21:30:00,2026092335,1,NSW1,04,97.9803,0,7772.97,0,PUBLIC_PREDISPATCHIS_202609232130_20260923210153.zip
2026-09-23 21:30:00,2026092335,1,NSW1,05,99.134,0,7641.67,0,PUBLIC_PREDISPATCHIS_202609232130_20260923210153.zip
2026-09-23 21:30:00,2026092335,1,NSW1,06,97.63005,0,7497.97,0,PUBLIC_PREDISPATCHIS_202609232130_20260923210153.zip
2026-09-23 21:30:00,2026092335,1,NSW1,07,97.63005,0,7381.21,0,PUBLIC_PREDISPATCHIS_202609232130_20260923210153.zip
2026-09-23 21:30:00,2026092335,1,NSW1,08,96.99,0,7264.86,0,PUBLIC_PREDISPATCHIS_202609232130_20260923210153.zip
2026-09-23 21:30:00,2026092335,1,NSW1,09,96.99,0,7108.61,0,PUBLIC_PREDISPATCHIS_202609232130_20260923210153.zip
2026-09-23 21:30:00,2026092335,1,NSW1,10,92.74956,0,6928.6,0,PUBLIC_PREDISPATCHIS_202609232130_20260923210153.zip
2026-09-23 21:30:00,2026092335,1,NSW1,11,90.0,0,6790.0,0,PUBLIC_PREDISPATCHIS_202609232130_20260923210153.zip
2026-09-23 21:30:00,2026092335,1,NSW1,12,83.99,0,6673.22,0,PUBLIC_PREDISPATCHIS_202609232130_20260923210153.zip
2026-09-23 21:30:00,2026092335,1,NSW1,13,82.1741,0,6626.23,0,PUBLIC_PREDISPATCHIS_202609232130_20260923210153.zip
2026-09-23 21:30:00,2026092335,1,NSW1,14,81.10911,0,6584.95,0,PUBLIC_PREDISPATCHIS_202609232130_20260923210153.zip
2026-09-23 21:30:00,2026092335,1,NSW1,15,77.27734,0,6624.95,0,PUBLIC_PREDISPATCHIS_202609232130_20260923210153.zip
2026-09-23 21:30:00,2026092335,1,NSW1,16,78.41193,0,6721.71,0,PUBLIC_PREDISPATCHIS_202609232130_20260923210153.zip
2026-09-23 21:30:00,2026092335,1,NSW1,17,83.99,0,6920.25,0,PUBLIC_PREDISPATCHIS_202609232130_20260923210153.zip
2026-09-23 21:30:00,2026092335,1,NSW1,18,86.00473,0,7162.9,0,PUBLIC_PREDISPATCHIS_202609232130_20260923210153.zip
2026-09-23 21:30:00,2026092335,1,NSW1,19,90.83945,0,7326.81,0,PUBLIC_PREDISPATCHIS_202609232130_20260923210153.zip
2026-09-23 21:30:00,2026092335,1,NSW1,20,70.17013,0,7343.11,0,PUBLIC_PREDISPATCHIS_202609232130_20260923210153.zip
2026-09-23 21:30:00,2026092335,1,NSW1,21,48.84007,0,7193.64,0,PUBLIC_PREDISPATCHIS_202609232130_20260923210153.zip
2026-09-23 21:30:00,2026092335,1,NSW1,22,47.80032,0,6932.25,0,PUBLIC_PREDISPATCHIS_202609232130_20260923210153.zip
2026-09-23 21:30:00,2026092335,1,NSW1,23,46.45,0,6586.79,0,PUBLIC_PREDISPATCHIS_202609232130_20260923210153.zip
2026-09-23 21:30:00,2026092335,1,NSW1,24,46.3711,0,6132.64,0,PUBLIC_PREDISPATCHIS_202609232130_20260923210153.zip
2026-09-23 21:30:00,2026092335,1,NSW1,25,15.15338,0,5827.03,0,PUBLIC_PREDISPATCHIS_202609232130_20260923210153.zip
2026-09-23 21:30:00,2026092335,1,NSW1,26,16.50878,0,5612.09,0,PUBLIC_PREDISPATCHIS_202609232130_20260923210153.zip
2026-09-23 21:30:00,2026092335,1,NSW1,27,34.26946,0,5450.42,0,PUBLIC_PREDISPATCHIS_202609232130_20260923210153.zip
2026-09-23 21:30:00,2026092335,1,NSW1,28,42.94,0,5277.2,0,PUBLIC_PREDISPATCHIS_202609232130_20260923210153.zip
2026-09-23 21:30:00,2026092335,1,NSW1,29,55.39705,0,5078.1,0,PUBLIC_PREDISPATCHIS_202609232130_20260923210153.zip
2026-09-23 21:30:00,2026092335,1,NSW1,30,42.94,0,4909.89,0,PUBLIC_PREDISPATCHIS_202609232130_20260923210153.zip
2026-09-23 21:30:00,2026092335,1,NSW1,31,24.98999,0,4778.63,0,PUBLIC_PREDISPATCHIS_202609232130_20260923210153.zip
2026-09-23 21:30:00,2026092335,1,NSW1,32,25.11318,0,4816.35,0,PUBLIC_PREDISPATCHIS_202609232130_20260923210153.zip
2026-09-23 21:30:00,2026092335,1,NSW1,33,42.54,0,4927.8,0,PUBLIC_PREDISPATCHIS_202609232130_20260923210153.zip
2026-09-23 21:30:00,2026092335,1,NSW1,34,35.08121,0,5115.06,0,PUBLIC_PREDISPATCHIS_202609232130_20260923210153.zip
2026-09-23 21:30:00,2026092335,1,NSW1,35,24.99028,0,5363.54,0,PUBLIC_PREDISPATCHIS_202609232130_20260923210153.zip
2026-09-23 21:30:00,2026092335,1,NSW1,36,24.99028,0,5776.48,0,PUBLIC_PREDISPATCHIS_202609232130_20260923210153.zip
2026-09-23 21:30:00,2026092335,1,NSW1,37,42.54,0,6239.34,0,PUBLIC_PREDISPATCHIS_202609232130_20260923210153.zip
2026-09-23 21:30:00,2026092335,1,NSW1,38,42.54,0,6843.64,0,PUBLIC_PREDISPATCHIS_202609232130_20260923210153.zip
2026-09-23 21:30:00,2026092335,1,NSW1,39,82.25206,0,7408.93,0,PUBLIC_PREDISPATCHIS_202609232130_20260923210153.zip
2026-09-23 21:30:00,2026092335,1,NSW1,40,88.88,0,7974.02,0,PUBLIC_PREDISPATCHIS_202609232130_20260923210153.zip
2026-09-23 21:30:00,2026092335,1,NSW1,41,119.42102,0,8322.33,0,PUBLIC_PREDISPATCHIS_202609232130_20260923210153.zip
2026-09-23 21:30:00,2026092335,1,NSW1,42,134.85047,0,8679.56,0,PUBLIC_PREDISPATCHIS_202609232130_20260923210153.zip
2026-09-23 21:30:00,2026092335,1,NSW1,43,169.5,0,8858.99,0,PUBLIC_PREDISPATCHIS_202609232130_20260923210153.zip
2026-09-23 21:30:00,2026092335,1,NSW1,44,144.34577,0,8880.37,0,PUBLIC_PREDISPATCHIS_202609232130_20260923210153.zip
2026-09-23 21:30:00,2026092335,1,NSW1,45,167.5,0,8733.85,0,PUBLIC_PREDISPATCHIS_202609232130_20260923210153.zip
2026-09-23 21:30:00,2026092335,1,NSW1,46,167.5,0,8558.86,0,PUBLIC_PREDISPATCHIS_202609232130_20260923210153.zip
2026-09-23 21:30:00,2026092335,1,NSW1,47,149.14184,0,8408.89,0,PUBLIC_PREDISPATCHIS_202609232130_20260923210153.zip
2026-09-23 21:30:00,2026092335,1,NSW1,48,143.50043,0,8260.23,0,PUBLIC_PREDISPATCHIS_202609232130_20260923210153.zip
2026-09-23 21:30:00,2026092335,1,NSW1,49,132.47011,0,8095.17,0,PUBLIC_PREDISPATCHIS_202609232130_20260923210153.zip
2026-09-23 21:30:00,2026092335,1,NSW1,50,113.23773,0,7895.89,0,PUBLIC_PREDISPATCHIS_202609232130_20260923210153.zip
2026-09-23 21:30:00,2026092335,1,NSW1,51,119.00184,0,7789.46,0,PUBLIC_PREDISPATCHIS_202609232130_20260923210153.zip
2026-09-23 21:30:00,2026092335,1,NSW1,52,116.32243,0,7670.67,0,PUBLIC_PREDISPATCHIS_202609232130_20260923210153.zip
2026-09-23 21:30:00,2026092335,1,NSW1,53,111.03567,0,7524.12,0,PUBLIC_PREDISPATCHIS_202609232130_20260923210153.zip
2026-09-23 21:30:00,2026092335,1,NSW1,54,90.0,0,7363.91,0,PUBLIC_PREDISPATCHIS_202609232130_20260923210153.zip
2026-09-23 21:30:00,2026092335,1,NSW1,55,91.42973,0,7235.8,0,PUBLIC_PREDISPATCHIS_202609232130_20260923210153.zip
2026-09-23 21:30:00,2026092335,1,NSW1,56,93.36424,0,7085.33,0,PUBLIC_PREDISPATCHIS_202609232130_20260923210153.zip
2026-09-23 21:30:00,2026092335,1,NSW1,57,94.66264,0,6926.29,0,PUBLIC_PREDISPATCHIS_202609232130_20260923210153.zip
2026-09-23 21:30:00,2026092335,1,NSW1,58,94.12265,0,6745.15,0,PUBLIC_PREDISPATCHIS_202609232130_20260923210153.zip
2026-09-23 21:30:00,2026092335,1,NSW1,59,94.16091,0,6604.67,0,PUBLIC_PREDISPATCHIS_202609232130_20260923210153.zip
2026-09-23 21:30:00,2026092335,1,NSW1,60,88.88,0,6487.71,0,PUBLIC_PREDISPATCHIS_202609232130_20260923210153.zip
2026-09-23 21:30:00,2026092335,1,NSW1,61,88.88,0,6431.46,0,PUBLIC_PREDISPATCHIS_202609232130_20260923210153.zip
2026-09-23 21:30:00,2026092335,1,NSW1,62,83.99,0,6388.21,0,PUBLIC_PREDISPATCHIS_202609232130_20260923210153.zip
2026-09-23 21:30:00,2026092335,1,QLD1,01,96.72528,0,6738.13,0,PUBLIC_PREDISPATCHIS_202609232130_20260923210153.zip
2026-09-23 21:30:00,2026092335,1,QLD1,02,99.68,0,6593.07,0,PUBLIC_PREDISPATCHIS_202609232130_20260923210153.zip
2026-09-23 21:30:00,2026092335,1,QLD1,03,99.68,0,6400.98,0,PUBLIC_PREDISPATCHIS_202609232130_20260923210153.zip
2026-09-23 21:30:00,2026092335,1,QLD1,04,85.47229,0,6189.26,0,PUBLIC_PREDISPATCHIS_202609232130_20260923210153.zip
2026-09-23 21:30:00,2026092335,1,QLD1,05,85.21437,0,6022.6,0,PUBLIC_PREDISPATCHIS_202609232130_20260923210153.zip
2026-09-23 21:30:00,2026092335,1,QLD1,06,83.29431,0,5921.11,0,PUBLIC_PREDISPATCHIS_202609232130_20260923210153.zip
2026-09-23 21:30:00,2026092335,1,QLD1,07,82.75,0,5797.98,0,PUBLIC_PREDISPATCHIS_202609232130_20260923210153.zip
2026-09-23 21:30:00,2026092335,1,QLD1,08,81.97718,0,5670.69,0,PUBLIC_PREDISPATCHIS_202609232130_20260923210153.zip
2026-09-23 21:30:00,2026092335,1,QLD1,09,81.89736,0,5586.06,0,PUBLIC_PREDISPATCHIS_202609232130_20260923210153.zip
2026-09-23 21:30:00,2026092335,1,QLD1,10,79.28049,0,5541.1,0,PUBLIC_PREDISPATCHIS_202609232130_20260923210153.zip
2026-09-23 21:30:00,2026092335,1,QLD1,11,77.40269,0,5521.23,0,PUBLIC_PREDISPATCHIS_202609232130_20260923210153.zip
2026-09-23 21:30:00,2026092335,1,QLD1,12,73.15843,0,5520.83,0,PUBLIC_PREDISPATCHIS_202609232130_20260923210153.zip
2026-09-23 21:30:00,2026092335,1,QLD1,13,72.5,0,5532.24,0,PUBLIC_PREDISPATCHIS_202609232130_20260923210153.zip
2026-09-23 21:30:00,2026092335,1,QLD1,14,72.5,0,5560.57,0,PUBLIC_PREDISPATCHIS_202609232130_20260923210153.zip
2026-09-23 21:30:00,2026092335,1,QLD1,15,71.82006,0,5625.63,0,PUBLIC_PREDISPATCHIS_202609232130_20260923210153.zip
2026-09-23 21:30:00,2026092335,1,QLD1,16,72.5,0,5734.05,0,PUBLIC_PREDISPATCHIS_202609232130_20260923210153.zip
2026-09-23 21:30:00,2026092335,1,QLD1,17,78.29535,0,5880.89,0,PUBLIC_PREDISPATCHIS_202609232130_20260923210153.zip
2026-09-23 21:30:00,2026092335,1,QLD1,18,79.28049,0,6013.85,0,PUBLIC_PREDISPATCHIS_202609232130_20260923210153.zip
2026-09-23 21:30:00,2026092335,1,QLD1,19,82.75,0,6087.78,0,PUBLIC_PREDISPATCHIS_202609232130_20260923210153.zip
2026-09-23 21:30:00,2026092335,1,QLD1,20,64.28526,0,6032.24,0,PUBLIC_PREDISPATCHIS_202609232130_20260923210153.zip
2026-09-23 21:30:00,2026092335,1,QLD1,21,45.82,0,5892.32,0,PUBLIC_PREDISPATCHIS_202609232130_20260923210153.zip
2026-09-23 21:30:00,2026092335,1,QLD1,22,45.82,0,5575.67,0,PUBLIC_PREDISPATCHIS_202609232130_20260923210153.zip
2026-09-23 21:30:00,2026092335,1,QLD1,23,42.68394,0,5262.0,0,PUBLIC_PREDISPATCHIS_202609232130_20260923210153.zip
2026-09-23 21:30:00,2026092335,1,QLD1,24,43.01,0,4967.1,0,PUBLIC_PREDISPATCHIS_202609232130_20260923210153.zip
2026-09-23 21:30:00,2026092335,1,QLD1,25,14.94,0,4734.05,0,PUBLIC_PREDISPATCHIS_202609232130_20260923210153.zip
2026-09-23 21:30:00,2026092335,1,QLD1,26,14.94,0,4531.46,0,PUBLIC_PREDISPATCHIS_202609232130_20260923210153.zip
2026-09-23 21:30:00,2026092335,1,QLD1,27,31.15,0,4358.66,0,PUBLIC_PREDISPATCHIS_202609232130_20260923210153.zip
2026-09-23 21:30:00,2026092335,1,QLD1,28,26.75,0,4238.81,0,PUBLIC_PREDISPATCHIS_202609232130_20260923210153.zip
2026-09-23 21:30:00,2026092335,1,QLD1,29,26.47412,0,4264.45,0,PUBLIC_PREDISPATCHIS_202609232130_20260923210153.zip
2026-09-23 21:30:00,2026092335,1,QLD1,30,26.47412,0,4273.94,0,PUBLIC_PREDISPATCHIS_202609232130_20260923210153.zip
2026-09-23 21:30:00,2026092335,1,QLD1,31,22.29855,0,4320.06,0,PUBLIC_PREDISPATCHIS_202609232130_20260923210153.zip
2026-09-23 21:30:00,2026092335,1,QLD1,32,22.96971,0,4308.48,0,PUBLIC_PREDISPATCHIS_202609232130_20260923210153.zip
2026-09-23 21:30:00,2026092335,1,QLD1,33,37.48053,0,4380.38,0,PUBLIC_PREDISPATCHIS_202609232130_20260923210153.zip
2026-09-23 21:30:00,2026092335,1,QLD1,34,31.15,0,4486.37,0,PUBLIC_PREDISPATCHIS_202609232130_20260923210153.zip
2026-09-23 21:30:00,2026092335,1,QLD1,35,22.96961,0,4709.22,0,PUBLIC_PREDISPATCHIS_202609232130_20260923210153.zip
2026-09-23 21:30:00,2026092335,1,QLD1,36,23.95049,0,5009.65,0,PUBLIC_PREDISPATCHIS_202609232130_20260923210153.zip
2026-09-23 21:30:00,2026092335,1,QLD1,37,39.67943,0,5408.9,0,PUBLIC_PREDISPATCHIS_202609232130_20260923210153.zip
2026-09-23 21:30:00,2026092335,1,QLD1,38,40.66712,0,5850.37,0,PUBLIC_PREDISPATCHIS_202609232130_20260923210153.zip
2026-09-23 21:30:00,2026092335,1,QLD1,39,80.6212,0,6322.72,0,PUBLIC_PREDISPATCHIS_202609232130_20260923210153.zip
2026-09-23 21:30:00,2026092335,1,QLD1,40,85.39,0,6798.47,0,PUBLIC_PREDISPATCHIS_202609232130_20260923210153.zip
2026-09-23 21:30:00,2026092335,1,QLD1,41,114.5,0,7127.93,0,PUBLIC_PREDISPATCHIS_202609232130_20260923210153.zip
2026-09-23 21:30:00,2026092335,1,QLD1,42,128.11,0,7420.43,0,PUBLIC_PREDISPATCHIS_202609232130_20260923210153.zip
2026-09-23 21:30:00,2026092335,1,QLD1,43,157.21548,0,7547.91,0,PUBLIC_PREDISPATCHIS_202609232130_20260923210153.zip
2026-09-23 21:30:00,2026092335,1,QLD1,44,130.69,0,7516.05,0,PUBLIC_PREDISPATCHIS_202609232130_20260923210153.zip
2026-09-23 21:30:00,2026092335,1,QLD1,45,145.17355,0,7362.85,0,PUBLIC_PREDISPATCHIS_202609232130_20260923210153.zip
2026-09-23 21:30:00,2026092335,1,QLD1,46,149.87682,0,7191.84,0,PUBLIC_PREDISPATCHIS_202609232130_20260923210153.zip
2026-09-23 21:30:00,2026092335,1,QLD1,47,130.69,0,7056.09,0,PUBLIC_PREDISPATCHIS_202609232130_20260923210153.zip
2026-09-23 21:30:00,2026092335,1,QLD1,48,128.1,0,7059.48,0,PUBLIC_PREDISPATCHIS_202609232130_20260923210153.zip
2026-09-23 21:30:00,2026092335,1,QLD1,49,117.69,0,6964.54,0,PUBLIC_PREDISPATCHIS_202609232130_20260923210153.zip
2026-09-23 21:30:00,2026092335,1,QLD1,50,100.82544,0,6790.62,0,PUBLIC_PREDISPATCHIS_202609232130_20260923210153.zip
2026-09-23 21:30:00,2026092335,1,QLD1,51,109.75,0,6555.36,0,PUBLIC_PREDISPATCHIS_202609232130_20260923210153.zip
2026-09-23 21:30:00,2026092335,1,QLD1,52,109.75,0,6351.28,0,PUBLIC_PREDISPATCHIS_202609232130_20260923210153.zip
2026-09-23 21:30:00,2026092335,1,QLD1,53,105.88023,0,6183.45,0,PUBLIC_PREDISPATCHIS_202609232130_20260923210153.zip
2026-09-23 21:30:00,2026092335,1,QLD1,54,85.25,0,6065.55,0,PUBLIC_PREDISPATCHIS_202609232130_20260923210153.zip
2026-09-23 21:30:00,2026092335,1,QLD1,55,85.25,0,5919.71,0,PUBLIC_PREDISPATCHIS_202609232130_20260923210153.zip
2026-09-23 21:30:00,2026092335,1,QLD1,56,85.25,0,5770.13,0,PUBLIC_PREDISPATCHIS_202609232130_20260923210153.zip
2026-09-23 21:30:00,2026092335,1,QLD1,57,85.25,0,5674.71,0,PUBLIC_PREDISPATCHIS_202609232130_20260923210153.zip
2026-09-23 21:30:00,2026092335,1,QLD1,58,85.25,0,5610.28,0,PUBLIC_PREDISPATCHIS_202609232130_20260923210153.zip
2026-09-23 21:30:00,2026092335,1,QLD1,59,85.25,0,5574.48,0,PUBLIC_PREDISPATCHIS_202609232130_20260923210153.zip
2026-09-23 21:30:00,2026092335,1,QLD1,60,80.4642,0,5561.87,0,PUBLIC_PREDISPATCHIS_202609232130_20260923210153.zip
2026-09-23 21:30:00,2026092335,1,QLD1,61,80.4687,0,5564.03,0,PUBLIC_PREDISPATCHIS_202609232130_20260923210153.zip
2026-09-23 21:30:00,2026092335,1,QLD1,62,76.06096,0,5581.45,0,PUBLIC_PREDISPATCHIS_202609232130_20260923210153.zip
2026-09-23 21:30:00,2026092335,1,SA1,01,105.7704,0,1480.8,0,PUBLIC_PREDISPATCHIS_202609232130_20260923210153.zip
2026-09-23 21:30:00,2026092335,1,SA1,02,106.40563,0,1452.99,0,PUBLIC_PREDISPATCHIS_202609232130_20260923210153.zip
2026-09-23 21:30:00,2026092335,1,SA1,03,101.32837,0,1411.15,0,PUBLIC_PREDISPATCHIS_202609232130_20260923210153.zip
2026-09-23 21:30:00,2026092335,1,SA1,04,94.20575,0,1374.27,0,PUBLIC_PREDISPATCHIS_202609232130_20260923210153.zip
2026-09-23 21:30:00,2026092335,1,SA1,05,93.31107,0,1353.37,0,PUBLIC_PREDISPATCHIS_202609232130_20260923210153.zip
2026-09-23 21:30:00,2026092335,1,SA1,06,90.59423,0,1363.16,0,PUBLIC_PREDISPATCHIS_202609232130_20260923210153.zip
2026-09-23 21:30:00,2026092335,1,SA1,07,95.52608,0,1388.05,0,PUBLIC_PREDISPATCHIS_202609232130_20260923210153.zip
2026-09-23 21:30:00,2026092335,1,SA1,08,96.2948,0,1412.06,0,PUBLIC_PREDISPATCHIS_202609232130_20260923210153.zip
2026-09-23 21:30:00,2026092335,1,SA1,09,94.96563,0,1396.14,0,PUBLIC_PREDISPATCHIS_202609232130_20260923210153.zip
2026-09-23 21:30:00,2026092335,1,SA1,10,88.68464,0,1380.71,0,PUBLIC_PREDISPATCHIS_202609232130_20260923210153.zip
2026-09-23 21:30:00,2026092335,1,SA1,11,84.05388,0,1357.09,0,PUBLIC_PREDISPATCHIS_202609232130_20260923210153.zip
2026-09-23 21:30:00,2026092335,1,SA1,12,75.77874,0,1333.82,0,PUBLIC_PREDISPATCHIS_202609232130_20260923210153.zip
2026-09-23 21:30:00,2026092335,1,SA1,13,71.43014,0,1311.96,0,PUBLIC_PREDISPATCHIS_202609232130_20260923210153.zip
2026-09-23 21:30:00,2026092335,1,SA1,14,68.74431,0,1293.21,0,PUBLIC_PREDISPATCHIS_202609232130_20260923210153.zip
2026-09-23 21:30:00,2026092335,1,SA1,15,64.34109,0,1278.16,0,PUBLIC_PREDISPATCHIS_202609232130_20260923210153.zip
2026-09-23 21:30:00,2026092335,1,SA1,16,51.11797,0,1278.92,0,PUBLIC_PREDISPATCHIS_202609232130_20260923210153.zip
2026-09-23 21:30:00,2026092335,1,SA1,17,69.29531,0,1281.52,0,PUBLIC_PREDISPATCHIS_202609232130_20260923210153.zip
2026-09-23 21:30:00,2026092335,1,SA1,18,72.82391,0,1312.01,0,PUBLIC_PREDISPATCHIS_202609232130_20260923210153.zip
2026-09-23 21:30:00,2026092335,1,SA1,19,79.81571,0,1347.11,0,PUBLIC_PREDISPATCHIS_202609232130_20260923210153.zip
2026-09-23 21:30:00,2026092335,1,SA1,20,31.96331,0,1389.48,0,PUBLIC_PREDISPATCHIS_202609232130_20260923210153.zip
2026-09-23 21:30:00,2026092335,1,SA1,21,10.22183,0,1380.13,0,PUBLIC_PREDISPATCHIS_202609232130_20260923210153.zip
2026-09-23 21:30:00,2026092335,1,SA1,22,3.75466,0,1353.67,0,PUBLIC_PREDISPATCHIS_202609232130_20260923210153.zip
2026-09-23 21:30:00,2026092335,1,SA1,23,9.08562,0,1294.2,0,PUBLIC_PREDISPATCHIS_202609232130_20260923210153.zip
2026-09-23 21:30:00,2026092335,1,SA1,24,-0.56673,0,1221.42,0,PUBLIC_PREDISPATCHIS_202609232130_20260923210153.zip
2026-09-23 21:30:00,2026092335,1,SA1,25,-0.56733,0,1116.59,0,PUBLIC_PREDISPATCHIS_202609232130_20260923210153.zip
2026-09-23 21:30:00,2026092335,1,SA1,26,-5.22,0,1009.83,0,PUBLIC_PREDISPATCHIS_202609232130_20260923210153.zip
2026-09-23 21:30:00,2026092335,1,SA1,27,-7.14,0,941.16,0,PUBLIC_PREDISPATCHIS_202609232130_20260923210153.zip
2026-09-23 21:30:00,2026092335,1,SA1,28,-7.25,0,914.61,0,PUBLIC_PREDISPATCHIS_202609232130_20260923210153.zip
2026-09-23 21:30:00,2026092335,1,SA1,29,-5.18124,0,859.75,0,PUBLIC_PREDISPATCHIS_202609232130_20260923210153.zip
2026-09-23 21:30:00,2026092335,1,SA1,30,-7.1,0,850.94,0,PUBLIC_PREDISPATCHIS_202609232130_20260923210153.zip
2026-09-23 21:30:00,2026092335,1,SA1,31,-12.41435,0,817.59,0,PUBLIC_PREDISPATCHIS_202609232130_20260923210153.zip
2026-09-23 21:30:00,2026092335,1,SA1,32,-7.1,0,785.73,0,PUBLIC_PREDISPATCHIS_202609232130_20260923210153.zip
2026-09-23 21:30:00,2026092335,1,SA1,33,-7.15,0,748.37,0,PUBLIC_PREDISPATCHIS_202609232130_20260923210153.zip
2026-09-23 21:30:00,2026092335,1,SA1,34,-7.72083,0,720.05,0,PUBLIC_PREDISPATCHIS_202609232130_20260923210153.zip
2026-09-23 21:30:00,2026092335,1,SA1,35,-5.0,0,748.53,0,PUBLIC_PREDISPATCHIS_202609232130_20260923210153.zip
2026-09-23 21:30:00,2026092335,1,SA1,36,0.00922,0,792.42,0,PUBLIC_PREDISPATCHIS_202609232130_20260923210153.zip
2026-09-23 21:30:00,2026092335,1,SA1,37,9.96666,0,846.96,0,PUBLIC_PREDISPATCHIS_202609232130_20260923210153.zip
2026-09-23 21:30:00,2026092335,1,SA1,38,15.61566,0,922.23,0,PUBLIC_PREDISPATCHIS_202609232130_20260923210153.zip
2026-09-23 21:30:00,2026092335,1,SA1,39,27.78049,0,1017.39,0,PUBLIC_PREDISPATCHIS_202609232130_20260923210153.zip
2026-09-23 21:30:00,2026092335,1,SA1,40,83.69706,0,1137.63,0,PUBLIC_PREDISPATCHIS_202609232130_20260923210153.zip
2026-09-23 21:30:00,2026092335,1,SA1,41,105.1161,0,1284.83,0,PUBLIC_PREDISPATCHIS_202609232130_20260923210153.zip
2026-09-23 21:30:00,2026092335,1,SA1,42,110.63531,0,1420.28,0,PUBLIC_PREDISPATCHIS_202609232130_20260923210153.zip
2026-09-23 21:30:00,2026092335,1,SA1,43,140.30819,0,1511.12,0,PUBLIC_PREDISPATCHIS_202609232130_20260923210153.zip
2026-09-23 21:30:00,2026092335,1,SA1,44,135.04,0,1566.05,0,PUBLIC_PREDISPATCHIS_202609232130_20260923210153.zip
2026-09-23 21:30:00,2026092335,1,SA1,45,164.05769,0,1589.27,0,PUBLIC_PREDISPATCHIS_202609232130_20260923210153.zip
2026-09-23 21:30:00,2026092335,1,SA1,46,151.98674,0,1571.26,0,PUBLIC_PREDISPATCHIS_202609232130_20260923210153.zip
2026-09-23 21:30:00,2026092335,1,SA1,47,143.5866,0,1554.67,0,PUBLIC_PREDISPATCHIS_202609232130_20260923210153.zip
2026-09-23 21:30:00,2026092335,1,SA1,48,133.68545,0,1530.26,0,PUBLIC_PREDISPATCHIS_202609232130_20260923210153.zip
2026-09-23 21:30:00,2026092335,1,SA1,49,115.65545,0,1497.16,0,PUBLIC_PREDISPATCHIS_202609232130_20260923210153.zip
2026-09-23 21:30:00,2026092335,1,SA1,50,101.02,0,1462.43,0,PUBLIC_PREDISPATCHIS_202609232130_20260923210153.zip
2026-09-23 21:30:00,2026092335,1,SA1,51,101.04,0,1422.21,0,PUBLIC_PREDISPATCHIS_202609232130_20260923210153.zip
2026-09-23 21:30:00,2026092335,1,SA1,52,101.02,0,1385.58,0,PUBLIC_PREDISPATCHIS_202609232130_20260923210153.zip
2026-09-23 21:30:00,2026092335,1,SA1,53,97.93136,0,1361.31,0,PUBLIC_PREDISPATCHIS_202609232130_20260923210153.zip
2026-09-23 21:30:00,2026092335,1,SA1,54,83.06366,0,1365.97,0,PUBLIC_PREDISPATCHIS_202609232130_20260923210153.zip
2026-09-23 21:30:00,2026092335,1,SA1,55,90.33738,0,1397.22,0,PUBLIC_PREDISPATCHIS_202609232130_20260923210153.zip
2026-09-23 21:30:00,2026092335,1,SA1,56,67.36353,0,1404.45,0,PUBLIC_PREDISPATCHIS_202609232130_20260923210153.zip
2026-09-23 21:30:00,2026092335,1,SA1,57,89.10953,0,1384.15,0,PUBLIC_PREDISPATCHIS_202609232130_20260923210153.zip
2026-09-23 21:30:00,2026092335,1,SA1,58,80.0,0,1367.59,0,PUBLIC_PREDISPATCHIS_202609232130_20260923210153.zip
2026-09-23 21:30:00,2026092335,1,SA1,59,103.45,0,1341.24,0,PUBLIC_PREDISPATCHIS_202609232130_20260923210153.zip
2026-09-23 21:30:00,2026092335,1,SA1,60,82.44238,0,1310.41,0,PUBLIC_PREDISPATCHIS_202609232130_20260923210153.zip
2026-09-23 21:30:00,2026092335,1,SA1,61,144.41,0,1295.67,0,PUBLIC_PREDISPATCHIS_202609232130_20260923210153.zip
2026-09-23 21:30:00,2026092335,1,SA1,62,55.27,0,1265.07,0,PUBLIC_PREDISPATCHIS_202609232130_20260923210153.zip
2026-09-23 21:30:00,2026092335,1,TAS1,01,102.95315,0,1191.0,0,PUBLIC_PREDISPATCHIS_202609232130_20260923210153.zip
2026-09-23 21:30:00,2026092335,1,TAS1,02,104.494,0,1161.0,0,PUBLIC_PREDISPATCHIS_202609232130_20260923210153.zip
2026-09-23 21:30:00,2026092335,1,TAS1,03,100.11942,0,1127.0,0,PUBLIC_PREDISPATCHIS_202609232130_20260923210153.zip
2026-09-23 21:30:00,2026092335,1,TAS1,04,88.22,0,1088.0,0,PUBLIC_PREDISPATCHIS_202609232130_20260923210153.zip
2026-09-23 21:30:00,2026092335,1,TAS1,05,88.22,0,1058.0,0,PUBLIC_PREDISPATCHIS_202609232130_20260923210153.zip
2026-09-23 21:30:00,2026092335,1,TAS1,06,88.2,0,1033.0,0,PUBLIC_PREDISPATCHIS_202609232130_20260923210153.zip
2026-09-23 21:30:00,2026092335,1,TAS1,07,88.22,0,1011.0,0,PUBLIC_PREDISPATCHIS_202609232130_20260923210153.zip
2026-09-23 21:30:00,2026092335,1,TAS1,08,88.22,0,994.0,0,PUBLIC_PREDISPATCHIS_202609232130_20260923210153.zip
2026-09-23 21:30:00,2026092335,1,TAS1,09,88.22,0,981.0,0,PUBLIC_PREDISPATCHIS_202609232130_20260923210153.zip
2026-09-23 21:30:00,2026092335,1,TAS1,10,86.58028,0,969.0,0,PUBLIC_PREDISPATCHIS_202609232130_20260923210153.zip
2026-09-23 21:30:00,2026092335,1,TAS1,11,81.30902,0,963.0,0,PUBLIC_PREDISPATCHIS_202609232130_20260923210153.zip
2026-09-23 21:30:00,2026092335,1,TAS1,12,73.45846,0,964.0,0,PUBLIC_PREDISPATCHIS_202609232130_20260923210153.zip
2026-09-23 21:30:00,2026092335,1,TAS1,13,70.16,0,966.0,0,PUBLIC_PREDISPATCHIS_202609232130_20260923210153.zip
2026-09-23 21:30:00,2026092335,1,TAS1,14,68.89367,0,967.0,0,PUBLIC_PREDISPATCHIS_202609232130_20260923210153.zip
2026-09-23 21:30:00,2026092335,1,TAS1,15,65.45561,0,978.0,0,PUBLIC_PREDISPATCHIS_202609232130_20260923210153.zip
2026-09-23 21:30:00,2026092335,1,TAS1,16,50.12,0,993.0,0,PUBLIC_PREDISPATCHIS_202609232130_20260923210153.zip
2026-09-23 21:30:00,2026092335,1,TAS1,17,72.13429,0,1022.0,0,PUBLIC_PREDISPATCHIS_202609232130_20260923210153.zip
2026-09-23 21:30:00,2026092335,1,TAS1,18,76.12,0,1062.0,0,PUBLIC_PREDISPATCHIS_202609232130_20260923210153.zip
2026-09-23 21:30:00,2026092335,1,TAS1,19,83.52713,0,1121.0,0,PUBLIC_PREDISPATCHIS_202609232130_20260923210153.zip
2026-09-23 21:30:00,2026092335,1,TAS1,20,35.21473,0,1165.0,0,PUBLIC_PREDISPATCHIS_202609232130_20260923210153.zip
2026-09-23 21:30:00,2026092335,1,TAS1,21,11.75904,0,1174.0,0,PUBLIC_PREDISPATCHIS_202609232130_20260923210153.zip
2026-09-23 21:30:00,2026092335,1,TAS1,22,4.55901,0,1161.0,0,PUBLIC_PREDISPATCHIS_202609232130_20260923210153.zip
2026-09-23 21:30:00,2026092335,1,TAS1,23,9.38815,0,1117.0,0,PUBLIC_PREDISPATCHIS_202609232130_20260923210153.zip
2026-09-23 21:30:00,2026092335,1,TAS1,24,-0.58829,0,1063.0,0,PUBLIC_PREDISPATCHIS_202609232130_20260923210153.zip
2026-09-23 21:30:00,2026092335,1,TAS1,25,-0.58667,0,1008.0,0,PUBLIC_PREDISPATCHIS_202609232130_20260923210153.zip
2026-09-23 21:30:00,2026092335,1,TAS1,26,-5.15007,0,967.0,0,PUBLIC_PREDISPATCHIS_202609232130_20260923210153.zip
2026-09-23 21:30:00,2026092335,1,TAS1,27,-7.80036,0,930.0,0,PUBLIC_PREDISPATCHIS_202609232130_20260923210153.zip
2026-09-23 21:30:00,2026092335,1,TAS1,28,-8.36397,0,902.0,0,PUBLIC_PREDISPATCHIS_202609232130_20260923210153.zip
2026-09-23 21:30:00,2026092335,1,TAS1,29,-5.21162,0,878.0,0,PUBLIC_PREDISPATCHIS_202609232130_20260923210153.zip
2026-09-23 21:30:00,2026092335,1,TAS1,30,-8.31309,0,860.0,0,PUBLIC_PREDISPATCHIS_202609232130_20260923210153.zip
2026-09-23 21:30:00,2026092335,1,TAS1,31,-12.32322,0,842.0,0,PUBLIC_PREDISPATCHIS_202609232130_20260923210153.zip
2026-09-23 21:30:00,2026092335,1,TAS1,32,-8.31187,0,833.0,0,PUBLIC_PREDISPATCHIS_202609232130_20260923210153.zip
2026-09-23 21:30:00,2026092335,1,TAS1,33,-7.80222,0,841.0,0,PUBLIC_PREDISPATCHIS_202609232130_20260923210153.zip
2026-09-23 21:30:00,2026092335,1,TAS1,34,-7.84936,0,853.0,0,PUBLIC_PREDISPATCHIS_202609232130_20260923210153.zip
2026-09-23 21:30:00,2026092335,1,TAS1,35,-5.37584,0,873.0,0,PUBLIC_PREDISPATCHIS_202609232130_20260923210153.zip
2026-09-23 21:30:00,2026092335,1,TAS1,36,0.01044,0,891.0,0,PUBLIC_PREDISPATCHIS_202609232130_20260923210153.zip
2026-09-23 21:30:00,2026092335,1,TAS1,37,11.11551,0,912.0,0,PUBLIC_PREDISPATCHIS_202609232130_20260923210153.zip
2026-09-23 21:30:00,2026092335,1,TAS1,38,17.2626,0,943.0,0,PUBLIC_PREDISPATCHIS_202609232130_20260923210153.zip
2026-09-23 21:30:00,2026092335,1,TAS1,39,30.06,0,977.0,0,PUBLIC_PREDISPATCHIS_202609232130_20260923210153.zip
2026-09-23 21:30:00,2026092335,1,TAS1,40,88.2,0,1018.0,0,PUBLIC_PREDISPATCHIS_202609232130_20260923210153.zip
2026-09-23 21:30:00,2026092335,1,TAS1,41,99.12395,0,1068.0,0,PUBLIC_PREDISPATCHIS_202609232130_20260923210153.zip
2026-09-23 21:30:00,2026092335,1,TAS1,42,108.06467,0,1119.0,0,PUBLIC_PREDISPATCHIS_202609232130_20260923210153.zip
2026-09-23 21:30:00,2026092335,1,TAS1,43,132.99488,0,1155.0,0,PUBLIC_PREDISPATCHIS_202609232130_20260923210153.zip
2026-09-23 21:30:00,2026092335,1,TAS1,44,121.00678,0,1176.0,0,PUBLIC_PREDISPATCHIS_202609232130_20260923210153.zip
2026-09-23 21:30:00,2026092335,1,TAS1,45,145.92323,0,1170.0,0,PUBLIC_PREDISPATCHIS_202609232130_20260923210153.zip
2026-09-23 21:30:00,2026092335,1,TAS1,46,138.26066,0,1156.0,0,PUBLIC_PREDISPATCHIS_202609232130_20260923210153.zip
2026-09-23 21:30:00,2026092335,1,TAS1,47,128.04957,0,1140.0,0,PUBLIC_PREDISPATCHIS_202609232130_20260923210153.zip
2026-09-23 21:30:00,2026092335,1,TAS1,48,120.16,0,1108.0,0,PUBLIC_PREDISPATCHIS_202609232130_20260923210153.zip
2026-09-23 21:30:00,2026092335,1,TAS1,49,105.62077,0,1082.0,0,PUBLIC_PREDISPATCHIS_202609232130_20260923210153.zip
2026-09-23 21:30:00,2026092335,1,TAS1,50,89.45463,0,1064.0,0,PUBLIC_PREDISPATCHIS_202609232130_20260923210153.zip
2026-09-23 21:30:00,2026092335,1,TAS1,51,91.99581,0,1036.0,0,PUBLIC_PREDISPATCHIS_202609232130_20260923210153.zip
2026-09-23 21:30:00,2026092335,1,TAS1,52,89.76522,0,1005.0,0,PUBLIC_PREDISPATCHIS_202609232130_20260923210153.zip
2026-09-23 21:30:00,2026092335,1,TAS1,53,88.2,0,980.0,0,PUBLIC_PREDISPATCHIS_202609232130_20260923210153.zip
2026-09-23 21:30:00,2026092335,1,TAS1,54,76.09385,0,963.0,0,PUBLIC_PREDISPATCHIS_202609232130_20260923210153.zip
2026-09-23 21:30:00,2026092335,1,TAS1,55,78.18,0,949.0,0,PUBLIC_PREDISPATCHIS_202609232130_20260923210153.zip
2026-09-23 21:30:00,2026092335,1,TAS1,56,88.19,0,939.0,0,PUBLIC_PREDISPATCHIS_202609232130_20260923210153.zip
2026-09-23 21:30:00,2026092335,1,TAS1,57,81.15705,0,939.0,0,PUBLIC_PREDISPATCHIS_202609232130_20260923210153.zip
2026-09-23 21:30:00,2026092335,1,TAS1,58,71.85678,0,936.0,0,PUBLIC_PREDISPATCHIS_202609232130_20260923210153.zip
2026-09-23 21:30:00,2026092335,1,TAS1,59,81.48521,0,938.0,0,PUBLIC_PREDISPATCHIS_202609232130_20260923210153.zip
2026-09-23 21:30:00,2026092335,1,TAS1,60,76.06,0,946.0,0,PUBLIC_PREDISPATCHIS_202609232130_20260923210153.zip
2026-09-23 21:30:00,2026092335,1,TAS1,61,82.49541,0,955.0,0,PUBLIC_PREDISPATCHIS_202609232130_20260923210153.zip
2026-09-23 21:30:00,2026092335,1,TAS1,62,40.50644,0,961.0,0,PUBLIC_PREDISPATCHIS_202609232130_20260923210153.zip
2026-09-23 21:30:00,2026092335,1,VIC1,01,110.5,0,5951.5,0,PUBLIC_PREDISPATCHIS_202609232130_20260923210153.zip
2026-09-23 21:30:00,2026092335,1,VIC1,02,111.09657,0,5763.88,0,PUBLIC_PREDISPATCHIS_202609232130_20260923210153.zip
2026-09-23 21:30:00,2026092335,1,VIC1,03,106.42232,0,5585.95,0,PUBLIC_PREDISPATCHIS_202609232130_20260923210153.zip
2026-09-23 21:30:00,2026092335,1,VIC1,04,94.33645,0,5424.79,0,PUBLIC_PREDISPATCHIS_202609232130_20260923210153.zip
2026-09-23 21:30:00,2026092335,1,VIC1,05,94.63136,0,5400.41,0,PUBLIC_PREDISPATCHIS_202609232130_20260923210153.zip
2026-09-23 21:30:00,2026092335,1,VIC1,06,92.04065,0,5293.27,0,PUBLIC_PREDISPATCHIS_202609232130_20260923210153.zip
2026-09-23 21:30:00,2026092335,1,VIC1,07,94.84949,0,5153.86,0,PUBLIC_PREDISPATCHIS_202609232130_20260923210153.zip
2026-09-23 21:30:00,2026092335,1,VIC1,08,93.42583,0,4984.83,0,PUBLIC_PREDISPATCHIS_202609232130_20260923210153.zip
2026-09-23 21:30:00,2026092335,1,VIC1,09,93.11962,0,4828.47,0,PUBLIC_PREDISPATCHIS_202609232130_20260923210153.zip
2026-09-23 21:30:00,2026092335,1,VIC1,10,87.89506,0,4677.56,0,PUBLIC_PREDISPATCHIS_202609232130_20260923210153.zip
2026-09-23 21:30:00,2026092335,1,VIC1,11,82.5295,0,4569.04,0,PUBLIC_PREDISPATCHIS_202609232130_20260923210153.zip
2026-09-23 21:30:00,2026092335,1,VIC1,12,74.55029,0,4476.17,0,PUBLIC_PREDISPATCHIS_202609232130_20260923210153.zip
2026-09-23 21:30:00,2026092335,1,VIC1,13,71.16602,0,4426.78,0,PUBLIC_PREDISPATCHIS_202609232130_20260923210153.zip
2026-09-23 21:30:00,2026092335,1,VIC1,14,69.10453,0,4409.79,0,PUBLIC_PREDISPATCHIS_202609232130_20260923210153.zip
2026-09-23 21:30:00,2026092335,1,VIC1,15,65.2808,0,4438.71,0,PUBLIC_PREDISPATCHIS_202609232130_20260923210153.zip
2026-09-23 21:30:00,2026092335,1,VIC1,16,36.51853,0,4530.4,0,PUBLIC_PREDISPATCHIS_202609232130_20260923210153.zip
2026-09-23 21:30:00,2026092335,1,VIC1,17,71.5628,0,4775.72,0,PUBLIC_PREDISPATCHIS_202609232130_20260923210153.zip
2026-09-23 21:30:00,2026092335,1,VIC1,18,75.15088,0,5030.84,0,PUBLIC_PREDISPATCHIS_202609232130_20260923210153.zip
2026-09-23 21:30:00,2026092335,1,VIC1,19,82.13071,0,5317.04,0,PUBLIC_PREDISPATCHIS_202609232130_20260923210153.zip
2026-09-23 21:30:00,2026092335,1,VIC1,20,33.76382,0,5493.15,0,PUBLIC_PREDISPATCHIS_202609232130_20260923210153.zip
2026-09-23 21:30:00,2026092335,1,VIC1,21,10.5,0,5454.9,0,PUBLIC_PREDISPATCHIS_202609232130_20260923210153.zip
2026-09-23 21:30:00,2026092335,1,VIC1,22,3.69295,0,5290.27,0,PUBLIC_PREDISPATCHIS_202609232130_20260923210153.zip
2026-09-23 21:30:00,2026092335,1,VIC1,23,8.94,0,5035.63,0,PUBLIC_PREDISPATCHIS_202609232130_20260923210153.zip
2026-09-23 21:30:00,2026092335,1,VIC1,24,-0.56,0,4707.37,0,PUBLIC_PREDISPATCHIS_202609232130_20260923210153.zip
2026-09-23 21:30:00,2026092335,1,VIC1,25,-0.56,0,4394.89,0,PUBLIC_PREDISPATCHIS_202609232130_20260923210153.zip
2026-09-23 21:30:00,2026092335,1,VIC1,26,-4.91414,0,4094.48,0,PUBLIC_PREDISPATCHIS_202609232130_20260923210153.zip
2026-09-23 21:30:00,2026092335,1,VIC1,27,-7.51,0,3761.2,0,PUBLIC_PREDISPATCHIS_202609232130_20260923210153.zip
2026-09-23 21:30:00,2026092335,1,VIC1,28,-8.0,0,3530.38,0,PUBLIC_PREDISPATCHIS_202609232130_20260923210153.zip
2026-09-23 21:30:00,2026092335,1,VIC1,29,-5.0,0,3431.74,0,PUBLIC_PREDISPATCHIS_202609232130_20260923210153.zip
2026-09-23 21:30:00,2026092335,1,VIC1,30,-8.0,0,3358.87,0,PUBLIC_PREDISPATCHIS_202609232130_20260923210153.zip
2026-09-23 21:30:00,2026092335,1,VIC1,31,-11.86,0,3380.2,0,PUBLIC_PREDISPATCHIS_202609232130_20260923210153.zip
2026-09-23 21:30:00,2026092335,1,VIC1,32,-8.0,0,3411.68,0,PUBLIC_PREDISPATCHIS_202609232130_20260923210153.zip
2026-09-23 21:30:00,2026092335,1,VIC1,33,-7.51,0,3469.59,0,PUBLIC_PREDISPATCHIS_202609232130_20260923210153.zip
2026-09-23 21:30:00,2026092335,1,VIC1,34,-7.51,0,3639.86,0,PUBLIC_PREDISPATCHIS_202609232130_20260923210153.zip
2026-09-23 21:30:00,2026092335,1,VIC1,35,-5.14552,0,3932.85,0,PUBLIC_PREDISPATCHIS_202609232130_20260923210153.zip
2026-09-23 21:30:00,2026092335,1,VIC1,36,0.01,0,4265.98,0,PUBLIC_PREDISPATCHIS_202609232130_20260923210153.zip
2026-09-23 21:30:00,2026092335,1,VIC1,37,10.65,0,4627.37,0,PUBLIC_PREDISPATCHIS_202609232130_20260923210153.zip
2026-09-23 21:30:00,2026092335,1,VIC1,38,16.54495,0,4883.82,0,PUBLIC_PREDISPATCHIS_202609232130_20260923210153.zip
2026-09-23 21:30:00,2026092335,1,VIC1,39,29.28137,0,5222.44,0,PUBLIC_PREDISPATCHIS_202609232130_20260923210153.zip
2026-09-23 21:30:00,2026092335,1,VIC1,40,83.98237,0,5604.74,0,PUBLIC_PREDISPATCHIS_202609232130_20260923210153.zip
2026-09-23 21:30:00,2026092335,1,VIC1,41,109.12126,0,5920.2,0,PUBLIC_PREDISPATCHIS_202609232130_20260923210153.zip
2026-09-23 21:30:00,2026092335,1,VIC1,42,120.14252,0,6143.54,0,PUBLIC_PREDISPATCHIS_202609232130_20260923210153.zip
2026-09-23 21:30:00,2026092335,1,VIC1,43,149.34914,0,6270.11,0,PUBLIC_PREDISPATCHIS_202609232130_20260923210153.zip
2026-09-23 21:30:00,2026092335,1,VIC1,44,135.9,0,6350.83,0,PUBLIC_PREDISPATCHIS_202609232130_20260923210153.zip
2026-09-23 21:30:00,2026092335,1,VIC1,45,163.85,0,6257.27,0,PUBLIC_PREDISPATCHIS_202609232130_20260923210153.zip
2026-09-23 21:30:00,2026092335,1,VIC1,46,155.20015,0,6079.95,0,PUBLIC_PREDISPATCHIS_202609232130_20260923210153.zip
2026-09-23 21:30:00,2026092335,1,VIC1,47,143.7134,0,5950.93,0,PUBLIC_PREDISPATCHIS_202609232130_20260923210153.zip
2026-09-23 21:30:00,2026092335,1,VIC1,48,134.84004,0,5831.84,0,PUBLIC_PREDISPATCHIS_202609232130_20260923210153.zip
2026-09-23 21:30:00,2026092335,1,VIC1,49,118.5,0,5670.32,0,PUBLIC_PREDISPATCHIS_202609232130_20260923210153.zip
2026-09-23 21:30:00,2026092335,1,VIC1,50,100.33805,0,5490.97,0,PUBLIC_PREDISPATCHIS_202609232130_20260923210153.zip
2026-09-23 21:30:00,2026092335,1,VIC1,51,103.54555,0,5327.58,0,PUBLIC_PREDISPATCHIS_202609232130_20260923210153.zip
2026-09-23 21:30:00,2026092335,1,VIC1,52,101.02038,0,5186.69,0,PUBLIC_PREDISPATCHIS_202609232130_20260923210153.zip
2026-09-23 21:30:00,2026092335,1,VIC1,53,96.38914,0,5170.5,0,PUBLIC_PREDISPATCHIS_202609232130_20260923210153.zip
2026-09-23 21:30:00,2026092335,1,VIC1,54,79.39754,0,5065.8,0,PUBLIC_PREDISPATCHIS_202609232130_20260923210153.zip
2026-09-23 21:30:00,2026092335,1,VIC1,55,81.41274,0,4933.29,0,PUBLIC_PREDISPATCHIS_202609232130_20260923210153.zip
2026-09-23 21:30:00,2026092335,1,VIC1,56,29.69274,0,4756.5,0,PUBLIC_PREDISPATCHIS_202609232130_20260923210153.zip
2026-09-23 21:30:00,2026092335,1,VIC1,57,73.50882,0,4615.76,0,PUBLIC_PREDISPATCHIS_202609232130_20260923210153.zip
2026-09-23 21:30:00,2026092335,1,VIC1,58,58.29141,0,4481.68,0,PUBLIC_PREDISPATCHIS_202609232130_20260923210153.zip
2026-09-23 21:30:00,2026092335,1,VIC1,59,74.02695,0,4372.73,0,PUBLIC_PREDISPATCHIS_202609232130_20260923210153.zip
2026-09-23 21:30:00,2026092335,1,VIC1,60,68.15144,0,4278.04,0,PUBLIC_PREDISPATCHIS_202609232130_20260923210153.zip
2026-09-23 21:30:00,2026092335,1,VIC1,61,78.24342,0,4227.68,0,PUBLIC_PREDISPATCHIS_202609232130_20260923210153.zip
2026-09-23 21:30:00,2026092335,1,VIC1,62,13.49,0,4187.25,0,PUBLIC_PREDISPATCHIS_202609232130_20260923210153.zip
2026-09-23 22:00:00,2026092336,1,NSW1,01,109.72894,0,7992.16,0,PUBLIC_PREDISPATCHIS_202609232200_20260923213139.zip
2026-09-23 22:00:00,2026092336,1,NSW1,02,119.01,0,7925.58,0,PUBLIC_PREDISPATCHIS_202609232200_20260923213139.zip
2026-09-23 22:00:00,2026092336,1,NSW1,03,112.99037,0,7789.17,0,PUBLIC_PREDISPATCHIS_202609232200_20260923213139.zip
2026-09-23 22:00:00,2026092336,1,NSW1,04,107.39521,0,7652.05,0,PUBLIC_PREDISPATCHIS_202609232200_20260923213139.zip
2026-09-23 22:00:00,2026092336,1,NSW1,05,101.18174,0,7504.64,0,PUBLIC_PREDISPATCHIS_202609232200_20260923213139.zip
2026-09-23 22:00:00,2026092336,1,NSW1,06,102.62722,0,7394.78,0,PUBLIC_PREDISPATCHIS_202609232200_20260923213139.zip
2026-09-23 22:00:00,2026092336,1,NSW1,07,97.63005,0,7272.71,0,PUBLIC_PREDISPATCHIS_202609232200_20260923213139.zip
2026-09-23 22:00:00,2026092336,1,NSW1,08,96.99,0,7117.94,0,PUBLIC_PREDISPATCHIS_202609232200_20260923213139.zip
2026-09-23 22:00:00,2026092336,1,NSW1,09,95.14474,0,6937.03,0,PUBLIC_PREDISPATCHIS_202609232200_20260923213139.zip
2026-09-23 22:00:00,2026092336,1,NSW1,10,96.99015,0,6795.36,0,PUBLIC_PREDISPATCHIS_202609232200_20260923213139.zip
2026-09-23 22:00:00,2026092336,1,NSW1,11,90.0,0,6675.05,0,PUBLIC_PREDISPATCHIS_202609232200_20260923213139.zip
2026-09-23 22:00:00,2026092336,1,NSW1,12,84.79,0,6628.14,0,PUBLIC_PREDISPATCHIS_202609232200_20260923213139.zip
2026-09-23 22:00:00,2026092336,1,NSW1,13,84.79,0,6586.21,0,PUBLIC_PREDISPATCHIS_202609232200_20260923213139.zip
2026-09-23 22:00:00,2026092336,1,NSW1,14,79.00666,0,6624.49,0,PUBLIC_PREDISPATCHIS_202609232200_20260923213139.zip
2026-09-23 22:00:00,2026092336,1,NSW1,15,83.99,0,6720.61,0,PUBLIC_PREDISPATCHIS_202609232200_20260923213139.zip
2026-09-23 22:00:00,2026092336,1,NSW1,16,87.82944,0,6919.81,0,PUBLIC_PREDISPATCHIS_202609232200_20260923213139.zip
2026-09-23 22:00:00,2026092336,1,NSW1,17,88.88,0,7159.14,0,PUBLIC_PREDISPATCHIS_202609232200_20260923213139.zip
2026-09-23 22:00:00,2026092336,1,NSW1,18,90.83319,0,7323.98,0,PUBLIC_PREDISPATCHIS_202609232200_20260923213139.zip
2026-09-23 22:00:00,2026092336,1,NSW1,19,71.06457,0,7338.9,0,PUBLIC_PREDISPATCHIS_202609232200_20260923213139.zip
2026-09-23 22:00:00,2026092336,1,NSW1,20,60.8645,0,7186.33,0,PUBLIC_PREDISPATCHIS_202609232200_20260923213139.zip
2026-09-23 22:00:00,2026092336,1,NSW1,21,71.48811,0,6921.65,0,PUBLIC_PREDISPATCHIS_202609232200_20260923213139.zip
2026-09-23 22:00:00,2026092336,1,NSW1,22,42.54,0,6576.86,0,PUBLIC_PREDISPATCHIS_202609232200_20260923213139.zip
2026-09-23 22:00:00,2026092336,1,NSW1,23,36.07435,0,6130.2,0,PUBLIC_PREDISPATCHIS_202609232200_20260923213139.zip
2026-09-23 22:00:00,2026092336,1,NSW1,24,39.09144,0,5816.22,0,PUBLIC_PREDISPATCHIS_202609232200_20260923213139.zip
2026-09-23 22:00:00,2026092336,1,NSW1,25,42.54,0,5598.13,0,PUBLIC_PREDISPATCHIS_202609232200_20260923213139.zip
2026-09-23 22:00:00,2026092336,1,NSW1,26,42.8001,0,5436.17,0,PUBLIC_PREDISPATCHIS_202609232200_20260923213139.zip
2026-09-23 22:00:00,2026092336,1,NSW1,27,42.8001,0,5262.05,0,PUBLIC_PREDISPATCHIS_202609232200_20260923213139.zip
2026-09-23 22:00:00,2026092336,1,NSW1,28,42.8001,0,5078.15,0,PUBLIC_PREDISPATCHIS_202609232200_20260923213139.zip
2026-09-23 22:00:00,2026092336,1,NSW1,29,68.02,0,4913.4,0,PUBLIC_PREDISPATCHIS_202609232200_20260923213139.zip
2026-09-23 22:00:00,2026092336,1,NSW1,30,65.99,0,4770.15,0,PUBLIC_PREDISPATCHIS_202609232200_20260923213139.zip
2026-09-23 22:00:00,2026092336,1,NSW1,31,65.99,0,4808.79,0,PUBLIC_PREDISPATCHIS_202609232200_20260923213139.zip
2026-09-23 22:00:00,2026092336,1,NSW1,32,76.1,0,4912.97,0,PUBLIC_PREDISPATCHIS_202609232200_20260923213139.zip
2026-09-23 22:00:00,2026092336,1,NSW1,33,41.79323,0,5109.05,0,PUBLIC_PREDISPATCHIS_202609232200_20260923213139.zip
2026-09-23 22:00:00,2026092336,1,NSW1,34,40.34736,0,5358.05,0,PUBLIC_PREDISPATCHIS_202609232200_20260923213139.zip
2026-09-23 22:00:00,2026092336,1,NSW1,35,40.81669,0,5772.84,0,PUBLIC_PREDISPATCHIS_202609232200_20260923213139.zip
2026-09-23 22:00:00,2026092336,1,NSW1,36,42.54,0,6237.07,0,PUBLIC_PREDISPATCHIS_202609232200_20260923213139.zip
2026-09-23 22:00:00,2026092336,1,NSW1,37,42.54,0,6847.5,0,PUBLIC_PREDISPATCHIS_202609232200_20260923213139.zip
2026-09-23 22:00:00,2026092336,1,NSW1,38,83.99,0,7412.43,0,PUBLIC_PREDISPATCHIS_202609232200_20260923213139.zip
2026-09-23 22:00:00,2026092336,1,NSW1,39,89.62327,0,7976.48,0,PUBLIC_PREDISPATCHIS_202609232200_20260923213139.zip
2026-09-23 22:00:00,2026092336,1,NSW1,40,120.19132,0,8322.9,0,PUBLIC_PREDISPATCHIS_202609232200_20260923213139.zip
2026-09-23 22:00:00,2026092336,1,NSW1,41,130.01,0,8678.85,0,PUBLIC_PREDISPATCHIS_202609232200_20260923213139.zip
2026-09-23 22:00:00,2026092336,1,NSW1,42,244.12596,0,8862.07,0,PUBLIC_PREDISPATCHIS_202609232200_20260923213139.zip
2026-09-23 22:00:00,2026092336,1,NSW1,43,178.45498,0,8878.22,0,PUBLIC_PREDISPATCHIS_202609232200_20260923213139.zip
2026-09-23 22:00:00,2026092336,1,NSW1,44,142.64777,0,8728.62,0,PUBLIC_PREDISPATCHIS_202609232200_20260923213139.zip
2026-09-23 22:00:00,2026092336,1,NSW1,45,146.85407,0,8565.9,0,PUBLIC_PREDISPATCHIS_202609232200_20260923213139.zip
2026-09-23 22:00:00,2026092336,1,NSW1,46,144.33409,0,8399.91,0,PUBLIC_PREDISPATCHIS_202609232200_20260923213139.zip
2026-09-23 22:00:00,2026092336,1,NSW1,47,148.15723,0,8259.54,0,PUBLIC_PREDISPATCHIS_202609232200_20260923213139.zip
2026-09-23 22:00:00,2026092336,1,NSW1,48,124.38135,0,8086.54,0,PUBLIC_PREDISPATCHIS_202609232200_20260923213139.zip
2026-09-23 22:00:00,2026092336,1,NSW1,49,115.39554,0,7898.59,0,PUBLIC_PREDISPATCHIS_202609232200_20260923213139.zip
2026-09-23 22:00:00,2026092336,1,NSW1,50,118.50708,0,7787.95,0,PUBLIC_PREDISPATCHIS_202609232200_20260923213139.zip
2026-09-23 22:00:00,2026092336,1,NSW1,51,96.99,0,7667.38,0,PUBLIC_PREDISPATCHIS_202609232200_20260923213139.zip
2026-09-23 22:00:00,2026092336,1,NSW1,52,110.68717,0,7520.7,0,PUBLIC_PREDISPATCHIS_202609232200_20260923213139.zip
2026-09-23 22:00:00,2026092336,1,NSW1,53,90.0,0,7362.98,0,PUBLIC_PREDISPATCHIS_202609232200_20260923213139.zip
2026-09-23 22:00:00,2026092336,1,NSW1,54,91.4249,0,7234.84,0,PUBLIC_PREDISPATCHIS_202609232200_20260923213139.zip
2026-09-23 22:00:00,2026092336,1,NSW1,55,90.0,0,7084.94,0,PUBLIC_PREDISPATCHIS_202609232200_20260923213139.zip
2026-09-23 22:00:00,2026092336,1,NSW1,56,89.29381,0,6931.11,0,PUBLIC_PREDISPATCHIS_202609232200_20260923213139.zip
2026-09-23 22:00:00,2026092336,1,NSW1,57,84.79,0,6750.95,0,PUBLIC_PREDISPATCHIS_202609232200_20260923213139.zip
2026-09-23 22:00:00,2026092336,1,NSW1,58,84.79,0,6609.88,0,PUBLIC_PREDISPATCHIS_202609232200_20260923213139.zip
2026-09-23 22:00:00,2026092336,1,NSW1,59,84.79,0,6494.31,0,PUBLIC_PREDISPATCHIS_202609232200_20260923213139.zip
2026-09-23 22:00:00,2026092336,1,NSW1,60,83.99,0,6435.05,0,PUBLIC_PREDISPATCHIS_202609232200_20260923213139.zip
2026-09-23 22:00:00,2026092336,1,NSW1,61,78.19994,0,6391.8,0,PUBLIC_PREDISPATCHIS_202609232200_20260923213139.zip
2026-09-23 22:00:00,2026092336,1,QLD1,01,95.6825,0,6648.71,0,PUBLIC_PREDISPATCHIS_202609232200_20260923213139.zip
2026-09-23 22:00:00,2026092336,1,QLD1,02,103.48106,0,6429.13,0,PUBLIC_PREDISPATCHIS_202609232200_20260923213139.zip
2026-09-23 22:00:00,2026092336,1,QLD1,03,97.35201,0,6207.88,0,PUBLIC_PREDISPATCHIS_202609232200_20260923213139.zip
2026-09-23 22:00:00,2026092336,1,QLD1,04,90.59461,0,6034.16,0,PUBLIC_PREDISPATCHIS_202609232200_20260923213139.zip
2026-09-23 22:00:00,2026092336,1,QLD1,05,85.25,0,5922.07,0,PUBLIC_PREDISPATCHIS_202609232200_20260923213139.zip
2026-09-23 22:00:00,2026092336,1,QLD1,06,85.25,0,5802.69,0,PUBLIC_PREDISPATCHIS_202609232200_20260923213139.zip
2026-09-23 22:00:00,2026092336,1,QLD1,07,81.84933,0,5662.8,0,PUBLIC_PREDISPATCHIS_202609232200_20260923213139.zip
2026-09-23 22:00:00,2026092336,1,QLD1,08,81.37997,0,5581.1,0,PUBLIC_PREDISPATCHIS_202609232200_20260923213139.zip
2026-09-23 22:00:00,2026092336,1,QLD1,09,80.30195,0,5536.32,0,PUBLIC_PREDISPATCHIS_202609232200_20260923213139.zip
2026-09-23 22:00:00,2026092336,1,QLD1,10,82.75,0,5515.24,0,PUBLIC_PREDISPATCHIS_202609232200_20260923213139.zip
2026-09-23 22:00:00,2026092336,1,QLD1,11,78.39313,0,5514.96,0,PUBLIC_PREDISPATCHIS_202609232200_20260923213139.zip
2026-09-23 22:00:00,2026092336,1,QLD1,12,74.33513,0,5531.9,0,PUBLIC_PREDISPATCHIS_202609232200_20260923213139.zip
2026-09-23 22:00:00,2026092336,1,QLD1,13,75.31091,0,5558.62,0,PUBLIC_PREDISPATCHIS_202609232200_20260923213139.zip
2026-09-23 22:00:00,2026092336,1,QLD1,14,72.5,0,5625.47,0,PUBLIC_PREDISPATCHIS_202609232200_20260923213139.zip
2026-09-23 22:00:00,2026092336,1,QLD1,15,76.19158,0,5734.65,0,PUBLIC_PREDISPATCHIS_202609232200_20260923213139.zip
2026-09-23 22:00:00,2026092336,1,QLD1,16,80.32907,0,5881.72,0,PUBLIC_PREDISPATCHIS_202609232200_20260923213139.zip
2026-09-23 22:00:00,2026092336,1,QLD1,17,81.41613,0,6013.91,0,PUBLIC_PREDISPATCHIS_202609232200_20260923213139.zip
2026-09-23 22:00:00,2026092336,1,QLD1,18,82.75,0,6090.11,0,PUBLIC_PREDISPATCHIS_202609232200_20260923213139.zip
2026-09-23 22:00:00,2026092336,1,QLD1,19,64.28526,0,6037.29,0,PUBLIC_PREDISPATCHIS_202609232200_20260923213139.zip
2026-09-23 22:00:00,2026092336,1,QLD1,20,56.02266,0,5893.42,0,PUBLIC_PREDISPATCHIS_202609232200_20260923213139.zip
2026-09-23 22:00:00,2026092336,1,QLD1,21,67.23,0,5576.13,0,PUBLIC_PREDISPATCHIS_202609232200_20260923213139.zip
2026-09-23 22:00:00,2026092336,1,QLD1,22,39.39651,0,5263.2,0,PUBLIC_PREDISPATCHIS_202609232200_20260923213139.zip
2026-09-23 22:00:00,2026092336,1,QLD1,23,32.62,0,4974.36,0,PUBLIC_PREDISPATCHIS_202609232200_20260923213139.zip
2026-09-23 22:00:00,2026092336,1,QLD1,24,35.69833,0,4731.09,0,PUBLIC_PREDISPATCHIS_202609232200_20260923213139.zip
2026-09-23 22:00:00,2026092336,1,QLD1,25,35.95217,0,4524.72,0,PUBLIC_PREDISPATCHIS_202609232200_20260923213139.zip
2026-09-23 22:00:00,2026092336,1,QLD1,26,35.95217,0,4356.99,0,PUBLIC_PREDISPATCHIS_202609232200_20260923213139.zip
2026-09-23 22:00:00,2026092336,1,QLD1,27,34.81362,0,4235.53,0,PUBLIC_PREDISPATCHIS_202609232200_20260923213139.zip
2026-09-23 22:00:00,2026092336,1,QLD1,28,26.47412,0,4274.27,0,PUBLIC_PREDISPATCHIS_202609232200_20260923213139.zip
2026-09-23 22:00:00,2026092336,1,QLD1,29,26.47412,0,4283.05,0,PUBLIC_PREDISPATCHIS_202609232200_20260923213139.zip
2026-09-23 22:00:00,2026092336,1,QLD1,30,44.65995,0,4320.13,0,PUBLIC_PREDISPATCHIS_202609232200_20260923213139.zip
2026-09-23 22:00:00,2026092336,1,QLD1,31,45.7,0,4302.31,0,PUBLIC_PREDISPATCHIS_202609232200_20260923213139.zip
2026-09-23 22:00:00,2026092336,1,QLD1,32,45.7,0,4364.36,0,PUBLIC_PREDISPATCHIS_202609232200_20260923213139.zip
2026-09-23 22:00:00,2026092336,1,QLD1,33,35.95217,0,4478.93,0,PUBLIC_PREDISPATCHIS_202609232200_20260923213139.zip
2026-09-23 22:00:00,2026092336,1,QLD1,34,35.69833,0,4701.75,0,PUBLIC_PREDISPATCHIS_202609232200_20260923213139.zip
2026-09-23 22:00:00,2026092336,1,QLD1,35,37.17477,0,5004.75,0,PUBLIC_PREDISPATCHIS_202609232200_20260923213139.zip
2026-09-23 22:00:00,2026092336,1,QLD1,36,39.18006,0,5406.06,0,PUBLIC_PREDISPATCHIS_202609232200_20260923213139.zip
2026-09-23 22:00:00,2026092336,1,QLD1,37,40.15365,0,5853.21,0,PUBLIC_PREDISPATCHIS_202609232200_20260923213139.zip
2026-09-23 22:00:00,2026092336,1,QLD1,38,81.28161,0,6326.07,0,PUBLIC_PREDISPATCHIS_202609232200_20260923213139.zip
2026-09-23 22:00:00,2026092336,1,QLD1,39,85.39,0,6801.65,0,PUBLIC_PREDISPATCHIS_202609232200_20260923213139.zip
2026-09-23 22:00:00,2026092336,1,QLD1,40,114.51,0,7130.96,0,PUBLIC_PREDISPATCHIS_202609232200_20260923213139.zip
2026-09-23 22:00:00,2026092336,1,QLD1,41,124.30687,0,7421.31,0,PUBLIC_PREDISPATCHIS_202609232200_20260923213139.zip
2026-09-23 22:00:00,2026092336,1,QLD1,42,225.0,0,7551.03,0,PUBLIC_PREDISPATCHIS_202609232200_20260923213139.zip
2026-09-23 22:00:00,2026092336,1,QLD1,43,161.30022,0,7517.55,0,PUBLIC_PREDISPATCHIS_202609232200_20260923213139.zip
2026-09-23 22:00:00,2026092336,1,QLD1,44,128.11,0,7364.92,0,PUBLIC_PREDISPATCHIS_202609232200_20260923213139.zip
2026-09-23 22:00:00,2026092336,1,QLD1,45,128.11,0,7210.12,0,PUBLIC_PREDISPATCHIS_202609232200_20260923213139.zip
2026-09-23 22:00:00,2026092336,1,QLD1,46,128.1,0,7050.94,0,PUBLIC_PREDISPATCHIS_202609232200_20260923213139.zip
2026-09-23 22:00:00,2026092336,1,QLD1,47,130.69,0,7065.83,0,PUBLIC_PREDISPATCHIS_202609232200_20260923213139.zip
2026-09-23 22:00:00,2026092336,1,QLD1,48,114.58,0,6963.85,0,PUBLIC_PREDISPATCHIS_202609232200_20260923213139.zip
2026-09-23 22:00:00,2026092336,1,QLD1,49,105.4,0,6804.56,0,PUBLIC_PREDISPATCHIS_202609232200_20260923213139.zip
2026-09-23 22:00:00,2026092336,1,QLD1,50,109.75,0,6565.51,0,PUBLIC_PREDISPATCHIS_202609232200_20260923213139.zip
2026-09-23 22:00:00,2026092336,1,QLD1,51,89.78076,0,6356.59,0,PUBLIC_PREDISPATCHIS_202609232200_20260923213139.zip
2026-09-23 22:00:00,2026092336,1,QLD1,52,105.55358,0,6183.38,0,PUBLIC_PREDISPATCHIS_202609232200_20260923213139.zip
2026-09-23 22:00:00,2026092336,1,QLD1,53,85.25,0,6070.64,0,PUBLIC_PREDISPATCHIS_202609232200_20260923213139.zip
2026-09-23 22:00:00,2026092336,1,QLD1,54,85.25,0,5923.72,0,PUBLIC_PREDISPATCHIS_202609232200_20260923213139.zip
2026-09-23 22:00:00,2026092336,1,QLD1,55,84.84528,0,5774.69,0,PUBLIC_PREDISPATCHIS_202609232200_20260923213139.zip
2026-09-23 22:00:00,2026092336,1,QLD1,56,82.49538,0,5686.09,0,PUBLIC_PREDISPATCHIS_202609232200_20260923213139.zip
2026-09-23 22:00:00,2026092336,1,QLD1,57,78.78475,0,5622.94,0,PUBLIC_PREDISPATCHIS_202609232200_20260923213139.zip
2026-09-23 22:00:00,2026092336,1,QLD1,58,78.25207,0,5585.21,0,PUBLIC_PREDISPATCHIS_202609232200_20260923213139.zip
2026-09-23 22:00:00,2026092336,1,QLD1,59,78.24651,0,5572.55,0,PUBLIC_PREDISPATCHIS_202609232200_20260923213139.zip
2026-09-23 22:00:00,2026092336,1,QLD1,60,77.78356,0,5572.41,0,PUBLIC_PREDISPATCHIS_202609232200_20260923213139.zip
2026-09-23 22:00:00,2026092336,1,QLD1,61,71.73,0,5591.9,0,PUBLIC_PREDISPATCHIS_202609232200_20260923213139.zip
2026-09-23 22:00:00,2026092336,1,SA1,01,106.17061,0,1442.46,0,PUBLIC_PREDISPATCHIS_202609232200_20260923213139.zip
2026-09-23 22:00:00,2026092336,1,SA1,02,111.65436,0,1408.39,0,PUBLIC_PREDISPATCHIS_202609232200_20260923213139.zip
2026-09-23 22:00:00,2026092336,1,SA1,03,106.89055,0,1365.88,0,PUBLIC_PREDISPATCHIS_202609232200_20260923213139.zip
2026-09-23 22:00:00,2026092336,1,SA1,04,101.02,0,1341.99,0,PUBLIC_PREDISPATCHIS_202609232200_20260923213139.zip
2026-09-23 22:00:00,2026092336,1,SA1,05,95.3918,0,1351.69,0,PUBLIC_PREDISPATCHIS_202609232200_20260923213139.zip
2026-09-23 22:00:00,2026092336,1,SA1,06,101.02,0,1379.84,0,PUBLIC_PREDISPATCHIS_202609232200_20260923213139.zip
2026-09-23 22:00:00,2026092336,1,SA1,07,97.73866,0,1405.2,0,PUBLIC_PREDISPATCHIS_202609232200_20260923213139.zip
2026-09-23 22:00:00,2026092336,1,SA1,08,96.08677,0,1391.12,0,PUBLIC_PREDISPATCHIS_202609232200_20260923213139.zip
2026-09-23 22:00:00,2026092336,1,SA1,09,92.00686,0,1376.69,0,PUBLIC_PREDISPATCHIS_202609232200_20260923213139.zip
2026-09-23 22:00:00,2026092336,1,SA1,10,92.01934,0,1354.06,0,PUBLIC_PREDISPATCHIS_202609232200_20260923213139.zip
2026-09-23 22:00:00,2026092336,1,SA1,11,81.82586,0,1331.81,0,PUBLIC_PREDISPATCHIS_202609232200_20260923213139.zip
2026-09-23 22:00:00,2026092336,1,SA1,12,74.84992,0,1310.17,0,PUBLIC_PREDISPATCHIS_202609232200_20260923213139.zip
2026-09-23 22:00:00,2026092336,1,SA1,13,72.41038,0,1291.21,0,PUBLIC_PREDISPATCHIS_202609232200_20260923213139.zip
2026-09-23 22:00:00,2026092336,1,SA1,14,65.61236,0,1277.16,0,PUBLIC_PREDISPATCHIS_202609232200_20260923213139.zip
2026-09-23 22:00:00,2026092336,1,SA1,15,52.14648,0,1277.84,0,PUBLIC_PREDISPATCHIS_202609232200_20260923213139.zip
2026-09-23 22:00:00,2026092336,1,SA1,16,73.73468,0,1280.43,0,PUBLIC_PREDISPATCHIS_202609232200_20260923213139.zip
2026-09-23 22:00:00,2026092336,1,SA1,17,75.84504,0,1311.04,0,PUBLIC_PREDISPATCHIS_202609232200_20260923213139.zip
2026-09-23 22:00:00,2026092336,1,SA1,18,80.0,0,1346.14,0,PUBLIC_PREDISPATCHIS_202609232200_20260923213139.zip
2026-09-23 22:00:00,2026092336,1,SA1,19,39.22633,0,1388.87,0,PUBLIC_PREDISPATCHIS_202609232200_20260923213139.zip
2026-09-23 22:00:00,2026092336,1,SA1,20,10.2212,0,1381.54,0,PUBLIC_PREDISPATCHIS_202609232200_20260923213139.zip
2026-09-23 22:00:00,2026092336,1,SA1,21,10.67549,0,1353.72,0,PUBLIC_PREDISPATCHIS_202609232200_20260923213139.zip
2026-09-23 22:00:00,2026092336,1,SA1,22,0.01097,0,1294.25,0,PUBLIC_PREDISPATCHIS_202609232200_20260923213139.zip
2026-09-23 22:00:00,2026092336,1,SA1,23,-1.09996,0,1222.4,0,PUBLIC_PREDISPATCHIS_202609232200_20260923213139.zip
2026-09-23 22:00:00,2026092336,1,SA1,24,-0.56511,0,1115.93,0,PUBLIC_PREDISPATCHIS_202609232200_20260923213139.zip
2026-09-23 22:00:00,2026092336,1,SA1,25,-7.12,0,1009.88,0,PUBLIC_PREDISPATCHIS_202609232200_20260923213139.zip
2026-09-23 22:00:00,2026092336,1,SA1,26,-9.61118,0,941.42,0,PUBLIC_PREDISPATCHIS_202609232200_20260923213139.zip
2026-09-23 22:00:00,2026092336,1,SA1,27,-7.12,0,915.64,0,PUBLIC_PREDISPATCHIS_202609232200_20260923213139.zip
2026-09-23 22:00:00,2026092336,1,SA1,28,-7.01,0,858.79,0,PUBLIC_PREDISPATCHIS_202609232200_20260923213139.zip
2026-09-23 22:00:00,2026092336,1,SA1,29,-5.14178,0,847.87,0,PUBLIC_PREDISPATCHIS_202609232200_20260923213139.zip
2026-09-23 22:00:00,2026092336,1,SA1,30,-7.1,0,817.81,0,PUBLIC_PREDISPATCHIS_202609232200_20260923213139.zip
2026-09-23 22:00:00,2026092336,1,SA1,31,-7.01,0,783.83,0,PUBLIC_PREDISPATCHIS_202609232200_20260923213139.zip
2026-09-23 22:00:00,2026092336,1,SA1,32,-7.15,0,747.99,0,PUBLIC_PREDISPATCHIS_202609232200_20260923213139.zip
2026-09-23 22:00:00,2026092336,1,SA1,33,-7.25,0,718.09,0,PUBLIC_PREDISPATCHIS_202609232200_20260923213139.zip
2026-09-23 22:00:00,2026092336,1,SA1,34,-4.76414,0,747.44,0,PUBLIC_PREDISPATCHIS_202609232200_20260923213139.zip
2026-09-23 22:00:00,2026092336,1,SA1,35,0.00021,0,790.52,0,PUBLIC_PREDISPATCHIS_202609232200_20260923213139.zip
2026-09-23 22:00:00,2026092336,1,SA1,36,1.12214,0,847.69,0,PUBLIC_PREDISPATCHIS_202609232200_20260923213139.zip
2026-09-23 22:00:00,2026092336,1,SA1,37,11.79814,0,923.23,0,PUBLIC_PREDISPATCHIS_202609232200_20260923213139.zip
2026-09-23 22:00:00,2026092336,1,SA1,38,39.47984,0,1017.48,0,PUBLIC_PREDISPATCHIS_202609232200_20260923213139.zip
2026-09-23 22:00:00,2026092336,1,SA1,39,85.44,0,1138.67,0,PUBLIC_PREDISPATCHIS_202609232200_20260923213139.zip
2026-09-23 22:00:00,2026092336,1,SA1,40,106.2164,0,1285.78,0,PUBLIC_PREDISPATCHIS_202609232200_20260923213139.zip
2026-09-23 22:00:00,2026092336,1,SA1,41,108.78074,0,1420.38,0,PUBLIC_PREDISPATCHIS_202609232200_20260923213139.zip
2026-09-23 22:00:00,2026092336,1,SA1,42,202.09116,0,1512.55,0,PUBLIC_PREDISPATCHIS_202609232200_20260923213139.zip
2026-09-23 22:00:00,2026092336,1,SA1,43,160.02849,0,1566.94,0,PUBLIC_PREDISPATCHIS_202609232200_20260923213139.zip
2026-09-23 22:00:00,2026092336,1,SA1,44,129.9994,0,1589.03,0,PUBLIC_PREDISPATCHIS_202609232200_20260923213139.zip
2026-09-23 22:00:00,2026092336,1,SA1,45,132.73663,0,1570.0,0,PUBLIC_PREDISPATCHIS_202609232200_20260923213139.zip
2026-09-23 22:00:00,2026092336,1,SA1,46,132.55438,0,1555.54,0,PUBLIC_PREDISPATCHIS_202609232200_20260923213139.zip
2026-09-23 22:00:00,2026092336,1,SA1,47,133.24544,0,1530.48,0,PUBLIC_PREDISPATCHIS_202609232200_20260923213139.zip
2026-09-23 22:00:00,2026092336,1,SA1,48,104.85296,0,1497.23,0,PUBLIC_PREDISPATCHIS_202609232200_20260923213139.zip
2026-09-23 22:00:00,2026092336,1,SA1,49,100.44,0,1462.05,0,PUBLIC_PREDISPATCHIS_202609232200_20260923213139.zip
2026-09-23 22:00:00,2026092336,1,SA1,50,100.95977,0,1423.26,0,PUBLIC_PREDISPATCHIS_202609232200_20260923213139.zip
2026-09-23 22:00:00,2026092336,1,SA1,51,85.44,0,1387.07,0,PUBLIC_PREDISPATCHIS_202609232200_20260923213139.zip
2026-09-23 22:00:00,2026092336,1,SA1,52,96.86784,0,1361.09,0,PUBLIC_PREDISPATCHIS_202609232200_20260923213139.zip
2026-09-23 22:00:00,2026092336,1,SA1,53,82.75012,0,1367.14,0,PUBLIC_PREDISPATCHIS_202609232200_20260923213139.zip
2026-09-23 22:00:00,2026092336,1,SA1,54,89.62552,0,1397.77,0,PUBLIC_PREDISPATCHIS_202609232200_20260923213139.zip
2026-09-23 22:00:00,2026092336,1,SA1,55,63.70633,0,1406.17,0,PUBLIC_PREDISPATCHIS_202609232200_20260923213139.zip
2026-09-23 22:00:00,2026092336,1,SA1,56,80.0,0,1386.91,0,PUBLIC_PREDISPATCHIS_202609232200_20260923213139.zip
2026-09-23 22:00:00,2026092336,1,SA1,57,80.0,0,1372.58,0,PUBLIC_PREDISPATCHIS_202609232200_20260923213139.zip
2026-09-23 22:00:00,2026092336,1,SA1,58,90.33886,0,1342.98,0,PUBLIC_PREDISPATCHIS_202609232200_20260923213139.zip
2026-09-23 22:00:00,2026092336,1,SA1,59,80.0,0,1313.8,0,PUBLIC_PREDISPATCHIS_202609232200_20260923213139.zip
2026-09-23 22:00:00,2026092336,1,SA1,60,80.0,0,1296.29,0,PUBLIC_PREDISPATCHIS_202609232200_20260923213139.zip
2026-09-23 22:00:00,2026092336,1,SA1,61,44.33068,0,1265.06,0,PUBLIC_PREDISPATCHIS_202609232200_20260923213139.zip
2026-09-23 22:00:00,2026092336,1,TAS1,01,104.24948,0,1164.0,0,PUBLIC_PREDISPATCHIS_202609232200_20260923213139.zip
2026-09-23 22:00:00,2026092336,1,TAS1,02,110.62077,0,1125.0,0,PUBLIC_PREDISPATCHIS_202609232200_20260923213139.zip
2026-09-23 22:00:00,2026092336,1,TAS1,03,103.01475,0,1086.0,0,PUBLIC_PREDISPATCHIS_202609232200_20260923213139.zip
2026-09-23 22:00:00,2026092336,1,TAS1,04,97.24347,0,1056.0,0,PUBLIC_PREDISPATCHIS_202609232200_20260923213139.zip
2026-09-23 22:00:00,2026092336,1,TAS1,05,89.66582,0,1031.0,0,PUBLIC_PREDISPATCHIS_202609232200_20260923213139.zip
2026-09-23 22:00:00,2026092336,1,TAS1,06,92.61008,0,1011.0,0,PUBLIC_PREDISPATCHIS_202609232200_20260923213139.zip
2026-09-23 22:00:00,2026092336,1,TAS1,07,88.50812,0,993.0,0,PUBLIC_PREDISPATCHIS_202609232200_20260923213139.zip
2026-09-23 22:00:00,2026092336,1,TAS1,08,88.22,0,981.0,0,PUBLIC_PREDISPATCHIS_202609232200_20260923213139.zip
2026-09-23 22:00:00,2026092336,1,TAS1,09,88.2,0,968.0,0,PUBLIC_PREDISPATCHIS_202609232200_20260923213139.zip
2026-09-23 22:00:00,2026092336,1,TAS1,10,88.2,0,962.0,0,PUBLIC_PREDISPATCHIS_202609232200_20260923213139.zip
2026-09-23 22:00:00,2026092336,1,TAS1,11,79.95833,0,963.0,0,PUBLIC_PREDISPATCHIS_202609232200_20260923213139.zip
2026-09-23 22:00:00,2026092336,1,TAS1,12,73.49821,0,965.0,0,PUBLIC_PREDISPATCHIS_202609232200_20260923213139.zip
2026-09-23 22:00:00,2026092336,1,TAS1,13,71.74148,0,966.0,0,PUBLIC_PREDISPATCHIS_202609232200_20260923213139.zip
2026-09-23 22:00:00,2026092336,1,TAS1,14,66.46212,0,976.0,0,PUBLIC_PREDISPATCHIS_202609232200_20260923213139.zip
2026-09-23 22:00:00,2026092336,1,TAS1,15,50.12,0,991.0,0,PUBLIC_PREDISPATCHIS_202609232200_20260923213139.zip
2026-09-23 22:00:00,2026092336,1,TAS1,16,76.18,0,1020.0,0,PUBLIC_PREDISPATCHIS_202609232200_20260923213139.zip
2026-09-23 22:00:00,2026092336,1,TAS1,17,78.87489,0,1060.0,0,PUBLIC_PREDISPATCHIS_202609232200_20260923213139.zip
2026-09-23 22:00:00,2026092336,1,TAS1,18,84.18041,0,1119.0,0,PUBLIC_PREDISPATCHIS_202609232200_20260923213139.zip
2026-09-23 22:00:00,2026092336,1,TAS1,19,43.04751,0,1162.0,0,PUBLIC_PREDISPATCHIS_202609232200_20260923213139.zip
2026-09-23 22:00:00,2026092336,1,TAS1,20,11.75897,0,1172.0,0,PUBLIC_PREDISPATCHIS_202609232200_20260923213139.zip
2026-09-23 22:00:00,2026092336,1,TAS1,21,11.72734,0,1158.0,0,PUBLIC_PREDISPATCHIS_202609232200_20260923213139.zip
2026-09-23 22:00:00,2026092336,1,TAS1,22,0.01133,0,1114.0,0,PUBLIC_PREDISPATCHIS_202609232200_20260923213139.zip
2026-09-23 22:00:00,2026092336,1,TAS1,23,-0.58828,0,1060.0,0,PUBLIC_PREDISPATCHIS_202609232200_20260923213139.zip
2026-09-23 22:00:00,2026092336,1,TAS1,24,-0.58666,0,1006.0,0,PUBLIC_PREDISPATCHIS_202609232200_20260923213139.zip
2026-09-23 22:00:00,2026092336,1,TAS1,25,-7.10757,0,964.0,0,PUBLIC_PREDISPATCHIS_202609232200_20260923213139.zip
2026-09-23 22:00:00,2026092336,1,TAS1,26,-8.3195,0,927.0,0,PUBLIC_PREDISPATCHIS_202609232200_20260923213139.zip
2026-09-23 22:00:00,2026092336,1,TAS1,27,-11.79449,0,900.0,0,PUBLIC_PREDISPATCHIS_202609232200_20260923213139.zip
2026-09-23 22:00:00,2026092336,1,TAS1,28,-8.32264,0,877.0,0,PUBLIC_PREDISPATCHIS_202609232200_20260923213139.zip
2026-09-23 22:00:00,2026092336,1,TAS1,29,-5.19553,0,859.0,0,PUBLIC_PREDISPATCHIS_202609232200_20260923213139.zip
2026-09-23 22:00:00,2026092336,1,TAS1,30,-7.07725,0,841.0,0,PUBLIC_PREDISPATCHIS_202609232200_20260923213139.zip
2026-09-23 22:00:00,2026092336,1,TAS1,31,-7.2269,0,832.0,0,PUBLIC_PREDISPATCHIS_202609232200_20260923213139.zip
2026-09-23 22:00:00,2026092336,1,TAS1,32,-8.31111,0,840.0,0,PUBLIC_PREDISPATCHIS_202609232200_20260923213139.zip
2026-09-23 22:00:00,2026092336,1,TAS1,33,-8.36133,0,852.0,0,PUBLIC_PREDISPATCHIS_202609232200_20260923213139.zip
2026-09-23 22:00:00,2026092336,1,TAS1,34,-5.22373,0,873.0,0,PUBLIC_PREDISPATCHIS_202609232200_20260923213139.zip
2026-09-23 22:00:00,2026092336,1,TAS1,35,0.00023,0,890.0,0,PUBLIC_PREDISPATCHIS_202609232200_20260923213139.zip
2026-09-23 22:00:00,2026092336,1,TAS1,36,1.25158,0,912.0,0,PUBLIC_PREDISPATCHIS_202609232200_20260923213139.zip
2026-09-23 22:00:00,2026092336,1,TAS1,37,13.04214,0,943.0,0,PUBLIC_PREDISPATCHIS_202609232200_20260923213139.zip
2026-09-23 22:00:00,2026092336,1,TAS1,38,42.72218,0,977.0,0,PUBLIC_PREDISPATCHIS_202609232200_20260923213139.zip
2026-09-23 22:00:00,2026092336,1,TAS1,39,88.2,0,1018.0,0,PUBLIC_PREDISPATCHIS_202609232200_20260923213139.zip
2026-09-23 22:00:00,2026092336,1,TAS1,40,99.76974,0,1068.0,0,PUBLIC_PREDISPATCHIS_202609232200_20260923213139.zip
2026-09-23 22:00:00,2026092336,1,TAS1,41,105.84227,0,1119.0,0,PUBLIC_PREDISPATCHIS_202609232200_20260923213139.zip
2026-09-23 22:00:00,2026092336,1,TAS1,42,190.06675,0,1156.0,0,PUBLIC_PREDISPATCHIS_202609232200_20260923213139.zip
2026-09-23 22:00:00,2026092336,1,TAS1,43,147.24599,0,1177.0,0,PUBLIC_PREDISPATCHIS_202609232200_20260923213139.zip
2026-09-23 22:00:00,2026092336,1,TAS1,44,120.16,0,1171.0,0,PUBLIC_PREDISPATCHIS_202609232200_20260923213139.zip
2026-09-23 22:00:00,2026092336,1,TAS1,45,121.22192,0,1157.0,0,PUBLIC_PREDISPATCHIS_202609232200_20260923213139.zip
2026-09-23 22:00:00,2026092336,1,TAS1,46,120.99603,0,1141.0,0,PUBLIC_PREDISPATCHIS_202609232200_20260923213139.zip
2026-09-23 22:00:00,2026092336,1,TAS1,47,121.66338,0,1108.0,0,PUBLIC_PREDISPATCHIS_202609232200_20260923213139.zip
2026-09-23 22:00:00,2026092336,1,TAS1,48,97.63004,0,1082.0,0,PUBLIC_PREDISPATCHIS_202609232200_20260923213139.zip
2026-09-23 22:00:00,2026092336,1,TAS1,49,89.7453,0,1065.0,0,PUBLIC_PREDISPATCHIS_202609232200_20260923213139.zip
2026-09-23 22:00:00,2026092336,1,TAS1,50,91.23839,0,1037.0,0,PUBLIC_PREDISPATCHIS_202609232200_20260923213139.zip
2026-09-23 22:00:00,2026092336,1,TAS1,51,75.22,0,1006.0,0,PUBLIC_PREDISPATCHIS_202609232200_20260923213139.zip
2026-09-23 22:00:00,2026092336,1,TAS1,52,88.2,0,980.0,0,PUBLIC_PREDISPATCHIS_202609232200_20260923213139.zip
2026-09-23 22:00:00,2026092336,1,TAS1,53,76.09823,0,960.0,0,PUBLIC_PREDISPATCHIS_202609232200_20260923213139.zip
2026-09-23 22:00:00,2026092336,1,TAS1,54,77.65965,0,950.0,0,PUBLIC_PREDISPATCHIS_202609232200_20260923213139.zip
2026-09-23 22:00:00,2026092336,1,TAS1,55,88.19,0,939.0,0,PUBLIC_PREDISPATCHIS_202609232200_20260923213139.zip
2026-09-23 22:00:00,2026092336,1,TAS1,56,73.76869,0,940.0,0,PUBLIC_PREDISPATCHIS_202609232200_20260923213139.zip
2026-09-23 22:00:00,2026092336,1,TAS1,57,73.07052,0,937.0,0,PUBLIC_PREDISPATCHIS_202609232200_20260923213139.zip
2026-09-23 22:00:00,2026092336,1,TAS1,58,76.01368,0,939.0,0,PUBLIC_PREDISPATCHIS_202609232200_20260923213139.zip
2026-09-23 22:00:00,2026092336,1,TAS1,59,74.24836,0,946.0,0,PUBLIC_PREDISPATCHIS_202609232200_20260923213139.zip
2026-09-23 22:00:00,2026092336,1,TAS1,60,42.62272,0,955.0,0,PUBLIC_PREDISPATCHIS_202609232200_20260923213139.zip
2026-09-23 22:00:00,2026092336,1,TAS1,61,36.52395,0,961.0,0,PUBLIC_PREDISPATCHIS_202609232200_20260923213139.zip
2026-09-23 22:00:00,2026092336,1,VIC1,01,110.5,0,5775.21,0,PUBLIC_PREDISPATCHIS_202609232200_20260923213139.zip
2026-09-23 22:00:00,2026092336,1,VIC1,02,117.58402,0,5580.45,0,PUBLIC_PREDISPATCHIS_202609232200_20260923213139.zip
2026-09-23 22:00:00,2026092336,1,VIC1,03,110.50004,0,5441.23,0,PUBLIC_PREDISPATCHIS_202609232200_20260923213139.zip
2026-09-23 22:00:00,2026092336,1,VIC1,04,104.96309,0,5417.84,0,PUBLIC_PREDISPATCHIS_202609232200_20260923213139.zip
2026-09-23 22:00:00,2026092336,1,VIC1,05,97.37831,0,5310.41,0,PUBLIC_PREDISPATCHIS_202609232200_20260923213139.zip
2026-09-23 22:00:00,2026092336,1,VIC1,06,100.87111,0,5162.52,0,PUBLIC_PREDISPATCHIS_202609232200_20260923213139.zip
2026-09-23 22:00:00,2026092336,1,VIC1,07,94.8917,0,4997.91,0,PUBLIC_PREDISPATCHIS_202609232200_20260923213139.zip
2026-09-23 22:00:00,2026092336,1,VIC1,08,94.26837,0,4841.74,0,PUBLIC_PREDISPATCHIS_202609232200_20260923213139.zip
2026-09-23 22:00:00,2026092336,1,VIC1,09,90.86954,0,4686.67,0,PUBLIC_PREDISPATCHIS_202609232200_20260923213139.zip
2026-09-23 22:00:00,2026092336,1,VIC1,10,90.3505,0,4580.62,0,PUBLIC_PREDISPATCHIS_202609232200_20260923213139.zip
2026-09-23 22:00:00,2026092336,1,VIC1,11,81.14821,0,4488.39,0,PUBLIC_PREDISPATCHIS_202609232200_20260923213139.zip
2026-09-23 22:00:00,2026092336,1,VIC1,12,74.5863,0,4436.0,0,PUBLIC_PREDISPATCHIS_202609232200_20260923213139.zip
2026-09-23 22:00:00,2026092336,1,VIC1,13,72.80311,0,4424.18,0,PUBLIC_PREDISPATCHIS_202609232200_20260923213139.zip
2026-09-23 22:00:00,2026092336,1,VIC1,14,65.86,0,4449.05,0,PUBLIC_PREDISPATCHIS_202609232200_20260923213139.zip
2026-09-23 22:00:00,2026092336,1,VIC1,15,31.8745,0,4539.23,0,PUBLIC_PREDISPATCHIS_202609232200_20260923213139.zip
2026-09-23 22:00:00,2026092336,1,VIC1,16,76.01135,0,4788.07,0,PUBLIC_PREDISPATCHIS_202609232200_20260923213139.zip
2026-09-23 22:00:00,2026092336,1,VIC1,17,78.27305,0,5038.21,0,PUBLIC_PREDISPATCHIS_202609232200_20260923213139.zip
2026-09-23 22:00:00,2026092336,1,VIC1,18,82.77325,0,5320.9,0,PUBLIC_PREDISPATCHIS_202609232200_20260923213139.zip
2026-09-23 22:00:00,2026092336,1,VIC1,19,41.27412,0,5492.85,0,PUBLIC_PREDISPATCHIS_202609232200_20260923213139.zip
2026-09-23 22:00:00,2026092336,1,VIC1,20,10.5,0,5463.13,0,PUBLIC_PREDISPATCHIS_202609232200_20260923213139.zip
2026-09-23 22:00:00,2026092336,1,VIC1,21,10.5,0,5291.45,0,PUBLIC_PREDISPATCHIS_202609232200_20260923213139.zip
2026-09-23 22:00:00,2026092336,1,VIC1,22,0.01079,0,5034.27,0,PUBLIC_PREDISPATCHIS_202609232200_20260923213139.zip
2026-09-23 22:00:00,2026092336,1,VIC1,23,-0.56,0,4712.53,0,PUBLIC_PREDISPATCHIS_202609232200_20260923213139.zip
2026-09-23 22:00:00,2026092336,1,VIC1,24,-0.56,0,4400.98,0,PUBLIC_PREDISPATCHIS_202609232200_20260923213139.zip
2026-09-23 22:00:00,2026092336,1,VIC1,25,-6.78208,0,4100.92,0,PUBLIC_PREDISPATCHIS_202609232200_20260923213139.zip
2026-09-23 22:00:00,2026092336,1,VIC1,26,-8.01,0,3771.98,0,PUBLIC_PREDISPATCHIS_202609232200_20260923213139.zip
2026-09-23 22:00:00,2026092336,1,VIC1,27,-11.28154,0,3546.14,0,PUBLIC_PREDISPATCHIS_202609232200_20260923213139.zip
2026-09-23 22:00:00,2026092336,1,VIC1,28,-8.01,0,3449.57,0,PUBLIC_PREDISPATCHIS_202609232200_20260923213139.zip
2026-09-23 22:00:00,2026092336,1,VIC1,29,-5.0,0,3377.41,0,PUBLIC_PREDISPATCHIS_202609232200_20260923213139.zip
2026-09-23 22:00:00,2026092336,1,VIC1,30,-6.81139,0,3388.7,0,PUBLIC_PREDISPATCHIS_202609232200_20260923213139.zip
2026-09-23 22:00:00,2026092336,1,VIC1,31,-6.95591,0,3423.49,0,PUBLIC_PREDISPATCHIS_202609232200_20260923213139.zip
2026-09-23 22:00:00,2026092336,1,VIC1,32,-8.0,0,3479.16,0,PUBLIC_PREDISPATCHIS_202609232200_20260923213139.zip
2026-09-23 22:00:00,2026092336,1,VIC1,33,-8.0,0,3654.63,0,PUBLIC_PREDISPATCHIS_202609232200_20260923213139.zip
2026-09-23 22:00:00,2026092336,1,VIC1,34,-5.0,0,3942.16,0,PUBLIC_PREDISPATCHIS_202609232200_20260923213139.zip
2026-09-23 22:00:00,2026092336,1,VIC1,35,0.00022,0,4274.58,0,PUBLIC_PREDISPATCHIS_202609232200_20260923213139.zip
2026-09-23 22:00:00,2026092336,1,VIC1,36,1.19918,0,4636.1,0,PUBLIC_PREDISPATCHIS_202609232200_20260923213139.zip
2026-09-23 22:00:00,2026092336,1,VIC1,37,12.5,0,4887.55,0,PUBLIC_PREDISPATCHIS_202609232200_20260923213139.zip
2026-09-23 22:00:00,2026092336,1,VIC1,38,41.61597,0,5228.16,0,PUBLIC_PREDISPATCHIS_202609232200_20260923213139.zip
2026-09-23 22:00:00,2026092336,1,VIC1,39,85.31407,0,5608.99,0,PUBLIC_PREDISPATCHIS_202609232200_20260923213139.zip
2026-09-23 22:00:00,2026092336,1,VIC1,40,109.83298,0,5924.43,0,PUBLIC_PREDISPATCHIS_202609232200_20260923213139.zip
2026-09-23 22:00:00,2026092336,1,VIC1,41,117.67216,0,6145.97,0,PUBLIC_PREDISPATCHIS_202609232200_20260923213139.zip
2026-09-23 22:00:00,2026092336,1,VIC1,42,213.44001,0,6280.03,0,PUBLIC_PREDISPATCHIS_202609232200_20260923213139.zip
2026-09-23 22:00:00,2026092336,1,VIC1,43,165.37,0,6354.88,0,PUBLIC_PREDISPATCHIS_202609232200_20260923213139.zip
2026-09-23 22:00:00,2026092336,1,VIC1,44,134.45827,0,6254.81,0,PUBLIC_PREDISPATCHIS_202609232200_20260923213139.zip
2026-09-23 22:00:00,2026092336,1,VIC1,45,136.07393,0,6076.86,0,PUBLIC_PREDISPATCHIS_202609232200_20260923213139.zip
2026-09-23 22:00:00,2026092336,1,VIC1,46,135.79662,0,5949.94,0,PUBLIC_PREDISPATCHIS_202609232200_20260923213139.zip
2026-09-23 22:00:00,2026092336,1,VIC1,47,137.02925,0,5828.13,0,PUBLIC_PREDISPATCHIS_202609232200_20260923213139.zip
2026-09-23 22:00:00,2026092336,1,VIC1,48,109.5349,0,5663.92,0,PUBLIC_PREDISPATCHIS_202609232200_20260923213139.zip
2026-09-23 22:00:00,2026092336,1,VIC1,49,100.66378,0,5483.04,0,PUBLIC_PREDISPATCHIS_202609232200_20260923213139.zip
2026-09-23 22:00:00,2026092336,1,VIC1,50,102.31683,0,5317.26,0,PUBLIC_PREDISPATCHIS_202609232200_20260923213139.zip
2026-09-23 22:00:00,2026092336,1,VIC1,51,84.2357,0,5183.69,0,PUBLIC_PREDISPATCHIS_202609232200_20260923213139.zip
2026-09-23 22:00:00,2026092336,1,VIC1,52,96.08654,0,5172.76,0,PUBLIC_PREDISPATCHIS_202609232200_20260923213139.zip
2026-09-23 22:00:00,2026092336,1,VIC1,53,79.40306,0,5069.84,0,PUBLIC_PREDISPATCHIS_202609232200_20260923213139.zip
2026-09-23 22:00:00,2026092336,1,VIC1,54,80.77032,0,4931.09,0,PUBLIC_PREDISPATCHIS_202609232200_20260923213139.zip
2026-09-23 22:00:00,2026092336,1,VIC1,55,32.27917,0,4755.15,0,PUBLIC_PREDISPATCHIS_202609232200_20260923213139.zip
2026-09-23 22:00:00,2026092336,1,VIC1,56,64.42267,0,4616.17,0,PUBLIC_PREDISPATCHIS_202609232200_20260923213139.zip
2026-09-23 22:00:00,2026092336,1,VIC1,57,66.12285,0,4482.81,0,PUBLIC_PREDISPATCHIS_202609232200_20260923213139.zip
2026-09-23 22:00:00,2026092336,1,VIC1,58,70.58862,0,4371.8,0,PUBLIC_PREDISPATCHIS_202609232200_20260923213139.zip
2026-09-23 22:00:00,2026092336,1,VIC1,59,67.39903,0,4278.81,0,PUBLIC_PREDISPATCHIS_202609232200_20260923213139.zip
2026-09-23 22:00:00,2026092336,1,VIC1,60,16.86,0,4223.55,0,PUBLIC_PREDISPATCHIS_202609232200_20260923213139.zip
2026-09-23 22:00:00,2026092336,1,VIC1,61,10.65,0,4181.83,0,PUBLIC_PREDISPATCHIS_202609232200_20260923213139.zip
2026-09-23 22:30:00,2026092337,1,NSW1,01,118.73356,0,7952.09,0,PUBLIC_PREDISPATCHIS_202609232230_20260923220154.zip
2026-09-23 22:30:00,2026092337,1,NSW1,02,119.01,0,7821.81,0,PUBLIC_PREDISPATCHIS_202609232230_20260923220154.zip
2026-09-23 22:30:00,2026092337,1,NSW1,03,119.01,0,7683.97,0,PUBLIC_PREDISPATCHIS_202609232230_20260923220154.zip
2026-09-23 22:30:00,2026092337,1,NSW1,04,107.2743,0,7542.39,0,PUBLIC_PREDISPATCHIS_202609232230_20260923220154.zip
2026-09-23 22:30:00,2026092337,1,NSW1,05,119.01,0,7422.67,0,PUBLIC_PREDISPATCHIS_202609232230_20260923220154.zip
2026-09-23 22:30:00,2026092337,1,NSW1,06,98.11595,0,7302.23,0,PUBLIC_PREDISPATCHIS_202609232230_20260923220154.zip
2026-09-23 22:30:00,2026092337,1,NSW1,07,96.99,0,7148.01,0,PUBLIC_PREDISPATCHIS_202609232230_20260923220154.zip
2026-09-23 22:30:00,2026092337,1,NSW1,08,96.01725,0,6961.19,0,PUBLIC_PREDISPATCHIS_202609232230_20260923220154.zip
2026-09-23 22:30:00,2026092337,1,NSW1,09,97.63005,0,6812.77,0,PUBLIC_PREDISPATCHIS_202609232230_20260923220154.zip
2026-09-23 22:30:00,2026092337,1,NSW1,10,90.0,0,6687.49,0,PUBLIC_PREDISPATCHIS_202609232230_20260923220154.zip
2026-09-23 22:30:00,2026092337,1,NSW1,11,83.99,0,6629.21,0,PUBLIC_PREDISPATCHIS_202609232230_20260923220154.zip
2026-09-23 22:30:00,2026092337,1,NSW1,12,81.35774,0,6584.92,0,PUBLIC_PREDISPATCHIS_202609232230_20260923220154.zip
2026-09-23 22:30:00,2026092337,1,NSW1,13,76.12672,0,6618.76,0,PUBLIC_PREDISPATCHIS_202609232230_20260923220154.zip
2026-09-23 22:30:00,2026092337,1,NSW1,14,77.52597,0,6713.35,0,PUBLIC_PREDISPATCHIS_202609232230_20260923220154.zip
2026-09-23 22:30:00,2026092337,1,NSW1,15,86.12323,0,6912.71,0,PUBLIC_PREDISPATCHIS_202609232230_20260923220154.zip
2026-09-23 22:30:00,2026092337,1,NSW1,16,86.61931,0,7152.16,0,PUBLIC_PREDISPATCHIS_202609232230_20260923220154.zip
2026-09-23 22:30:00,2026092337,1,NSW1,17,93.36319,0,7309.6,0,PUBLIC_PREDISPATCHIS_202609232230_20260923220154.zip
2026-09-23 22:30:00,2026092337,1,NSW1,18,61.68887,0,7316.87,0,PUBLIC_PREDISPATCHIS_202609232230_20260923220154.zip
2026-09-23 22:30:00,2026092337,1,NSW1,19,49.46337,0,7154.02,0,PUBLIC_PREDISPATCHIS_202609232230_20260923220154.zip
2026-09-23 22:30:00,2026092337,1,NSW1,20,48.41254,0,6888.38,0,PUBLIC_PREDISPATCHIS_202609232230_20260923220154.zip
2026-09-23 22:30:00,2026092337,1,NSW1,21,42.80005,0,6537.93,0,PUBLIC_PREDISPATCHIS_202609232230_20260923220154.zip
2026-09-23 22:30:00,2026092337,1,NSW1,22,52.21,0,6085.15,0,PUBLIC_PREDISPATCHIS_202609232230_20260923220154.zip
2026-09-23 22:30:00,2026092337,1,NSW1,23,46.45,0,5766.73,0,PUBLIC_PREDISPATCHIS_202609232230_20260923220154.zip
2026-09-23 22:30:00,2026092337,1,NSW1,24,52.21,0,5557.07,0,PUBLIC_PREDISPATCHIS_202609232230_20260923220154.zip
2026-09-23 22:30:00,2026092337,1,NSW1,25,42.54,0,5399.26,0,PUBLIC_PREDISPATCHIS_202609232230_20260923220154.zip
2026-09-23 22:30:00,2026092337,1,NSW1,26,42.94,0,5231.99,0,PUBLIC_PREDISPATCHIS_202609232230_20260923220154.zip
2026-09-23 22:30:00,2026092337,1,NSW1,27,42.79992,0,5050.7,0,PUBLIC_PREDISPATCHIS_202609232230_20260923220154.zip
2026-09-23 22:30:00,2026092337,1,NSW1,28,48.61426,0,4896.19,0,PUBLIC_PREDISPATCHIS_202609232230_20260923220154.zip
2026-09-23 22:30:00,2026092337,1,NSW1,29,54.51345,0,4764.77,0,PUBLIC_PREDISPATCHIS_202609232230_20260923220154.zip
2026-09-23 22:30:00,2026092337,1,NSW1,30,52.23725,0,4795.14,0,PUBLIC_PREDISPATCHIS_202609232230_20260923220154.zip
2026-09-23 22:30:00,2026092337,1,NSW1,31,52.17102,0,4913.92,0,PUBLIC_PREDISPATCHIS_202609232230_20260923220154.zip
2026-09-23 22:30:00,2026092337,1,NSW1,32,41.18843,0,5114.93,0,PUBLIC_PREDISPATCHIS_202609232230_20260923220154.zip
2026-09-23 22:30:00,2026092337,1,NSW1,33,40.88476,0,5362.98,0,PUBLIC_PREDISPATCHIS_202609232230_20260923220154.zip
2026-09-23 22:30:00,2026092337,1,NSW1,34,42.54,0,5771.21,0,PUBLIC_PREDISPATCHIS_202609232230_20260923220154.zip
2026-09-23 22:30:00,2026092337,1,NSW1,35,42.8001,0,6237.58,0,PUBLIC_PREDISPATCHIS_202609232230_20260923220154.zip
2026-09-23 22:30:00,2026092337,1,NSW1,36,42.54,0,6848.35,0,PUBLIC_PREDISPATCHIS_202609232230_20260923220154.zip
2026-09-23 22:30:00,2026092337,1,NSW1,37,55.13763,0,7415.99,0,PUBLIC_PREDISPATCHIS_202609232230_20260923220154.zip
2026-09-23 22:30:00,2026092337,1,NSW1,38,86.45837,0,7979.28,0,PUBLIC_PREDISPATCHIS_202609232230_20260923220154.zip
2026-09-23 22:30:00,2026092337,1,NSW1,39,114.54,0,8326.41,0,PUBLIC_PREDISPATCHIS_202609232230_20260923220154.zip
2026-09-23 22:30:00,2026092337,1,NSW1,40,125.86605,0,8675.67,0,PUBLIC_PREDISPATCHIS_202609232230_20260923220154.zip
2026-09-23 22:30:00,2026092337,1,NSW1,41,142.70401,0,8861.63,0,PUBLIC_PREDISPATCHIS_202609232230_20260923220154.zip
2026-09-23 22:30:00,2026092337,1,NSW1,42,144.66048,0,8886.71,0,PUBLIC_PREDISPATCHIS_202609232230_20260923220154.zip
2026-09-23 22:30:00,2026092337,1,NSW1,43,167.5,0,8731.75,0,PUBLIC_PREDISPATCHIS_202609232230_20260923220154.zip
2026-09-23 22:30:00,2026092337,1,NSW1,44,136.21627,0,8550.27,0,PUBLIC_PREDISPATCHIS_202609232230_20260923220154.zip
2026-09-23 22:30:00,2026092337,1,NSW1,45,128.44849,0,8394.65,0,PUBLIC_PREDISPATCHIS_202609232230_20260923220154.zip
2026-09-23 22:30:00,2026092337,1,NSW1,46,125.98584,0,8252.5,0,PUBLIC_PREDISPATCHIS_202609232230_20260923220154.zip
2026-09-23 22:30:00,2026092337,1,NSW1,47,119.01,0,8076.4,0,PUBLIC_PREDISPATCHIS_202609232230_20260923220154.zip
2026-09-23 22:30:00,2026092337,1,NSW1,48,96.99,0,7879.45,0,PUBLIC_PREDISPATCHIS_202609232230_20260923220154.zip
2026-09-23 22:30:00,2026092337,1,NSW1,49,114.65206,0,7777.93,0,PUBLIC_PREDISPATCHIS_202609232230_20260923220154.zip
2026-09-23 22:30:00,2026092337,1,NSW1,50,96.99,0,7657.27,0,PUBLIC_PREDISPATCHIS_202609232230_20260923220154.zip
2026-09-23 22:30:00,2026092337,1,NSW1,51,96.99,0,7511.55,0,PUBLIC_PREDISPATCHIS_202609232230_20260923220154.zip
2026-09-23 22:30:00,2026092337,1,NSW1,52,90.0,0,7358.27,0,PUBLIC_PREDISPATCHIS_202609232230_20260923220154.zip
2026-09-23 22:30:00,2026092337,1,NSW1,53,96.99,0,7231.28,0,PUBLIC_PREDISPATCHIS_202609232230_20260923220154.zip
2026-09-23 22:30:00,2026092337,1,NSW1,54,92.17451,0,7084.84,0,PUBLIC_PREDISPATCHIS_202609232230_20260923220154.zip
2026-09-23 22:30:00,2026092337,1,NSW1,55,90.0,0,6929.2,0,PUBLIC_PREDISPATCHIS_202609232230_20260923220154.zip
2026-09-23 22:30:00,2026092337,1,NSW1,56,86.41712,0,6749.79,0,PUBLIC_PREDISPATCHIS_202609232230_20260923220154.zip
2026-09-23 22:30:00,2026092337,1,NSW1,57,86.52393,0,6609.57,0,PUBLIC_PREDISPATCHIS_202609232230_20260923220154.zip
2026-09-23 22:30:00,2026092337,1,NSW1,58,87.6085,0,6492.35,0,PUBLIC_PREDISPATCHIS_202609232230_20260923220154.zip
2026-09-23 22:30:00,2026092337,1,NSW1,59,84.79,0,6435.13,0,PUBLIC_PREDISPATCHIS_202609232230_20260923220154.zip
2026-09-23 22:30:00,2026092337,1,NSW1,60,83.99,0,6396.63,0,PUBLIC_PREDISPATCHIS_202609232230_20260923220154.zip
2026-09-23 22:30:00,2026092337,1,QLD1,01,101.9935,0,6466.75,0,PUBLIC_PREDISPATCHIS_202609232230_20260923220154.zip
2026-09-23 22:30:00,2026092337,1,QLD1,02,101.29038,0,6235.71,0,PUBLIC_PREDISPATCHIS_202609232230_20260923220154.zip
2026-09-23 22:30:00,2026092337,1,QLD1,03,99.77346,0,6029.06,0,PUBLIC_PREDISPATCHIS_202609232230_20260923220154.zip
2026-09-23 22:30:00,2026092337,1,QLD1,04,85.25,0,5918.4,0,PUBLIC_PREDISPATCHIS_202609232230_20260923220154.zip
2026-09-23 22:30:00,2026092337,1,QLD1,05,85.25,0,5789.41,0,PUBLIC_PREDISPATCHIS_202609232230_20260923220154.zip
2026-09-23 22:30:00,2026092337,1,QLD1,06,81.35,0,5648.42,0,PUBLIC_PREDISPATCHIS_202609232230_20260923220154.zip
2026-09-23 22:30:00,2026092337,1,QLD1,07,80.34215,0,5565.3,0,PUBLIC_PREDISPATCHIS_202609232230_20260923220154.zip
2026-09-23 22:30:00,2026092337,1,QLD1,08,80.51386,0,5520.83,0,PUBLIC_PREDISPATCHIS_202609232230_20260923220154.zip
2026-09-23 22:30:00,2026092337,1,QLD1,09,82.75,0,5502.11,0,PUBLIC_PREDISPATCHIS_202609232230_20260923220154.zip
2026-09-23 22:30:00,2026092337,1,QLD1,10,76.90357,0,5501.75,0,PUBLIC_PREDISPATCHIS_202609232230_20260923220154.zip
2026-09-23 22:30:00,2026092337,1,QLD1,11,72.69853,0,5518.84,0,PUBLIC_PREDISPATCHIS_202609232230_20260923220154.zip
2026-09-23 22:30:00,2026092337,1,QLD1,12,70.89339,0,5548.22,0,PUBLIC_PREDISPATCHIS_202609232230_20260923220154.zip
2026-09-23 22:30:00,2026092337,1,QLD1,13,67.83889,0,5614.81,0,PUBLIC_PREDISPATCHIS_202609232230_20260923220154.zip
2026-09-23 22:30:00,2026092337,1,QLD1,14,69.88,0,5723.98,0,PUBLIC_PREDISPATCHIS_202609232230_20260923220154.zip
2026-09-23 22:30:00,2026092337,1,QLD1,15,78.26893,0,5879.93,0,PUBLIC_PREDISPATCHIS_202609232230_20260923220154.zip
2026-09-23 22:30:00,2026092337,1,QLD1,16,78.34172,0,6011.77,0,PUBLIC_PREDISPATCHIS_202609232230_20260923220154.zip
2026-09-23 22:30:00,2026092337,1,QLD1,17,83.97974,0,6086.98,0,PUBLIC_PREDISPATCHIS_202609232230_20260923220154.zip
2026-09-23 22:30:00,2026092337,1,QLD1,18,54.75,0,6032.43,0,PUBLIC_PREDISPATCHIS_202609232230_20260923220154.zip
2026-09-23 22:30:00,2026092337,1,QLD1,19,45.82,0,5885.0,0,PUBLIC_PREDISPATCHIS_202609232230_20260923220154.zip
2026-09-23 22:30:00,2026092337,1,QLD1,20,45.82,0,5575.16,0,PUBLIC_PREDISPATCHIS_202609232230_20260923220154.zip
2026-09-23 22:30:00,2026092337,1,QLD1,21,39.58385,0,5261.52,0,PUBLIC_PREDISPATCHIS_202609232230_20260923220154.zip
2026-09-23 22:30:00,2026092337,1,QLD1,22,45.7,0,4972.26,0,PUBLIC_PREDISPATCHIS_202609232230_20260923220154.zip
2026-09-23 22:30:00,2026092337,1,QLD1,23,42.69178,0,4725.17,0,PUBLIC_PREDISPATCHIS_202609232230_20260923220154.zip
2026-09-23 22:30:00,2026092337,1,QLD1,24,43.01,0,4532.75,0,PUBLIC_PREDISPATCHIS_202609232230_20260923220154.zip
2026-09-23 22:30:00,2026092337,1,QLD1,25,35.95217,0,4366.18,0,PUBLIC_PREDISPATCHIS_202609232230_20260923220154.zip
2026-09-23 22:30:00,2026092337,1,QLD1,26,27.01,0,4249.28,0,PUBLIC_PREDISPATCHIS_202609232230_20260923220154.zip
2026-09-23 22:30:00,2026092337,1,QLD1,27,26.75,0,4287.28,0,PUBLIC_PREDISPATCHIS_202609232230_20260923220154.zip
2026-09-23 22:30:00,2026092337,1,QLD1,28,26.75,0,4299.53,0,PUBLIC_PREDISPATCHIS_202609232230_20260923220154.zip
2026-09-23 22:30:00,2026092337,1,QLD1,29,45.7,0,4340.22,0,PUBLIC_PREDISPATCHIS_202609232230_20260923220154.zip
2026-09-23 22:30:00,2026092337,1,QLD1,30,45.7,0,4321.82,0,PUBLIC_PREDISPATCHIS_202609232230_20260923220154.zip
2026-09-23 22:30:00,2026092337,1,QLD1,31,45.69,0,4388.4,0,PUBLIC_PREDISPATCHIS_202609232230_20260923220154.zip
2026-09-23 22:30:00,2026092337,1,QLD1,32,35.69833,0,4506.3,0,PUBLIC_PREDISPATCHIS_202609232230_20260923220154.zip
2026-09-23 22:30:00,2026092337,1,QLD1,33,35.95217,0,4723.05,0,PUBLIC_PREDISPATCHIS_202609232230_20260923220154.zip
2026-09-23 22:30:00,2026092337,1,QLD1,34,38.75141,0,5015.63,0,PUBLIC_PREDISPATCHIS_202609232230_20260923220154.zip
2026-09-23 22:30:00,2026092337,1,QLD1,35,39.42579,0,5417.32,0,PUBLIC_PREDISPATCHIS_202609232230_20260923220154.zip
2026-09-23 22:30:00,2026092337,1,QLD1,36,40.1589,0,5863.37,0,PUBLIC_PREDISPATCHIS_202609232230_20260923220154.zip
2026-09-23 22:30:00,2026092337,1,QLD1,37,54.75,0,6332.08,0,PUBLIC_PREDISPATCHIS_202609232230_20260923220154.zip
2026-09-23 22:30:00,2026092337,1,QLD1,38,85.25,0,6806.88,0,PUBLIC_PREDISPATCHIS_202609232230_20260923220154.zip
2026-09-23 22:30:00,2026092337,1,QLD1,39,109.64273,0,7135.95,0,PUBLIC_PREDISPATCHIS_202609232230_20260923220154.zip
2026-09-23 22:30:00,2026092337,1,QLD1,40,121.12,0,7423.9,0,PUBLIC_PREDISPATCHIS_202609232230_20260923220154.zip
2026-09-23 22:30:00,2026092337,1,QLD1,41,130.69,0,7552.95,0,PUBLIC_PREDISPATCHIS_202609232230_20260923220154.zip
2026-09-23 22:30:00,2026092337,1,QLD1,42,131.59104,0,7515.42,0,PUBLIC_PREDISPATCHIS_202609232230_20260923220154.zip
2026-09-23 22:30:00,2026092337,1,QLD1,43,145.47199,0,7367.85,0,PUBLIC_PREDISPATCHIS_202609232230_20260923220154.zip
2026-09-23 22:30:00,2026092337,1,QLD1,44,122.66904,0,7198.83,0,PUBLIC_PREDISPATCHIS_202609232230_20260923220154.zip
2026-09-23 22:30:00,2026092337,1,QLD1,45,117.69,0,7065.4,0,PUBLIC_PREDISPATCHIS_202609232230_20260923220154.zip
2026-09-23 22:30:00,2026092337,1,QLD1,46,117.69,0,7079.04,0,PUBLIC_PREDISPATCHIS_202609232230_20260923220154.zip
2026-09-23 22:30:00,2026092337,1,QLD1,47,111.04073,0,6983.39,0,PUBLIC_PREDISPATCHIS_202609232230_20260923220154.zip
2026-09-23 22:30:00,2026092337,1,QLD1,48,91.46167,0,6810.28,0,PUBLIC_PREDISPATCHIS_202609232230_20260923220154.zip
2026-09-23 22:30:00,2026092337,1,QLD1,49,109.75,0,6575.73,0,PUBLIC_PREDISPATCHIS_202609232230_20260923220154.zip
2026-09-23 22:30:00,2026092337,1,QLD1,50,92.69577,0,6364.94,0,PUBLIC_PREDISPATCHIS_202609232230_20260923220154.zip
2026-09-23 22:30:00,2026092337,1,QLD1,51,92.8431,0,6192.41,0,PUBLIC_PREDISPATCHIS_202609232230_20260923220154.zip
2026-09-23 22:30:00,2026092337,1,QLD1,52,85.25,0,6073.12,0,PUBLIC_PREDISPATCHIS_202609232230_20260923220154.zip
2026-09-23 22:30:00,2026092337,1,QLD1,53,90.44169,0,5925.73,0,PUBLIC_PREDISPATCHIS_202609232230_20260923220154.zip
2026-09-23 22:30:00,2026092337,1,QLD1,54,85.25,0,5775.73,0,PUBLIC_PREDISPATCHIS_202609232230_20260923220154.zip
2026-09-23 22:30:00,2026092337,1,QLD1,55,83.14896,0,5683.27,0,PUBLIC_PREDISPATCHIS_202609232230_20260923220154.zip
2026-09-23 22:30:00,2026092337,1,QLD1,56,79.28049,0,5624.3,0,PUBLIC_PREDISPATCHIS_202609232230_20260923220154.zip
2026-09-23 22:30:00,2026092337,1,QLD1,57,79.28049,0,5584.28,0,PUBLIC_PREDISPATCHIS_202609232230_20260923220154.zip
2026-09-23 22:30:00,2026092337,1,QLD1,58,79.31936,0,5571.55,0,PUBLIC_PREDISPATCHIS_202609232230_20260923220154.zip
2026-09-23 22:30:00,2026092337,1,QLD1,59,77.75397,0,5567.93,0,PUBLIC_PREDISPATCHIS_202609232230_20260923220154.zip
2026-09-23 22:30:00,2026092337,1,QLD1,60,75.1032,0,5588.09,0,PUBLIC_PREDISPATCHIS_202609232230_20260923220154.zip
2026-09-23 22:30:00,2026092337,1,SA1,01,114.10752,0,1446.87,0,PUBLIC_PREDISPATCHIS_202609232230_20260923220154.zip
2026-09-23 22:30:00,2026092337,1,SA1,02,116.23035,0,1405.32,0,PUBLIC_PREDISPATCHIS_202609232230_20260923220154.zip
2026-09-23 22:30:00,2026092337,1,SA1,03,114.54102,0,1371.71,0,PUBLIC_PREDISPATCHIS_202609232230_20260923220154.zip
2026-09-23 22:30:00,2026092337,1,SA1,04,101.02,0,1377.89,0,PUBLIC_PREDISPATCHIS_202609232230_20260923220154.zip
2026-09-23 22:30:00,2026092337,1,SA1,05,120.3,0,1403.3,0,PUBLIC_PREDISPATCHIS_202609232230_20260923220154.zip
2026-09-23 22:30:00,2026092337,1,SA1,06,102.03993,0,1426.12,0,PUBLIC_PREDISPATCHIS_202609232230_20260923220154.zip
2026-09-23 22:30:00,2026092337,1,SA1,07,99.30231,0,1409.64,0,PUBLIC_PREDISPATCHIS_202609232230_20260923220154.zip
2026-09-23 22:30:00,2026092337,1,SA1,08,94.10162,0,1392.09,0,PUBLIC_PREDISPATCHIS_202609232230_20260923220154.zip
2026-09-23 22:30:00,2026092337,1,SA1,09,93.67342,0,1367.86,0,PUBLIC_PREDISPATCHIS_202609232230_20260923220154.zip
2026-09-23 22:30:00,2026092337,1,SA1,10,82.24206,0,1342.67,0,PUBLIC_PREDISPATCHIS_202609232230_20260923220154.zip
2026-09-23 22:30:00,2026092337,1,SA1,11,75.39813,0,1320.18,0,PUBLIC_PREDISPATCHIS_202609232230_20260923220154.zip
2026-09-23 22:30:00,2026092337,1,SA1,12,70.09008,0,1299.21,0,PUBLIC_PREDISPATCHIS_202609232230_20260923220154.zip
2026-09-23 22:30:00,2026092337,1,SA1,13,64.42585,0,1283.98,0,PUBLIC_PREDISPATCHIS_202609232230_20260923220154.zip
2026-09-23 22:30:00,2026092337,1,SA1,14,64.52276,0,1283.48,0,PUBLIC_PREDISPATCHIS_202609232230_20260923220154.zip
2026-09-23 22:30:00,2026092337,1,SA1,15,72.92171,0,1284.88,0,PUBLIC_PREDISPATCHIS_202609232230_20260923220154.zip
2026-09-23 22:30:00,2026092337,1,SA1,16,74.25909,0,1315.29,0,PUBLIC_PREDISPATCHIS_202609232230_20260923220154.zip
2026-09-23 22:30:00,2026092337,1,SA1,17,82.42526,0,1350.56,0,PUBLIC_PREDISPATCHIS_202609232230_20260923220154.zip
2026-09-23 22:30:00,2026092337,1,SA1,18,56.67153,0,1392.29,0,PUBLIC_PREDISPATCHIS_202609232230_20260923220154.zip
2026-09-23 22:30:00,2026092337,1,SA1,19,10.10573,0,1392.37,0,PUBLIC_PREDISPATCHIS_202609232230_20260923220154.zip
2026-09-23 22:30:00,2026092337,1,SA1,20,4.38295,0,1353.88,0,PUBLIC_PREDISPATCHIS_202609232230_20260923220154.zip
2026-09-23 22:30:00,2026092337,1,SA1,21,0.01093,0,1294.45,0,PUBLIC_PREDISPATCHIS_202609232230_20260923220154.zip
2026-09-23 22:30:00,2026092337,1,SA1,22,-0.56894,0,1219.51,0,PUBLIC_PREDISPATCHIS_202609232230_20260923220154.zip
2026-09-23 22:30:00,2026092337,1,SA1,23,0.0,0,1112.54,0,PUBLIC_PREDISPATCHIS_202609232230_20260923220154.zip
2026-09-23 22:30:00,2026092337,1,SA1,24,0.0,0,1004.91,0,PUBLIC_PREDISPATCHIS_202609232230_20260923220154.zip
2026-09-23 22:30:00,2026092337,1,SA1,25,-7.0,0,938.56,0,PUBLIC_PREDISPATCHIS_202609232230_20260923220154.zip
2026-09-23 22:30:00,2026092337,1,SA1,26,-7.12,0,909.75,0,PUBLIC_PREDISPATCHIS_202609232230_20260923220154.zip
2026-09-23 22:30:00,2026092337,1,SA1,27,-5.99998,0,858.88,0,PUBLIC_PREDISPATCHIS_202609232230_20260923220154.zip
2026-09-23 22:30:00,2026092337,1,SA1,28,-5.0,0,853.82,0,PUBLIC_PREDISPATCHIS_202609232230_20260923220154.zip
2026-09-23 22:30:00,2026092337,1,SA1,29,-5.0,0,823.52,0,PUBLIC_PREDISPATCHIS_202609232230_20260923220154.zip
2026-09-23 22:30:00,2026092337,1,SA1,30,-5.99999,0,793.27,0,PUBLIC_PREDISPATCHIS_202609232230_20260923220154.zip
2026-09-23 22:30:00,2026092337,1,SA1,31,-7.15,0,755.21,0,PUBLIC_PREDISPATCHIS_202609232230_20260923220154.zip
2026-09-23 22:30:00,2026092337,1,SA1,32,-7.1,0,727.9,0,PUBLIC_PREDISPATCHIS_202609232230_20260923220154.zip
2026-09-23 22:30:00,2026092337,1,SA1,33,-1.09996,0,759.99,0,PUBLIC_PREDISPATCHIS_202609232230_20260923220154.zip
2026-09-23 22:30:00,2026092337,1,SA1,34,0.00979,0,804.9,0,PUBLIC_PREDISPATCHIS_202609232230_20260923220154.zip
2026-09-23 22:30:00,2026092337,1,SA1,35,0.00997,0,865.72,0,PUBLIC_PREDISPATCHIS_202609232230_20260923220154.zip
2026-09-23 22:30:00,2026092337,1,SA1,36,10.27168,0,938.18,0,PUBLIC_PREDISPATCHIS_202609232230_20260923220154.zip
2026-09-23 22:30:00,2026092337,1,SA1,37,47.94592,0,1029.45,0,PUBLIC_PREDISPATCHIS_202609232230_20260923220154.zip
2026-09-23 22:30:00,2026092337,1,SA1,38,83.02357,0,1148.03,0,PUBLIC_PREDISPATCHIS_202609232230_20260923220154.zip
2026-09-23 22:30:00,2026092337,1,SA1,39,101.02,0,1289.83,0,PUBLIC_PREDISPATCHIS_202609232230_20260923220154.zip
2026-09-23 22:30:00,2026092337,1,SA1,40,108.65793,0,1424.57,0,PUBLIC_PREDISPATCHIS_202609232230_20260923220154.zip
2026-09-23 22:30:00,2026092337,1,SA1,41,130.28929,0,1519.47,0,PUBLIC_PREDISPATCHIS_202609232230_20260923220154.zip
2026-09-23 22:30:00,2026092337,1,SA1,42,135.39616,0,1570.34,0,PUBLIC_PREDISPATCHIS_202609232230_20260923220154.zip
2026-09-23 22:30:00,2026092337,1,SA1,43,153.16078,0,1588.14,0,PUBLIC_PREDISPATCHIS_202609232230_20260923220154.zip
2026-09-23 22:30:00,2026092337,1,SA1,44,117.85358,0,1570.24,0,PUBLIC_PREDISPATCHIS_202609232230_20260923220154.zip
2026-09-23 22:30:00,2026092337,1,SA1,45,112.909,0,1556.24,0,PUBLIC_PREDISPATCHIS_202609232230_20260923220154.zip
2026-09-23 22:30:00,2026092337,1,SA1,46,105.14104,0,1531.25,0,PUBLIC_PREDISPATCHIS_202609232230_20260923220154.zip
2026-09-23 22:30:00,2026092337,1,SA1,47,101.02,0,1497.86,0,PUBLIC_PREDISPATCHIS_202609232230_20260923220154.zip
2026-09-23 22:30:00,2026092337,1,SA1,48,85.44,0,1462.78,0,PUBLIC_PREDISPATCHIS_202609232230_20260923220154.zip
2026-09-23 22:30:00,2026092337,1,SA1,49,98.4382,0,1420.15,0,PUBLIC_PREDISPATCHIS_202609232230_20260923220154.zip
2026-09-23 22:30:00,2026092337,1,SA1,50,84.76556,0,1385.06,0,PUBLIC_PREDISPATCHIS_202609232230_20260923220154.zip
2026-09-23 22:30:00,2026092337,1,SA1,51,75.44,0,1359.49,0,PUBLIC_PREDISPATCHIS_202609232230_20260923220154.zip
2026-09-23 22:30:00,2026092337,1,SA1,52,58.44986,0,1362.4,0,PUBLIC_PREDISPATCHIS_202609232230_20260923220154.zip
2026-09-23 22:30:00,2026092337,1,SA1,53,55.49636,0,1393.39,0,PUBLIC_PREDISPATCHIS_202609232230_20260923220154.zip
2026-09-23 22:30:00,2026092337,1,SA1,54,80.0,0,1401.59,0,PUBLIC_PREDISPATCHIS_202609232230_20260923220154.zip
2026-09-23 22:30:00,2026092337,1,SA1,55,91.06392,0,1382.1,0,PUBLIC_PREDISPATCHIS_202609232230_20260923220154.zip
2026-09-23 22:30:00,2026092337,1,SA1,56,95.65933,0,1369.25,0,PUBLIC_PREDISPATCHIS_202609232230_20260923220154.zip
2026-09-23 22:30:00,2026092337,1,SA1,57,143.22,0,1341.05,0,PUBLIC_PREDISPATCHIS_202609232230_20260923220154.zip
2026-09-23 22:30:00,2026092337,1,SA1,58,102.4982,0,1313.36,0,PUBLIC_PREDISPATCHIS_202609232230_20260923220154.zip
2026-09-23 22:30:00,2026092337,1,SA1,59,91.77299,0,1291.62,0,PUBLIC_PREDISPATCHIS_202609232230_20260923220154.zip
2026-09-23 22:30:00,2026092337,1,SA1,60,86.24115,0,1272.39,0,PUBLIC_PREDISPATCHIS_202609232230_20260923220154.zip
2026-09-23 22:30:00,2026092337,1,TAS1,01,111.47677,0,1123.0,0,PUBLIC_PREDISPATCHIS_202609232230_20260923220154.zip
2026-09-23 22:30:00,2026092337,1,TAS1,02,110.45485,0,1086.0,0,PUBLIC_PREDISPATCHIS_202609232230_20260923220154.zip
2026-09-23 22:30:00,2026092337,1,TAS1,03,109.66952,0,1058.0,0,PUBLIC_PREDISPATCHIS_202609232230_20260923220154.zip
2026-09-23 22:30:00,2026092337,1,TAS1,04,96.25952,0,1034.0,0,PUBLIC_PREDISPATCHIS_202609232230_20260923220154.zip
2026-09-23 22:30:00,2026092337,1,TAS1,05,110.0708,0,1014.0,0,PUBLIC_PREDISPATCHIS_202609232230_20260923220154.zip
2026-09-23 22:30:00,2026092337,1,TAS1,06,92.24867,0,998.0,0,PUBLIC_PREDISPATCHIS_202609232230_20260923220154.zip
2026-09-23 22:30:00,2026092337,1,TAS1,07,90.11791,0,986.0,0,PUBLIC_PREDISPATCHIS_202609232230_20260923220154.zip
2026-09-23 22:30:00,2026092337,1,TAS1,08,88.2,0,973.0,0,PUBLIC_PREDISPATCHIS_202609232230_20260923220154.zip
2026-09-23 22:30:00,2026092337,1,TAS1,09,88.2,0,966.0,0,PUBLIC_PREDISPATCHIS_202609232230_20260923220154.zip
2026-09-23 22:30:00,2026092337,1,TAS1,10,80.6395,0,967.0,0,PUBLIC_PREDISPATCHIS_202609232230_20260923220154.zip
2026-09-23 22:30:00,2026092337,1,TAS1,11,74.00101,0,968.0,0,PUBLIC_PREDISPATCHIS_202609232230_20260923220154.zip
2026-09-23 22:30:00,2026092337,1,TAS1,12,70.16,0,968.0,0,PUBLIC_PREDISPATCHIS_202609232230_20260923220154.zip
2026-09-23 22:30:00,2026092337,1,TAS1,13,66.03477,0,977.0,0,PUBLIC_PREDISPATCHIS_202609232230_20260923220154.zip
2026-09-23 22:30:00,2026092337,1,TAS1,14,66.91565,0,992.0,0,PUBLIC_PREDISPATCHIS_202609232230_20260923220154.zip
2026-09-23 22:30:00,2026092337,1,TAS1,15,76.12,0,1021.0,0,PUBLIC_PREDISPATCHIS_202609232230_20260923220154.zip
2026-09-23 22:30:00,2026092337,1,TAS1,16,77.73356,0,1060.0,0,PUBLIC_PREDISPATCHIS_202609232230_20260923220154.zip
2026-09-23 22:30:00,2026092337,1,TAS1,17,87.24,0,1119.0,0,PUBLIC_PREDISPATCHIS_202609232230_20260923220154.zip
2026-09-23 22:30:00,2026092337,1,TAS1,18,60.92597,0,1163.0,0,PUBLIC_PREDISPATCHIS_202609232230_20260923220154.zip
2026-09-23 22:30:00,2026092337,1,TAS1,19,11.8133,0,1171.0,0,PUBLIC_PREDISPATCHIS_202609232230_20260923220154.zip
2026-09-23 22:30:00,2026092337,1,TAS1,20,5.27855,0,1157.0,0,PUBLIC_PREDISPATCHIS_202609232230_20260923220154.zip
2026-09-23 22:30:00,2026092337,1,TAS1,21,0.71137,0,1113.0,0,PUBLIC_PREDISPATCHIS_202609232230_20260923220154.zip
2026-09-23 22:30:00,2026092337,1,TAS1,22,0.10989,0,1059.0,0,PUBLIC_PREDISPATCHIS_202609232230_20260923220154.zip
2026-09-23 22:30:00,2026092337,1,TAS1,23,0.0,0,1003.0,0,PUBLIC_PREDISPATCHIS_202609232230_20260923220154.zip
2026-09-23 22:30:00,2026092337,1,TAS1,24,0.2,0,962.0,0,PUBLIC_PREDISPATCHIS_202609232230_20260923220154.zip
2026-09-23 22:30:00,2026092337,1,TAS1,25,-7.84922,0,926.0,0,PUBLIC_PREDISPATCHIS_202609232230_20260923220154.zip
2026-09-23 22:30:00,2026092337,1,TAS1,26,-12.5715,0,898.0,0,PUBLIC_PREDISPATCHIS_202609232230_20260923220154.zip
2026-09-23 22:30:00,2026092337,1,TAS1,27,-12.40054,0,876.0,0,PUBLIC_PREDISPATCHIS_202609232230_20260923220154.zip
2026-09-23 22:30:00,2026092337,1,TAS1,28,-8.34957,0,859.0,0,PUBLIC_PREDISPATCHIS_202609232230_20260923220154.zip
2026-09-23 22:30:00,2026092337,1,TAS1,29,-7.82784,0,842.0,0,PUBLIC_PREDISPATCHIS_202609232230_20260923220154.zip
2026-09-23 22:30:00,2026092337,1,TAS1,30,-8.33798,0,833.0,0,PUBLIC_PREDISPATCHIS_202609232230_20260923220154.zip
2026-09-23 22:30:00,2026092337,1,TAS1,31,-8.33743,0,841.0,0,PUBLIC_PREDISPATCHIS_202609232230_20260923220154.zip
2026-09-23 22:30:00,2026092337,1,TAS1,32,-7.35036,0,853.0,0,PUBLIC_PREDISPATCHIS_202609232230_20260923220154.zip
2026-09-23 22:30:00,2026092337,1,TAS1,33,-1.17255,0,873.0,0,PUBLIC_PREDISPATCHIS_202609232230_20260923220154.zip
2026-09-23 22:30:00,2026092337,1,TAS1,34,0.01044,0,891.0,0,PUBLIC_PREDISPATCHIS_202609232230_20260923220154.zip
2026-09-23 22:30:00,2026092337,1,TAS1,35,0.0104,0,912.0,0,PUBLIC_PREDISPATCHIS_202609232230_20260923220154.zip
2026-09-23 22:30:00,2026092337,1,TAS1,36,10.95558,0,943.0,0,PUBLIC_PREDISPATCHIS_202609232230_20260923220154.zip
2026-09-23 22:30:00,2026092337,1,TAS1,37,50.1,0,977.0,0,PUBLIC_PREDISPATCHIS_202609232230_20260923220154.zip
2026-09-23 22:30:00,2026092337,1,TAS1,38,88.19197,0,1019.0,0,PUBLIC_PREDISPATCHIS_202609232230_20260923220154.zip
2026-09-23 22:30:00,2026092337,1,TAS1,39,95.0164,0,1068.0,0,PUBLIC_PREDISPATCHIS_202609232230_20260923220154.zip
2026-09-23 22:30:00,2026092337,1,TAS1,40,100.88012,0,1119.0,0,PUBLIC_PREDISPATCHIS_202609232230_20260923220154.zip
2026-09-23 22:30:00,2026092337,1,TAS1,41,117.26528,0,1156.0,0,PUBLIC_PREDISPATCHIS_202609232230_20260923220154.zip
2026-09-23 22:30:00,2026092337,1,TAS1,42,120.16,0,1177.0,0,PUBLIC_PREDISPATCHIS_202609232230_20260923220154.zip
2026-09-23 22:30:00,2026092337,1,TAS1,43,135.70245,0,1171.0,0,PUBLIC_PREDISPATCHIS_202609232230_20260923220154.zip
2026-09-23 22:30:00,2026092337,1,TAS1,44,106.27085,0,1157.0,0,PUBLIC_PREDISPATCHIS_202609232230_20260923220154.zip
2026-09-23 22:30:00,2026092337,1,TAS1,45,101.75513,0,1141.0,0,PUBLIC_PREDISPATCHIS_202609232230_20260923220154.zip
2026-09-23 22:30:00,2026092337,1,TAS1,46,95.56514,0,1108.0,0,PUBLIC_PREDISPATCHIS_202609232230_20260923220154.zip
2026-09-23 22:30:00,2026092337,1,TAS1,47,88.2,0,1082.0,0,PUBLIC_PREDISPATCHIS_202609232230_20260923220154.zip
2026-09-23 22:30:00,2026092337,1,TAS1,48,75.2,0,1064.0,0,PUBLIC_PREDISPATCHIS_202609232230_20260923220154.zip
2026-09-23 22:30:00,2026092337,1,TAS1,49,85.73956,0,1037.0,0,PUBLIC_PREDISPATCHIS_202609232230_20260923220154.zip
2026-09-23 22:30:00,2026092337,1,TAS1,50,75.2,0,1006.0,0,PUBLIC_PREDISPATCHIS_202609232230_20260923220154.zip
2026-09-23 22:30:00,2026092337,1,TAS1,51,67.29744,0,981.0,0,PUBLIC_PREDISPATCHIS_202609232230_20260923220154.zip
2026-09-23 22:30:00,2026092337,1,TAS1,52,50.1,0,961.0,0,PUBLIC_PREDISPATCHIS_202609232230_20260923220154.zip
2026-09-23 22:30:00,2026092337,1,TAS1,53,45.01523,0,947.0,0,PUBLIC_PREDISPATCHIS_202609232230_20260923220154.zip
2026-09-23 22:30:00,2026092337,1,TAS1,54,43.8675,0,940.0,0,PUBLIC_PREDISPATCHIS_202609232230_20260923220154.zip
2026-09-23 22:30:00,2026092337,1,TAS1,55,82.11321,0,940.0,0,PUBLIC_PREDISPATCHIS_202609232230_20260923220154.zip
2026-09-23 22:30:00,2026092337,1,TAS1,56,82.33295,0,937.0,0,PUBLIC_PREDISPATCHIS_202609232230_20260923220154.zip
2026-09-23 22:30:00,2026092337,1,TAS1,57,82.60643,0,939.0,0,PUBLIC_PREDISPATCHIS_202609232230_20260923220154.zip
2026-09-23 22:30:00,2026092337,1,TAS1,58,85.57779,0,946.0,0,PUBLIC_PREDISPATCHIS_202609232230_20260923220154.zip
2026-09-23 22:30:00,2026092337,1,TAS1,59,83.65331,0,955.0,0,PUBLIC_PREDISPATCHIS_202609232230_20260923220154.zip
2026-09-23 22:30:00,2026092337,1,TAS1,60,83.15272,0,961.0,0,PUBLIC_PREDISPATCHIS_202609232230_20260923220154.zip
2026-09-23 22:30:00,2026092337,1,VIC1,01,118.5,0,5603.88,0,PUBLIC_PREDISPATCHIS_202609232230_20260923220154.zip
2026-09-23 22:30:00,2026092337,1,VIC1,02,118.48244,0,5451.07,0,PUBLIC_PREDISPATCHIS_202609232230_20260923220154.zip
2026-09-23 22:30:00,2026092337,1,VIC1,03,118.38331,0,5459.64,0,PUBLIC_PREDISPATCHIS_202609232230_20260923220154.zip
2026-09-23 22:30:00,2026092337,1,VIC1,04,104.22178,0,5362.7,0,PUBLIC_PREDISPATCHIS_202609232230_20260923220154.zip
2026-09-23 22:30:00,2026092337,1,VIC1,05,119.5241,0,5213.47,0,PUBLIC_PREDISPATCHIS_202609232230_20260923220154.zip
2026-09-23 22:30:00,2026092337,1,VIC1,06,98.60449,0,5046.87,0,PUBLIC_PREDISPATCHIS_202609232230_20260923220154.zip
2026-09-23 22:30:00,2026092337,1,VIC1,07,96.59993,0,4888.14,0,PUBLIC_PREDISPATCHIS_202609232230_20260923220154.zip
2026-09-23 22:30:00,2026092337,1,VIC1,08,92.52105,0,4721.61,0,PUBLIC_PREDISPATCHIS_202609232230_20260923220154.zip
2026-09-23 22:30:00,2026092337,1,VIC1,09,91.74233,0,4604.67,0,PUBLIC_PREDISPATCHIS_202609232230_20260923220154.zip
2026-09-23 22:30:00,2026092337,1,VIC1,10,81.84162,0,4509.49,0,PUBLIC_PREDISPATCHIS_202609232230_20260923220154.zip
2026-09-23 22:30:00,2026092337,1,VIC1,11,75.09818,0,4458.77,0,PUBLIC_PREDISPATCHIS_202609232230_20260923220154.zip
2026-09-23 22:30:00,2026092337,1,VIC1,12,70.99166,0,4442.2,0,PUBLIC_PREDISPATCHIS_202609232230_20260923220154.zip
2026-09-23 22:30:00,2026092337,1,VIC1,13,65.86,0,4463.61,0,PUBLIC_PREDISPATCHIS_202609232230_20260923220154.zip
2026-09-23 22:30:00,2026092337,1,VIC1,14,66.55484,0,4555.47,0,PUBLIC_PREDISPATCHIS_202609232230_20260923220154.zip
2026-09-23 22:30:00,2026092337,1,VIC1,15,75.73353,0,4789.72,0,PUBLIC_PREDISPATCHIS_202609232230_20260923220154.zip
2026-09-23 22:30:00,2026092337,1,VIC1,16,76.90559,0,5040.74,0,PUBLIC_PREDISPATCHIS_202609232230_20260923220154.zip
2026-09-23 22:30:00,2026092337,1,VIC1,17,85.78128,0,5318.97,0,PUBLIC_PREDISPATCHIS_202609232230_20260923220154.zip
2026-09-23 22:30:00,2026092337,1,VIC1,18,58.2333,0,5491.46,0,PUBLIC_PREDISPATCHIS_202609232230_20260923220154.zip
2026-09-23 22:30:00,2026092337,1,VIC1,19,10.5,0,5466.46,0,PUBLIC_PREDISPATCHIS_202609232230_20260923220154.zip
2026-09-23 22:30:00,2026092337,1,VIC1,20,4.34379,0,5285.81,0,PUBLIC_PREDISPATCHIS_202609232230_20260923220154.zip
2026-09-23 22:30:00,2026092337,1,VIC1,21,0.01079,0,5030.06,0,PUBLIC_PREDISPATCHIS_202609232230_20260923220154.zip
2026-09-23 22:30:00,2026092337,1,VIC1,22,-0.56,0,4706.11,0,PUBLIC_PREDISPATCHIS_202609232230_20260923220154.zip
2026-09-23 22:30:00,2026092337,1,VIC1,23,0.0,0,4396.92,0,PUBLIC_PREDISPATCHIS_202609232230_20260923220154.zip
2026-09-23 22:30:00,2026092337,1,VIC1,24,0.0,0,4097.51,0,PUBLIC_PREDISPATCHIS_202609232230_20260923220154.zip
2026-09-23 22:30:00,2026092337,1,VIC1,25,-7.51,0,3768.93,0,PUBLIC_PREDISPATCHIS_202609232230_20260923220154.zip
2026-09-23 22:30:00,2026092337,1,VIC1,26,-11.95,0,3532.57,0,PUBLIC_PREDISPATCHIS_202609232230_20260923220154.zip
2026-09-23 22:30:00,2026092337,1,VIC1,27,-11.86,0,3434.58,0,PUBLIC_PREDISPATCHIS_202609232230_20260923220154.zip
2026-09-23 22:30:00,2026092337,1,VIC1,28,-8.01,0,3362.92,0,PUBLIC_PREDISPATCHIS_202609232230_20260923220154.zip
2026-09-23 22:30:00,2026092337,1,VIC1,29,-7.51,0,3378.78,0,PUBLIC_PREDISPATCHIS_202609232230_20260923220154.zip
2026-09-23 22:30:00,2026092337,1,VIC1,30,-8.0,0,3398.5,0,PUBLIC_PREDISPATCHIS_202609232230_20260923220154.zip
2026-09-23 22:30:00,2026092337,1,VIC1,31,-8.0,0,3466.2,0,PUBLIC_PREDISPATCHIS_202609232230_20260923220154.zip
2026-09-23 22:30:00,2026092337,1,VIC1,32,-7.01064,0,3636.63,0,PUBLIC_PREDISPATCHIS_202609232230_20260923220154.zip
2026-09-23 22:30:00,2026092337,1,VIC1,33,-1.1223,0,3923.3,0,PUBLIC_PREDISPATCHIS_202609232230_20260923220154.zip
2026-09-23 22:30:00,2026092337,1,VIC1,34,0.01,0,4258.9,0,PUBLIC_PREDISPATCHIS_202609232230_20260923220154.zip
2026-09-23 22:30:00,2026092337,1,VIC1,35,0.01,0,4626.48,0,PUBLIC_PREDISPATCHIS_202609232230_20260923220154.zip
2026-09-23 22:30:00,2026092337,1,VIC1,36,10.5,0,4879.76,0,PUBLIC_PREDISPATCHIS_202609232230_20260923220154.zip
2026-09-23 22:30:00,2026092337,1,VIC1,37,48.95779,0,5224.56,0,PUBLIC_PREDISPATCHIS_202609232230_20260923220154.zip
2026-09-23 22:30:00,2026092337,1,VIC1,38,81.02369,0,5604.79,0,PUBLIC_PREDISPATCHIS_202609232230_20260923220154.zip
2026-09-23 22:30:00,2026092337,1,VIC1,39,102.01221,0,5923.95,0,PUBLIC_PREDISPATCHIS_202609232230_20260923220154.zip
2026-09-23 22:30:00,2026092337,1,VIC1,40,112.1556,0,6148.25,0,PUBLIC_PREDISPATCHIS_202609232230_20260923220154.zip
2026-09-23 22:30:00,2026092337,1,VIC1,41,130.81201,0,6282.36,0,PUBLIC_PREDISPATCHIS_202609232230_20260923220154.zip
2026-09-23 22:30:00,2026092337,1,VIC1,42,134.05448,0,6380.11,0,PUBLIC_PREDISPATCHIS_202609232230_20260923220154.zip
2026-09-23 22:30:00,2026092337,1,VIC1,43,152.93504,0,6261.26,0,PUBLIC_PREDISPATCHIS_202609232230_20260923220154.zip
2026-09-23 22:30:00,2026092337,1,VIC1,44,118.5,0,6067.49,0,PUBLIC_PREDISPATCHIS_202609232230_20260923220154.zip
2026-09-23 22:30:00,2026092337,1,VIC1,45,113.44492,0,5932.06,0,PUBLIC_PREDISPATCHIS_202609232230_20260923220154.zip
2026-09-23 22:30:00,2026092337,1,VIC1,46,106.87238,0,5808.54,0,PUBLIC_PREDISPATCHIS_202609232230_20260923220154.zip
2026-09-23 22:30:00,2026092337,1,VIC1,47,99.16055,0,5630.49,0,PUBLIC_PREDISPATCHIS_202609232230_20260923220154.zip
2026-09-23 22:30:00,2026092337,1,VIC1,48,81.18456,0,5448.54,0,PUBLIC_PREDISPATCHIS_202609232230_20260923220154.zip
2026-09-23 22:30:00,2026092337,1,VIC1,49,95.20752,0,5307.69,0,PUBLIC_PREDISPATCHIS_202609232230_20260923220154.zip
2026-09-23 22:30:00,2026092337,1,VIC1,50,81.4096,0,5165.24,0,PUBLIC_PREDISPATCHIS_202609232230_20260923220154.zip
2026-09-23 22:30:00,2026092337,1,VIC1,51,58.78829,0,5165.05,0,PUBLIC_PREDISPATCHIS_202609232230_20260923220154.zip
2026-09-23 22:30:00,2026092337,1,VIC1,52,29.24689,0,5074.38,0,PUBLIC_PREDISPATCHIS_202609232230_20260923220154.zip
2026-09-23 22:30:00,2026092337,1,VIC1,53,13.95,0,4929.67,0,PUBLIC_PREDISPATCHIS_202609232230_20260923220154.zip
2026-09-23 22:30:00,2026092337,1,VIC1,54,13.49,0,4758.19,0,PUBLIC_PREDISPATCHIS_202609232230_20260923220154.zip
2026-09-23 22:30:00,2026092337,1,VIC1,55,77.615,0,4610.52,0,PUBLIC_PREDISPATCHIS_202609232230_20260923220154.zip
2026-09-23 22:30:00,2026092337,1,VIC1,56,79.36,0,4477.95,0,PUBLIC_PREDISPATCHIS_202609232230_20260923220154.zip
2026-09-23 22:30:00,2026092337,1,VIC1,57,79.36,0,4374.33,0,PUBLIC_PREDISPATCHIS_202609232230_20260923220154.zip
2026-09-23 22:30:00,2026092337,1,VIC1,58,82.20147,0,4280.08,0,PUBLIC_PREDISPATCHIS_202609232230_20260923220154.zip
2026-09-23 22:30:00,2026092337,1,VIC1,59,80.09217,0,4227.48,0,PUBLIC_PREDISPATCHIS_202609232230_20260923220154.zip
2026-09-23 22:30:00,2026092337,1,VIC1,60,79.36,0,4203.5,0,PUBLIC_PREDISPATCHIS_202609232230_20260923220154.zip
2026-09-23 23:00:00,2026092338,1,NSW1,01,111.61738,0,7863.12,0,PUBLIC_PREDISPATCHIS_202609232300_20260923223140.zip
2026-09-23 23:00:00,2026092338,1,NSW1,02,119.01,0,7726.97,0,PUBLIC_PREDISPATCHIS_202609232300_20260923223140.zip
2026-09-23 23:00:00,2026092338,1,NSW1,03,119.01,0,7593.81,0,PUBLIC_PREDISPATCHIS_202609232300_20260923223140.zip
2026-09-23 23:00:00,2026092338,1,NSW1,04,119.01,0,7472.7,0,PUBLIC_PREDISPATCHIS_202609232300_20260923223140.zip
2026-09-23 23:00:00,2026092338,1,NSW1,05,115.73055,0,7353.59,0,PUBLIC_PREDISPATCHIS_202609232300_20260923223140.zip
2026-09-23 23:00:00,2026092338,1,NSW1,06,96.99,0,7195.11,0,PUBLIC_PREDISPATCHIS_202609232300_20260923223140.zip
2026-09-23 23:00:00,2026092338,1,NSW1,07,96.57861,0,7008.61,0,PUBLIC_PREDISPATCHIS_202609232300_20260923223140.zip
2026-09-23 23:00:00,2026092338,1,NSW1,08,97.63005,0,6851.38,0,PUBLIC_PREDISPATCHIS_202609232300_20260923223140.zip
2026-09-23 23:00:00,2026092338,1,NSW1,09,90.0,0,6719.25,0,PUBLIC_PREDISPATCHIS_202609232300_20260923223140.zip
2026-09-23 23:00:00,2026092338,1,NSW1,10,88.88,0,6650.41,0,PUBLIC_PREDISPATCHIS_202609232300_20260923223140.zip
2026-09-23 23:00:00,2026092338,1,NSW1,11,83.99,0,6600.39,0,PUBLIC_PREDISPATCHIS_202609232300_20260923223140.zip
2026-09-23 23:00:00,2026092338,1,NSW1,12,76.30893,0,6633.02,0,PUBLIC_PREDISPATCHIS_202609232300_20260923223140.zip
2026-09-23 23:00:00,2026092338,1,NSW1,13,77.51611,0,6724.98,0,PUBLIC_PREDISPATCHIS_202609232300_20260923223140.zip
2026-09-23 23:00:00,2026092338,1,NSW1,14,87.11634,0,6915.56,0,PUBLIC_PREDISPATCHIS_202609232300_20260923223140.zip
2026-09-23 23:00:00,2026092338,1,NSW1,15,87.16424,0,7150.18,0,PUBLIC_PREDISPATCHIS_202609232300_20260923223140.zip
2026-09-23 23:00:00,2026092338,1,NSW1,16,95.33,0,7306.7,0,PUBLIC_PREDISPATCHIS_202609232300_20260923223140.zip
2026-09-23 23:00:00,2026092338,1,NSW1,17,51.62299,0,7315.01,0,PUBLIC_PREDISPATCHIS_202609232300_20260923223140.zip
2026-09-23 23:00:00,2026092338,1,NSW1,18,49.45946,0,7154.37,0,PUBLIC_PREDISPATCHIS_202609232300_20260923223140.zip
2026-09-23 23:00:00,2026092338,1,NSW1,19,57.39007,0,6888.63,0,PUBLIC_PREDISPATCHIS_202609232300_20260923223140.zip
2026-09-23 23:00:00,2026092338,1,NSW1,20,57.39007,0,6536.28,0,PUBLIC_PREDISPATCHIS_202609232300_20260923223140.zip
2026-09-23 23:00:00,2026092338,1,NSW1,21,51.49746,0,6073.0,0,PUBLIC_PREDISPATCHIS_202609232300_20260923223140.zip
2026-09-23 23:00:00,2026092338,1,NSW1,22,46.45,0,5767.84,0,PUBLIC_PREDISPATCHIS_202609232300_20260923223140.zip
2026-09-23 23:00:00,2026092338,1,NSW1,23,42.94,0,5548.34,0,PUBLIC_PREDISPATCHIS_202609232300_20260923223140.zip
2026-09-23 23:00:00,2026092338,1,NSW1,24,42.8001,0,5398.8,0,PUBLIC_PREDISPATCHIS_202609232300_20260923223140.zip
2026-09-23 23:00:00,2026092338,1,NSW1,25,42.94,0,5234.2,0,PUBLIC_PREDISPATCHIS_202609232300_20260923223140.zip
2026-09-23 23:00:00,2026092338,1,NSW1,26,42.8001,0,5056.26,0,PUBLIC_PREDISPATCHIS_202609232300_20260923223140.zip
2026-09-23 23:00:00,2026092338,1,NSW1,27,42.8001,0,4904.57,0,PUBLIC_PREDISPATCHIS_202609232300_20260923223140.zip
2026-09-23 23:00:00,2026092338,1,NSW1,28,42.8001,0,4769.52,0,PUBLIC_PREDISPATCHIS_202609232300_20260923223140.zip
2026-09-23 23:00:00,2026092338,1,NSW1,29,42.94,0,4809.78,0,PUBLIC_PREDISPATCHIS_202609232300_20260923223140.zip
2026-09-23 23:00:00,2026092338,1,NSW1,30,42.8001,0,4923.63,0,PUBLIC_PREDISPATCHIS_202609232300_20260923223140.zip
2026-09-23 23:00:00,2026092338,1,NSW1,31,41.78018,0,5115.04,0,PUBLIC_PREDISPATCHIS_202609232300_20260923223140.zip
2026-09-23 23:00:00,2026092338,1,NSW1,32,41.14329,0,5365.51,0,PUBLIC_PREDISPATCHIS_202609232300_20260923223140.zip
2026-09-23 23:00:00,2026092338,1,NSW1,33,42.54,0,5777.6,0,PUBLIC_PREDISPATCHIS_202609232300_20260923223140.zip
2026-09-23 23:00:00,2026092338,1,NSW1,34,42.54,0,6244.34,0,PUBLIC_PREDISPATCHIS_202609232300_20260923223140.zip
2026-09-23 23:00:00,2026092338,1,NSW1,35,42.54,0,6851.91,0,PUBLIC_PREDISPATCHIS_202609232300_20260923223140.zip
2026-09-23 23:00:00,2026092338,1,NSW1,36,75.9601,0,7417.69,0,PUBLIC_PREDISPATCHIS_202609232300_20260923223140.zip
2026-09-23 23:00:00,2026092338,1,NSW1,37,84.79,0,7979.99,0,PUBLIC_PREDISPATCHIS_202609232300_20260923223140.zip
2026-09-23 23:00:00,2026092338,1,NSW1,38,114.54,0,8326.26,0,PUBLIC_PREDISPATCHIS_202609232300_20260923223140.zip
2026-09-23 23:00:00,2026092338,1,NSW1,39,128.3889,0,8671.62,0,PUBLIC_PREDISPATCHIS_202609232300_20260923223140.zip
2026-09-23 23:00:00,2026092338,1,NSW1,40,135.93959,0,8857.94,0,PUBLIC_PREDISPATCHIS_202609232300_20260923223140.zip
2026-09-23 23:00:00,2026092338,1,NSW1,41,162.99728,0,8882.92,0,PUBLIC_PREDISPATCHIS_202609232300_20260923223140.zip
2026-09-23 23:00:00,2026092338,1,NSW1,42,148.27538,0,8716.93,0,PUBLIC_PREDISPATCHIS_202609232300_20260923223140.zip
2026-09-23 23:00:00,2026092338,1,NSW1,43,137.33935,0,8549.89,0,PUBLIC_PREDISPATCHIS_202609232300_20260923223140.zip
2026-09-23 23:00:00,2026092338,1,NSW1,44,129.65,0,8394.88,0,PUBLIC_PREDISPATCHIS_202609232300_20260923223140.zip
2026-09-23 23:00:00,2026092338,1,NSW1,45,121.01,0,8256.35,0,PUBLIC_PREDISPATCHIS_202609232300_20260923223140.zip
2026-09-23 23:00:00,2026092338,1,NSW1,46,119.01,0,8087.22,0,PUBLIC_PREDISPATCHIS_202609232300_20260923223140.zip
2026-09-23 23:00:00,2026092338,1,NSW1,47,96.99,0,7880.61,0,PUBLIC_PREDISPATCHIS_202609232300_20260923223140.zip
2026-09-23 23:00:00,2026092338,1,NSW1,48,98.73132,0,7777.3,0,PUBLIC_PREDISPATCHIS_202609232300_20260923223140.zip
2026-09-23 23:00:00,2026092338,1,NSW1,49,96.99,0,7659.56,0,PUBLIC_PREDISPATCHIS_202609232300_20260923223140.zip
2026-09-23 23:00:00,2026092338,1,NSW1,50,115.07881,0,7515.83,0,PUBLIC_PREDISPATCHIS_202609232300_20260923223140.zip
2026-09-23 23:00:00,2026092338,1,NSW1,51,90.09416,0,7363.11,0,PUBLIC_PREDISPATCHIS_202609232300_20260923223140.zip
2026-09-23 23:00:00,2026092338,1,NSW1,52,96.99,0,7236.66,0,PUBLIC_PREDISPATCHIS_202609232300_20260923223140.zip
2026-09-23 23:00:00,2026092338,1,NSW1,53,91.58534,0,7092.34,0,PUBLIC_PREDISPATCHIS_202609232300_20260923223140.zip
2026-09-23 23:00:00,2026092338,1,NSW1,54,90.0,0,6935.87,0,PUBLIC_PREDISPATCHIS_202609232300_20260923223140.zip
2026-09-23 23:00:00,2026092338,1,NSW1,55,84.79,0,6758.29,0,PUBLIC_PREDISPATCHIS_202609232300_20260923223140.zip
2026-09-23 23:00:00,2026092338,1,NSW1,56,86.44951,0,6616.91,0,PUBLIC_PREDISPATCHIS_202609232300_20260923223140.zip
2026-09-23 23:00:00,2026092338,1,NSW1,57,85.94492,0,6502.24,0,PUBLIC_PREDISPATCHIS_202609232300_20260923223140.zip
2026-09-23 23:00:00,2026092338,1,NSW1,58,84.79,0,6445.61,0,PUBLIC_PREDISPATCHIS_202609232300_20260923223140.zip
2026-09-23 23:00:00,2026092338,1,NSW1,59,83.99,0,6405.17,0,PUBLIC_PREDISPATCHIS_202609232300_20260923223140.zip
2026-09-23 23:00:00,2026092338,1,QLD1,01,90.50655,0,6283.95,0,PUBLIC_PREDISPATCHIS_202609232300_20260923223140.zip
2026-09-23 23:00:00,2026092338,1,QLD1,02,93.32491,0,6106.68,0,PUBLIC_PREDISPATCHIS_202609232300_20260923223140.zip
2026-09-23 23:00:00,2026092338,1,QLD1,03,90.95312,0,5991.08,0,PUBLIC_PREDISPATCHIS_202609232300_20260923223140.zip
2026-09-23 23:00:00,2026092338,1,QLD1,04,89.58491,0,5860.42,0,PUBLIC_PREDISPATCHIS_202609232300_20260923223140.zip
2026-09-23 23:00:00,2026092338,1,QLD1,05,82.75,0,5714.45,0,PUBLIC_PREDISPATCHIS_202609232300_20260923223140.zip
2026-09-23 23:00:00,2026092338,1,QLD1,06,79.88806,0,5614.3,0,PUBLIC_PREDISPATCHIS_202609232300_20260923223140.zip
2026-09-23 23:00:00,2026092338,1,QLD1,07,80.00753,0,5561.49,0,PUBLIC_PREDISPATCHIS_202609232300_20260923223140.zip
2026-09-23 23:00:00,2026092338,1,QLD1,08,81.88361,0,5530.06,0,PUBLIC_PREDISPATCHIS_202609232300_20260923223140.zip
2026-09-23 23:00:00,2026092338,1,QLD1,09,76.4404,0,5522.91,0,PUBLIC_PREDISPATCHIS_202609232300_20260923223140.zip
2026-09-23 23:00:00,2026092338,1,QLD1,10,76.94704,0,5532.73,0,PUBLIC_PREDISPATCHIS_202609232300_20260923223140.zip
2026-09-23 23:00:00,2026092338,1,QLD1,11,73.19972,0,5560.96,0,PUBLIC_PREDISPATCHIS_202609232300_20260923223140.zip
2026-09-23 23:00:00,2026092338,1,QLD1,12,67.83889,0,5626.82,0,PUBLIC_PREDISPATCHIS_202609232300_20260923223140.zip
2026-09-23 23:00:00,2026092338,1,QLD1,13,69.88,0,5733.46,0,PUBLIC_PREDISPATCHIS_202609232300_20260923223140.zip
2026-09-23 23:00:00,2026092338,1,QLD1,14,78.34173,0,5886.23,0,PUBLIC_PREDISPATCHIS_202609232300_20260923223140.zip
2026-09-23 23:00:00,2026092338,1,QLD1,15,78.34173,0,6016.77,0,PUBLIC_PREDISPATCHIS_202609232300_20260923223140.zip
2026-09-23 23:00:00,2026092338,1,QLD1,16,85.21194,0,6091.36,0,PUBLIC_PREDISPATCHIS_202609232300_20260923223140.zip
2026-09-23 23:00:00,2026092338,1,QLD1,17,45.82,0,6037.23,0,PUBLIC_PREDISPATCHIS_202609232300_20260923223140.zip
2026-09-23 23:00:00,2026092338,1,QLD1,18,45.82,0,5891.92,0,PUBLIC_PREDISPATCHIS_202609232300_20260923223140.zip
2026-09-23 23:00:00,2026092338,1,QLD1,19,53.29077,0,5581.53,0,PUBLIC_PREDISPATCHIS_202609232300_20260923223140.zip
2026-09-23 23:00:00,2026092338,1,QLD1,20,50.76847,0,5264.15,0,PUBLIC_PREDISPATCHIS_202609232300_20260923223140.zip
2026-09-23 23:00:00,2026092338,1,QLD1,21,45.69,0,4962.68,0,PUBLIC_PREDISPATCHIS_202609232300_20260923223140.zip
2026-09-23 23:00:00,2026092338,1,QLD1,22,41.35721,0,4732.23,0,PUBLIC_PREDISPATCHIS_202609232300_20260923223140.zip
2026-09-23 23:00:00,2026092338,1,QLD1,23,27.01,0,4525.27,0,PUBLIC_PREDISPATCHIS_202609232300_20260923223140.zip
2026-09-23 23:00:00,2026092338,1,QLD1,24,35.95217,0,4370.51,0,PUBLIC_PREDISPATCHIS_202609232300_20260923223140.zip
2026-09-23 23:00:00,2026092338,1,QLD1,25,37.76777,0,4253.55,0,PUBLIC_PREDISPATCHIS_202609232300_20260923223140.zip
2026-09-23 23:00:00,2026092338,1,QLD1,26,37.91118,0,4296.32,0,PUBLIC_PREDISPATCHIS_202609232300_20260923223140.zip
2026-09-23 23:00:00,2026092338,1,QLD1,27,27.01,0,4312.08,0,PUBLIC_PREDISPATCHIS_202609232300_20260923223140.zip
2026-09-23 23:00:00,2026092338,1,QLD1,28,37.70676,0,4345.91,0,PUBLIC_PREDISPATCHIS_202609232300_20260923223140.zip
2026-09-23 23:00:00,2026092338,1,QLD1,29,38.30243,0,4331.66,0,PUBLIC_PREDISPATCHIS_202609232300_20260923223140.zip
2026-09-23 23:00:00,2026092338,1,QLD1,30,31.15,0,4401.28,0,PUBLIC_PREDISPATCHIS_202609232300_20260923223140.zip
2026-09-23 23:00:00,2026092338,1,QLD1,31,35.95217,0,4505.5,0,PUBLIC_PREDISPATCHIS_202609232300_20260923223140.zip
2026-09-23 23:00:00,2026092338,1,QLD1,32,35.95217,0,4723.13,0,PUBLIC_PREDISPATCHIS_202609232300_20260923223140.zip
2026-09-23 23:00:00,2026092338,1,QLD1,33,38.75325,0,5018.29,0,PUBLIC_PREDISPATCHIS_202609232300_20260923223140.zip
2026-09-23 23:00:00,2026092338,1,QLD1,34,39.18809,0,5421.14,0,PUBLIC_PREDISPATCHIS_202609232300_20260923223140.zip
2026-09-23 23:00:00,2026092338,1,QLD1,35,40.1609,0,5866.27,0,PUBLIC_PREDISPATCHIS_202609232300_20260923223140.zip
2026-09-23 23:00:00,2026092338,1,QLD1,36,73.51914,0,6335.1,0,PUBLIC_PREDISPATCHIS_202609232300_20260923223140.zip
2026-09-23 23:00:00,2026092338,1,QLD1,37,83.60711,0,6807.96,0,PUBLIC_PREDISPATCHIS_202609232300_20260923223140.zip
2026-09-23 23:00:00,2026092338,1,QLD1,38,109.13287,0,7139.1,0,PUBLIC_PREDISPATCHIS_202609232300_20260923223140.zip
2026-09-23 23:00:00,2026092338,1,QLD1,39,121.97947,0,7424.75,0,PUBLIC_PREDISPATCHIS_202609232300_20260923223140.zip
2026-09-23 23:00:00,2026092338,1,QLD1,40,128.1,0,7553.49,0,PUBLIC_PREDISPATCHIS_202609232300_20260923223140.zip
2026-09-23 23:00:00,2026092338,1,QLD1,41,146.40028,0,7524.63,0,PUBLIC_PREDISPATCHIS_202609232300_20260923223140.zip
2026-09-23 23:00:00,2026092338,1,QLD1,42,130.42398,0,7365.45,0,PUBLIC_PREDISPATCHIS_202609232300_20260923223140.zip
2026-09-23 23:00:00,2026092338,1,QLD1,43,126.06928,0,7205.09,0,PUBLIC_PREDISPATCHIS_202609232300_20260923223140.zip
2026-09-23 23:00:00,2026092338,1,QLD1,44,117.69,0,7071.74,0,PUBLIC_PREDISPATCHIS_202609232300_20260923223140.zip
2026-09-23 23:00:00,2026092338,1,QLD1,45,114.5,0,7079.65,0,PUBLIC_PREDISPATCHIS_202609232300_20260923223140.zip
2026-09-23 23:00:00,2026092338,1,QLD1,46,111.04488,0,6989.63,0,PUBLIC_PREDISPATCHIS_202609232300_20260923223140.zip
2026-09-23 23:00:00,2026092338,1,QLD1,47,91.46388,0,6812.48,0,PUBLIC_PREDISPATCHIS_202609232300_20260923223140.zip
2026-09-23 23:00:00,2026092338,1,QLD1,48,94.62005,0,6577.64,0,PUBLIC_PREDISPATCHIS_202609232300_20260923223140.zip
2026-09-23 23:00:00,2026092338,1,QLD1,49,92.70039,0,6369.71,0,PUBLIC_PREDISPATCHIS_202609232300_20260923223140.zip
2026-09-23 23:00:00,2026092338,1,QLD1,50,109.75,0,6195.43,0,PUBLIC_PREDISPATCHIS_202609232300_20260923223140.zip
2026-09-23 23:00:00,2026092338,1,QLD1,51,85.25,0,6075.89,0,PUBLIC_PREDISPATCHIS_202609232300_20260923223140.zip
2026-09-23 23:00:00,2026092338,1,QLD1,52,89.86995,0,5928.63,0,PUBLIC_PREDISPATCHIS_202609232300_20260923223140.zip
2026-09-23 23:00:00,2026092338,1,QLD1,53,85.25,0,5778.59,0,PUBLIC_PREDISPATCHIS_202609232300_20260923223140.zip
2026-09-23 23:00:00,2026092338,1,QLD1,54,83.34945,0,5688.22,0,PUBLIC_PREDISPATCHIS_202609232300_20260923223140.zip
2026-09-23 23:00:00,2026092338,1,QLD1,55,78.78856,0,5628.14,0,PUBLIC_PREDISPATCHIS_202609232300_20260923223140.zip
2026-09-23 23:00:00,2026092338,1,QLD1,56,79.28049,0,5589.37,0,PUBLIC_PREDISPATCHIS_202609232300_20260923223140.zip
2026-09-23 23:00:00,2026092338,1,QLD1,57,78.81416,0,5576.49,0,PUBLIC_PREDISPATCHIS_202609232300_20260923223140.zip
2026-09-23 23:00:00,2026092338,1,QLD1,58,77.75646,0,5575.03,0,PUBLIC_PREDISPATCHIS_202609232300_20260923223140.zip
2026-09-23 23:00:00,2026092338,1,QLD1,59,76.06846,0,5592.72,0,PUBLIC_PREDISPATCHIS_202609232300_20260923223140.zip
2026-09-23 23:00:00,2026092338,1,SA1,01,108.92335,0,1397.86,0,PUBLIC_PREDISPATCHIS_202609232300_20260923223140.zip
2026-09-23 23:00:00,2026092338,1,SA1,02,113.63289,0,1373.31,0,PUBLIC_PREDISPATCHIS_202609232300_20260923223140.zip
2026-09-23 23:00:00,2026092338,1,SA1,03,110.0236,0,1392.36,0,PUBLIC_PREDISPATCHIS_202609232300_20260923223140.zip
2026-09-23 23:00:00,2026092338,1,SA1,04,120.18,0,1414.24,0,PUBLIC_PREDISPATCHIS_202609232300_20260923223140.zip
2026-09-23 23:00:00,2026092338,1,SA1,05,120.0,0,1438.19,0,PUBLIC_PREDISPATCHIS_202609232300_20260923223140.zip
2026-09-23 23:00:00,2026092338,1,SA1,06,98.60257,0,1421.01,0,PUBLIC_PREDISPATCHIS_202609232300_20260923223140.zip
2026-09-23 23:00:00,2026092338,1,SA1,07,94.71973,0,1403.61,0,PUBLIC_PREDISPATCHIS_202609232300_20260923223140.zip
2026-09-23 23:00:00,2026092338,1,SA1,08,93.64884,0,1376.88,0,PUBLIC_PREDISPATCHIS_202609232300_20260923223140.zip
2026-09-23 23:00:00,2026092338,1,SA1,09,82.92863,0,1349.79,0,PUBLIC_PREDISPATCHIS_202609232300_20260923223140.zip
2026-09-23 23:00:00,2026092338,1,SA1,10,80.0,0,1325.19,0,PUBLIC_PREDISPATCHIS_202609232300_20260923223140.zip
2026-09-23 23:00:00,2026092338,1,SA1,11,73.3298,0,1303.21,0,PUBLIC_PREDISPATCHIS_202609232300_20260923223140.zip
2026-09-23 23:00:00,2026092338,1,SA1,12,65.86684,0,1285.91,0,PUBLIC_PREDISPATCHIS_202609232300_20260923223140.zip
2026-09-23 23:00:00,2026092338,1,SA1,13,64.44352,0,1284.31,0,PUBLIC_PREDISPATCHIS_202609232300_20260923223140.zip
2026-09-23 23:00:00,2026092338,1,SA1,14,72.89769,0,1284.67,0,PUBLIC_PREDISPATCHIS_202609232300_20260923223140.zip
2026-09-23 23:00:00,2026092338,1,SA1,15,73.82608,0,1312.05,0,PUBLIC_PREDISPATCHIS_202609232300_20260923223140.zip
2026-09-23 23:00:00,2026092338,1,SA1,16,83.78557,0,1345.17,0,PUBLIC_PREDISPATCHIS_202609232300_20260923223140.zip
2026-09-23 23:00:00,2026092338,1,SA1,17,46.83829,0,1386.91,0,PUBLIC_PREDISPATCHIS_202609232300_20260923223140.zip
2026-09-23 23:00:00,2026092338,1,SA1,18,10.14422,0,1389.18,0,PUBLIC_PREDISPATCHIS_202609232300_20260923223140.zip
2026-09-23 23:00:00,2026092338,1,SA1,19,8.9968,0,1350.23,0,PUBLIC_PREDISPATCHIS_202609232300_20260923223140.zip
2026-09-23 23:00:00,2026092338,1,SA1,20,9.05329,0,1292.37,0,PUBLIC_PREDISPATCHIS_202609232300_20260923223140.zip
2026-09-23 23:00:00,2026092338,1,SA1,21,-1.02,0,1219.49,0,PUBLIC_PREDISPATCHIS_202609232300_20260923223140.zip
2026-09-23 23:00:00,2026092338,1,SA1,22,0.0,0,1113.5,0,PUBLIC_PREDISPATCHIS_202609232300_20260923223140.zip
2026-09-23 23:00:00,2026092338,1,SA1,23,-0.5664,0,1006.44,0,PUBLIC_PREDISPATCHIS_202609232300_20260923223140.zip
2026-09-23 23:00:00,2026092338,1,SA1,24,-5.0,0,938.04,0,PUBLIC_PREDISPATCHIS_202609232300_20260923223140.zip
2026-09-23 23:00:00,2026092338,1,SA1,25,-7.12,0,913.26,0,PUBLIC_PREDISPATCHIS_202609232300_20260923223140.zip
2026-09-23 23:00:00,2026092338,1,SA1,26,-5.99998,0,864.7,0,PUBLIC_PREDISPATCHIS_202609232300_20260923223140.zip
2026-09-23 23:00:00,2026092338,1,SA1,27,-7.01,0,852.71,0,PUBLIC_PREDISPATCHIS_202609232300_20260923223140.zip
2026-09-23 23:00:00,2026092338,1,SA1,28,-7.1,0,821.52,0,PUBLIC_PREDISPATCHIS_202609232300_20260923223140.zip
2026-09-23 23:00:00,2026092338,1,SA1,29,-5.99999,0,791.27,0,PUBLIC_PREDISPATCHIS_202609232300_20260923223140.zip
2026-09-23 23:00:00,2026092338,1,SA1,30,-7.1,0,754.21,0,PUBLIC_PREDISPATCHIS_202609232300_20260923223140.zip
2026-09-23 23:00:00,2026092338,1,SA1,31,-7.15,0,726.89,0,PUBLIC_PREDISPATCHIS_202609232300_20260923223140.zip
2026-09-23 23:00:00,2026092338,1,SA1,32,-5.03605,0,757.23,0,PUBLIC_PREDISPATCHIS_202609232300_20260923223140.zip
2026-09-23 23:00:00,2026092338,1,SA1,33,-1.09996,0,804.4,0,PUBLIC_PREDISPATCHIS_202609232300_20260923223140.zip
2026-09-23 23:00:00,2026092338,1,SA1,34,0.67253,0,865.25,0,PUBLIC_PREDISPATCHIS_202609232300_20260923223140.zip
2026-09-23 23:00:00,2026092338,1,SA1,35,10.23157,0,936.88,0,PUBLIC_PREDISPATCHIS_202609232300_20260923223140.zip
2026-09-23 23:00:00,2026092338,1,SA1,36,25.37465,0,1029.35,0,PUBLIC_PREDISPATCHIS_202609232300_20260923223140.zip
2026-09-23 23:00:00,2026092338,1,SA1,37,82.39875,0,1148.18,0,PUBLIC_PREDISPATCHIS_202609232300_20260923223140.zip
2026-09-23 23:00:00,2026092338,1,SA1,38,100.44,0,1288.36,0,PUBLIC_PREDISPATCHIS_202609232300_20260923223140.zip
2026-09-23 23:00:00,2026092338,1,SA1,39,110.43,0,1424.52,0,PUBLIC_PREDISPATCHIS_202609232300_20260923223140.zip
2026-09-23 23:00:00,2026092338,1,SA1,40,120.3,0,1518.4,0,PUBLIC_PREDISPATCHIS_202609232300_20260923223140.zip
2026-09-23 23:00:00,2026092338,1,SA1,41,144.41,0,1569.91,0,PUBLIC_PREDISPATCHIS_202609232300_20260923223140.zip
2026-09-23 23:00:00,2026092338,1,SA1,42,135.04,0,1589.27,0,PUBLIC_PREDISPATCHIS_202609232300_20260923223140.zip
2026-09-23 23:00:00,2026092338,1,SA1,43,118.85065,0,1570.19,0,PUBLIC_PREDISPATCHIS_202609232300_20260923223140.zip
2026-09-23 23:00:00,2026092338,1,SA1,44,120.40097,0,1556.21,0,PUBLIC_PREDISPATCHIS_202609232300_20260923223140.zip
2026-09-23 23:00:00,2026092338,1,SA1,45,105.85214,0,1529.79,0,PUBLIC_PREDISPATCHIS_202609232300_20260923223140.zip
2026-09-23 23:00:00,2026092338,1,SA1,46,101.02,0,1498.03,0,PUBLIC_PREDISPATCHIS_202609232300_20260923223140.zip
2026-09-23 23:00:00,2026092338,1,SA1,47,84.70223,0,1463.44,0,PUBLIC_PREDISPATCHIS_202609232300_20260923223140.zip
2026-09-23 23:00:00,2026092338,1,SA1,48,85.44,0,1419.85,0,PUBLIC_PREDISPATCHIS_202609232300_20260923223140.zip
2026-09-23 23:00:00,2026092338,1,SA1,49,82.86592,0,1384.31,0,PUBLIC_PREDISPATCHIS_202609232300_20260923223140.zip
2026-09-23 23:00:00,2026092338,1,SA1,50,75.44,0,1358.98,0,PUBLIC_PREDISPATCHIS_202609232300_20260923223140.zip
2026-09-23 23:00:00,2026092338,1,SA1,51,58.98421,0,1360.43,0,PUBLIC_PREDISPATCHIS_202609232300_20260923223140.zip
2026-09-23 23:00:00,2026092338,1,SA1,52,70.03,0,1390.1,0,PUBLIC_PREDISPATCHIS_202609232300_20260923223140.zip
2026-09-23 23:00:00,2026092338,1,SA1,53,56.9142,0,1395.68,0,PUBLIC_PREDISPATCHIS_202609232300_20260923223140.zip
2026-09-23 23:00:00,2026092338,1,SA1,54,67.32861,0,1382.39,0,PUBLIC_PREDISPATCHIS_202609232300_20260923223140.zip
2026-09-23 23:00:00,2026092338,1,SA1,55,56.43048,0,1364.27,0,PUBLIC_PREDISPATCHIS_202609232300_20260923223140.zip
2026-09-23 23:00:00,2026092338,1,SA1,56,100.54415,0,1346.73,0,PUBLIC_PREDISPATCHIS_202609232300_20260923223140.zip
2026-09-23 23:00:00,2026092338,1,SA1,57,98.0,0,1314.16,0,PUBLIC_PREDISPATCHIS_202609232300_20260923223140.zip
2026-09-23 23:00:00,2026092338,1,SA1,58,92.48096,0,1290.91,0,PUBLIC_PREDISPATCHIS_202609232300_20260923223140.zip
2026-09-23 23:00:00,2026092338,1,SA1,59,83.63517,0,1272.3,0,PUBLIC_PREDISPATCHIS_202609232300_20260923223140.zip
2026-09-23 23:00:00,2026092338,1,TAS1,01,104.71227,0,1090.0,0,PUBLIC_PREDISPATCHIS_202609232300_20260923223140.zip
2026-09-23 23:00:00,2026092338,1,TAS1,02,109.99438,0,1061.0,0,PUBLIC_PREDISPATCHIS_202609232300_20260923223140.zip
2026-09-23 23:00:00,2026092338,1,TAS1,03,105.99218,0,1040.0,0,PUBLIC_PREDISPATCHIS_202609232300_20260923223140.zip
2026-09-23 23:00:00,2026092338,1,TAS1,04,110.66914,0,1022.0,0,PUBLIC_PREDISPATCHIS_202609232300_20260923223140.zip
2026-09-23 23:00:00,2026092338,1,TAS1,05,108.85861,0,1007.0,0,PUBLIC_PREDISPATCHIS_202609232300_20260923223140.zip
2026-09-23 23:00:00,2026092338,1,TAS1,06,90.15639,0,996.0,0,PUBLIC_PREDISPATCHIS_202609232300_20260923223140.zip
2026-09-23 23:00:00,2026092338,1,TAS1,07,88.22,0,983.0,0,PUBLIC_PREDISPATCHIS_202609232300_20260923223140.zip
2026-09-23 23:00:00,2026092338,1,TAS1,08,88.2,0,975.0,0,PUBLIC_PREDISPATCHIS_202609232300_20260923223140.zip
2026-09-23 23:00:00,2026092338,1,TAS1,09,81.30592,0,974.0,0,PUBLIC_PREDISPATCHIS_202609232300_20260923223140.zip
2026-09-23 23:00:00,2026092338,1,TAS1,10,79.18103,0,975.0,0,PUBLIC_PREDISPATCHIS_202609232300_20260923223140.zip
2026-09-23 23:00:00,2026092338,1,TAS1,11,73.59166,0,975.0,0,PUBLIC_PREDISPATCHIS_202609232300_20260923223140.zip
2026-09-23 23:00:00,2026092338,1,TAS1,12,67.77659,0,982.0,0,PUBLIC_PREDISPATCHIS_202609232300_20260923223140.zip
2026-09-23 23:00:00,2026092338,1,TAS1,13,66.91257,0,996.0,0,PUBLIC_PREDISPATCHIS_202609232300_20260923223140.zip
2026-09-23 23:00:00,2026092338,1,TAS1,14,76.18,0,1023.0,0,PUBLIC_PREDISPATCHIS_202609232300_20260923223140.zip
2026-09-23 23:00:00,2026092338,1,TAS1,15,77.60135,0,1060.0,0,PUBLIC_PREDISPATCHIS_202609232300_20260923223140.zip
2026-09-23 23:00:00,2026092338,1,TAS1,16,88.48625,0,1118.0,0,PUBLIC_PREDISPATCHIS_202609232300_20260923223140.zip
2026-09-23 23:00:00,2026092338,1,TAS1,17,50.56793,0,1159.0,0,PUBLIC_PREDISPATCHIS_202609232300_20260923223140.zip
2026-09-23 23:00:00,2026092338,1,TAS1,18,11.64342,0,1169.0,0,PUBLIC_PREDISPATCHIS_202609232300_20260923223140.zip
2026-09-23 23:00:00,2026092338,1,TAS1,19,9.96234,0,1156.0,0,PUBLIC_PREDISPATCHIS_202609232300_20260923223140.zip
2026-09-23 23:00:00,2026092338,1,TAS1,20,9.98769,0,1112.0,0,PUBLIC_PREDISPATCHIS_202609232300_20260923223140.zip
2026-09-23 23:00:00,2026092338,1,TAS1,21,-0.35758,0,1059.0,0,PUBLIC_PREDISPATCHIS_202609232300_20260923223140.zip
2026-09-23 23:00:00,2026092338,1,TAS1,22,0.0,0,1004.0,0,PUBLIC_PREDISPATCHIS_202609232300_20260923223140.zip
2026-09-23 23:00:00,2026092338,1,TAS1,23,0.13998,0,964.0,0,PUBLIC_PREDISPATCHIS_202609232300_20260923223140.zip
2026-09-23 23:00:00,2026092338,1,TAS1,24,-5.01886,0,927.0,0,PUBLIC_PREDISPATCHIS_202609232300_20260923223140.zip
2026-09-23 23:00:00,2026092338,1,TAS1,25,-8.41652,0,899.0,0,PUBLIC_PREDISPATCHIS_202609232300_20260923223140.zip
2026-09-23 23:00:00,2026092338,1,TAS1,26,-12.40117,0,875.0,0,PUBLIC_PREDISPATCHIS_202609232300_20260923223140.zip
2026-09-23 23:00:00,2026092338,1,TAS1,27,-15.86761,0,857.0,0,PUBLIC_PREDISPATCHIS_202609232300_20260923223140.zip
2026-09-23 23:00:00,2026092338,1,TAS1,28,-14.8,0,839.0,0,PUBLIC_PREDISPATCHIS_202609232300_20260923223140.zip
2026-09-23 23:00:00,2026092338,1,TAS1,29,-14.8,0,830.0,0,PUBLIC_PREDISPATCHIS_202609232300_20260923223140.zip
2026-09-23 23:00:00,2026092338,1,TAS1,30,-12.41533,0,838.0,0,PUBLIC_PREDISPATCHIS_202609232300_20260923223140.zip
2026-09-23 23:00:00,2026092338,1,TAS1,31,-8.36174,0,851.0,0,PUBLIC_PREDISPATCHIS_202609232300_20260923223140.zip
2026-09-23 23:00:00,2026092338,1,TAS1,32,-5.224,0,872.0,0,PUBLIC_PREDISPATCHIS_202609232300_20260923223140.zip
2026-09-23 23:00:00,2026092338,1,TAS1,33,-1.15565,0,890.0,0,PUBLIC_PREDISPATCHIS_202609232300_20260923223140.zip
2026-09-23 23:00:00,2026092338,1,TAS1,34,0.713,0,912.0,0,PUBLIC_PREDISPATCHIS_202609232300_20260923223140.zip
2026-09-23 23:00:00,2026092338,1,TAS1,35,10.95567,0,943.0,0,PUBLIC_PREDISPATCHIS_202609232300_20260923223140.zip
2026-09-23 23:00:00,2026092338,1,TAS1,36,26.74645,0,976.0,0,PUBLIC_PREDISPATCHIS_202609232300_20260923223140.zip
2026-09-23 23:00:00,2026092338,1,TAS1,37,87.29289,0,1015.0,0,PUBLIC_PREDISPATCHIS_202609232300_20260923223140.zip
2026-09-23 23:00:00,2026092338,1,TAS1,38,94.17369,0,1064.0,0,PUBLIC_PREDISPATCHIS_202609232300_20260923223140.zip
2026-09-23 23:00:00,2026092338,1,TAS1,39,103.36796,0,1114.0,0,PUBLIC_PREDISPATCHIS_202609232300_20260923223140.zip
2026-09-23 23:00:00,2026092338,1,TAS1,40,109.93595,0,1151.0,0,PUBLIC_PREDISPATCHIS_202609232300_20260923223140.zip
2026-09-23 23:00:00,2026092338,1,TAS1,41,128.78694,0,1172.0,0,PUBLIC_PREDISPATCHIS_202609232300_20260923223140.zip
2026-09-23 23:00:00,2026092338,1,TAS1,42,120.16,0,1169.0,0,PUBLIC_PREDISPATCHIS_202609232300_20260923223140.zip
2026-09-23 23:00:00,2026092338,1,TAS1,43,106.28317,0,1160.0,0,PUBLIC_PREDISPATCHIS_202609232300_20260923223140.zip
2026-09-23 23:00:00,2026092338,1,TAS1,44,104.30315,0,1148.0,0,PUBLIC_PREDISPATCHIS_202609232300_20260923223140.zip
2026-09-23 23:00:00,2026092338,1,TAS1,45,93.50535,0,1127.0,0,PUBLIC_PREDISPATCHIS_202609232300_20260923223140.zip
2026-09-23 23:00:00,2026092338,1,TAS1,46,88.2,0,1111.0,0,PUBLIC_PREDISPATCHIS_202609232300_20260923223140.zip
2026-09-23 23:00:00,2026092338,1,TAS1,47,75.2,0,1088.0,0,PUBLIC_PREDISPATCHIS_202609232300_20260923223140.zip
2026-09-23 23:00:00,2026092338,1,TAS1,48,75.22,0,1062.0,0,PUBLIC_PREDISPATCHIS_202609232300_20260923223140.zip
2026-09-23 23:00:00,2026092338,1,TAS1,49,75.2,0,1032.0,0,PUBLIC_PREDISPATCHIS_202609232300_20260923223140.zip
2026-09-23 23:00:00,2026092338,1,TAS1,50,65.06301,0,1007.0,0,PUBLIC_PREDISPATCHIS_202609232300_20260923223140.zip
2026-09-23 23:00:00,2026092338,1,TAS1,51,50.1,0,988.0,0,PUBLIC_PREDISPATCHIS_202609232300_20260923223140.zip
2026-09-23 23:00:00,2026092338,1,TAS1,52,47.82881,0,974.0,0,PUBLIC_PREDISPATCHIS_202609232300_20260923223140.zip
2026-09-23 23:00:00,2026092338,1,TAS1,53,41.76527,0,963.0,0,PUBLIC_PREDISPATCHIS_202609232300_20260923223140.zip
2026-09-23 23:00:00,2026092338,1,TAS1,54,52.06,0,959.0,0,PUBLIC_PREDISPATCHIS_202609232300_20260923223140.zip
2026-09-23 23:00:00,2026092338,1,TAS1,55,49.11,0,950.0,0,PUBLIC_PREDISPATCHIS_202609232300_20260923223140.zip
2026-09-23 23:00:00,2026092338,1,TAS1,56,82.5239,0,945.0,0,PUBLIC_PREDISPATCHIS_202609232300_20260923223140.zip
2026-09-23 23:00:00,2026092338,1,TAS1,57,82.62058,0,946.0,0,PUBLIC_PREDISPATCHIS_202609232300_20260923223140.zip
2026-09-23 23:00:00,2026092338,1,TAS1,58,82.88729,0,950.0,0,PUBLIC_PREDISPATCHIS_202609232300_20260923223140.zip
2026-09-23 23:00:00,2026092338,1,TAS1,59,80.18857,0,951.0,0,PUBLIC_PREDISPATCHIS_202609232300_20260923223140.zip
2026-09-23 23:00:00,2026092338,1,VIC1,01,111.98,0,5472.02,0,PUBLIC_PREDISPATCHIS_202609232300_20260923223140.zip
2026-09-23 23:00:00,2026092338,1,VIC1,02,118.36621,0,5465.73,0,PUBLIC_PREDISPATCHIS_202609232300_20260923223140.zip
2026-09-23 23:00:00,2026092338,1,VIC1,03,114.76031,0,5376.56,0,PUBLIC_PREDISPATCHIS_202609232300_20260923223140.zip
2026-09-23 23:00:00,2026092338,1,VIC1,04,120.17463,0,5229.8,0,PUBLIC_PREDISPATCHIS_202609232300_20260923223140.zip
2026-09-23 23:00:00,2026092338,1,VIC1,05,116.36029,0,5069.53,0,PUBLIC_PREDISPATCHIS_202609232300_20260923223140.zip
2026-09-23 23:00:00,2026092338,1,VIC1,06,96.64381,0,4920.99,0,PUBLIC_PREDISPATCHIS_202609232300_20260923223140.zip
2026-09-23 23:00:00,2026092338,1,VIC1,07,93.10773,0,4758.91,0,PUBLIC_PREDISPATCHIS_202609232300_20260923223140.zip
2026-09-23 23:00:00,2026092338,1,VIC1,08,91.95046,0,4634.3,0,PUBLIC_PREDISPATCHIS_202609232300_20260923223140.zip
2026-09-23 23:00:00,2026092338,1,VIC1,09,82.52066,0,4541.87,0,PUBLIC_PREDISPATCHIS_202609232300_20260923223140.zip
2026-09-23 23:00:00,2026092338,1,VIC1,10,80.12275,0,4487.7,0,PUBLIC_PREDISPATCHIS_202609232300_20260923223140.zip
2026-09-23 23:00:00,2026092338,1,VIC1,11,74.46467,0,4461.78,0,PUBLIC_PREDISPATCHIS_202609232300_20260923223140.zip
2026-09-23 23:00:00,2026092338,1,VIC1,12,67.59773,0,4483.75,0,PUBLIC_PREDISPATCHIS_202609232300_20260923223140.zip
2026-09-23 23:00:00,2026092338,1,VIC1,13,66.55225,0,4576.58,0,PUBLIC_PREDISPATCHIS_202609232300_20260923223140.zip
2026-09-23 23:00:00,2026092338,1,VIC1,14,76.01173,0,4800.5,0,PUBLIC_PREDISPATCHIS_202609232300_20260923223140.zip
2026-09-23 23:00:00,2026092338,1,VIC1,15,76.77555,0,5045.85,0,PUBLIC_PREDISPATCHIS_202609232300_20260923223140.zip
2026-09-23 23:00:00,2026092338,1,VIC1,16,87.56959,0,5321.54,0,PUBLIC_PREDISPATCHIS_202609232300_20260923223140.zip
2026-09-23 23:00:00,2026092338,1,VIC1,17,48.3337,0,5493.78,0,PUBLIC_PREDISPATCHIS_202609232300_20260923223140.zip
2026-09-23 23:00:00,2026092338,1,VIC1,18,10.5,0,5455.84,0,PUBLIC_PREDISPATCHIS_202609232300_20260923223140.zip
2026-09-23 23:00:00,2026092338,1,VIC1,19,8.88151,0,5259.14,0,PUBLIC_PREDISPATCHIS_202609232300_20260923223140.zip
2026-09-23 23:00:00,2026092338,1,VIC1,20,8.94,0,5002.0,0,PUBLIC_PREDISPATCHIS_202609232300_20260923223140.zip
2026-09-23 23:00:00,2026092338,1,VIC1,21,-1.00355,0,4667.1,0,PUBLIC_PREDISPATCHIS_202609232300_20260923223140.zip
2026-09-23 23:00:00,2026092338,1,VIC1,22,0.0,0,4352.99,0,PUBLIC_PREDISPATCHIS_202609232300_20260923223140.zip
2026-09-23 23:00:00,2026092338,1,VIC1,23,-0.55,0,4065.64,0,PUBLIC_PREDISPATCHIS_202609232300_20260923223140.zip
2026-09-23 23:00:00,2026092338,1,VIC1,24,-4.80172,0,3738.14,0,PUBLIC_PREDISPATCHIS_202609232300_20260923223140.zip
2026-09-23 23:00:00,2026092338,1,VIC1,25,-8.0,0,3502.89,0,PUBLIC_PREDISPATCHIS_202609232300_20260923223140.zip
2026-09-23 23:00:00,2026092338,1,VIC1,26,-11.86,0,3401.68,0,PUBLIC_PREDISPATCHIS_202609232300_20260923223140.zip
2026-09-23 23:00:00,2026092338,1,VIC1,27,-15.08,0,3332.62,0,PUBLIC_PREDISPATCHIS_202609232300_20260923223140.zip
2026-09-23 23:00:00,2026092338,1,VIC1,28,-15.08,0,3352.17,0,PUBLIC_PREDISPATCHIS_202609232300_20260923223140.zip
2026-09-23 23:00:00,2026092338,1,VIC1,29,-14.15526,0,3381.91,0,PUBLIC_PREDISPATCHIS_202609232300_20260923223140.zip
2026-09-23 23:00:00,2026092338,1,VIC1,30,-11.95,0,3445.7,0,PUBLIC_PREDISPATCHIS_202609232300_20260923223140.zip
2026-09-23 23:00:00,2026092338,1,VIC1,31,-8.0,0,3621.06,0,PUBLIC_PREDISPATCHIS_202609232300_20260923223140.zip
2026-09-23 23:00:00,2026092338,1,VIC1,32,-5.0,0,3906.79,0,PUBLIC_PREDISPATCHIS_202609232300_20260923223140.zip
2026-09-23 23:00:00,2026092338,1,VIC1,33,-1.10664,0,4247.19,0,PUBLIC_PREDISPATCHIS_202609232300_20260923223140.zip
2026-09-23 23:00:00,2026092338,1,VIC1,34,0.68527,0,4621.54,0,PUBLIC_PREDISPATCHIS_202609232300_20260923223140.zip
2026-09-23 23:00:00,2026092338,1,VIC1,35,10.5,0,4875.17,0,PUBLIC_PREDISPATCHIS_202609232300_20260923223140.zip
2026-09-23 23:00:00,2026092338,1,VIC1,36,25.80711,0,5214.95,0,PUBLIC_PREDISPATCHIS_202609232300_20260923223140.zip
2026-09-23 23:00:00,2026092338,1,VIC1,37,80.0831,0,5582.45,0,PUBLIC_PREDISPATCHIS_202609232300_20260923223140.zip
2026-09-23 23:00:00,2026092338,1,VIC1,38,101.41774,0,5900.21,0,PUBLIC_PREDISPATCHIS_202609232300_20260923223140.zip
2026-09-23 23:00:00,2026092338,1,VIC1,39,115.28627,0,6115.7,0,PUBLIC_PREDISPATCHIS_202609232300_20260923223140.zip
2026-09-23 23:00:00,2026092338,1,VIC1,40,122.62995,0,6248.13,0,PUBLIC_PREDISPATCHIS_202609232300_20260923223140.zip
2026-09-23 23:00:00,2026092338,1,VIC1,41,145.16411,0,6337.3,0,PUBLIC_PREDISPATCHIS_202609232300_20260923223140.zip
2026-09-23 23:00:00,2026092338,1,VIC1,42,134.282,0,6196.43,0,PUBLIC_PREDISPATCHIS_202609232300_20260923223140.zip
2026-09-23 23:00:00,2026092338,1,VIC1,43,118.5,0,6012.3,0,PUBLIC_PREDISPATCHIS_202609232300_20260923223140.zip
2026-09-23 23:00:00,2026092338,1,VIC1,44,116.26927,0,5861.89,0,PUBLIC_PREDISPATCHIS_202609232300_20260923223140.zip
2026-09-23 23:00:00,2026092338,1,VIC1,45,104.21312,0,5742.91,0,PUBLIC_PREDISPATCHIS_202609232300_20260923223140.zip
2026-09-23 23:00:00,2026092338,1,VIC1,46,98.40072,0,5551.58,0,PUBLIC_PREDISPATCHIS_202609232300_20260923223140.zip
2026-09-23 23:00:00,2026092338,1,VIC1,47,80.41432,0,5347.33,0,PUBLIC_PREDISPATCHIS_202609232300_20260923223140.zip
2026-09-23 23:00:00,2026092338,1,VIC1,48,81.9344,0,5214.13,0,PUBLIC_PREDISPATCHIS_202609232300_20260923223140.zip
2026-09-23 23:00:00,2026092338,1,VIC1,49,76.62322,0,5088.91,0,PUBLIC_PREDISPATCHIS_202609232300_20260923223140.zip
2026-09-23 23:00:00,2026092338,1,VIC1,50,41.15259,0,5102.74,0,PUBLIC_PREDISPATCHIS_202609232300_20260923223140.zip
2026-09-23 23:00:00,2026092338,1,VIC1,51,28.7417,0,5016.23,0,PUBLIC_PREDISPATCHIS_202609232300_20260923223140.zip
2026-09-23 23:00:00,2026092338,1,VIC1,52,18.3437,0,4883.19,0,PUBLIC_PREDISPATCHIS_202609232300_20260923223140.zip
2026-09-23 23:00:00,2026092338,1,VIC1,53,10.65,0,4720.4,0,PUBLIC_PREDISPATCHIS_202609232300_20260923223140.zip
2026-09-23 23:00:00,2026092338,1,VIC1,54,27.94271,0,4575.45,0,PUBLIC_PREDISPATCHIS_202609232300_20260923223140.zip
2026-09-23 23:00:00,2026092338,1,VIC1,55,26.55114,0,4446.91,0,PUBLIC_PREDISPATCHIS_202609232300_20260923223140.zip
2026-09-23 23:00:00,2026092338,1,VIC1,56,79.2772,0,4352.07,0,PUBLIC_PREDISPATCHIS_202609232300_20260923223140.zip
2026-09-23 23:00:00,2026092338,1,VIC1,57,79.35993,0,4271.26,0,PUBLIC_PREDISPATCHIS_202609232300_20260923223140.zip
2026-09-23 23:00:00,2026092338,1,VIC1,58,79.35993,0,4224.12,0,PUBLIC_PREDISPATCHIS_202609232300_20260923223140.zip
2026-09-23 23:00:00,2026092338,1,VIC1,59,76.77355,0,4211.34,0,PUBLIC_PREDISPATCHIS_202609232300_20260923223140.zip
2026-09-23 23:30:00,2026092339,1,NSW1,01,114.95,0,7761.01,0,PUBLIC_PREDISPATCHIS_202609232330_20260923230142.zip
2026-09-23 23:30:00,2026092339,1,NSW1,02,119.01,0,7634.97,0,PUBLIC_PREDISPATCHIS_202609232330_20260923230142.zip
2026-09-23 23:30:00,2026092339,1,NSW1,03,121.66393,0,7508.57,0,PUBLIC_PREDISPATCHIS_202609232330_20260923230142.zip
2026-09-23 23:30:00,2026092339,1,NSW1,04,118.94546,0,7391.55,0,PUBLIC_PREDISPATCHIS_202609232330_20260923230142.zip
2026-09-23 23:30:00,2026092339,1,NSW1,05,97.63005,0,7234.08,0,PUBLIC_PREDISPATCHIS_202609232330_20260923230142.zip
2026-09-23 23:30:00,2026092339,1,NSW1,06,95.60169,0,7052.73,0,PUBLIC_PREDISPATCHIS_202609232330_20260923230142.zip
2026-09-23 23:30:00,2026092339,1,NSW1,07,97.6129,0,6895.21,0,PUBLIC_PREDISPATCHIS_202609232330_20260923230142.zip
2026-09-23 23:30:00,2026092339,1,NSW1,08,90.0,0,6755.84,0,PUBLIC_PREDISPATCHIS_202609232330_20260923230142.zip
2026-09-23 23:30:00,2026092339,1,NSW1,09,88.06429,0,6678.44,0,PUBLIC_PREDISPATCHIS_202609232330_20260923230142.zip
2026-09-23 23:30:00,2026092339,1,NSW1,10,83.99,0,6620.6,0,PUBLIC_PREDISPATCHIS_202609232330_20260923230142.zip
2026-09-23 23:30:00,2026092339,1,NSW1,11,83.99,0,6651.96,0,PUBLIC_PREDISPATCHIS_202609232330_20260923230142.zip
2026-09-23 23:30:00,2026092339,1,NSW1,12,83.99,0,6734.86,0,PUBLIC_PREDISPATCHIS_202609232330_20260923230142.zip
2026-09-23 23:30:00,2026092339,1,NSW1,13,88.84312,0,6928.78,0,PUBLIC_PREDISPATCHIS_202609232330_20260923230142.zip
2026-09-23 23:30:00,2026092339,1,NSW1,14,87.16267,0,7160.47,0,PUBLIC_PREDISPATCHIS_202609232330_20260923230142.zip
2026-09-23 23:30:00,2026092339,1,NSW1,15,94.71287,0,7313.98,0,PUBLIC_PREDISPATCHIS_202609232330_20260923230142.zip
2026-09-23 23:30:00,2026092339,1,NSW1,16,61.68013,0,7319.51,0,PUBLIC_PREDISPATCHIS_202609232330_20260923230142.zip
2026-09-23 23:30:00,2026092339,1,NSW1,17,76.1,0,7155.28,0,PUBLIC_PREDISPATCHIS_202609232330_20260923230142.zip
2026-09-23 23:30:00,2026092339,1,NSW1,18,76.1,0,6886.1,0,PUBLIC_PREDISPATCHIS_202609232330_20260923230142.zip
2026-09-23 23:30:00,2026092339,1,NSW1,19,53.15,0,6534.85,0,PUBLIC_PREDISPATCHIS_202609232330_20260923230142.zip
2026-09-23 23:30:00,2026092339,1,NSW1,20,46.45,0,6081.18,0,PUBLIC_PREDISPATCHIS_202609232330_20260923230142.zip
2026-09-23 23:30:00,2026092339,1,NSW1,21,44.46513,0,5773.75,0,PUBLIC_PREDISPATCHIS_202609232330_20260923230142.zip
2026-09-23 23:30:00,2026092339,1,NSW1,22,42.54,0,5550.96,0,PUBLIC_PREDISPATCHIS_202609232330_20260923230142.zip
2026-09-23 23:30:00,2026092339,1,NSW1,23,42.8001,0,5407.11,0,PUBLIC_PREDISPATCHIS_202609232330_20260923230142.zip
2026-09-23 23:30:00,2026092339,1,NSW1,24,42.94,0,5236.14,0,PUBLIC_PREDISPATCHIS_202609232330_20260923230142.zip
2026-09-23 23:30:00,2026092339,1,NSW1,25,49.17402,0,5054.97,0,PUBLIC_PREDISPATCHIS_202609232330_20260923230142.zip
2026-09-23 23:30:00,2026092339,1,NSW1,26,39.93438,0,4894.65,0,PUBLIC_PREDISPATCHIS_202609232330_20260923230142.zip
2026-09-23 23:30:00,2026092339,1,NSW1,27,42.8001,0,4763.25,0,PUBLIC_PREDISPATCHIS_202609232330_20260923230142.zip
2026-09-23 23:30:00,2026092339,1,NSW1,28,50.89366,0,4801.49,0,PUBLIC_PREDISPATCHIS_202609232330_20260923230142.zip
2026-09-23 23:30:00,2026092339,1,NSW1,29,42.8001,0,4917.47,0,PUBLIC_PREDISPATCHIS_202609232330_20260923230142.zip
2026-09-23 23:30:00,2026092339,1,NSW1,30,29.19073,0,5118.19,0,PUBLIC_PREDISPATCHIS_202609232330_20260923230142.zip
2026-09-23 23:30:00,2026092339,1,NSW1,31,39.31967,0,5369.82,0,PUBLIC_PREDISPATCHIS_202609232330_20260923230142.zip
2026-09-23 23:30:00,2026092339,1,NSW1,32,38.93541,0,5778.24,0,PUBLIC_PREDISPATCHIS_202609232330_20260923230142.zip
2026-09-23 23:30:00,2026092339,1,NSW1,33,42.54,0,6236.73,0,PUBLIC_PREDISPATCHIS_202609232330_20260923230142.zip
2026-09-23 23:30:00,2026092339,1,NSW1,34,42.54,0,6843.65,0,PUBLIC_PREDISPATCHIS_202609232330_20260923230142.zip
2026-09-23 23:30:00,2026092339,1,NSW1,35,55.84353,0,7410.33,0,PUBLIC_PREDISPATCHIS_202609232330_20260923230142.zip
2026-09-23 23:30:00,2026092339,1,NSW1,36,87.00608,0,7972.77,0,PUBLIC_PREDISPATCHIS_202609232330_20260923230142.zip
2026-09-23 23:30:00,2026092339,1,NSW1,37,112.75572,0,8319.71,0,PUBLIC_PREDISPATCHIS_202609232330_20260923230142.zip
2026-09-23 23:30:00,2026092339,1,NSW1,38,121.1,0,8667.07,0,PUBLIC_PREDISPATCHIS_202609232330_20260923230142.zip
2026-09-23 23:30:00,2026092339,1,NSW1,39,130.01,0,8848.05,0,PUBLIC_PREDISPATCHIS_202609232330_20260923230142.zip
2026-09-23 23:30:00,2026092339,1,NSW1,40,140.82348,0,8878.07,0,PUBLIC_PREDISPATCHIS_202609232330_20260923230142.zip
2026-09-23 23:30:00,2026092339,1,NSW1,41,142.9,0,8722.77,0,PUBLIC_PREDISPATCHIS_202609232330_20260923230142.zip
2026-09-23 23:30:00,2026092339,1,NSW1,42,136.26047,0,8551.73,0,PUBLIC_PREDISPATCHIS_202609232330_20260923230142.zip
2026-09-23 23:30:00,2026092339,1,NSW1,43,128.44143,0,8394.09,0,PUBLIC_PREDISPATCHIS_202609232330_20260923230142.zip
2026-09-23 23:30:00,2026092339,1,NSW1,44,123.43334,0,8249.5,0,PUBLIC_PREDISPATCHIS_202609232330_20260923230142.zip
2026-09-23 23:30:00,2026092339,1,NSW1,45,119.01,0,8077.89,0,PUBLIC_PREDISPATCHIS_202609232330_20260923230142.zip
2026-09-23 23:30:00,2026092339,1,NSW1,46,96.99,0,7878.8,0,PUBLIC_PREDISPATCHIS_202609232330_20260923230142.zip
2026-09-23 23:30:00,2026092339,1,NSW1,47,114.51555,0,7776.33,0,PUBLIC_PREDISPATCHIS_202609232330_20260923230142.zip
2026-09-23 23:30:00,2026092339,1,NSW1,48,96.99,0,7658.18,0,PUBLIC_PREDISPATCHIS_202609232330_20260923230142.zip
2026-09-23 23:30:00,2026092339,1,NSW1,49,115.81188,0,7516.44,0,PUBLIC_PREDISPATCHIS_202609232330_20260923230142.zip
2026-09-23 23:30:00,2026092339,1,NSW1,50,96.99,0,7363.14,0,PUBLIC_PREDISPATCHIS_202609232330_20260923230142.zip
2026-09-23 23:30:00,2026092339,1,NSW1,51,96.99,0,7237.62,0,PUBLIC_PREDISPATCHIS_202609232330_20260923230142.zip
2026-09-23 23:30:00,2026092339,1,NSW1,52,92.75944,0,7092.84,0,PUBLIC_PREDISPATCHIS_202609232330_20260923230142.zip
2026-09-23 23:30:00,2026092339,1,NSW1,53,90.0,0,6936.9,0,PUBLIC_PREDISPATCHIS_202609232330_20260923230142.zip
2026-09-23 23:30:00,2026092339,1,NSW1,54,86.44936,0,6760.05,0,PUBLIC_PREDISPATCHIS_202609232330_20260923230142.zip
2026-09-23 23:30:00,2026092339,1,NSW1,55,86.53978,0,6619.19,0,PUBLIC_PREDISPATCHIS_202609232330_20260923230142.zip
2026-09-23 23:30:00,2026092339,1,NSW1,56,87.00481,0,6502.96,0,PUBLIC_PREDISPATCHIS_202609232330_20260923230142.zip
2026-09-23 23:30:00,2026092339,1,NSW1,57,84.79,0,6446.21,0,PUBLIC_PREDISPATCHIS_202609232330_20260923230142.zip
2026-09-23 23:30:00,2026092339,1,NSW1,58,84.10648,0,6406.1,0,PUBLIC_PREDISPATCHIS_202609232330_20260923230142.zip
2026-09-23 23:30:00,2026092339,1,QLD1,01,96.42632,0,6093.79,0,PUBLIC_PREDISPATCHIS_202609232330_20260923230142.zip
2026-09-23 23:30:00,2026092339,1,QLD1,02,89.58491,0,5972.92,0,PUBLIC_PREDISPATCHIS_202609232330_20260923230142.zip
2026-09-23 23:30:00,2026092339,1,QLD1,03,89.58491,0,5851.57,0,PUBLIC_PREDISPATCHIS_202609232330_20260923230142.zip
2026-09-23 23:30:00,2026092339,1,QLD1,04,84.28891,0,5716.69,0,PUBLIC_PREDISPATCHIS_202609232330_20260923230142.zip
2026-09-23 23:30:00,2026092339,1,QLD1,05,79.16472,0,5613.24,0,PUBLIC_PREDISPATCHIS_202609232330_20260923230142.zip
2026-09-23 23:30:00,2026092339,1,QLD1,06,78.69715,0,5558.73,0,PUBLIC_PREDISPATCHIS_202609232330_20260923230142.zip
2026-09-23 23:30:00,2026092339,1,QLD1,07,81.35,0,5525.65,0,PUBLIC_PREDISPATCHIS_202609232330_20260923230142.zip
2026-09-23 23:30:00,2026092339,1,QLD1,08,75.95474,0,5516.23,0,PUBLIC_PREDISPATCHIS_202609232330_20260923230142.zip
2026-09-23 23:30:00,2026092339,1,QLD1,09,75.27656,0,5528.0,0,PUBLIC_PREDISPATCHIS_202609232330_20260923230142.zip
2026-09-23 23:30:00,2026092339,1,QLD1,10,73.19744,0,5554.79,0,PUBLIC_PREDISPATCHIS_202609232330_20260923230142.zip
2026-09-23 23:30:00,2026092339,1,QLD1,11,73.25745,0,5627.15,0,PUBLIC_PREDISPATCHIS_202609232330_20260923230142.zip
2026-09-23 23:30:00,2026092339,1,QLD1,12,74.76021,0,5728.56,0,PUBLIC_PREDISPATCHIS_202609232330_20260923230142.zip
2026-09-23 23:30:00,2026092339,1,QLD1,13,79.73,0,5885.72,0,PUBLIC_PREDISPATCHIS_202609232330_20260923230142.zip
2026-09-23 23:30:00,2026092339,1,QLD1,14,78.34173,0,6018.08,0,PUBLIC_PREDISPATCHIS_202609232330_20260923230142.zip
2026-09-23 23:30:00,2026092339,1,QLD1,15,84.66426,0,6094.46,0,PUBLIC_PREDISPATCHIS_202609232330_20260923230142.zip
2026-09-23 23:30:00,2026092339,1,QLD1,16,54.75,0,6041.8,0,PUBLIC_PREDISPATCHIS_202609232330_20260923230142.zip
2026-09-23 23:30:00,2026092339,1,QLD1,17,69.16984,0,5895.95,0,PUBLIC_PREDISPATCHIS_202609232330_20260923230142.zip
2026-09-23 23:30:00,2026092339,1,QLD1,18,70.05,0,5580.77,0,PUBLIC_PREDISPATCHIS_202609232330_20260923230142.zip
2026-09-23 23:30:00,2026092339,1,QLD1,19,47.9263,0,5266.08,0,PUBLIC_PREDISPATCHIS_202609232330_20260923230142.zip
2026-09-23 23:30:00,2026092339,1,QLD1,20,42.2773,0,4976.09,0,PUBLIC_PREDISPATCHIS_202609232330_20260923230142.zip
2026-09-23 23:30:00,2026092339,1,QLD1,21,40.1,0,4747.01,0,PUBLIC_PREDISPATCHIS_202609232330_20260923230142.zip
2026-09-23 23:30:00,2026092339,1,QLD1,22,38.75603,0,4535.93,0,PUBLIC_PREDISPATCHIS_202609232330_20260923230142.zip
2026-09-23 23:30:00,2026092339,1,QLD1,23,38.34638,0,4387.95,0,PUBLIC_PREDISPATCHIS_202609232330_20260923230142.zip
2026-09-23 23:30:00,2026092339,1,QLD1,24,38.25354,0,4264.62,0,PUBLIC_PREDISPATCHIS_202609232330_20260923230142.zip
2026-09-23 23:30:00,2026092339,1,QLD1,25,43.01,0,4306.02,0,PUBLIC_PREDISPATCHIS_202609232330_20260923230142.zip
2026-09-23 23:30:00,2026092339,1,QLD1,26,31.15,0,4313.47,0,PUBLIC_PREDISPATCHIS_202609232330_20260923230142.zip
2026-09-23 23:30:00,2026092339,1,QLD1,27,37.47014,0,4351.02,0,PUBLIC_PREDISPATCHIS_202609232330_20260923230142.zip
2026-09-23 23:30:00,2026092339,1,QLD1,28,45.69,0,4335.38,0,PUBLIC_PREDISPATCHIS_202609232330_20260923230142.zip
2026-09-23 23:30:00,2026092339,1,QLD1,29,38.20991,0,4408.51,0,PUBLIC_PREDISPATCHIS_202609232330_20260923230142.zip
2026-09-23 23:30:00,2026092339,1,QLD1,30,26.15318,0,4524.9,0,PUBLIC_PREDISPATCHIS_202609232330_20260923230142.zip
2026-09-23 23:30:00,2026092339,1,QLD1,31,35.69833,0,4746.41,0,PUBLIC_PREDISPATCHIS_202609232330_20260923230142.zip
2026-09-23 23:30:00,2026092339,1,QLD1,32,35.69833,0,5035.24,0,PUBLIC_PREDISPATCHIS_202609232330_20260923230142.zip
2026-09-23 23:30:00,2026092339,1,QLD1,33,39.4411,0,5428.07,0,PUBLIC_PREDISPATCHIS_202609232330_20260923230142.zip
2026-09-23 23:30:00,2026092339,1,QLD1,34,40.16386,0,5873.31,0,PUBLIC_PREDISPATCHIS_202609232330_20260923230142.zip
2026-09-23 23:30:00,2026092339,1,QLD1,35,54.75,0,6340.46,0,PUBLIC_PREDISPATCHIS_202609232330_20260923230142.zip
2026-09-23 23:30:00,2026092339,1,QLD1,36,85.25,0,6813.67,0,PUBLIC_PREDISPATCHIS_202609232330_20260923230142.zip
2026-09-23 23:30:00,2026092339,1,QLD1,37,105.4,0,7142.91,0,PUBLIC_PREDISPATCHIS_202609232330_20260923230142.zip
2026-09-23 23:30:00,2026092339,1,QLD1,38,115.06098,0,7425.34,0,PUBLIC_PREDISPATCHIS_202609232330_20260923230142.zip
2026-09-23 23:30:00,2026092339,1,QLD1,39,122.93233,0,7556.64,0,PUBLIC_PREDISPATCHIS_202609232330_20260923230142.zip
2026-09-23 23:30:00,2026092339,1,QLD1,40,128.11,0,7528.28,0,PUBLIC_PREDISPATCHIS_202609232330_20260923230142.zip
2026-09-23 23:30:00,2026092339,1,QLD1,41,128.11,0,7372.56,0,PUBLIC_PREDISPATCHIS_202609232330_20260923230142.zip
2026-09-23 23:30:00,2026092339,1,QLD1,42,125.08416,0,7214.03,0,PUBLIC_PREDISPATCHIS_202609232330_20260923230142.zip
2026-09-23 23:30:00,2026092339,1,QLD1,43,117.69,0,7074.16,0,PUBLIC_PREDISPATCHIS_202609232330_20260923230142.zip
2026-09-23 23:30:00,2026092339,1,QLD1,44,114.58,0,7084.96,0,PUBLIC_PREDISPATCHIS_202609232330_20260923230142.zip
2026-09-23 23:30:00,2026092339,1,QLD1,45,111.04798,0,6987.73,0,PUBLIC_PREDISPATCHIS_202609232330_20260923230142.zip
2026-09-23 23:30:00,2026092339,1,QLD1,46,91.46765,0,6815.47,0,PUBLIC_PREDISPATCHIS_202609232330_20260923230142.zip
2026-09-23 23:30:00,2026092339,1,QLD1,47,109.75,0,6579.7,0,PUBLIC_PREDISPATCHIS_202609232330_20260923230142.zip
2026-09-23 23:30:00,2026092339,1,QLD1,48,92.11349,0,6372.48,0,PUBLIC_PREDISPATCHIS_202609232330_20260923230142.zip
2026-09-23 23:30:00,2026092339,1,QLD1,49,109.75,0,6198.4,0,PUBLIC_PREDISPATCHIS_202609232330_20260923230142.zip
2026-09-23 23:30:00,2026092339,1,QLD1,50,91.1933,0,6077.01,0,PUBLIC_PREDISPATCHIS_202609232330_20260923230142.zip
2026-09-23 23:30:00,2026092339,1,QLD1,51,89.87113,0,5928.4,0,PUBLIC_PREDISPATCHIS_202609232330_20260923230142.zip
2026-09-23 23:30:00,2026092339,1,QLD1,52,85.25,0,5779.48,0,PUBLIC_PREDISPATCHIS_202609232330_20260923230142.zip
2026-09-23 23:30:00,2026092339,1,QLD1,53,83.34945,0,5687.4,0,PUBLIC_PREDISPATCHIS_202609232330_20260923230142.zip
2026-09-23 23:30:00,2026092339,1,QLD1,54,79.31482,0,5630.11,0,PUBLIC_PREDISPATCHIS_202609232330_20260923230142.zip
2026-09-23 23:30:00,2026092339,1,QLD1,55,79.28049,0,5589.17,0,PUBLIC_PREDISPATCHIS_202609232330_20260923230142.zip
2026-09-23 23:30:00,2026092339,1,QLD1,56,79.28049,0,5576.57,0,PUBLIC_PREDISPATCHIS_202609232330_20260923230142.zip
2026-09-23 23:30:00,2026092339,1,QLD1,57,77.75845,0,5575.47,0,PUBLIC_PREDISPATCHIS_202609232330_20260923230142.zip
2026-09-23 23:30:00,2026092339,1,QLD1,58,76.17491,0,5593.64,0,PUBLIC_PREDISPATCHIS_202609232330_20260923230142.zip
2026-09-23 23:30:00,2026092339,1,SA1,01,111.55009,0,1342.41,0,PUBLIC_PREDISPATCHIS_202609232330_20260923230142.zip
2026-09-23 23:30:00,2026092339,1,SA1,02,113.32706,0,1376.66,0,PUBLIC_PREDISPATCHIS_202609232330_20260923230142.zip
2026-09-23 23:30:00,2026092339,1,SA1,03,120.52,0,1393.82,0,PUBLIC_PREDISPATCHIS_202609232330_20260923230142.zip
2026-09-23 23:30:00,2026092339,1,SA1,04,120.3,0,1417.86,0,PUBLIC_PREDISPATCHIS_202609232330_20260923230142.zip
2026-09-23 23:30:00,2026092339,1,SA1,05,99.81268,0,1404.91,0,PUBLIC_PREDISPATCHIS_202609232330_20260923230142.zip
2026-09-23 23:30:00,2026092339,1,SA1,06,93.93523,0,1388.62,0,PUBLIC_PREDISPATCHIS_202609232330_20260923230142.zip
2026-09-23 23:30:00,2026092339,1,SA1,07,94.14417,0,1366.07,0,PUBLIC_PREDISPATCHIS_202609232330_20260923230142.zip
2026-09-23 23:30:00,2026092339,1,SA1,08,83.4722,0,1341.84,0,PUBLIC_PREDISPATCHIS_202609232330_20260923230142.zip
2026-09-23 23:30:00,2026092339,1,SA1,09,79.31318,0,1319.2,0,PUBLIC_PREDISPATCHIS_202609232330_20260923230142.zip
2026-09-23 23:30:00,2026092339,1,SA1,10,73.46829,0,1299.21,0,PUBLIC_PREDISPATCHIS_202609232330_20260923230142.zip
2026-09-23 23:30:00,2026092339,1,SA1,11,73.03644,0,1283.93,0,PUBLIC_PREDISPATCHIS_202609232330_20260923230142.zip
2026-09-23 23:30:00,2026092339,1,SA1,12,69.81755,0,1282.39,0,PUBLIC_PREDISPATCHIS_202609232330_20260923230142.zip
2026-09-23 23:30:00,2026092339,1,SA1,13,74.32253,0,1283.66,0,PUBLIC_PREDISPATCHIS_202609232330_20260923230142.zip
2026-09-23 23:30:00,2026092339,1,SA1,14,73.79965,0,1310.1,0,PUBLIC_PREDISPATCHIS_202609232330_20260923230142.zip
2026-09-23 23:30:00,2026092339,1,SA1,15,83.2272,0,1344.21,0,PUBLIC_PREDISPATCHIS_202609232330_20260923230142.zip
2026-09-23 23:30:00,2026092339,1,SA1,16,55.94766,0,1384.91,0,PUBLIC_PREDISPATCHIS_202609232330_20260923230142.zip
2026-09-23 23:30:00,2026092339,1,SA1,17,34.85418,0,1388.19,0,PUBLIC_PREDISPATCHIS_202609232330_20260923230142.zip
2026-09-23 23:30:00,2026092339,1,SA1,18,17.3382,0,1350.25,0,PUBLIC_PREDISPATCHIS_202609232330_20260923230142.zip
2026-09-23 23:30:00,2026092339,1,SA1,19,9.05323,0,1292.35,0,PUBLIC_PREDISPATCHIS_202609232330_20260923230142.zip
2026-09-23 23:30:00,2026092339,1,SA1,20,-0.48222,0,1219.48,0,PUBLIC_PREDISPATCHIS_202609232330_20260923230142.zip
2026-09-23 23:30:00,2026092339,1,SA1,21,-1.02,0,1114.53,0,PUBLIC_PREDISPATCHIS_202609232330_20260923230142.zip
2026-09-23 23:30:00,2026092339,1,SA1,22,-5.0,0,1007.92,0,PUBLIC_PREDISPATCHIS_202609232330_20260923230142.zip
2026-09-23 23:30:00,2026092339,1,SA1,23,-7.12,0,937.09,0,PUBLIC_PREDISPATCHIS_202609232330_20260923230142.zip
2026-09-23 23:30:00,2026092339,1,SA1,24,-7.12,0,907.73,0,PUBLIC_PREDISPATCHIS_202609232330_20260923230142.zip
2026-09-23 23:30:00,2026092339,1,SA1,25,-4.32,0,863.78,0,PUBLIC_PREDISPATCHIS_202609232330_20260923230142.zip
2026-09-23 23:30:00,2026092339,1,SA1,26,-1.09996,0,851.73,0,PUBLIC_PREDISPATCHIS_202609232330_20260923230142.zip
2026-09-23 23:30:00,2026092339,1,SA1,27,-7.01,0,820.54,0,PUBLIC_PREDISPATCHIS_202609232330_20260923230142.zip
2026-09-23 23:30:00,2026092339,1,SA1,28,-7.0,0,790.3,0,PUBLIC_PREDISPATCHIS_202609232330_20260923230142.zip
2026-09-23 23:30:00,2026092339,1,SA1,29,-7.09993,0,753.24,0,PUBLIC_PREDISPATCHIS_202609232330_20260923230142.zip
2026-09-23 23:30:00,2026092339,1,SA1,30,-7.1,0,724.92,0,PUBLIC_PREDISPATCHIS_202609232330_20260923230142.zip
2026-09-23 23:30:00,2026092339,1,SA1,31,-6.06589,0,755.27,0,PUBLIC_PREDISPATCHIS_202609232330_20260923230142.zip
2026-09-23 23:30:00,2026092339,1,SA1,32,-0.84002,0,802.32,0,PUBLIC_PREDISPATCHIS_202609232330_20260923230142.zip
2026-09-23 23:30:00,2026092339,1,SA1,33,0.66949,0,861.99,0,PUBLIC_PREDISPATCHIS_202609232330_20260923230142.zip
2026-09-23 23:30:00,2026092339,1,SA1,34,8.7435,0,933.91,0,PUBLIC_PREDISPATCHIS_202609232330_20260923230142.zip
2026-09-23 23:30:00,2026092339,1,SA1,35,18.78029,0,1025.4,0,PUBLIC_PREDISPATCHIS_202609232330_20260923230142.zip
2026-09-23 23:30:00,2026092339,1,SA1,36,84.43228,0,1145.08,0,PUBLIC_PREDISPATCHIS_202609232330_20260923230142.zip
2026-09-23 23:30:00,2026092339,1,SA1,37,100.83177,0,1286.9,0,PUBLIC_PREDISPATCHIS_202609232330_20260923230142.zip
2026-09-23 23:30:00,2026092339,1,SA1,38,103.32027,0,1423.49,0,PUBLIC_PREDISPATCHIS_202609232330_20260923230142.zip
2026-09-23 23:30:00,2026092339,1,SA1,39,110.6438,0,1519.71,0,PUBLIC_PREDISPATCHIS_202609232330_20260923230142.zip
2026-09-23 23:30:00,2026092339,1,SA1,40,127.28995,0,1569.32,0,PUBLIC_PREDISPATCHIS_202609232330_20260923230142.zip
2026-09-23 23:30:00,2026092339,1,SA1,41,131.17895,0,1589.94,0,PUBLIC_PREDISPATCHIS_202609232330_20260923230142.zip
2026-09-23 23:30:00,2026092339,1,SA1,42,119.78982,0,1571.03,0,PUBLIC_PREDISPATCHIS_202609232330_20260923230142.zip
2026-09-23 23:30:00,2026092339,1,SA1,43,112.03763,0,1555.11,0,PUBLIC_PREDISPATCHIS_202609232330_20260923230142.zip
2026-09-23 23:30:00,2026092339,1,SA1,44,105.46455,0,1530.24,0,PUBLIC_PREDISPATCHIS_202609232330_20260923230142.zip
2026-09-23 23:30:00,2026092339,1,SA1,45,101.02,0,1498.24,0,PUBLIC_PREDISPATCHIS_202609232330_20260923230142.zip
2026-09-23 23:30:00,2026092339,1,SA1,46,84.70278,0,1463.44,0,PUBLIC_PREDISPATCHIS_202609232330_20260923230142.zip
2026-09-23 23:30:00,2026092339,1,SA1,47,98.34306,0,1418.86,0,PUBLIC_PREDISPATCHIS_202609232330_20260923230142.zip
2026-09-23 23:30:00,2026092339,1,SA1,48,85.44,0,1384.98,0,PUBLIC_PREDISPATCHIS_202609232330_20260923230142.zip
2026-09-23 23:30:00,2026092339,1,SA1,49,75.44,0,1359.1,0,PUBLIC_PREDISPATCHIS_202609232330_20260923230142.zip
2026-09-23 23:30:00,2026092339,1,SA1,50,58.37353,0,1359.2,0,PUBLIC_PREDISPATCHIS_202609232330_20260923230142.zip
2026-09-23 23:30:00,2026092339,1,SA1,51,70.03,0,1389.07,0,PUBLIC_PREDISPATCHIS_202609232330_20260923230142.zip
2026-09-23 23:30:00,2026092339,1,SA1,52,70.03,0,1393.72,0,PUBLIC_PREDISPATCHIS_202609232330_20260923230142.zip
2026-09-23 23:30:00,2026092339,1,SA1,53,80.0,0,1380.08,0,PUBLIC_PREDISPATCHIS_202609232330_20260923230142.zip
2026-09-23 23:30:00,2026092339,1,SA1,54,97.29213,0,1365.8,0,PUBLIC_PREDISPATCHIS_202609232330_20260923230142.zip
2026-09-23 23:30:00,2026092339,1,SA1,55,88.1462,0,1338.87,0,PUBLIC_PREDISPATCHIS_202609232330_20260923230142.zip
2026-09-23 23:30:00,2026092339,1,SA1,56,90.25411,0,1321.54,0,PUBLIC_PREDISPATCHIS_202609232330_20260923230142.zip
2026-09-23 23:30:00,2026092339,1,SA1,57,94.05581,0,1296.64,0,PUBLIC_PREDISPATCHIS_202609232330_20260923230142.zip
2026-09-23 23:30:00,2026092339,1,SA1,58,86.45272,0,1270.4,0,PUBLIC_PREDISPATCHIS_202609232330_20260923230142.zip
2026-09-23 23:30:00,2026092339,1,TAS1,01,107.80574,0,1065.0,0,PUBLIC_PREDISPATCHIS_202609232330_20260923230142.zip
2026-09-23 23:30:00,2026092339,1,TAS1,02,108.81264,0,1042.0,0,PUBLIC_PREDISPATCHIS_202609232330_20260923230142.zip
2026-09-23 23:30:00,2026092339,1,TAS1,03,115.83247,0,1027.0,0,PUBLIC_PREDISPATCHIS_202609232330_20260923230142.zip
2026-09-23 23:30:00,2026092339,1,TAS1,04,111.19852,0,1013.0,0,PUBLIC_PREDISPATCHIS_202609232330_20260923230142.zip
2026-09-23 23:30:00,2026092339,1,TAS1,05,91.68087,0,1002.0,0,PUBLIC_PREDISPATCHIS_202609232330_20260923230142.zip
2026-09-23 23:30:00,2026092339,1,TAS1,06,88.22,0,990.0,0,PUBLIC_PREDISPATCHIS_202609232330_20260923230142.zip
2026-09-23 23:30:00,2026092339,1,TAS1,07,88.2,0,982.0,0,PUBLIC_PREDISPATCHIS_202609232330_20260923230142.zip
2026-09-23 23:30:00,2026092339,1,TAS1,08,82.15158,0,982.0,0,PUBLIC_PREDISPATCHIS_202609232330_20260923230142.zip
2026-09-23 23:30:00,2026092339,1,TAS1,09,78.42593,0,981.0,0,PUBLIC_PREDISPATCHIS_202609232330_20260923230142.zip
2026-09-23 23:30:00,2026092339,1,TAS1,10,73.57435,0,981.0,0,PUBLIC_PREDISPATCHIS_202609232330_20260923230142.zip
2026-09-23 23:30:00,2026092339,1,TAS1,11,75.06,0,987.0,0,PUBLIC_PREDISPATCHIS_202609232330_20260923230142.zip
2026-09-23 23:30:00,2026092339,1,TAS1,12,72.4921,0,1000.0,0,PUBLIC_PREDISPATCHIS_202609232330_20260923230142.zip
2026-09-23 23:30:00,2026092339,1,TAS1,13,77.68114,0,1026.0,0,PUBLIC_PREDISPATCHIS_202609232330_20260923230142.zip
2026-09-23 23:30:00,2026092339,1,TAS1,14,77.58925,0,1063.0,0,PUBLIC_PREDISPATCHIS_202609232330_20260923230142.zip
2026-09-23 23:30:00,2026092339,1,TAS1,15,88.19,0,1120.0,0,PUBLIC_PREDISPATCHIS_202609232330_20260923230142.zip
2026-09-23 23:30:00,2026092339,1,TAS1,16,60.41237,0,1162.0,0,PUBLIC_PREDISPATCHIS_202609232330_20260923230142.zip
2026-09-23 23:30:00,2026092339,1,TAS1,17,38.65362,0,1170.0,0,PUBLIC_PREDISPATCHIS_202609232330_20260923230142.zip
2026-09-23 23:30:00,2026092339,1,TAS1,18,18.66149,0,1157.0,0,PUBLIC_PREDISPATCHIS_202609232330_20260923230142.zip
2026-09-23 23:30:00,2026092339,1,TAS1,19,9.91771,0,1113.0,0,PUBLIC_PREDISPATCHIS_202609232330_20260923230142.zip
2026-09-23 23:30:00,2026092339,1,TAS1,20,0.2,0,1060.0,0,PUBLIC_PREDISPATCHIS_202609232330_20260923230142.zip
2026-09-23 23:30:00,2026092339,1,TAS1,21,-1.06179,0,1006.0,0,PUBLIC_PREDISPATCHIS_202609232330_20260923230142.zip
2026-09-23 23:30:00,2026092339,1,TAS1,22,-4.39967,0,965.0,0,PUBLIC_PREDISPATCHIS_202609232330_20260923230142.zip
2026-09-23 23:30:00,2026092339,1,TAS1,23,-7.84964,0,927.0,0,PUBLIC_PREDISPATCHIS_202609232330_20260923230142.zip
2026-09-23 23:30:00,2026092339,1,TAS1,24,-11.81099,0,899.0,0,PUBLIC_PREDISPATCHIS_202609232330_20260923230142.zip
2026-09-23 23:30:00,2026092339,1,TAS1,25,-8.37536,0,875.0,0,PUBLIC_PREDISPATCHIS_202609232330_20260923230142.zip
2026-09-23 23:30:00,2026092339,1,TAS1,26,-15.86755,0,856.0,0,PUBLIC_PREDISPATCHIS_202609232330_20260923230142.zip
2026-09-23 23:30:00,2026092339,1,TAS1,27,-14.8,0,838.0,0,PUBLIC_PREDISPATCHIS_202609232330_20260923230142.zip
2026-09-23 23:30:00,2026092339,1,TAS1,28,-15.01,0,828.0,0,PUBLIC_PREDISPATCHIS_202609232330_20260923230142.zip
2026-09-23 23:30:00,2026092339,1,TAS1,29,-12.45425,0,838.0,0,PUBLIC_PREDISPATCHIS_202609232330_20260923230142.zip
2026-09-23 23:30:00,2026092339,1,TAS1,30,-12.39619,0,850.0,0,PUBLIC_PREDISPATCHIS_202609232330_20260923230142.zip
2026-09-23 23:30:00,2026092339,1,TAS1,31,-6.26874,0,871.0,0,PUBLIC_PREDISPATCHIS_202609232330_20260923230142.zip
2026-09-23 23:30:00,2026092339,1,TAS1,32,-0.89305,0,889.0,0,PUBLIC_PREDISPATCHIS_202609232330_20260923230142.zip
2026-09-23 23:30:00,2026092339,1,TAS1,33,0.70938,0,911.0,0,PUBLIC_PREDISPATCHIS_202609232330_20260923230142.zip
2026-09-23 23:30:00,2026092339,1,TAS1,34,9.32791,0,943.0,0,PUBLIC_PREDISPATCHIS_202609232330_20260923230142.zip
2026-09-23 23:30:00,2026092339,1,TAS1,35,19.87801,0,975.0,0,PUBLIC_PREDISPATCHIS_202609232330_20260923230142.zip
2026-09-23 23:30:00,2026092339,1,TAS1,36,88.2,0,1015.0,0,PUBLIC_PREDISPATCHIS_202609232330_20260923230142.zip
2026-09-23 23:30:00,2026092339,1,TAS1,37,93.72844,0,1064.0,0,PUBLIC_PREDISPATCHIS_202609232330_20260923230142.zip
2026-09-23 23:30:00,2026092339,1,TAS1,38,95.22495,0,1113.0,0,PUBLIC_PREDISPATCHIS_202609232330_20260923230142.zip
2026-09-23 23:30:00,2026092339,1,TAS1,39,103.50002,0,1150.0,0,PUBLIC_PREDISPATCHIS_202609232330_20260923230142.zip
2026-09-23 23:30:00,2026092339,1,TAS1,40,116.0387,0,1171.0,0,PUBLIC_PREDISPATCHIS_202609232330_20260923230142.zip
2026-09-23 23:30:00,2026092339,1,TAS1,41,115.67032,0,1168.0,0,PUBLIC_PREDISPATCHIS_202609232330_20260923230142.zip
2026-09-23 23:30:00,2026092339,1,TAS1,42,106.28336,0,1160.0,0,PUBLIC_PREDISPATCHIS_202609232330_20260923230142.zip
2026-09-23 23:30:00,2026092339,1,TAS1,43,100.92009,0,1147.0,0,PUBLIC_PREDISPATCHIS_202609232330_20260923230142.zip
2026-09-23 23:30:00,2026092339,1,TAS1,44,94.63345,0,1126.0,0,PUBLIC_PREDISPATCHIS_202609232330_20260923230142.zip
2026-09-23 23:30:00,2026092339,1,TAS1,45,88.2,0,1110.0,0,PUBLIC_PREDISPATCHIS_202609232330_20260923230142.zip
2026-09-23 23:30:00,2026092339,1,TAS1,46,75.2,0,1087.0,0,PUBLIC_PREDISPATCHIS_202609232330_20260923230142.zip
2026-09-23 23:30:00,2026092339,1,TAS1,47,86.14745,0,1062.0,0,PUBLIC_PREDISPATCHIS_202609232330_20260923230142.zip
2026-09-23 23:30:00,2026092339,1,TAS1,48,75.2,0,1032.0,0,PUBLIC_PREDISPATCHIS_202609232330_20260923230142.zip
2026-09-23 23:30:00,2026092339,1,TAS1,49,64.47251,0,1007.0,0,PUBLIC_PREDISPATCHIS_202609232330_20260923230142.zip
2026-09-23 23:30:00,2026092339,1,TAS1,50,49.16,0,988.0,0,PUBLIC_PREDISPATCHIS_202609232330_20260923230142.zip
2026-09-23 23:30:00,2026092339,1,TAS1,51,47.8234,0,974.0,0,PUBLIC_PREDISPATCHIS_202609232330_20260923230142.zip
2026-09-23 23:30:00,2026092339,1,TAS1,52,44.13211,0,963.0,0,PUBLIC_PREDISPATCHIS_202609232330_20260923230142.zip
2026-09-23 23:30:00,2026092339,1,TAS1,53,68.25273,0,957.0,0,PUBLIC_PREDISPATCHIS_202609232330_20260923230142.zip
2026-09-23 23:30:00,2026092339,1,TAS1,54,82.59743,0,950.0,0,PUBLIC_PREDISPATCHIS_202609232330_20260923230142.zip
2026-09-23 23:30:00,2026092339,1,TAS1,55,82.60905,0,945.0,0,PUBLIC_PREDISPATCHIS_202609232330_20260923230142.zip
2026-09-23 23:30:00,2026092339,1,TAS1,56,84.30446,0,946.0,0,PUBLIC_PREDISPATCHIS_202609232330_20260923230142.zip
2026-09-23 23:30:00,2026092339,1,TAS1,57,82.88638,0,950.0,0,PUBLIC_PREDISPATCHIS_202609232330_20260923230142.zip
2026-09-23 23:30:00,2026092339,1,TAS1,58,82.88922,0,951.0,0,PUBLIC_PREDISPATCHIS_202609232330_20260923230142.zip
2026-09-23 23:30:00,2026092339,1,VIC1,01,116.01478,0,5490.12,0,PUBLIC_PREDISPATCHIS_202609232330_20260923230142.zip
2026-09-23 23:30:00,2026092339,1,VIC1,02,117.45157,0,5398.41,0,PUBLIC_PREDISPATCHIS_202609232330_20260923230142.zip
2026-09-23 23:30:00,2026092339,1,VIC1,03,123.08897,0,5250.62,0,PUBLIC_PREDISPATCHIS_202609232330_20260923230142.zip
2026-09-23 23:30:00,2026092339,1,VIC1,04,118.5,0,5102.02,0,PUBLIC_PREDISPATCHIS_202609232330_20260923230142.zip
2026-09-23 23:30:00,2026092339,1,VIC1,05,97.97845,0,4949.5,0,PUBLIC_PREDISPATCHIS_202609232330_20260923230142.zip
2026-09-23 23:30:00,2026092339,1,VIC1,06,92.82838,0,4788.37,0,PUBLIC_PREDISPATCHIS_202609232330_20260923230142.zip
2026-09-23 23:30:00,2026092339,1,VIC1,07,92.4368,0,4665.13,0,PUBLIC_PREDISPATCHIS_202609232330_20260923230142.zip
2026-09-23 23:30:00,2026092339,1,VIC1,08,83.13785,0,4567.7,0,PUBLIC_PREDISPATCHIS_202609232330_20260923230142.zip
2026-09-23 23:30:00,2026092339,1,VIC1,09,79.36,0,4509.46,0,PUBLIC_PREDISPATCHIS_202609232330_20260923230142.zip
2026-09-23 23:30:00,2026092339,1,VIC1,10,74.44815,0,4480.33,0,PUBLIC_PREDISPATCHIS_202609232330_20260923230142.zip
2026-09-23 23:30:00,2026092339,1,VIC1,11,74.98109,0,4499.65,0,PUBLIC_PREDISPATCHIS_202609232330_20260923230142.zip
2026-09-23 23:30:00,2026092339,1,VIC1,12,72.10213,0,4588.9,0,PUBLIC_PREDISPATCHIS_202609232330_20260923230142.zip
2026-09-23 23:30:00,2026092339,1,VIC1,13,77.50955,0,4805.59,0,PUBLIC_PREDISPATCHIS_202609232330_20260923230142.zip
2026-09-23 23:30:00,2026092339,1,VIC1,14,76.76346,0,5049.61,0,PUBLIC_PREDISPATCHIS_202609232330_20260923230142.zip
2026-09-23 23:30:00,2026092339,1,VIC1,15,86.99521,0,5323.54,0,PUBLIC_PREDISPATCHIS_202609232330_20260923230142.zip
2026-09-23 23:30:00,2026092339,1,VIC1,16,57.74282,0,5494.4,0,PUBLIC_PREDISPATCHIS_202609232330_20260923230142.zip
2026-09-23 23:30:00,2026092339,1,VIC1,17,35.93979,0,5457.12,0,PUBLIC_PREDISPATCHIS_202609232330_20260923230142.zip
2026-09-23 23:30:00,2026092339,1,VIC1,18,17.11628,0,5260.22,0,PUBLIC_PREDISPATCHIS_202609232330_20260923230142.zip
2026-09-23 23:30:00,2026092339,1,VIC1,19,8.94,0,4998.53,0,PUBLIC_PREDISPATCHIS_202609232330_20260923230142.zip
2026-09-23 23:30:00,2026092339,1,VIC1,20,-0.47446,0,4671.16,0,PUBLIC_PREDISPATCHIS_202609232330_20260923230142.zip
2026-09-23 23:30:00,2026092339,1,VIC1,21,-1.01031,0,4351.35,0,PUBLIC_PREDISPATCHIS_202609232330_20260923230142.zip
2026-09-23 23:30:00,2026092339,1,VIC1,22,-4.85469,0,4062.75,0,PUBLIC_PREDISPATCHIS_202609232330_20260923230142.zip
2026-09-23 23:30:00,2026092339,1,VIC1,23,-7.51,0,3735.52,0,PUBLIC_PREDISPATCHIS_202609232330_20260923230142.zip
2026-09-23 23:30:00,2026092339,1,VIC1,24,-11.22647,0,3498.63,0,PUBLIC_PREDISPATCHIS_202609232330_20260923230142.zip
2026-09-23 23:30:00,2026092339,1,VIC1,25,-8.00987,0,3401.79,0,PUBLIC_PREDISPATCHIS_202609232330_20260923230142.zip
2026-09-23 23:30:00,2026092339,1,VIC1,26,-15.08,0,3333.49,0,PUBLIC_PREDISPATCHIS_202609232330_20260923230142.zip
2026-09-23 23:30:00,2026092339,1,VIC1,27,-15.08,0,3353.17,0,PUBLIC_PREDISPATCHIS_202609232330_20260923230142.zip
2026-09-23 23:30:00,2026092339,1,VIC1,28,-15.08,0,3384.48,0,PUBLIC_PREDISPATCHIS_202609232330_20260923230142.zip
2026-09-23 23:30:00,2026092339,1,VIC1,29,-11.95,0,3449.52,0,PUBLIC_PREDISPATCHIS_202609232330_20260923230142.zip
2026-09-23 23:30:00,2026092339,1,VIC1,30,-11.86,0,3623.97,0,PUBLIC_PREDISPATCHIS_202609232330_20260923230142.zip
2026-09-23 23:30:00,2026092339,1,VIC1,31,-6.0,0,3911.47,0,PUBLIC_PREDISPATCHIS_202609232330_20260923230142.zip
2026-09-23 23:30:00,2026092339,1,VIC1,32,-0.85519,0,4252.8,0,PUBLIC_PREDISPATCHIS_202609232330_20260923230142.zip
2026-09-23 23:30:00,2026092339,1,VIC1,33,0.67967,0,4625.47,0,PUBLIC_PREDISPATCHIS_202609232330_20260923230142.zip
2026-09-23 23:30:00,2026092339,1,VIC1,34,8.94,0,4879.31,0,PUBLIC_PREDISPATCHIS_202609232330_20260923230142.zip
2026-09-23 23:30:00,2026092339,1,VIC1,35,19.18,0,5217.55,0,PUBLIC_PREDISPATCHIS_202609232330_20260923230142.zip
2026-09-23 23:30:00,2026092339,1,VIC1,36,81.51797,0,5585.79,0,PUBLIC_PREDISPATCHIS_202609232330_20260923230142.zip
2026-09-23 23:30:00,2026092339,1,VIC1,37,100.6265,0,5899.7,0,PUBLIC_PREDISPATCHIS_202609232330_20260923230142.zip
2026-09-23 23:30:00,2026092339,1,VIC1,38,106.20489,0,6122.09,0,PUBLIC_PREDISPATCHIS_202609232330_20260923230142.zip
2026-09-23 23:30:00,2026092339,1,VIC1,39,115.45145,0,6240.1,0,PUBLIC_PREDISPATCHIS_202609232330_20260923230142.zip
2026-09-23 23:30:00,2026092339,1,VIC1,40,129.4509,0,6333.59,0,PUBLIC_PREDISPATCHIS_202609232330_20260923230142.zip
2026-09-23 23:30:00,2026092339,1,VIC1,41,129.42551,0,6212.88,0,PUBLIC_PREDISPATCHIS_202609232330_20260923230142.zip
2026-09-23 23:30:00,2026092339,1,VIC1,42,118.5,0,6011.35,0,PUBLIC_PREDISPATCHIS_202609232330_20260923230142.zip
2026-09-23 23:30:00,2026092339,1,VIC1,43,112.49885,0,5867.06,0,PUBLIC_PREDISPATCHIS_202609232330_20260923230142.zip
2026-09-23 23:30:00,2026092339,1,VIC1,44,105.47132,0,5734.52,0,PUBLIC_PREDISPATCHIS_202609232330_20260923230142.zip
2026-09-23 23:30:00,2026092339,1,VIC1,45,98.40397,0,5547.47,0,PUBLIC_PREDISPATCHIS_202609232330_20260923230142.zip
2026-09-23 23:30:00,2026092339,1,VIC1,46,80.41484,0,5349.65,0,PUBLIC_PREDISPATCHIS_202609232330_20260923230142.zip
2026-09-23 23:30:00,2026092339,1,VIC1,47,95.02991,0,5215.1,0,PUBLIC_PREDISPATCHIS_202609232330_20260923230142.zip
2026-09-23 23:30:00,2026092339,1,VIC1,48,81.90258,0,5087.23,0,PUBLIC_PREDISPATCHIS_202609232330_20260923230142.zip
2026-09-23 23:30:00,2026092339,1,VIC1,49,39.11091,0,5099.62,0,PUBLIC_PREDISPATCHIS_202609232330_20260923230142.zip
2026-09-23 23:30:00,2026092339,1,VIC1,50,21.65425,0,5023.02,0,PUBLIC_PREDISPATCHIS_202609232330_20260923230142.zip
2026-09-23 23:30:00,2026092339,1,VIC1,51,18.3367,0,4893.6,0,PUBLIC_PREDISPATCHIS_202609232330_20260923230142.zip
2026-09-23 23:30:00,2026092339,1,VIC1,52,13.49,0,4728.43,0,PUBLIC_PREDISPATCHIS_202609232330_20260923230142.zip
2026-09-23 23:30:00,2026092339,1,VIC1,53,54.11036,0,4589.03,0,PUBLIC_PREDISPATCHIS_202609232330_20260923230142.zip
2026-09-23 23:30:00,2026092339,1,VIC1,54,79.36,0,4457.99,0,PUBLIC_PREDISPATCHIS_202609232330_20260923230142.zip
2026-09-23 23:30:00,2026092339,1,VIC1,55,79.36,0,4360.68,0,PUBLIC_PREDISPATCHIS_202609232330_20260923230142.zip
2026-09-23 23:30:00,2026092339,1,VIC1,56,80.97825,0,4287.52,0,PUBLIC_PREDISPATCHIS_202609232330_20260923230142.zip
2026-09-23 23:30:00,2026092339,1,VIC1,57,79.35993,0,4238.4,0,PUBLIC_PREDISPATCHIS_202609232330_20260923230142.zip
2026-09-23 23:30:00,2026092339,1,VIC1,58,79.35993,0,4216.41,0,PUBLIC_PREDISPATCHIS_202609232330_20260923230142.zip
2026-09-24 00:00:00,2026092340,1,NSW1,01,119.01,0,7570.82,0,PUBLIC_PREDISPATCHIS_202609240000_20260923233141.zip
2026-09-24 00:00:00,2026092340,1,NSW1,02,271.44823,0,7457.2,0,PUBLIC_PREDISPATCHIS_202609240000_20260923233141.zip
2026-09-24 00:00:00,2026092340,1,NSW1,03,119.01,0,7363.09,0,PUBLIC_PREDISPATCHIS_202609240000_20260923233141.zip
2026-09-24 00:00:00,2026092340,1,NSW1,04,97.63005,0,7190.69,0,PUBLIC_PREDISPATCHIS_202609240000_20260923233141.zip
2026-09-24 00:00:00,2026092340,1,NSW1,05,95.29689,0,7012.64,0,PUBLIC_PREDISPATCHIS_202609240000_20260923233141.zip
2026-09-24 00:00:00,2026092340,1,NSW1,06,96.81125,0,6866.08,0,PUBLIC_PREDISPATCHIS_202609240000_20260923233141.zip
2026-09-24 00:00:00,2026092340,1,NSW1,07,88.88,0,6734.52,0,PUBLIC_PREDISPATCHIS_202609240000_20260923233141.zip
2026-09-24 00:00:00,2026092340,1,NSW1,08,83.99,0,6660.04,0,PUBLIC_PREDISPATCHIS_202609240000_20260923233141.zip
2026-09-24 00:00:00,2026092340,1,NSW1,09,83.99,0,6606.35,0,PUBLIC_PREDISPATCHIS_202609240000_20260923233141.zip
2026-09-24 00:00:00,2026092340,1,NSW1,10,84.89164,0,6644.07,0,PUBLIC_PREDISPATCHIS_202609240000_20260923233141.zip
2026-09-24 00:00:00,2026092340,1,NSW1,11,83.99,0,6730.57,0,PUBLIC_PREDISPATCHIS_202609240000_20260923233141.zip
2026-09-24 00:00:00,2026092340,1,NSW1,12,88.88,0,6921.83,0,PUBLIC_PREDISPATCHIS_202609240000_20260923233141.zip
2026-09-24 00:00:00,2026092340,1,NSW1,13,88.88003,0,7155.2,0,PUBLIC_PREDISPATCHIS_202609240000_20260923233141.zip
2026-09-24 00:00:00,2026092340,1,NSW1,14,96.60093,0,7309.62,0,PUBLIC_PREDISPATCHIS_202609240000_20260923233141.zip
2026-09-24 00:00:00,2026092340,1,NSW1,15,62.47296,0,7311.57,0,PUBLIC_PREDISPATCHIS_202609240000_20260923233141.zip
2026-09-24 00:00:00,2026092340,1,NSW1,16,46.45,0,7147.39,0,PUBLIC_PREDISPATCHIS_202609240000_20260923233141.zip
2026-09-24 00:00:00,2026092340,1,NSW1,17,57.39007,0,6886.18,0,PUBLIC_PREDISPATCHIS_202609240000_20260923233141.zip
2026-09-24 00:00:00,2026092340,1,NSW1,18,42.80173,0,6539.38,0,PUBLIC_PREDISPATCHIS_202609240000_20260923233141.zip
2026-09-24 00:00:00,2026092340,1,NSW1,19,51.83229,0,6085.76,0,PUBLIC_PREDISPATCHIS_202609240000_20260923233141.zip
2026-09-24 00:00:00,2026092340,1,NSW1,20,46.45,0,5764.32,0,PUBLIC_PREDISPATCHIS_202609240000_20260923233141.zip
2026-09-24 00:00:00,2026092340,1,NSW1,21,48.73368,0,5556.46,0,PUBLIC_PREDISPATCHIS_202609240000_20260923233141.zip
2026-09-24 00:00:00,2026092340,1,NSW1,22,53.15,0,5396.5,0,PUBLIC_PREDISPATCHIS_202609240000_20260923233141.zip
2026-09-24 00:00:00,2026092340,1,NSW1,23,42.80028,0,5227.71,0,PUBLIC_PREDISPATCHIS_202609240000_20260923233141.zip
2026-09-24 00:00:00,2026092340,1,NSW1,24,42.94,0,5046.5,0,PUBLIC_PREDISPATCHIS_202609240000_20260923233141.zip
2026-09-24 00:00:00,2026092340,1,NSW1,25,42.94,0,4894.72,0,PUBLIC_PREDISPATCHIS_202609240000_20260923233141.zip
2026-09-24 00:00:00,2026092340,1,NSW1,26,42.54,0,4757.27,0,PUBLIC_PREDISPATCHIS_202609240000_20260923233141.zip
2026-09-24 00:00:00,2026092340,1,NSW1,27,42.94,0,4797.47,0,PUBLIC_PREDISPATCHIS_202609240000_20260923233141.zip
2026-09-24 00:00:00,2026092340,1,NSW1,28,53.09603,0,4910.52,0,PUBLIC_PREDISPATCHIS_202609240000_20260923233141.zip
2026-09-24 00:00:00,2026092340,1,NSW1,29,49.69345,0,5101.5,0,PUBLIC_PREDISPATCHIS_202609240000_20260923233141.zip
2026-09-24 00:00:00,2026092340,1,NSW1,30,42.54,0,5364.81,0,PUBLIC_PREDISPATCHIS_202609240000_20260923233141.zip
2026-09-24 00:00:00,2026092340,1,NSW1,31,42.54,0,5768.87,0,PUBLIC_PREDISPATCHIS_202609240000_20260923233141.zip
2026-09-24 00:00:00,2026092340,1,NSW1,32,42.54,0,6225.51,0,PUBLIC_PREDISPATCHIS_202609240000_20260923233141.zip
2026-09-24 00:00:00,2026092340,1,NSW1,33,42.54,0,6830.88,0,PUBLIC_PREDISPATCHIS_202609240000_20260923233141.zip
2026-09-24 00:00:00,2026092340,1,NSW1,34,55.22206,0,7402.02,0,PUBLIC_PREDISPATCHIS_202609240000_20260923233141.zip
2026-09-24 00:00:00,2026092340,1,NSW1,35,86.44833,0,7967.47,0,PUBLIC_PREDISPATCHIS_202609240000_20260923233141.zip
2026-09-24 00:00:00,2026092340,1,NSW1,36,105.67,0,8313.4,0,PUBLIC_PREDISPATCHIS_202609240000_20260923233141.zip
2026-09-24 00:00:00,2026092340,1,NSW1,37,121.1,0,8665.18,0,PUBLIC_PREDISPATCHIS_202609240000_20260923233141.zip
2026-09-24 00:00:00,2026092340,1,NSW1,38,132.3935,0,8843.12,0,PUBLIC_PREDISPATCHIS_202609240000_20260923233141.zip
2026-09-24 00:00:00,2026092340,1,NSW1,39,130.96993,0,8873.42,0,PUBLIC_PREDISPATCHIS_202609240000_20260923233141.zip
2026-09-24 00:00:00,2026092340,1,NSW1,40,147.62991,0,8718.64,0,PUBLIC_PREDISPATCHIS_202609240000_20260923233141.zip
2026-09-24 00:00:00,2026092340,1,NSW1,41,129.89,0,8543.52,0,PUBLIC_PREDISPATCHIS_202609240000_20260923233141.zip
2026-09-24 00:00:00,2026092340,1,NSW1,42,143.40533,0,8391.43,0,PUBLIC_PREDISPATCHIS_202609240000_20260923233141.zip
2026-09-24 00:00:00,2026092340,1,NSW1,43,127.5943,0,8245.48,0,PUBLIC_PREDISPATCHIS_202609240000_20260923233141.zip
2026-09-24 00:00:00,2026092340,1,NSW1,44,119.01,0,8077.06,0,PUBLIC_PREDISPATCHIS_202609240000_20260923233141.zip
2026-09-24 00:00:00,2026092340,1,NSW1,45,96.99,0,7875.32,0,PUBLIC_PREDISPATCHIS_202609240000_20260923233141.zip
2026-09-24 00:00:00,2026092340,1,NSW1,46,98.71399,0,7772.15,0,PUBLIC_PREDISPATCHIS_202609240000_20260923233141.zip
2026-09-24 00:00:00,2026092340,1,NSW1,47,96.99,0,7654.78,0,PUBLIC_PREDISPATCHIS_202609240000_20260923233141.zip
2026-09-24 00:00:00,2026092340,1,NSW1,48,96.99,0,7511.19,0,PUBLIC_PREDISPATCHIS_202609240000_20260923233141.zip
2026-09-24 00:00:00,2026092340,1,NSW1,49,90.09038,0,7357.53,0,PUBLIC_PREDISPATCHIS_202609240000_20260923233141.zip
2026-09-24 00:00:00,2026092340,1,NSW1,50,96.99,0,7235.07,0,PUBLIC_PREDISPATCHIS_202609240000_20260923233141.zip
2026-09-24 00:00:00,2026092340,1,NSW1,51,92.0522,0,7090.96,0,PUBLIC_PREDISPATCHIS_202609240000_20260923233141.zip
2026-09-24 00:00:00,2026092340,1,NSW1,52,90.0,0,6935.87,0,PUBLIC_PREDISPATCHIS_202609240000_20260923233141.zip
2026-09-24 00:00:00,2026092340,1,NSW1,53,85.60637,0,6758.9,0,PUBLIC_PREDISPATCHIS_202609240000_20260923233141.zip
2026-09-24 00:00:00,2026092340,1,NSW1,54,86.44723,0,6618.32,0,PUBLIC_PREDISPATCHIS_202609240000_20260923233141.zip
2026-09-24 00:00:00,2026092340,1,NSW1,55,85.94007,0,6501.93,0,PUBLIC_PREDISPATCHIS_202609240000_20260923233141.zip
2026-09-24 00:00:00,2026092340,1,NSW1,56,84.79,0,6445.51,0,PUBLIC_PREDISPATCHIS_202609240000_20260923233141.zip
2026-09-24 00:00:00,2026092340,1,NSW1,57,84.77401,0,6405.16,0,PUBLIC_PREDISPATCHIS_202609240000_20260923233141.zip
2026-09-24 00:00:00,2026092340,1,QLD1,01,343.68065,0,5973.34,0,PUBLIC_PREDISPATCHIS_202609240000_20260923233141.zip
2026-09-24 00:00:00,2026092340,1,QLD1,02,505.88968,0,5797.53,0,PUBLIC_PREDISPATCHIS_202609240000_20260923233141.zip
2026-09-24 00:00:00,2026092340,1,QLD1,03,81.35,0,5655.56,0,PUBLIC_PREDISPATCHIS_202609240000_20260923233141.zip
2026-09-24 00:00:00,2026092340,1,QLD1,04,64.69,0,5526.03,0,PUBLIC_PREDISPATCHIS_202609240000_20260923233141.zip
2026-09-24 00:00:00,2026092340,1,QLD1,05,64.69,0,5470.58,0,PUBLIC_PREDISPATCHIS_202609240000_20260923233141.zip
2026-09-24 00:00:00,2026092340,1,QLD1,06,64.69,0,5443.14,0,PUBLIC_PREDISPATCHIS_202609240000_20260923233141.zip
2026-09-24 00:00:00,2026092340,1,QLD1,07,73.99236,0,5434.88,0,PUBLIC_PREDISPATCHIS_202609240000_20260923233141.zip
2026-09-24 00:00:00,2026092340,1,QLD1,08,70.8309,0,5456.38,0,PUBLIC_PREDISPATCHIS_202609240000_20260923233141.zip
2026-09-24 00:00:00,2026092340,1,QLD1,09,72.68401,0,5493.93,0,PUBLIC_PREDISPATCHIS_202609240000_20260923233141.zip
2026-09-24 00:00:00,2026092340,1,QLD1,10,74.47587,0,5584.23,0,PUBLIC_PREDISPATCHIS_202609240000_20260923233141.zip
2026-09-24 00:00:00,2026092340,1,QLD1,11,73.78708,0,5699.91,0,PUBLIC_PREDISPATCHIS_202609240000_20260923233141.zip
2026-09-24 00:00:00,2026092340,1,QLD1,12,79.73,0,5859.67,0,PUBLIC_PREDISPATCHIS_202609240000_20260923233141.zip
2026-09-24 00:00:00,2026092340,1,QLD1,13,79.36334,0,6001.66,0,PUBLIC_PREDISPATCHIS_202609240000_20260923233141.zip
2026-09-24 00:00:00,2026092340,1,QLD1,14,85.25,0,6083.58,0,PUBLIC_PREDISPATCHIS_202609240000_20260923233141.zip
2026-09-24 00:00:00,2026092340,1,QLD1,15,54.75,0,6032.13,0,PUBLIC_PREDISPATCHIS_202609240000_20260923233141.zip
2026-09-24 00:00:00,2026092340,1,QLD1,16,43.30915,0,5890.68,0,PUBLIC_PREDISPATCHIS_202609240000_20260923233141.zip
2026-09-24 00:00:00,2026092340,1,QLD1,17,54.32479,0,5587.16,0,PUBLIC_PREDISPATCHIS_202609240000_20260923233141.zip
2026-09-24 00:00:00,2026092340,1,QLD1,18,40.1,0,5274.14,0,PUBLIC_PREDISPATCHIS_202609240000_20260923233141.zip
2026-09-24 00:00:00,2026092340,1,QLD1,19,45.7,0,4987.6,0,PUBLIC_PREDISPATCHIS_202609240000_20260923233141.zip
2026-09-24 00:00:00,2026092340,1,QLD1,20,43.01,0,4737.37,0,PUBLIC_PREDISPATCHIS_202609240000_20260923233141.zip
2026-09-24 00:00:00,2026092340,1,QLD1,21,43.01,0,4546.61,0,PUBLIC_PREDISPATCHIS_202609240000_20260923233141.zip
2026-09-24 00:00:00,2026092340,1,QLD1,22,45.7,0,4378.85,0,PUBLIC_PREDISPATCHIS_202609240000_20260923233141.zip
2026-09-24 00:00:00,2026092340,1,QLD1,23,31.15,0,4260.0,0,PUBLIC_PREDISPATCHIS_202609240000_20260923233141.zip
2026-09-24 00:00:00,2026092340,1,QLD1,24,38.28093,0,4299.63,0,PUBLIC_PREDISPATCHIS_202609240000_20260923233141.zip
2026-09-24 00:00:00,2026092340,1,QLD1,25,31.15,0,4320.65,0,PUBLIC_PREDISPATCHIS_202609240000_20260923233141.zip
2026-09-24 00:00:00,2026092340,1,QLD1,26,37.71991,0,4353.05,0,PUBLIC_PREDISPATCHIS_202609240000_20260923233141.zip
2026-09-24 00:00:00,2026092340,1,QLD1,27,38.55078,0,4340.9,0,PUBLIC_PREDISPATCHIS_202609240000_20260923233141.zip
2026-09-24 00:00:00,2026092340,1,QLD1,28,46.50785,0,4410.57,0,PUBLIC_PREDISPATCHIS_202609240000_20260923233141.zip
2026-09-24 00:00:00,2026092340,1,QLD1,29,45.69,0,4520.75,0,PUBLIC_PREDISPATCHIS_202609240000_20260923233141.zip
2026-09-24 00:00:00,2026092340,1,QLD1,30,38.62338,0,4755.77,0,PUBLIC_PREDISPATCHIS_202609240000_20260923233141.zip
2026-09-24 00:00:00,2026092340,1,QLD1,31,39.00559,0,5039.15,0,PUBLIC_PREDISPATCHIS_202609240000_20260923233141.zip
2026-09-24 00:00:00,2026092340,1,QLD1,32,38.44954,0,5428.05,0,PUBLIC_PREDISPATCHIS_202609240000_20260923233141.zip
2026-09-24 00:00:00,2026092340,1,QLD1,33,40.16466,0,5868.74,0,PUBLIC_PREDISPATCHIS_202609240000_20260923233141.zip
2026-09-24 00:00:00,2026092340,1,QLD1,34,54.75,0,6340.13,0,PUBLIC_PREDISPATCHIS_202609240000_20260923233141.zip
2026-09-24 00:00:00,2026092340,1,QLD1,35,85.25,0,6814.85,0,PUBLIC_PREDISPATCHIS_202609240000_20260923233141.zip
2026-09-24 00:00:00,2026092340,1,QLD1,36,99.55,0,7143.34,0,PUBLIC_PREDISPATCHIS_202609240000_20260923233141.zip
2026-09-24 00:00:00,2026092340,1,QLD1,37,115.06141,0,7426.41,0,PUBLIC_PREDISPATCHIS_202609240000_20260923233141.zip
2026-09-24 00:00:00,2026092340,1,QLD1,38,125.99061,0,7556.91,0,PUBLIC_PREDISPATCHIS_202609240000_20260923233141.zip
2026-09-24 00:00:00,2026092340,1,QLD1,39,121.44604,0,7527.78,0,PUBLIC_PREDISPATCHIS_202609240000_20260923233141.zip
2026-09-24 00:00:00,2026092340,1,QLD1,40,130.69,0,7376.17,0,PUBLIC_PREDISPATCHIS_202609240000_20260923233141.zip
2026-09-24 00:00:00,2026092340,1,QLD1,41,119.23657,0,7210.54,0,PUBLIC_PREDISPATCHIS_202609240000_20260923233141.zip
2026-09-24 00:00:00,2026092340,1,QLD1,42,128.1,0,7074.74,0,PUBLIC_PREDISPATCHIS_202609240000_20260923233141.zip
2026-09-24 00:00:00,2026092340,1,QLD1,43,117.69,0,7076.93,0,PUBLIC_PREDISPATCHIS_202609240000_20260923233141.zip
2026-09-24 00:00:00,2026092340,1,QLD1,44,111.7607,0,6985.6,0,PUBLIC_PREDISPATCHIS_202609240000_20260923233141.zip
2026-09-24 00:00:00,2026092340,1,QLD1,45,91.46793,0,6815.47,0,PUBLIC_PREDISPATCHIS_202609240000_20260923233141.zip
2026-09-24 00:00:00,2026092340,1,QLD1,46,95.21481,0,6580.6,0,PUBLIC_PREDISPATCHIS_202609240000_20260923233141.zip
2026-09-24 00:00:00,2026092340,1,QLD1,47,92.1137,0,6372.4,0,PUBLIC_PREDISPATCHIS_202609240000_20260923233141.zip
2026-09-24 00:00:00,2026092340,1,QLD1,48,92.50276,0,6198.19,0,PUBLIC_PREDISPATCHIS_202609240000_20260923233141.zip
2026-09-24 00:00:00,2026092340,1,QLD1,49,85.25,0,6079.0,0,PUBLIC_PREDISPATCHIS_202609240000_20260923233141.zip
2026-09-24 00:00:00,2026092340,1,QLD1,50,90.44752,0,5930.55,0,PUBLIC_PREDISPATCHIS_202609240000_20260923233141.zip
2026-09-24 00:00:00,2026092340,1,QLD1,51,85.25,0,5779.83,0,PUBLIC_PREDISPATCHIS_202609240000_20260923233141.zip
2026-09-24 00:00:00,2026092340,1,QLD1,52,83.34945,0,5689.15,0,PUBLIC_PREDISPATCHIS_202609240000_20260923233141.zip
2026-09-24 00:00:00,2026092340,1,QLD1,53,79.28049,0,5630.06,0,PUBLIC_PREDISPATCHIS_202609240000_20260923233141.zip
2026-09-24 00:00:00,2026092340,1,QLD1,54,79.28049,0,5590.95,0,PUBLIC_PREDISPATCHIS_202609240000_20260923233141.zip
2026-09-24 00:00:00,2026092340,1,QLD1,55,78.81179,0,5578.32,0,PUBLIC_PREDISPATCHIS_202609240000_20260923233141.zip
2026-09-24 00:00:00,2026092340,1,QLD1,56,77.75953,0,5577.9,0,PUBLIC_PREDISPATCHIS_202609240000_20260923233141.zip
2026-09-24 00:00:00,2026092340,1,QLD1,57,76.29347,0,5594.7,0,PUBLIC_PREDISPATCHIS_202609240000_20260923233141.zip
2026-09-24 00:00:00,2026092340,1,SA1,01,110.49713,0,1384.89,0,PUBLIC_PREDISPATCHIS_202609240000_20260923233141.zip
2026-09-24 00:00:00,2026092340,1,SA1,02,233.0,0,1394.79,0,PUBLIC_PREDISPATCHIS_202609240000_20260923233141.zip
2026-09-24 00:00:00,2026092340,1,SA1,03,120.0,0,1407.39,0,PUBLIC_PREDISPATCHIS_202609240000_20260923233141.zip
2026-09-24 00:00:00,2026092340,1,SA1,04,99.00238,0,1398.04,0,PUBLIC_PREDISPATCHIS_202609240000_20260923233141.zip
2026-09-24 00:00:00,2026092340,1,SA1,05,92.66191,0,1383.07,0,PUBLIC_PREDISPATCHIS_202609240000_20260923233141.zip
2026-09-24 00:00:00,2026092340,1,SA1,06,92.40674,0,1362.21,0,PUBLIC_PREDISPATCHIS_202609240000_20260923233141.zip
2026-09-24 00:00:00,2026092340,1,SA1,07,82.2234,0,1339.11,0,PUBLIC_PREDISPATCHIS_202609240000_20260923233141.zip
2026-09-24 00:00:00,2026092340,1,SA1,08,75.34705,0,1318.21,0,PUBLIC_PREDISPATCHIS_202609240000_20260923233141.zip
2026-09-24 00:00:00,2026092340,1,SA1,09,73.31661,0,1298.2,0,PUBLIC_PREDISPATCHIS_202609240000_20260923233141.zip
2026-09-24 00:00:00,2026092340,1,SA1,10,73.24378,0,1283.89,0,PUBLIC_PREDISPATCHIS_202609240000_20260923233141.zip
2026-09-24 00:00:00,2026092340,1,SA1,11,70.16183,0,1283.31,0,PUBLIC_PREDISPATCHIS_202609240000_20260923233141.zip
2026-09-24 00:00:00,2026092340,1,SA1,12,74.36507,0,1284.59,0,PUBLIC_PREDISPATCHIS_202609240000_20260923233141.zip
2026-09-24 00:00:00,2026092340,1,SA1,13,75.27368,0,1311.94,0,PUBLIC_PREDISPATCHIS_202609240000_20260923233141.zip
2026-09-24 00:00:00,2026092340,1,SA1,14,84.89767,0,1345.21,0,PUBLIC_PREDISPATCHIS_202609240000_20260923233141.zip
2026-09-24 00:00:00,2026092340,1,SA1,15,56.68193,0,1386.91,0,PUBLIC_PREDISPATCHIS_202609240000_20260923233141.zip
2026-09-24 00:00:00,2026092340,1,SA1,16,10.6083,0,1389.1,0,PUBLIC_PREDISPATCHIS_202609240000_20260923233141.zip
2026-09-24 00:00:00,2026092340,1,SA1,17,10.55456,0,1350.31,0,PUBLIC_PREDISPATCHIS_202609240000_20260923233141.zip
2026-09-24 00:00:00,2026092340,1,SA1,18,9.0195,0,1294.5,0,PUBLIC_PREDISPATCHIS_202609240000_20260923233141.zip
2026-09-24 00:00:00,2026092340,1,SA1,19,-0.55909,0,1221.54,0,PUBLIC_PREDISPATCHIS_202609240000_20260923233141.zip
2026-09-24 00:00:00,2026092340,1,SA1,20,-0.56545,0,1116.52,0,PUBLIC_PREDISPATCHIS_202609240000_20260923233141.zip
2026-09-24 00:00:00,2026092340,1,SA1,21,-5.25188,0,1009.94,0,PUBLIC_PREDISPATCHIS_202609240000_20260923233141.zip
2026-09-24 00:00:00,2026092340,1,SA1,22,-7.0,0,935.51,0,PUBLIC_PREDISPATCHIS_202609240000_20260923233141.zip
2026-09-24 00:00:00,2026092340,1,SA1,23,-7.12,0,908.74,0,PUBLIC_PREDISPATCHIS_202609240000_20260923233141.zip
2026-09-24 00:00:00,2026092340,1,SA1,24,-5.22,0,863.77,0,PUBLIC_PREDISPATCHIS_202609240000_20260923233141.zip
2026-09-24 00:00:00,2026092340,1,SA1,25,-5.0,0,852.72,0,PUBLIC_PREDISPATCHIS_202609240000_20260923233141.zip
2026-09-24 00:00:00,2026092340,1,SA1,26,-5.0,0,820.53,0,PUBLIC_PREDISPATCHIS_202609240000_20260923233141.zip
2026-09-24 00:00:00,2026092340,1,SA1,27,-5.0,0,790.3,0,PUBLIC_PREDISPATCHIS_202609240000_20260923233141.zip
2026-09-24 00:00:00,2026092340,1,SA1,28,-5.99998,0,753.24,0,PUBLIC_PREDISPATCHIS_202609240000_20260923233141.zip
2026-09-24 00:00:00,2026092340,1,SA1,29,-7.1,0,723.94,0,PUBLIC_PREDISPATCHIS_202609240000_20260923233141.zip
2026-09-24 00:00:00,2026092340,1,SA1,30,-7.15,0,754.28,0,PUBLIC_PREDISPATCHIS_202609240000_20260923233141.zip
2026-09-24 00:00:00,2026092340,1,SA1,31,-0.55,0,799.39,0,PUBLIC_PREDISPATCHIS_202609240000_20260923233141.zip
2026-09-24 00:00:00,2026092340,1,SA1,32,0.00967,0,859.94,0,PUBLIC_PREDISPATCHIS_202609240000_20260923233141.zip
2026-09-24 00:00:00,2026092340,1,SA1,33,1.20363,0,932.63,0,PUBLIC_PREDISPATCHIS_202609240000_20260923233141.zip
2026-09-24 00:00:00,2026092340,1,SA1,34,18.85115,0,1023.38,0,PUBLIC_PREDISPATCHIS_202609240000_20260923233141.zip
2026-09-24 00:00:00,2026092340,1,SA1,35,84.17326,0,1143.16,0,PUBLIC_PREDISPATCHIS_202609240000_20260923233141.zip
2026-09-24 00:00:00,2026092340,1,SA1,36,98.0,0,1284.96,0,PUBLIC_PREDISPATCHIS_202609240000_20260923233141.zip
2026-09-24 00:00:00,2026092340,1,SA1,37,102.92373,0,1422.54,0,PUBLIC_PREDISPATCHIS_202609240000_20260923233141.zip
2026-09-24 00:00:00,2026092340,1,SA1,38,114.45373,0,1519.57,0,PUBLIC_PREDISPATCHIS_202609240000_20260923233141.zip
2026-09-24 00:00:00,2026092340,1,SA1,39,116.97235,0,1568.97,0,PUBLIC_PREDISPATCHIS_202609240000_20260923233141.zip
2026-09-24 00:00:00,2026092340,1,SA1,40,135.04,0,1589.2,0,PUBLIC_PREDISPATCHIS_202609240000_20260923233141.zip
2026-09-24 00:00:00,2026092340,1,SA1,41,111.55729,0,1571.07,0,PUBLIC_PREDISPATCHIS_202609240000_20260923233141.zip
2026-09-24 00:00:00,2026092340,1,SA1,42,130.07901,0,1555.04,0,PUBLIC_PREDISPATCHIS_202609240000_20260923233141.zip
2026-09-24 00:00:00,2026092340,1,SA1,43,111.59018,0,1528.68,0,PUBLIC_PREDISPATCHIS_202609240000_20260923233141.zip
2026-09-24 00:00:00,2026092340,1,SA1,44,101.02,0,1496.97,0,PUBLIC_PREDISPATCHIS_202609240000_20260923233141.zip
2026-09-24 00:00:00,2026092340,1,SA1,45,84.70263,0,1462.44,0,PUBLIC_PREDISPATCHIS_202609240000_20260923233141.zip
2026-09-24 00:00:00,2026092340,1,SA1,46,85.44,0,1418.88,0,PUBLIC_PREDISPATCHIS_202609240000_20260923233141.zip
2026-09-24 00:00:00,2026092340,1,SA1,47,85.44,0,1384.13,0,PUBLIC_PREDISPATCHIS_202609240000_20260923233141.zip
2026-09-24 00:00:00,2026092340,1,SA1,48,83.54499,0,1357.47,0,PUBLIC_PREDISPATCHIS_202609240000_20260923233141.zip
2026-09-24 00:00:00,2026092340,1,SA1,49,58.63913,0,1362.73,0,PUBLIC_PREDISPATCHIS_202609240000_20260923233141.zip
2026-09-24 00:00:00,2026092340,1,SA1,50,63.94796,0,1389.67,0,PUBLIC_PREDISPATCHIS_202609240000_20260923233141.zip
2026-09-24 00:00:00,2026092340,1,SA1,51,80.0,0,1396.19,0,PUBLIC_PREDISPATCHIS_202609240000_20260923233141.zip
2026-09-24 00:00:00,2026092340,1,SA1,52,67.3295,0,1381.06,0,PUBLIC_PREDISPATCHIS_202609240000_20260923233141.zip
2026-09-24 00:00:00,2026092340,1,SA1,53,80.0,0,1362.65,0,PUBLIC_PREDISPATCHIS_202609240000_20260923233141.zip
2026-09-24 00:00:00,2026092340,1,SA1,54,144.41,0,1337.16,0,PUBLIC_PREDISPATCHIS_202609240000_20260923233141.zip
2026-09-24 00:00:00,2026092340,1,SA1,55,100.64907,0,1313.37,0,PUBLIC_PREDISPATCHIS_202609240000_20260923233141.zip
2026-09-24 00:00:00,2026092340,1,SA1,56,94.05581,0,1290.91,0,PUBLIC_PREDISPATCHIS_202609240000_20260923233141.zip
2026-09-24 00:00:00,2026092340,1,SA1,57,86.45271,0,1271.62,0,PUBLIC_PREDISPATCHIS_202609240000_20260923233141.zip
2026-09-24 00:00:00,2026092340,1,TAS1,01,108.42672,0,1046.0,0,PUBLIC_PREDISPATCHIS_202609240000_20260923233141.zip
2026-09-24 00:00:00,2026092340,1,TAS1,02,244.12435,0,1027.0,0,PUBLIC_PREDISPATCHIS_202609240000_20260923233141.zip
2026-09-24 00:00:00,2026092340,1,TAS1,03,111.26379,0,1015.0,0,PUBLIC_PREDISPATCHIS_202609240000_20260923233141.zip
2026-09-24 00:00:00,2026092340,1,TAS1,04,91.6732,0,1004.0,0,PUBLIC_PREDISPATCHIS_202609240000_20260923233141.zip
2026-09-24 00:00:00,2026092340,1,TAS1,05,88.2,0,993.0,0,PUBLIC_PREDISPATCHIS_202609240000_20260923233141.zip
2026-09-24 00:00:00,2026092340,1,TAS1,06,88.2,0,986.0,0,PUBLIC_PREDISPATCHIS_202609240000_20260923233141.zip
2026-09-24 00:00:00,2026092340,1,TAS1,07,81.12832,0,986.0,0,PUBLIC_PREDISPATCHIS_202609240000_20260923233141.zip
2026-09-24 00:00:00,2026092340,1,TAS1,08,75.02091,0,986.0,0,PUBLIC_PREDISPATCHIS_202609240000_20260923233141.zip
2026-09-24 00:00:00,2026092340,1,TAS1,09,73.57763,0,985.0,0,PUBLIC_PREDISPATCHIS_202609240000_20260923233141.zip
2026-09-24 00:00:00,2026092340,1,TAS1,10,75.18,0,990.0,0,PUBLIC_PREDISPATCHIS_202609240000_20260923233141.zip
2026-09-24 00:00:00,2026092340,1,TAS1,11,73.06889,0,1002.0,0,PUBLIC_PREDISPATCHIS_202609240000_20260923233141.zip
2026-09-24 00:00:00,2026092340,1,TAS1,12,77.71874,0,1028.0,0,PUBLIC_PREDISPATCHIS_202609240000_20260923233141.zip
2026-09-24 00:00:00,2026092340,1,TAS1,13,78.88771,0,1065.0,0,PUBLIC_PREDISPATCHIS_202609240000_20260923233141.zip
2026-09-24 00:00:00,2026092340,1,TAS1,14,89.66579,0,1121.0,0,PUBLIC_PREDISPATCHIS_202609240000_20260923233141.zip
2026-09-24 00:00:00,2026092340,1,TAS1,15,61.19674,0,1163.0,0,PUBLIC_PREDISPATCHIS_202609240000_20260923233141.zip
2026-09-24 00:00:00,2026092340,1,TAS1,16,12.30316,0,1171.0,0,PUBLIC_PREDISPATCHIS_202609240000_20260923233141.zip
2026-09-24 00:00:00,2026092340,1,TAS1,17,11.67212,0,1157.0,0,PUBLIC_PREDISPATCHIS_202609240000_20260923233141.zip
2026-09-24 00:00:00,2026092340,1,TAS1,18,10.13777,0,1114.0,0,PUBLIC_PREDISPATCHIS_202609240000_20260923233141.zip
2026-09-24 00:00:00,2026092340,1,TAS1,19,0.14039,0,1060.0,0,PUBLIC_PREDISPATCHIS_202609240000_20260923233141.zip
2026-09-24 00:00:00,2026092340,1,TAS1,20,-0.58853,0,1005.0,0,PUBLIC_PREDISPATCHIS_202609240000_20260923233141.zip
2026-09-24 00:00:00,2026092340,1,TAS1,21,-4.55294,0,965.0,0,PUBLIC_PREDISPATCHIS_202609240000_20260923233141.zip
2026-09-24 00:00:00,2026092340,1,TAS1,22,-7.96401,0,927.0,0,PUBLIC_PREDISPATCHIS_202609240000_20260923233141.zip
2026-09-24 00:00:00,2026092340,1,TAS1,23,-12.57327,0,897.0,0,PUBLIC_PREDISPATCHIS_202609240000_20260923233141.zip
2026-09-24 00:00:00,2026092340,1,TAS1,24,-8.37545,0,873.0,0,PUBLIC_PREDISPATCHIS_202609240000_20260923233141.zip
2026-09-24 00:00:00,2026092340,1,TAS1,25,-11.79501,0,855.0,0,PUBLIC_PREDISPATCHIS_202609240000_20260923233141.zip
2026-09-24 00:00:00,2026092340,1,TAS1,26,-12.23669,0,836.0,0,PUBLIC_PREDISPATCHIS_202609240000_20260923233141.zip
2026-09-24 00:00:00,2026092340,1,TAS1,27,-13.75945,0,827.0,0,PUBLIC_PREDISPATCHIS_202609240000_20260923233141.zip
2026-09-24 00:00:00,2026092340,1,TAS1,28,-8.31144,0,837.0,0,PUBLIC_PREDISPATCHIS_202609240000_20260923233141.zip
2026-09-24 00:00:00,2026092340,1,TAS1,29,-8.36162,0,849.0,0,PUBLIC_PREDISPATCHIS_202609240000_20260923233141.zip
2026-09-24 00:00:00,2026092340,1,TAS1,30,-8.35829,0,870.0,0,PUBLIC_PREDISPATCHIS_202609240000_20260923233141.zip
2026-09-24 00:00:00,2026092340,1,TAS1,31,-0.58479,0,888.0,0,PUBLIC_PREDISPATCHIS_202609240000_20260923233141.zip
2026-09-24 00:00:00,2026092340,1,TAS1,32,0.0103,0,910.0,0,PUBLIC_PREDISPATCHIS_202609240000_20260923233141.zip
2026-09-24 00:00:00,2026092340,1,TAS1,33,1.28414,0,942.0,0,PUBLIC_PREDISPATCHIS_202609240000_20260923233141.zip
2026-09-24 00:00:00,2026092340,1,TAS1,34,19.87798,0,975.0,0,PUBLIC_PREDISPATCHIS_202609240000_20260923233141.zip
2026-09-24 00:00:00,2026092340,1,TAS1,35,88.2,0,1015.0,0,PUBLIC_PREDISPATCHIS_202609240000_20260923233141.zip
2026-09-24 00:00:00,2026092340,1,TAS1,36,88.2,0,1063.0,0,PUBLIC_PREDISPATCHIS_202609240000_20260923233141.zip
2026-09-24 00:00:00,2026092340,1,TAS1,37,95.22714,0,1112.0,0,PUBLIC_PREDISPATCHIS_202609240000_20260923233141.zip
2026-09-24 00:00:00,2026092340,1,TAS1,38,106.23299,0,1150.0,0,PUBLIC_PREDISPATCHIS_202609240000_20260923233141.zip
2026-09-24 00:00:00,2026092340,1,TAS1,39,106.2228,0,1171.0,0,PUBLIC_PREDISPATCHIS_202609240000_20260923233141.zip
2026-09-24 00:00:00,2026092340,1,TAS1,40,119.8806,0,1168.0,0,PUBLIC_PREDISPATCHIS_202609240000_20260923233141.zip
2026-09-24 00:00:00,2026092340,1,TAS1,41,101.31639,0,1160.0,0,PUBLIC_PREDISPATCHIS_202609240000_20260923233141.zip
2026-09-24 00:00:00,2026092340,1,TAS1,42,114.46274,0,1147.0,0,PUBLIC_PREDISPATCHIS_202609240000_20260923233141.zip
2026-09-24 00:00:00,2026092340,1,TAS1,43,98.58667,0,1126.0,0,PUBLIC_PREDISPATCHIS_202609240000_20260923233141.zip
2026-09-24 00:00:00,2026092340,1,TAS1,44,88.2,0,1110.0,0,PUBLIC_PREDISPATCHIS_202609240000_20260923233141.zip
2026-09-24 00:00:00,2026092340,1,TAS1,45,75.2,0,1087.0,0,PUBLIC_PREDISPATCHIS_202609240000_20260923233141.zip
2026-09-24 00:00:00,2026092340,1,TAS1,46,75.22,0,1062.0,0,PUBLIC_PREDISPATCHIS_202609240000_20260923233141.zip
2026-09-24 00:00:00,2026092340,1,TAS1,47,75.2,0,1032.0,0,PUBLIC_PREDISPATCHIS_202609240000_20260923233141.zip
2026-09-24 00:00:00,2026092340,1,TAS1,48,75.22,0,1008.0,0,PUBLIC_PREDISPATCHIS_202609240000_20260923233141.zip
2026-09-24 00:00:00,2026092340,1,TAS1,49,50.1,0,988.0,0,PUBLIC_PREDISPATCHIS_202609240000_20260923233141.zip
2026-09-24 00:00:00,2026092340,1,TAS1,50,45.24306,0,974.0,0,PUBLIC_PREDISPATCHIS_202609240000_20260923233141.zip
2026-09-24 00:00:00,2026092340,1,TAS1,51,41.94424,0,964.0,0,PUBLIC_PREDISPATCHIS_202609240000_20260923233141.zip
2026-09-24 00:00:00,2026092340,1,TAS1,52,52.06,0,957.0,0,PUBLIC_PREDISPATCHIS_202609240000_20260923233141.zip
2026-09-24 00:00:00,2026092340,1,TAS1,53,54.9045,0,948.0,0,PUBLIC_PREDISPATCHIS_202609240000_20260923233141.zip
2026-09-24 00:00:00,2026092340,1,TAS1,54,82.52533,0,945.0,0,PUBLIC_PREDISPATCHIS_202609240000_20260923233141.zip
2026-09-24 00:00:00,2026092340,1,TAS1,55,82.61975,0,947.0,0,PUBLIC_PREDISPATCHIS_202609240000_20260923233141.zip
2026-09-24 00:00:00,2026092340,1,TAS1,56,82.88624,0,950.0,0,PUBLIC_PREDISPATCHIS_202609240000_20260923233141.zip
2026-09-24 00:00:00,2026092340,1,TAS1,57,82.88921,0,951.0,0,PUBLIC_PREDISPATCHIS_202609240000_20260923233141.zip
2026-09-24 00:00:00,2026092340,1,VIC1,01,116.67611,0,5413.16,0,PUBLIC_PREDISPATCHIS_202609240000_20260923233141.zip
2026-09-24 00:00:00,2026092340,1,VIC1,02,261.81572,0,5236.39,0,PUBLIC_PREDISPATCHIS_202609240000_20260923233141.zip
2026-09-24 00:00:00,2026092340,1,VIC1,03,118.56553,0,5075.77,0,PUBLIC_PREDISPATCHIS_202609240000_20260923233141.zip
2026-09-24 00:00:00,2026092340,1,VIC1,04,97.96813,0,4940.76,0,PUBLIC_PREDISPATCHIS_202609240000_20260923233141.zip
2026-09-24 00:00:00,2026092340,1,VIC1,05,92.52534,0,4784.1,0,PUBLIC_PREDISPATCHIS_202609240000_20260923233141.zip
2026-09-24 00:00:00,2026092340,1,VIC1,06,91.67752,0,4668.8,0,PUBLIC_PREDISPATCHIS_202609240000_20260923233141.zip
2026-09-24 00:00:00,2026092340,1,VIC1,07,82.10221,0,4575.71,0,PUBLIC_PREDISPATCHIS_202609240000_20260923233141.zip
2026-09-24 00:00:00,2026092340,1,VIC1,08,75.69355,0,4516.4,0,PUBLIC_PREDISPATCHIS_202609240000_20260923233141.zip
2026-09-24 00:00:00,2026092340,1,VIC1,09,74.45127,0,4486.95,0,PUBLIC_PREDISPATCHIS_202609240000_20260923233141.zip
2026-09-24 00:00:00,2026092340,1,VIC1,10,75.19869,0,4506.22,0,PUBLIC_PREDISPATCHIS_202609240000_20260923233141.zip
2026-09-24 00:00:00,2026092340,1,VIC1,11,72.6759,0,4592.22,0,PUBLIC_PREDISPATCHIS_202609240000_20260923233141.zip
2026-09-24 00:00:00,2026092340,1,VIC1,12,77.5464,0,4803.92,0,PUBLIC_PREDISPATCHIS_202609240000_20260923233141.zip
2026-09-24 00:00:00,2026092340,1,VIC1,13,78.28561,0,5049.2,0,PUBLIC_PREDISPATCHIS_202609240000_20260923233141.zip
2026-09-24 00:00:00,2026092340,1,VIC1,14,88.73677,0,5324.68,0,PUBLIC_PREDISPATCHIS_202609240000_20260923233141.zip
2026-09-24 00:00:00,2026092340,1,VIC1,15,58.49238,0,5494.01,0,PUBLIC_PREDISPATCHIS_202609240000_20260923233141.zip
2026-09-24 00:00:00,2026092340,1,VIC1,16,11.06608,0,5454.45,0,PUBLIC_PREDISPATCHIS_202609240000_20260923233141.zip
2026-09-24 00:00:00,2026092340,1,VIC1,17,10.5,0,5258.21,0,PUBLIC_PREDISPATCHIS_202609240000_20260923233141.zip
2026-09-24 00:00:00,2026092340,1,VIC1,18,8.94,0,4999.96,0,PUBLIC_PREDISPATCHIS_202609240000_20260923233141.zip
2026-09-24 00:00:00,2026092340,1,VIC1,19,-0.55,0,4667.86,0,PUBLIC_PREDISPATCHIS_202609240000_20260923233141.zip
2026-09-24 00:00:00,2026092340,1,VIC1,20,-0.56,0,4351.83,0,PUBLIC_PREDISPATCHIS_202609240000_20260923233141.zip
2026-09-24 00:00:00,2026092340,1,VIC1,21,-5.0,0,4059.28,0,PUBLIC_PREDISPATCHIS_202609240000_20260923233141.zip
2026-09-24 00:00:00,2026092340,1,VIC1,22,-7.61941,0,3732.34,0,PUBLIC_PREDISPATCHIS_202609240000_20260923233141.zip
2026-09-24 00:00:00,2026092340,1,VIC1,23,-11.95104,0,3494.72,0,PUBLIC_PREDISPATCHIS_202609240000_20260923233141.zip
2026-09-24 00:00:00,2026092340,1,VIC1,24,-8.01,0,3402.21,0,PUBLIC_PREDISPATCHIS_202609240000_20260923233141.zip
2026-09-24 00:00:00,2026092340,1,VIC1,25,-11.31492,0,3333.95,0,PUBLIC_PREDISPATCHIS_202609240000_20260923233141.zip
2026-09-24 00:00:00,2026092340,1,VIC1,26,-11.73958,0,3355.23,0,PUBLIC_PREDISPATCHIS_202609240000_20260923233141.zip
2026-09-24 00:00:00,2026092340,1,VIC1,27,-13.24291,0,3387.65,0,PUBLIC_PREDISPATCHIS_202609240000_20260923233141.zip
2026-09-24 00:00:00,2026092340,1,VIC1,28,-8.0,0,3451.33,0,PUBLIC_PREDISPATCHIS_202609240000_20260923233141.zip
2026-09-24 00:00:00,2026092340,1,VIC1,29,-8.0,0,3620.47,0,PUBLIC_PREDISPATCHIS_202609240000_20260923233141.zip
2026-09-24 00:00:00,2026092340,1,VIC1,30,-8.0,0,3911.09,0,PUBLIC_PREDISPATCHIS_202609240000_20260923233141.zip
2026-09-24 00:00:00,2026092340,1,VIC1,31,-0.56,0,4254.16,0,PUBLIC_PREDISPATCHIS_202609240000_20260923233141.zip
2026-09-24 00:00:00,2026092340,1,VIC1,32,0.0099,0,4626.77,0,PUBLIC_PREDISPATCHIS_202609240000_20260923233141.zip
2026-09-24 00:00:00,2026092340,1,VIC1,33,1.23075,0,4881.24,0,PUBLIC_PREDISPATCHIS_202609240000_20260923233141.zip
2026-09-24 00:00:00,2026092340,1,VIC1,34,19.18,0,5218.46,0,PUBLIC_PREDISPATCHIS_202609240000_20260923233141.zip
2026-09-24 00:00:00,2026092340,1,VIC1,35,81.26789,0,5587.8,0,PUBLIC_PREDISPATCHIS_202609240000_20260923233141.zip
2026-09-24 00:00:00,2026092340,1,VIC1,36,95.57804,0,5900.68,0,PUBLIC_PREDISPATCHIS_202609240000_20260923233141.zip
2026-09-24 00:00:00,2026092340,1,VIC1,37,106.20746,0,6120.87,0,PUBLIC_PREDISPATCHIS_202609240000_20260923233141.zip
2026-09-24 00:00:00,2026092340,1,VIC1,38,118.5,0,6239.22,0,PUBLIC_PREDISPATCHIS_202609240000_20260923233141.zip
2026-09-24 00:00:00,2026092340,1,VIC1,39,118.5,0,6334.0,0,PUBLIC_PREDISPATCHIS_202609240000_20260923233141.zip
2026-09-24 00:00:00,2026092340,1,VIC1,40,133.7051,0,6208.17,0,PUBLIC_PREDISPATCHIS_202609240000_20260923233141.zip
2026-09-24 00:00:00,2026092340,1,VIC1,41,112.9619,0,6008.15,0,PUBLIC_PREDISPATCHIS_202609240000_20260923233141.zip
2026-09-24 00:00:00,2026092340,1,VIC1,42,127.59481,0,5866.2,0,PUBLIC_PREDISPATCHIS_202609240000_20260923233141.zip
2026-09-24 00:00:00,2026092340,1,VIC1,43,109.87687,0,5741.16,0,PUBLIC_PREDISPATCHIS_202609240000_20260923233141.zip
2026-09-24 00:00:00,2026092340,1,VIC1,44,98.40099,0,5555.25,0,PUBLIC_PREDISPATCHIS_202609240000_20260923233141.zip
2026-09-24 00:00:00,2026092340,1,VIC1,45,80.41469,0,5349.75,0,PUBLIC_PREDISPATCHIS_202609240000_20260923233141.zip
2026-09-24 00:00:00,2026092340,1,VIC1,46,81.91799,0,5213.06,0,PUBLIC_PREDISPATCHIS_202609240000_20260923233141.zip
2026-09-24 00:00:00,2026092340,1,VIC1,47,81.34967,0,5091.26,0,PUBLIC_PREDISPATCHIS_202609240000_20260923233141.zip
2026-09-24 00:00:00,2026092340,1,VIC1,48,75.64219,0,5095.87,0,PUBLIC_PREDISPATCHIS_202609240000_20260923233141.zip
2026-09-24 00:00:00,2026092340,1,VIC1,49,28.44892,0,5017.05,0,PUBLIC_PREDISPATCHIS_202609240000_20260923233141.zip
2026-09-24 00:00:00,2026092340,1,VIC1,50,13.95,0,4890.74,0,PUBLIC_PREDISPATCHIS_202609240000_20260923233141.zip
2026-09-24 00:00:00,2026092340,1,VIC1,51,10.65,0,4729.7,0,PUBLIC_PREDISPATCHIS_202609240000_20260923233141.zip
2026-09-24 00:00:00,2026092340,1,VIC1,52,27.94285,0,4587.49,0,PUBLIC_PREDISPATCHIS_202609240000_20260923233141.zip
2026-09-24 00:00:00,2026092340,1,VIC1,53,35.38798,0,4458.1,0,PUBLIC_PREDISPATCHIS_202609240000_20260923233141.zip
2026-09-24 00:00:00,2026092340,1,VIC1,54,79.27958,0,4355.36,0,PUBLIC_PREDISPATCHIS_202609240000_20260923233141.zip
2026-09-24 00:00:00,2026092340,1,VIC1,55,79.35993,0,4278.1,0,PUBLIC_PREDISPATCHIS_202609240000_20260923233141.zip
2026-09-24 00:00:00,2026092340,1,VIC1,56,79.35993,0,4231.07,0,PUBLIC_PREDISPATCHIS_202609240000_20260923233141.zip
2026-09-24 00:00:00,2026092340,1,VIC1,57,79.35993,0,4216.65,0,PUBLIC_PREDISPATCHIS_202609240000_20260923233141.zip
2026-09-24 00:30:00,2026092341,1,NSW1,01,141.15669,0,7461.42,0,PUBLIC_PREDISPATCHIS_202609240030_20260924000142.zip
2026-09-24 00:30:00,2026092341,1,NSW1,02,240.31208,0,7387.29,0,PUBLIC_PREDISPATCHIS_202609240030_20260924000142.zip
2026-09-24 00:30:00,2026092341,1,NSW1,03,166.35348,0,7227.19,0,PUBLIC_PREDISPATCHIS_202609240030_20260924000142.zip
2026-09-24 00:30:00,2026092341,1,NSW1,04,119.01,0,7065.16,0,PUBLIC_PREDISPATCHIS_202609240030_20260924000142.zip
2026-09-24 00:30:00,2026092341,1,NSW1,05,119.01,0,6930.27,0,PUBLIC_PREDISPATCHIS_202609240030_20260924000142.zip
2026-09-24 00:30:00,2026092341,1,NSW1,06,118.67,0,6798.5,0,PUBLIC_PREDISPATCHIS_202609240030_20260924000142.zip
2026-09-24 00:30:00,2026092341,1,NSW1,07,106.88213,0,6709.52,0,PUBLIC_PREDISPATCHIS_202609240030_20260924000142.zip
2026-09-24 00:30:00,2026092341,1,NSW1,08,106.52,0,6652.48,0,PUBLIC_PREDISPATCHIS_202609240030_20260924000142.zip
2026-09-24 00:30:00,2026092341,1,NSW1,09,97.63005,0,6681.12,0,PUBLIC_PREDISPATCHIS_202609240030_20260924000142.zip
2026-09-24 00:30:00,2026092341,1,NSW1,10,97.63005,0,6774.13,0,PUBLIC_PREDISPATCHIS_202609240030_20260924000142.zip
2026-09-24 00:30:00,2026092341,1,NSW1,11,98.48873,0,6968.91,0,PUBLIC_PREDISPATCHIS_202609240030_20260924000142.zip
2026-09-24 00:30:00,2026092341,1,NSW1,12,104.66974,0,7194.24,0,PUBLIC_PREDISPATCHIS_202609240030_20260924000142.zip
2026-09-24 00:30:00,2026092341,1,NSW1,13,131.04548,0,7349.49,0,PUBLIC_PREDISPATCHIS_202609240030_20260924000142.zip
2026-09-24 00:30:00,2026092341,1,NSW1,14,84.76505,0,7362.69,0,PUBLIC_PREDISPATCHIS_202609240030_20260924000142.zip
2026-09-24 00:30:00,2026092341,1,NSW1,15,67.96231,0,7207.35,0,PUBLIC_PREDISPATCHIS_202609240030_20260924000142.zip
2026-09-24 00:30:00,2026092341,1,NSW1,16,64.95014,0,6937.27,0,PUBLIC_PREDISPATCHIS_202609240030_20260924000142.zip
2026-09-24 00:30:00,2026092341,1,NSW1,17,42.80267,0,6585.65,0,PUBLIC_PREDISPATCHIS_202609240030_20260924000142.zip
2026-09-24 00:30:00,2026092341,1,NSW1,18,53.15,0,6123.87,0,PUBLIC_PREDISPATCHIS_202609240030_20260924000142.zip
2026-09-24 00:30:00,2026092341,1,NSW1,19,46.45,0,5799.12,0,PUBLIC_PREDISPATCHIS_202609240030_20260924000142.zip
2026-09-24 00:30:00,2026092341,1,NSW1,20,46.45,0,5580.82,0,PUBLIC_PREDISPATCHIS_202609240030_20260924000142.zip
2026-09-24 00:30:00,2026092341,1,NSW1,21,24.99019,0,5422.32,0,PUBLIC_PREDISPATCHIS_202609240030_20260924000142.zip
2026-09-24 00:30:00,2026092341,1,NSW1,22,48.39272,0,5254.93,0,PUBLIC_PREDISPATCHIS_202609240030_20260924000142.zip
2026-09-24 00:30:00,2026092341,1,NSW1,23,45.26753,0,5069.22,0,PUBLIC_PREDISPATCHIS_202609240030_20260924000142.zip
2026-09-24 00:30:00,2026092341,1,NSW1,24,42.80005,0,4918.05,0,PUBLIC_PREDISPATCHIS_202609240030_20260924000142.zip
2026-09-24 00:30:00,2026092341,1,NSW1,25,42.8001,0,4781.51,0,PUBLIC_PREDISPATCHIS_202609240030_20260924000142.zip
2026-09-24 00:30:00,2026092341,1,NSW1,26,42.94,0,4816.31,0,PUBLIC_PREDISPATCHIS_202609240030_20260924000142.zip
2026-09-24 00:30:00,2026092341,1,NSW1,27,65.99,0,4938.72,0,PUBLIC_PREDISPATCHIS_202609240030_20260924000142.zip
2026-09-24 00:30:00,2026092341,1,NSW1,28,49.82062,0,5132.28,0,PUBLIC_PREDISPATCHIS_202609240030_20260924000142.zip
2026-09-24 00:30:00,2026092341,1,NSW1,29,39.8445,0,5396.97,0,PUBLIC_PREDISPATCHIS_202609240030_20260924000142.zip
2026-09-24 00:30:00,2026092341,1,NSW1,30,60.08848,0,5795.81,0,PUBLIC_PREDISPATCHIS_202609240030_20260924000142.zip
2026-09-24 00:30:00,2026092341,1,NSW1,31,42.54,0,6253.79,0,PUBLIC_PREDISPATCHIS_202609240030_20260924000142.zip
2026-09-24 00:30:00,2026092341,1,NSW1,32,42.8001,0,6860.25,0,PUBLIC_PREDISPATCHIS_202609240030_20260924000142.zip
2026-09-24 00:30:00,2026092341,1,NSW1,33,48.02993,0,7427.79,0,PUBLIC_PREDISPATCHIS_202609240030_20260924000142.zip
2026-09-24 00:30:00,2026092341,1,NSW1,34,87.00637,0,7993.11,0,PUBLIC_PREDISPATCHIS_202609240030_20260924000142.zip
2026-09-24 00:30:00,2026092341,1,NSW1,35,113.5,0,8340.32,0,PUBLIC_PREDISPATCHIS_202609240030_20260924000142.zip
2026-09-24 00:30:00,2026092341,1,NSW1,36,136.71195,0,8690.5,0,PUBLIC_PREDISPATCHIS_202609240030_20260924000142.zip
2026-09-24 00:30:00,2026092341,1,NSW1,37,133.75708,0,8865.74,0,PUBLIC_PREDISPATCHIS_202609240030_20260924000142.zip
2026-09-24 00:30:00,2026092341,1,NSW1,38,139.93237,0,8905.49,0,PUBLIC_PREDISPATCHIS_202609240030_20260924000142.zip
2026-09-24 00:30:00,2026092341,1,NSW1,39,130.84421,0,8751.01,0,PUBLIC_PREDISPATCHIS_202609240030_20260924000142.zip
2026-09-24 00:30:00,2026092341,1,NSW1,40,136.26018,0,8590.91,0,PUBLIC_PREDISPATCHIS_202609240030_20260924000142.zip
2026-09-24 00:30:00,2026092341,1,NSW1,41,127.62653,0,8422.04,0,PUBLIC_PREDISPATCHIS_202609240030_20260924000142.zip
2026-09-24 00:30:00,2026092341,1,NSW1,42,121.01,0,8279.83,0,PUBLIC_PREDISPATCHIS_202609240030_20260924000142.zip
2026-09-24 00:30:00,2026092341,1,NSW1,43,119.01,0,8110.31,0,PUBLIC_PREDISPATCHIS_202609240030_20260924000142.zip
2026-09-24 00:30:00,2026092341,1,NSW1,44,96.99,0,7904.75,0,PUBLIC_PREDISPATCHIS_202609240030_20260924000142.zip
2026-09-24 00:30:00,2026092341,1,NSW1,45,98.27503,0,7799.83,0,PUBLIC_PREDISPATCHIS_202609240030_20260924000142.zip
2026-09-24 00:30:00,2026092341,1,NSW1,46,96.33076,0,7680.02,0,PUBLIC_PREDISPATCHIS_202609240030_20260924000142.zip
2026-09-24 00:30:00,2026092341,1,NSW1,47,96.99,0,7531.08,0,PUBLIC_PREDISPATCHIS_202609240030_20260924000142.zip
2026-09-24 00:30:00,2026092341,1,NSW1,48,90.0,0,7370.68,0,PUBLIC_PREDISPATCHIS_202609240030_20260924000142.zip
2026-09-24 00:30:00,2026092341,1,NSW1,49,96.99,0,7242.27,0,PUBLIC_PREDISPATCHIS_202609240030_20260924000142.zip
2026-09-24 00:30:00,2026092341,1,NSW1,50,92.75999,0,7098.31,0,PUBLIC_PREDISPATCHIS_202609240030_20260924000142.zip
2026-09-24 00:30:00,2026092341,1,NSW1,51,90.0,0,6943.6,0,PUBLIC_PREDISPATCHIS_202609240030_20260924000142.zip
2026-09-24 00:30:00,2026092341,1,NSW1,52,84.79,0,6766.16,0,PUBLIC_PREDISPATCHIS_202609240030_20260924000142.zip
2026-09-24 00:30:00,2026092341,1,NSW1,53,87.0003,0,6627.6,0,PUBLIC_PREDISPATCHIS_202609240030_20260924000142.zip
2026-09-24 00:30:00,2026092341,1,NSW1,54,88.88,0,6509.43,0,PUBLIC_PREDISPATCHIS_202609240030_20260924000142.zip
2026-09-24 00:30:00,2026092341,1,NSW1,55,84.69389,0,6451.89,0,PUBLIC_PREDISPATCHIS_202609240030_20260924000142.zip
2026-09-24 00:30:00,2026092341,1,NSW1,56,83.99,0,6411.45,0,PUBLIC_PREDISPATCHIS_202609240030_20260924000142.zip
2026-09-24 00:30:00,2026092341,1,QLD1,01,376.68531,0,5646.88,0,PUBLIC_PREDISPATCHIS_202609240030_20260924000142.zip
2026-09-24 00:30:00,2026092341,1,QLD1,02,447.62041,0,5582.29,0,PUBLIC_PREDISPATCHIS_202609240030_20260924000142.zip
2026-09-24 00:30:00,2026092341,1,QLD1,03,376.69885,0,5479.67,0,PUBLIC_PREDISPATCHIS_202609240030_20260924000142.zip
2026-09-24 00:30:00,2026092341,1,QLD1,04,338.00793,0,5440.75,0,PUBLIC_PREDISPATCHIS_202609240030_20260924000142.zip
2026-09-24 00:30:00,2026092341,1,QLD1,05,338.32136,0,5427.49,0,PUBLIC_PREDISPATCHIS_202609240030_20260924000142.zip
2026-09-24 00:30:00,2026092341,1,QLD1,06,339.70994,0,5419.07,0,PUBLIC_PREDISPATCHIS_202609240030_20260924000142.zip
2026-09-24 00:30:00,2026092341,1,QLD1,07,335.68034,0,5434.1,0,PUBLIC_PREDISPATCHIS_202609240030_20260924000142.zip
2026-09-24 00:30:00,2026092341,1,QLD1,08,338.00748,0,5480.91,0,PUBLIC_PREDISPATCHIS_202609240030_20260924000142.zip
2026-09-24 00:30:00,2026092341,1,QLD1,09,117.69,0,5565.74,0,PUBLIC_PREDISPATCHIS_202609240030_20260924000142.zip
2026-09-24 00:30:00,2026092341,1,QLD1,10,117.69,0,5684.77,0,PUBLIC_PREDISPATCHIS_202609240030_20260924000142.zip
2026-09-24 00:30:00,2026092341,1,QLD1,11,123.94517,0,5856.19,0,PUBLIC_PREDISPATCHIS_202609240030_20260924000142.zip
2026-09-24 00:30:00,2026092341,1,QLD1,12,130.69,0,5995.16,0,PUBLIC_PREDISPATCHIS_202609240030_20260924000142.zip
2026-09-24 00:30:00,2026092341,1,QLD1,13,158.95732,0,6077.73,0,PUBLIC_PREDISPATCHIS_202609240030_20260924000142.zip
2026-09-24 00:30:00,2026092341,1,QLD1,14,102.8,0,6034.57,0,PUBLIC_PREDISPATCHIS_202609240030_20260924000142.zip
2026-09-24 00:30:00,2026092341,1,QLD1,15,85.0,0,5900.58,0,PUBLIC_PREDISPATCHIS_202609240030_20260924000142.zip
2026-09-24 00:30:00,2026092341,1,QLD1,16,78.12655,0,5588.01,0,PUBLIC_PREDISPATCHIS_202609240030_20260924000142.zip
2026-09-24 00:30:00,2026092341,1,QLD1,17,40.1,0,5274.86,0,PUBLIC_PREDISPATCHIS_202609240030_20260924000142.zip
2026-09-24 00:30:00,2026092341,1,QLD1,18,48.0691,0,4989.83,0,PUBLIC_PREDISPATCHIS_202609240030_20260924000142.zip
2026-09-24 00:30:00,2026092341,1,QLD1,19,42.4276,0,4746.98,0,PUBLIC_PREDISPATCHIS_202609240030_20260924000142.zip
2026-09-24 00:30:00,2026092341,1,QLD1,20,40.99424,0,4543.82,0,PUBLIC_PREDISPATCHIS_202609240030_20260924000142.zip
2026-09-24 00:30:00,2026092341,1,QLD1,21,22.0137,0,4382.12,0,PUBLIC_PREDISPATCHIS_202609240030_20260924000142.zip
2026-09-24 00:30:00,2026092341,1,QLD1,22,40.1,0,4262.53,0,PUBLIC_PREDISPATCHIS_202609240030_20260924000142.zip
2026-09-24 00:30:00,2026092341,1,QLD1,23,40.1,0,4299.91,0,PUBLIC_PREDISPATCHIS_202609240030_20260924000142.zip
2026-09-24 00:30:00,2026092341,1,QLD1,24,31.0297,0,4319.96,0,PUBLIC_PREDISPATCHIS_202609240030_20260924000142.zip
2026-09-24 00:30:00,2026092341,1,QLD1,25,35.95217,0,4355.28,0,PUBLIC_PREDISPATCHIS_202609240030_20260924000142.zip
2026-09-24 00:30:00,2026092341,1,QLD1,26,38.06385,0,4334.37,0,PUBLIC_PREDISPATCHIS_202609240030_20260924000142.zip
2026-09-24 00:30:00,2026092341,1,QLD1,27,58.13,0,4409.47,0,PUBLIC_PREDISPATCHIS_202609240030_20260924000142.zip
2026-09-24 00:30:00,2026092341,1,QLD1,28,45.69,0,4523.53,0,PUBLIC_PREDISPATCHIS_202609240030_20260924000142.zip
2026-09-24 00:30:00,2026092341,1,QLD1,29,35.69833,0,4756.13,0,PUBLIC_PREDISPATCHIS_202609240030_20260924000142.zip
2026-09-24 00:30:00,2026092341,1,QLD1,30,54.39743,0,5034.49,0,PUBLIC_PREDISPATCHIS_202609240030_20260924000142.zip
2026-09-24 00:30:00,2026092341,1,QLD1,31,38.44966,0,5426.44,0,PUBLIC_PREDISPATCHIS_202609240030_20260924000142.zip
2026-09-24 00:30:00,2026092341,1,QLD1,32,40.0,0,5866.32,0,PUBLIC_PREDISPATCHIS_202609240030_20260924000142.zip
2026-09-24 00:30:00,2026092341,1,QLD1,33,48.62556,0,6338.7,0,PUBLIC_PREDISPATCHIS_202609240030_20260924000142.zip
2026-09-24 00:30:00,2026092341,1,QLD1,34,85.25,0,6814.38,0,PUBLIC_PREDISPATCHIS_202609240030_20260924000142.zip
2026-09-24 00:30:00,2026092341,1,QLD1,35,107.45897,0,7143.89,0,PUBLIC_PREDISPATCHIS_202609240030_20260924000142.zip
2026-09-24 00:30:00,2026092341,1,QLD1,36,128.11,0,7427.27,0,PUBLIC_PREDISPATCHIS_202609240030_20260924000142.zip
2026-09-24 00:30:00,2026092341,1,QLD1,37,128.1,0,7553.55,0,PUBLIC_PREDISPATCHIS_202609240030_20260924000142.zip
2026-09-24 00:30:00,2026092341,1,QLD1,38,128.11,0,7530.05,0,PUBLIC_PREDISPATCHIS_202609240030_20260924000142.zip
2026-09-24 00:30:00,2026092341,1,QLD1,39,123.44598,0,7374.17,0,PUBLIC_PREDISPATCHIS_202609240030_20260924000142.zip
2026-09-24 00:30:00,2026092341,1,QLD1,40,125.08108,0,7227.76,0,PUBLIC_PREDISPATCHIS_202609240030_20260924000142.zip
2026-09-24 00:30:00,2026092341,1,QLD1,41,117.69,0,7075.65,0,PUBLIC_PREDISPATCHIS_202609240030_20260924000142.zip
2026-09-24 00:30:00,2026092341,1,QLD1,42,114.5,0,7085.75,0,PUBLIC_PREDISPATCHIS_202609240030_20260924000142.zip
2026-09-24 00:30:00,2026092341,1,QLD1,43,111.75826,0,6992.64,0,PUBLIC_PREDISPATCHIS_202609240030_20260924000142.zip
2026-09-24 00:30:00,2026092341,1,QLD1,44,91.466,0,6815.89,0,PUBLIC_PREDISPATCHIS_202609240030_20260924000142.zip
2026-09-24 00:30:00,2026092341,1,QLD1,45,92.98865,0,6580.88,0,PUBLIC_PREDISPATCHIS_202609240030_20260924000142.zip
2026-09-24 00:30:00,2026092341,1,QLD1,46,90.32605,0,6371.74,0,PUBLIC_PREDISPATCHIS_202609240030_20260924000142.zip
2026-09-24 00:30:00,2026092341,1,QLD1,47,91.32813,0,6196.58,0,PUBLIC_PREDISPATCHIS_202609240030_20260924000142.zip
2026-09-24 00:30:00,2026092341,1,QLD1,48,85.25,0,6076.88,0,PUBLIC_PREDISPATCHIS_202609240030_20260924000142.zip
2026-09-24 00:30:00,2026092341,1,QLD1,49,89.30054,0,5930.74,0,PUBLIC_PREDISPATCHIS_202609240030_20260924000142.zip
2026-09-24 00:30:00,2026092341,1,QLD1,50,85.25,0,5777.26,0,PUBLIC_PREDISPATCHIS_202609240030_20260924000142.zip
2026-09-24 00:30:00,2026092341,1,QLD1,51,82.62521,0,5686.87,0,PUBLIC_PREDISPATCHIS_202609240030_20260924000142.zip
2026-09-24 00:30:00,2026092341,1,QLD1,52,78.2893,0,5628.11,0,PUBLIC_PREDISPATCHIS_202609240030_20260924000142.zip
2026-09-24 00:30:00,2026092341,1,QLD1,53,79.28049,0,5590.23,0,PUBLIC_PREDISPATCHIS_202609240030_20260924000142.zip
2026-09-24 00:30:00,2026092341,1,QLD1,54,79.96426,0,5575.64,0,PUBLIC_PREDISPATCHIS_202609240030_20260924000142.zip
2026-09-24 00:30:00,2026092341,1,QLD1,55,76.68793,0,5572.0,0,PUBLIC_PREDISPATCHIS_202609240030_20260924000142.zip
2026-09-24 00:30:00,2026092341,1,QLD1,56,75.10812,0,5591.76,0,PUBLIC_PREDISPATCHIS_202609240030_20260924000142.zip
2026-09-24 00:30:00,2026092341,1,SA1,01,131.91035,0,1368.28,0,PUBLIC_PREDISPATCHIS_202609240030_20260924000142.zip
2026-09-24 00:30:00,2026092341,1,SA1,02,232.65,0,1400.48,0,PUBLIC_PREDISPATCHIS_202609240030_20260924000142.zip
2026-09-24 00:30:00,2026092341,1,SA1,03,163.92785,0,1396.21,0,PUBLIC_PREDISPATCHIS_202609240030_20260924000142.zip
2026-09-24 00:30:00,2026092341,1,SA1,04,114.11149,0,1384.17,0,PUBLIC_PREDISPATCHIS_202609240030_20260924000142.zip
2026-09-24 00:30:00,2026092341,1,SA1,05,112.20177,0,1363.19,0,PUBLIC_PREDISPATCHIS_202609240030_20260924000142.zip
2026-09-24 00:30:00,2026092341,1,SA1,06,108.26964,0,1341.06,0,PUBLIC_PREDISPATCHIS_202609240030_20260924000142.zip
2026-09-24 00:30:00,2026092341,1,SA1,07,92.5558,0,1322.09,0,PUBLIC_PREDISPATCHIS_202609240030_20260924000142.zip
2026-09-24 00:30:00,2026092341,1,SA1,08,89.59905,0,1302.08,0,PUBLIC_PREDISPATCHIS_202609240030_20260924000142.zip
2026-09-24 00:30:00,2026092341,1,SA1,09,83.75945,0,1288.52,0,PUBLIC_PREDISPATCHIS_202609240030_20260924000142.zip
2026-09-24 00:30:00,2026092341,1,SA1,10,80.00276,0,1288.81,0,PUBLIC_PREDISPATCHIS_202609240030_20260924000142.zip
2026-09-24 00:30:00,2026092341,1,SA1,11,81.15298,0,1289.97,0,PUBLIC_PREDISPATCHIS_202609240030_20260924000142.zip
2026-09-24 00:30:00,2026092341,1,SA1,12,86.62125,0,1317.23,0,PUBLIC_PREDISPATCHIS_202609240030_20260924000142.zip
2026-09-24 00:30:00,2026092341,1,SA1,13,113.39663,0,1350.41,0,PUBLIC_PREDISPATCHIS_202609240030_20260924000142.zip
2026-09-24 00:30:00,2026092341,1,SA1,14,69.5936,0,1393.02,0,PUBLIC_PREDISPATCHIS_202609240030_20260924000142.zip
2026-09-24 00:30:00,2026092341,1,SA1,15,18.40604,0,1396.01,0,PUBLIC_PREDISPATCHIS_202609240030_20260924000142.zip
2026-09-24 00:30:00,2026092341,1,SA1,16,10.59958,0,1356.79,0,PUBLIC_PREDISPATCHIS_202609240030_20260924000142.zip
2026-09-24 00:30:00,2026092341,1,SA1,17,9.05786,0,1302.48,0,PUBLIC_PREDISPATCHIS_202609240030_20260924000142.zip
2026-09-24 00:30:00,2026092341,1,SA1,18,0.0,0,1229.5,0,PUBLIC_PREDISPATCHIS_202609240030_20260924000142.zip
2026-09-24 00:30:00,2026092341,1,SA1,19,-0.57763,0,1124.59,0,PUBLIC_PREDISPATCHIS_202609240030_20260924000142.zip
2026-09-24 00:30:00,2026092341,1,SA1,20,-3.14162,0,1015.71,0,PUBLIC_PREDISPATCHIS_202609240030_20260924000142.zip
2026-09-24 00:30:00,2026092341,1,SA1,21,-7.12,0,942.23,0,PUBLIC_PREDISPATCHIS_202609240030_20260924000142.zip
2026-09-24 00:30:00,2026092341,1,SA1,22,-7.25,0,913.63,0,PUBLIC_PREDISPATCHIS_202609240030_20260924000142.zip
2026-09-24 00:30:00,2026092341,1,SA1,23,-7.12,0,868.69,0,PUBLIC_PREDISPATCHIS_202609240030_20260924000142.zip
2026-09-24 00:30:00,2026092341,1,SA1,24,-7.0,0,856.66,0,PUBLIC_PREDISPATCHIS_202609240030_20260924000142.zip
2026-09-24 00:30:00,2026092341,1,SA1,25,-5.0,0,824.47,0,PUBLIC_PREDISPATCHIS_202609240030_20260924000142.zip
2026-09-24 00:30:00,2026092341,1,SA1,26,-5.99999,0,792.35,0,PUBLIC_PREDISPATCHIS_202609240030_20260924000142.zip
2026-09-24 00:30:00,2026092341,1,SA1,27,-1.58932,0,755.24,0,PUBLIC_PREDISPATCHIS_202609240030_20260924000142.zip
2026-09-24 00:30:00,2026092341,1,SA1,28,-7.0,0,726.95,0,PUBLIC_PREDISPATCHIS_202609240030_20260924000142.zip
2026-09-24 00:30:00,2026092341,1,SA1,29,-2.96403,0,755.29,0,PUBLIC_PREDISPATCHIS_202609240030_20260924000142.zip
2026-09-24 00:30:00,2026092341,1,SA1,30,-1.09996,0,801.31,0,PUBLIC_PREDISPATCHIS_202609240030_20260924000142.zip
2026-09-24 00:30:00,2026092341,1,SA1,31,0.01063,0,861.38,0,PUBLIC_PREDISPATCHIS_202609240030_20260924000142.zip
2026-09-24 00:30:00,2026092341,1,SA1,32,4.97648,0,933.92,0,PUBLIC_PREDISPATCHIS_202609240030_20260924000142.zip
2026-09-24 00:30:00,2026092341,1,SA1,33,18.77864,0,1025.83,0,PUBLIC_PREDISPATCHIS_202609240030_20260924000142.zip
2026-09-24 00:30:00,2026092341,1,SA1,34,83.84072,0,1145.13,0,PUBLIC_PREDISPATCHIS_202609240030_20260924000142.zip
2026-09-24 00:30:00,2026092341,1,SA1,35,101.02,0,1287.52,0,PUBLIC_PREDISPATCHIS_202609240030_20260924000142.zip
2026-09-24 00:30:00,2026092341,1,SA1,36,110.43,0,1424.46,0,PUBLIC_PREDISPATCHIS_202609240030_20260924000142.zip
2026-09-24 00:30:00,2026092341,1,SA1,37,115.34269,0,1517.79,0,PUBLIC_PREDISPATCHIS_202609240030_20260924000142.zip
2026-09-24 00:30:00,2026092341,1,SA1,38,124.48249,0,1571.58,0,PUBLIC_PREDISPATCHIS_202609240030_20260924000142.zip
2026-09-24 00:30:00,2026092341,1,SA1,39,120.10838,0,1591.94,0,PUBLIC_PREDISPATCHIS_202609240030_20260924000142.zip
2026-09-24 00:30:00,2026092341,1,SA1,40,118.38982,0,1573.04,0,PUBLIC_PREDISPATCHIS_202609240030_20260924000142.zip
2026-09-24 00:30:00,2026092341,1,SA1,41,112.1959,0,1557.25,0,PUBLIC_PREDISPATCHIS_202609240030_20260924000142.zip
2026-09-24 00:30:00,2026092341,1,SA1,42,104.18608,0,1531.24,0,PUBLIC_PREDISPATCHIS_202609240030_20260924000142.zip
2026-09-24 00:30:00,2026092341,1,SA1,43,101.02,0,1499.24,0,PUBLIC_PREDISPATCHIS_202609240030_20260924000142.zip
2026-09-24 00:30:00,2026092341,1,SA1,44,84.98774,0,1464.82,0,PUBLIC_PREDISPATCHIS_202609240030_20260924000142.zip
2026-09-24 00:30:00,2026092341,1,SA1,45,85.44,0,1420.92,0,PUBLIC_PREDISPATCHIS_202609240030_20260924000142.zip
2026-09-24 00:30:00,2026092341,1,SA1,46,85.44,0,1385.33,0,PUBLIC_PREDISPATCHIS_202609240030_20260924000142.zip
2026-09-24 00:30:00,2026092341,1,SA1,47,82.48365,0,1358.91,0,PUBLIC_PREDISPATCHIS_202609240030_20260924000142.zip
2026-09-24 00:30:00,2026092341,1,SA1,48,78.31287,0,1364.84,0,PUBLIC_PREDISPATCHIS_202609240030_20260924000142.zip
2026-09-24 00:30:00,2026092341,1,SA1,49,69.07987,0,1392.22,0,PUBLIC_PREDISPATCHIS_202609240030_20260924000142.zip
2026-09-24 00:30:00,2026092341,1,SA1,50,139.01,0,1393.89,0,PUBLIC_PREDISPATCHIS_202609240030_20260924000142.zip
2026-09-24 00:30:00,2026092341,1,SA1,51,91.10168,0,1379.12,0,PUBLIC_PREDISPATCHIS_202609240030_20260924000142.zip
2026-09-24 00:30:00,2026092341,1,SA1,52,80.0,0,1365.79,0,PUBLIC_PREDISPATCHIS_202609240030_20260924000142.zip
2026-09-24 00:30:00,2026092341,1,SA1,53,143.78,0,1344.51,0,PUBLIC_PREDISPATCHIS_202609240030_20260924000142.zip
2026-09-24 00:30:00,2026092341,1,SA1,54,105.75006,0,1311.43,0,PUBLIC_PREDISPATCHIS_202609240030_20260924000142.zip
2026-09-24 00:30:00,2026092341,1,SA1,55,92.48097,0,1288.07,0,PUBLIC_PREDISPATCHIS_202609240030_20260924000142.zip
2026-09-24 00:30:00,2026092341,1,SA1,56,86.33466,0,1270.83,0,PUBLIC_PREDISPATCHIS_202609240030_20260924000142.zip
2026-09-24 00:30:00,2026092341,1,TAS1,01,126.72588,0,1028.0,0,PUBLIC_PREDISPATCHIS_202609240030_20260924000142.zip
2026-09-24 00:30:00,2026092341,1,TAS1,02,217.10513,0,1016.0,0,PUBLIC_PREDISPATCHIS_202609240030_20260924000142.zip
2026-09-24 00:30:00,2026092341,1,TAS1,03,151.48453,0,1008.0,0,PUBLIC_PREDISPATCHIS_202609240030_20260924000142.zip
2026-09-24 00:30:00,2026092341,1,TAS1,04,106.41688,0,997.0,0,PUBLIC_PREDISPATCHIS_202609240030_20260924000142.zip
2026-09-24 00:30:00,2026092341,1,TAS1,05,103.50287,0,990.0,0,PUBLIC_PREDISPATCHIS_202609240030_20260924000142.zip
2026-09-24 00:30:00,2026092341,1,TAS1,06,99.9191,0,991.0,0,PUBLIC_PREDISPATCHIS_202609240030_20260924000142.zip
2026-09-24 00:30:00,2026092341,1,TAS1,07,88.22,0,991.0,0,PUBLIC_PREDISPATCHIS_202609240030_20260924000142.zip
2026-09-24 00:30:00,2026092341,1,TAS1,08,88.2,0,991.0,0,PUBLIC_PREDISPATCHIS_202609240030_20260924000142.zip
2026-09-24 00:30:00,2026092341,1,TAS1,09,86.72557,0,996.0,0,PUBLIC_PREDISPATCHIS_202609240030_20260924000142.zip
2026-09-24 00:30:00,2026092341,1,TAS1,10,82.67877,0,1007.0,0,PUBLIC_PREDISPATCHIS_202609240030_20260924000142.zip
2026-09-24 00:30:00,2026092341,1,TAS1,11,87.24,0,1032.0,0,PUBLIC_PREDISPATCHIS_202609240030_20260924000142.zip
2026-09-24 00:30:00,2026092341,1,TAS1,12,90.68468,0,1069.0,0,PUBLIC_PREDISPATCHIS_202609240030_20260924000142.zip
2026-09-24 00:30:00,2026092341,1,TAS1,13,122.22218,0,1125.0,0,PUBLIC_PREDISPATCHIS_202609240030_20260924000142.zip
2026-09-24 00:30:00,2026092341,1,TAS1,14,75.18,0,1165.0,0,PUBLIC_PREDISPATCHIS_202609240030_20260924000142.zip
2026-09-24 00:30:00,2026092341,1,TAS1,15,20.89469,0,1174.0,0,PUBLIC_PREDISPATCHIS_202609240030_20260924000142.zip
2026-09-24 00:30:00,2026092341,1,TAS1,16,11.68212,0,1160.0,0,PUBLIC_PREDISPATCHIS_202609240030_20260924000142.zip
2026-09-24 00:30:00,2026092341,1,TAS1,17,9.97771,0,1116.0,0,PUBLIC_PREDISPATCHIS_202609240030_20260924000142.zip
2026-09-24 00:30:00,2026092341,1,TAS1,18,0.2,0,1062.0,0,PUBLIC_PREDISPATCHIS_202609240030_20260924000142.zip
2026-09-24 00:30:00,2026092341,1,TAS1,19,-0.57802,0,1007.0,0,PUBLIC_PREDISPATCHIS_202609240030_20260924000142.zip
2026-09-24 00:30:00,2026092341,1,TAS1,20,-3.1434,0,966.0,0,PUBLIC_PREDISPATCHIS_202609240030_20260924000142.zip
2026-09-24 00:30:00,2026092341,1,TAS1,21,-8.36165,0,928.0,0,PUBLIC_PREDISPATCHIS_202609240030_20260924000142.zip
2026-09-24 00:30:00,2026092341,1,TAS1,22,-8.42678,0,898.0,0,PUBLIC_PREDISPATCHIS_202609240030_20260924000142.zip
2026-09-24 00:30:00,2026092341,1,TAS1,23,-8.3751,0,873.0,0,PUBLIC_PREDISPATCHIS_202609240030_20260924000142.zip
2026-09-24 00:30:00,2026092341,1,TAS1,24,-11.70699,0,855.0,0,PUBLIC_PREDISPATCHIS_202609240030_20260924000142.zip
2026-09-24 00:30:00,2026092341,1,TAS1,25,-11.78583,0,836.0,0,PUBLIC_PREDISPATCHIS_202609240030_20260924000142.zip
2026-09-24 00:30:00,2026092341,1,TAS1,26,-8.32215,0,826.0,0,PUBLIC_PREDISPATCHIS_202609240030_20260924000142.zip
2026-09-24 00:30:00,2026092341,1,TAS1,27,-1.59226,0,836.0,0,PUBLIC_PREDISPATCHIS_202609240030_20260924000142.zip
2026-09-24 00:30:00,2026092341,1,TAS1,28,-8.36148,0,848.0,0,PUBLIC_PREDISPATCHIS_202609240030_20260924000142.zip
2026-09-24 00:30:00,2026092341,1,TAS1,29,-3.12386,0,870.0,0,PUBLIC_PREDISPATCHIS_202609240030_20260924000142.zip
2026-09-24 00:30:00,2026092341,1,TAS1,30,-1.15611,0,888.0,0,PUBLIC_PREDISPATCHIS_202609240030_20260924000142.zip
2026-09-24 00:30:00,2026092341,1,TAS1,31,0.01123,0,910.0,0,PUBLIC_PREDISPATCHIS_202609240030_20260924000142.zip
2026-09-24 00:30:00,2026092341,1,TAS1,32,5.24815,0,941.0,0,PUBLIC_PREDISPATCHIS_202609240030_20260924000142.zip
2026-09-24 00:30:00,2026092341,1,TAS1,33,19.87783,0,974.0,0,PUBLIC_PREDISPATCHIS_202609240030_20260924000142.zip
2026-09-24 00:30:00,2026092341,1,TAS1,34,88.2,0,1014.0,0,PUBLIC_PREDISPATCHIS_202609240030_20260924000142.zip
2026-09-24 00:30:00,2026092341,1,TAS1,35,91.28133,0,1062.0,0,PUBLIC_PREDISPATCHIS_202609240030_20260924000142.zip
2026-09-24 00:30:00,2026092341,1,TAS1,36,104.9972,0,1112.0,0,PUBLIC_PREDISPATCHIS_202609240030_20260924000142.zip
2026-09-24 00:30:00,2026092341,1,TAS1,37,106.23189,0,1149.0,0,PUBLIC_PREDISPATCHIS_202609240030_20260924000142.zip
2026-09-24 00:30:00,2026092341,1,TAS1,38,113.48269,0,1170.0,0,PUBLIC_PREDISPATCHIS_202609240030_20260924000142.zip
2026-09-24 00:30:00,2026092341,1,TAS1,39,105.90518,0,1168.0,0,PUBLIC_PREDISPATCHIS_202609240030_20260924000142.zip
2026-09-24 00:30:00,2026092341,1,TAS1,40,106.28049,0,1159.0,0,PUBLIC_PREDISPATCHIS_202609240030_20260924000142.zip
2026-09-24 00:30:00,2026092341,1,TAS1,41,101.07111,0,1147.0,0,PUBLIC_PREDISPATCHIS_202609240030_20260924000142.zip
2026-09-24 00:30:00,2026092341,1,TAS1,42,93.50009,0,1126.0,0,PUBLIC_PREDISPATCHIS_202609240030_20260924000142.zip
2026-09-24 00:30:00,2026092341,1,TAS1,43,88.71741,0,1110.0,0,PUBLIC_PREDISPATCHIS_202609240030_20260924000142.zip
2026-09-24 00:30:00,2026092341,1,TAS1,44,75.2,0,1087.0,0,PUBLIC_PREDISPATCHIS_202609240030_20260924000142.zip
2026-09-24 00:30:00,2026092341,1,TAS1,45,75.22,0,1061.0,0,PUBLIC_PREDISPATCHIS_202609240030_20260924000142.zip
2026-09-24 00:30:00,2026092341,1,TAS1,46,75.2,0,1031.0,0,PUBLIC_PREDISPATCHIS_202609240030_20260924000142.zip
2026-09-24 00:30:00,2026092341,1,TAS1,47,75.22,0,1008.0,0,PUBLIC_PREDISPATCHIS_202609240030_20260924000142.zip
2026-09-24 00:30:00,2026092341,1,TAS1,48,70.28006,0,988.0,0,PUBLIC_PREDISPATCHIS_202609240030_20260924000142.zip
2026-09-24 00:30:00,2026092341,1,TAS1,49,48.21,0,975.0,0,PUBLIC_PREDISPATCHIS_202609240030_20260924000142.zip
2026-09-24 00:30:00,2026092341,1,TAS1,50,44.13162,0,964.0,0,PUBLIC_PREDISPATCHIS_202609240030_20260924000142.zip
2026-09-24 00:30:00,2026092341,1,TAS1,51,82.56288,0,957.0,0,PUBLIC_PREDISPATCHIS_202609240030_20260924000142.zip
2026-09-24 00:30:00,2026092341,1,TAS1,52,74.37719,0,948.0,0,PUBLIC_PREDISPATCHIS_202609240030_20260924000142.zip
2026-09-24 00:30:00,2026092341,1,TAS1,53,83.04436,0,943.0,0,PUBLIC_PREDISPATCHIS_202609240030_20260924000142.zip
2026-09-24 00:30:00,2026092341,1,TAS1,54,86.80576,0,947.0,0,PUBLIC_PREDISPATCHIS_202609240030_20260924000142.zip
2026-09-24 00:30:00,2026092341,1,TAS1,55,82.88507,0,950.0,0,PUBLIC_PREDISPATCHIS_202609240030_20260924000142.zip
2026-09-24 00:30:00,2026092341,1,TAS1,56,82.77507,0,952.0,0,PUBLIC_PREDISPATCHIS_202609240030_20260924000142.zip
2026-09-24 00:30:00,2026092341,1,VIC1,01,135.9,0,5197.21,0,PUBLIC_PREDISPATCHIS_202609240030_20260924000142.zip
2026-09-24 00:30:00,2026092341,1,VIC1,02,233.49075,0,5054.27,0,PUBLIC_PREDISPATCHIS_202609240030_20260924000142.zip
2026-09-24 00:30:00,2026092341,1,VIC1,03,162.88815,0,4938.61,0,PUBLIC_PREDISPATCHIS_202609240030_20260924000142.zip
2026-09-24 00:30:00,2026092341,1,VIC1,04,113.69808,0,4794.74,0,PUBLIC_PREDISPATCHIS_202609240030_20260924000142.zip
2026-09-24 00:30:00,2026092341,1,VIC1,05,110.90535,0,4677.34,0,PUBLIC_PREDISPATCHIS_202609240030_20260924000142.zip
2026-09-24 00:30:00,2026092341,1,VIC1,06,107.04962,0,4588.84,0,PUBLIC_PREDISPATCHIS_202609240030_20260924000142.zip
2026-09-24 00:30:00,2026092341,1,VIC1,07,93.35405,0,4520.34,0,PUBLIC_PREDISPATCHIS_202609240030_20260924000142.zip
2026-09-24 00:30:00,2026092341,1,VIC1,08,91.52195,0,4488.77,0,PUBLIC_PREDISPATCHIS_202609240030_20260924000142.zip
2026-09-24 00:30:00,2026092341,1,VIC1,09,86.50024,0,4515.35,0,PUBLIC_PREDISPATCHIS_202609240030_20260924000142.zip
2026-09-24 00:30:00,2026092341,1,VIC1,10,83.1897,0,4616.43,0,PUBLIC_PREDISPATCHIS_202609240030_20260924000142.zip
2026-09-24 00:30:00,2026092341,1,VIC1,11,85.27237,0,4812.02,0,PUBLIC_PREDISPATCHIS_202609240030_20260924000142.zip
2026-09-24 00:30:00,2026092341,1,VIC1,12,90.77116,0,5053.56,0,PUBLIC_PREDISPATCHIS_202609240030_20260924000142.zip
2026-09-24 00:30:00,2026092341,1,VIC1,13,118.5,0,5325.89,0,PUBLIC_PREDISPATCHIS_202609240030_20260924000142.zip
2026-09-24 00:30:00,2026092341,1,VIC1,14,72.08334,0,5499.96,0,PUBLIC_PREDISPATCHIS_202609240030_20260924000142.zip
2026-09-24 00:30:00,2026092341,1,VIC1,15,19.19499,0,5462.41,0,PUBLIC_PREDISPATCHIS_202609240030_20260924000142.zip
2026-09-24 00:30:00,2026092341,1,VIC1,16,10.5,0,5261.94,0,PUBLIC_PREDISPATCHIS_202609240030_20260924000142.zip
2026-09-24 00:30:00,2026092341,1,VIC1,17,8.94,0,5007.06,0,PUBLIC_PREDISPATCHIS_202609240030_20260924000142.zip
2026-09-24 00:30:00,2026092341,1,VIC1,18,0.0,0,4677.76,0,PUBLIC_PREDISPATCHIS_202609240030_20260924000142.zip
2026-09-24 00:30:00,2026092341,1,VIC1,19,-0.55,0,4359.73,0,PUBLIC_PREDISPATCHIS_202609240030_20260924000142.zip
2026-09-24 00:30:00,2026092341,1,VIC1,20,-2.99,0,4072.07,0,PUBLIC_PREDISPATCHIS_202609240030_20260924000142.zip
2026-09-24 00:30:00,2026092341,1,VIC1,21,-8.0,0,3747.19,0,PUBLIC_PREDISPATCHIS_202609240030_20260924000142.zip
2026-09-24 00:30:00,2026092341,1,VIC1,22,-8.01,0,3517.41,0,PUBLIC_PREDISPATCHIS_202609240030_20260924000142.zip
2026-09-24 00:30:00,2026092341,1,VIC1,23,-8.00987,0,3418.85,0,PUBLIC_PREDISPATCHIS_202609240030_20260924000142.zip
2026-09-24 00:30:00,2026092341,1,VIC1,24,-11.23075,0,3348.31,0,PUBLIC_PREDISPATCHIS_202609240030_20260924000142.zip
2026-09-24 00:30:00,2026092341,1,VIC1,25,-11.30726,0,3367.25,0,PUBLIC_PREDISPATCHIS_202609240030_20260924000142.zip
2026-09-24 00:30:00,2026092341,1,VIC1,26,-8.00987,0,3395.96,0,PUBLIC_PREDISPATCHIS_202609240030_20260924000142.zip
2026-09-24 00:30:00,2026092341,1,VIC1,27,-1.53263,0,3461.9,0,PUBLIC_PREDISPATCHIS_202609240030_20260924000142.zip
2026-09-24 00:30:00,2026092341,1,VIC1,28,-8.0,0,3621.29,0,PUBLIC_PREDISPATCHIS_202609240030_20260924000142.zip
2026-09-24 00:30:00,2026092341,1,VIC1,29,-2.99,0,3923.28,0,PUBLIC_PREDISPATCHIS_202609240030_20260924000142.zip
2026-09-24 00:30:00,2026092341,1,VIC1,30,-1.10712,0,4264.06,0,PUBLIC_PREDISPATCHIS_202609240030_20260924000142.zip
2026-09-24 00:30:00,2026092341,1,VIC1,31,0.01079,0,4640.41,0,PUBLIC_PREDISPATCHIS_202609240030_20260924000142.zip
2026-09-24 00:30:00,2026092341,1,VIC1,32,5.03,0,4888.67,0,PUBLIC_PREDISPATCHIS_202609240030_20260924000142.zip
2026-09-24 00:30:00,2026092341,1,VIC1,33,19.18,0,5220.09,0,PUBLIC_PREDISPATCHIS_202609240030_20260924000142.zip
2026-09-24 00:30:00,2026092341,1,VIC1,34,81.50863,0,5586.39,0,PUBLIC_PREDISPATCHIS_202609240030_20260924000142.zip
2026-09-24 00:30:00,2026092341,1,VIC1,35,100.48602,0,5903.08,0,PUBLIC_PREDISPATCHIS_202609240030_20260924000142.zip
2026-09-24 00:30:00,2026092341,1,VIC1,36,117.10493,0,6111.93,0,PUBLIC_PREDISPATCHIS_202609240030_20260924000142.zip
2026-09-24 00:30:00,2026092341,1,VIC1,37,118.5,0,6228.3,0,PUBLIC_PREDISPATCHIS_202609240030_20260924000142.zip
2026-09-24 00:30:00,2026092341,1,VIC1,38,126.60077,0,6335.29,0,PUBLIC_PREDISPATCHIS_202609240030_20260924000142.zip
2026-09-24 00:30:00,2026092341,1,VIC1,39,118.5,0,6213.18,0,PUBLIC_PREDISPATCHIS_202609240030_20260924000142.zip
2026-09-24 00:30:00,2026092341,1,VIC1,40,118.5,0,6021.46,0,PUBLIC_PREDISPATCHIS_202609240030_20260924000142.zip
2026-09-24 00:30:00,2026092341,1,VIC1,41,112.67072,0,5883.37,0,PUBLIC_PREDISPATCHIS_202609240030_20260924000142.zip
2026-09-24 00:30:00,2026092341,1,VIC1,42,104.21141,0,5756.2,0,PUBLIC_PREDISPATCHIS_202609240030_20260924000142.zip
2026-09-24 00:30:00,2026092341,1,VIC1,43,99.17301,0,5572.13,0,PUBLIC_PREDISPATCHIS_202609240030_20260924000142.zip
2026-09-24 00:30:00,2026092341,1,VIC1,44,80.68538,0,5369.5,0,PUBLIC_PREDISPATCHIS_202609240030_20260924000142.zip
2026-09-24 00:30:00,2026092341,1,VIC1,45,82.19486,0,5232.8,0,PUBLIC_PREDISPATCHIS_202609240030_20260924000142.zip
2026-09-24 00:30:00,2026092341,1,VIC1,46,81.0451,0,5110.07,0,PUBLIC_PREDISPATCHIS_202609240030_20260924000142.zip
2026-09-24 00:30:00,2026092341,1,VIC1,47,74.80282,0,5115.41,0,PUBLIC_PREDISPATCHIS_202609240030_20260924000142.zip
2026-09-24 00:30:00,2026092341,1,VIC1,48,68.30289,0,5029.81,0,PUBLIC_PREDISPATCHIS_202609240030_20260924000142.zip
2026-09-24 00:30:00,2026092341,1,VIC1,49,18.99531,0,4895.52,0,PUBLIC_PREDISPATCHIS_202609240030_20260924000142.zip
2026-09-24 00:30:00,2026092341,1,VIC1,50,13.49,0,4738.41,0,PUBLIC_PREDISPATCHIS_202609240030_20260924000142.zip
2026-09-24 00:30:00,2026092341,1,VIC1,51,77.10778,0,4598.1,0,PUBLIC_PREDISPATCHIS_202609240030_20260924000142.zip
2026-09-24 00:30:00,2026092341,1,VIC1,52,67.18659,0,4471.91,0,PUBLIC_PREDISPATCHIS_202609240030_20260924000142.zip
2026-09-24 00:30:00,2026092341,1,VIC1,53,79.78,0,4375.66,0,PUBLIC_PREDISPATCHIS_202609240030_20260924000142.zip
2026-09-24 00:30:00,2026092341,1,VIC1,54,83.38197,0,4288.65,0,PUBLIC_PREDISPATCHIS_202609240030_20260924000142.zip
2026-09-24 00:30:00,2026092341,1,VIC1,55,79.35993,0,4244.34,0,PUBLIC_PREDISPATCHIS_202609240030_20260924000142.zip
2026-09-24 00:30:00,2026092341,1,VIC1,56,79.25156,0,4226.93,0,PUBLIC_PREDISPATCHIS_202609240030_20260924000142.zip
2026-09-24 01:00:00,2026092342,1,NSW1,01,299.99,0,7446.99,0,PUBLIC_PREDISPATCHIS_202609240100_20260924003143.zip
2026-09-24 01:00:00,2026092342,1,NSW1,02,299.99,0,7259.19,0,PUBLIC_PREDISPATCHIS_202609240100_20260924003143.zip
2026-09-24 01:00:00,2026092342,1,NSW1,03,156.79103,0,7100.22,0,PUBLIC_PREDISPATCHIS_202609240100_20260924003143.zip
2026-09-24 01:00:00,2026092342,1,NSW1,04,138.0,0,6956.35,0,PUBLIC_PREDISPATCHIS_202609240100_20260924003143.zip
2026-09-24 01:00:00,2026092342,1,NSW1,05,115.46132,0,6828.43,0,PUBLIC_PREDISPATCHIS_202609240100_20260924003143.zip
2026-09-24 01:00:00,2026092342,1,NSW1,06,106.46747,0,6738.73,0,PUBLIC_PREDISPATCHIS_202609240100_20260924003143.zip
2026-09-24 01:00:00,2026092342,1,NSW1,07,101.93406,0,6678.58,0,PUBLIC_PREDISPATCHIS_202609240100_20260924003143.zip
2026-09-24 01:00:00,2026092342,1,NSW1,08,97.63005,0,6709.63,0,PUBLIC_PREDISPATCHIS_202609240100_20260924003143.zip
2026-09-24 01:00:00,2026092342,1,NSW1,09,97.08316,0,6791.14,0,PUBLIC_PREDISPATCHIS_202609240100_20260924003143.zip
2026-09-24 01:00:00,2026092342,1,NSW1,10,100.41089,0,6983.47,0,PUBLIC_PREDISPATCHIS_202609240100_20260924003143.zip
2026-09-24 01:00:00,2026092342,1,NSW1,11,102.39666,0,7198.73,0,PUBLIC_PREDISPATCHIS_202609240100_20260924003143.zip
2026-09-24 01:00:00,2026092342,1,NSW1,12,134.04992,0,7360.34,0,PUBLIC_PREDISPATCHIS_202609240100_20260924003143.zip
2026-09-24 01:00:00,2026092342,1,NSW1,13,83.99,0,7363.91,0,PUBLIC_PREDISPATCHIS_202609240100_20260924003143.zip
2026-09-24 01:00:00,2026092342,1,NSW1,14,83.99,0,7201.47,0,PUBLIC_PREDISPATCHIS_202609240100_20260924003143.zip
2026-09-24 01:00:00,2026092342,1,NSW1,15,83.99,0,6941.8,0,PUBLIC_PREDISPATCHIS_202609240100_20260924003143.zip
2026-09-24 01:00:00,2026092342,1,NSW1,16,56.55276,0,6591.64,0,PUBLIC_PREDISPATCHIS_202609240100_20260924003143.zip
2026-09-24 01:00:00,2026092342,1,NSW1,17,46.45,0,6131.34,0,PUBLIC_PREDISPATCHIS_202609240100_20260924003143.zip
2026-09-24 01:00:00,2026092342,1,NSW1,18,42.54,0,5815.06,0,PUBLIC_PREDISPATCHIS_202609240100_20260924003143.zip
2026-09-24 01:00:00,2026092342,1,NSW1,19,42.94,0,5585.74,0,PUBLIC_PREDISPATCHIS_202609240100_20260924003143.zip
2026-09-24 01:00:00,2026092342,1,NSW1,20,53.15,0,5439.21,0,PUBLIC_PREDISPATCHIS_202609240100_20260924003143.zip
2026-09-24 01:00:00,2026092342,1,NSW1,21,57.39022,0,5264.33,0,PUBLIC_PREDISPATCHIS_202609240100_20260924003143.zip
2026-09-24 01:00:00,2026092342,1,NSW1,22,45.84592,0,5070.88,0,PUBLIC_PREDISPATCHIS_202609240100_20260924003143.zip
2026-09-24 01:00:00,2026092342,1,NSW1,23,42.80005,0,4917.12,0,PUBLIC_PREDISPATCHIS_202609240100_20260924003143.zip
2026-09-24 01:00:00,2026092342,1,NSW1,24,42.94,0,4783.58,0,PUBLIC_PREDISPATCHIS_202609240100_20260924003143.zip
2026-09-24 01:00:00,2026092342,1,NSW1,25,42.94,0,4826.27,0,PUBLIC_PREDISPATCHIS_202609240100_20260924003143.zip
2026-09-24 01:00:00,2026092342,1,NSW1,26,42.80028,0,4942.8,0,PUBLIC_PREDISPATCHIS_202609240100_20260924003143.zip
2026-09-24 01:00:00,2026092342,1,NSW1,27,65.00796,0,5144.42,0,PUBLIC_PREDISPATCHIS_202609240100_20260924003143.zip
2026-09-24 01:00:00,2026092342,1,NSW1,28,57.39007,0,5387.79,0,PUBLIC_PREDISPATCHIS_202609240100_20260924003143.zip
2026-09-24 01:00:00,2026092342,1,NSW1,29,64.53414,0,5797.3,0,PUBLIC_PREDISPATCHIS_202609240100_20260924003143.zip
2026-09-24 01:00:00,2026092342,1,NSW1,30,42.80025,0,6257.67,0,PUBLIC_PREDISPATCHIS_202609240100_20260924003143.zip
2026-09-24 01:00:00,2026092342,1,NSW1,31,42.54,0,6870.13,0,PUBLIC_PREDISPATCHIS_202609240100_20260924003143.zip
2026-09-24 01:00:00,2026092342,1,NSW1,32,57.2931,0,7430.6,0,PUBLIC_PREDISPATCHIS_202609240100_20260924003143.zip
2026-09-24 01:00:00,2026092342,1,NSW1,33,86.75515,0,7997.12,0,PUBLIC_PREDISPATCHIS_202609240100_20260924003143.zip
2026-09-24 01:00:00,2026092342,1,NSW1,34,107.62045,0,8342.56,0,PUBLIC_PREDISPATCHIS_202609240100_20260924003143.zip
2026-09-24 01:00:00,2026092342,1,NSW1,35,140.9932,0,8695.31,0,PUBLIC_PREDISPATCHIS_202609240100_20260924003143.zip
2026-09-24 01:00:00,2026092342,1,NSW1,36,155.47547,0,8868.93,0,PUBLIC_PREDISPATCHIS_202609240100_20260924003143.zip
2026-09-24 01:00:00,2026092342,1,NSW1,37,138.14933,0,8891.8,0,PUBLIC_PREDISPATCHIS_202609240100_20260924003143.zip
2026-09-24 01:00:00,2026092342,1,NSW1,38,129.89,0,8754.55,0,PUBLIC_PREDISPATCHIS_202609240100_20260924003143.zip
2026-09-24 01:00:00,2026092342,1,NSW1,39,121.1,0,8591.79,0,PUBLIC_PREDISPATCHIS_202609240100_20260924003143.zip
2026-09-24 01:00:00,2026092342,1,NSW1,40,129.65,0,8429.86,0,PUBLIC_PREDISPATCHIS_202609240100_20260924003143.zip
2026-09-24 01:00:00,2026092342,1,NSW1,41,129.89,0,8279.76,0,PUBLIC_PREDISPATCHIS_202609240100_20260924003143.zip
2026-09-24 01:00:00,2026092342,1,NSW1,42,119.01,0,8107.64,0,PUBLIC_PREDISPATCHIS_202609240100_20260924003143.zip
2026-09-24 01:00:00,2026092342,1,NSW1,43,97.27184,0,7905.87,0,PUBLIC_PREDISPATCHIS_202609240100_20260924003143.zip
2026-09-24 01:00:00,2026092342,1,NSW1,44,97.97212,0,7801.02,0,PUBLIC_PREDISPATCHIS_202609240100_20260924003143.zip
2026-09-24 01:00:00,2026092342,1,NSW1,45,96.99,0,7680.61,0,PUBLIC_PREDISPATCHIS_202609240100_20260924003143.zip
2026-09-24 01:00:00,2026092342,1,NSW1,46,96.99,0,7531.71,0,PUBLIC_PREDISPATCHIS_202609240100_20260924003143.zip
2026-09-24 01:00:00,2026092342,1,NSW1,47,90.0,0,7374.39,0,PUBLIC_PREDISPATCHIS_202609240100_20260924003143.zip
2026-09-24 01:00:00,2026092342,1,NSW1,48,94.62681,0,7242.84,0,PUBLIC_PREDISPATCHIS_202609240100_20260924003143.zip
2026-09-24 01:00:00,2026092342,1,NSW1,49,92.0522,0,7097.32,0,PUBLIC_PREDISPATCHIS_202609240100_20260924003143.zip
2026-09-24 01:00:00,2026092342,1,NSW1,50,90.0,0,6943.73,0,PUBLIC_PREDISPATCHIS_202609240100_20260924003143.zip
2026-09-24 01:00:00,2026092342,1,NSW1,51,84.79,0,6767.86,0,PUBLIC_PREDISPATCHIS_202609240100_20260924003143.zip
2026-09-24 01:00:00,2026092342,1,NSW1,52,84.79,0,6626.59,0,PUBLIC_PREDISPATCHIS_202609240100_20260924003143.zip
2026-09-24 01:00:00,2026092342,1,NSW1,53,84.79,0,6512.82,0,PUBLIC_PREDISPATCHIS_202609240100_20260924003143.zip
2026-09-24 01:00:00,2026092342,1,NSW1,54,83.99,0,6450.68,0,PUBLIC_PREDISPATCHIS_202609240100_20260924003143.zip
2026-09-24 01:00:00,2026092342,1,NSW1,55,83.99,0,6409.39,0,PUBLIC_PREDISPATCHIS_202609240100_20260924003143.zip
2026-09-24 01:00:00,2026092342,1,QLD1,01,532.21089,0,5584.65,0,PUBLIC_PREDISPATCHIS_202609240100_20260924003143.zip
2026-09-24 01:00:00,2026092342,1,QLD1,02,221.23897,0,5501.79,0,PUBLIC_PREDISPATCHIS_202609240100_20260924003143.zip
2026-09-24 01:00:00,2026092342,1,QLD1,03,376.69894,0,5473.4,0,PUBLIC_PREDISPATCHIS_202609240100_20260924003143.zip
2026-09-24 01:00:00,2026092342,1,QLD1,04,360.50676,0,5431.09,0,PUBLIC_PREDISPATCHIS_202609240100_20260924003143.zip
2026-09-24 01:00:00,2026092342,1,QLD1,05,338.00803,0,5420.26,0,PUBLIC_PREDISPATCHIS_202609240100_20260924003143.zip
2026-09-24 01:00:00,2026092342,1,QLD1,06,331.7237,0,5429.37,0,PUBLIC_PREDISPATCHIS_202609240100_20260924003143.zip
2026-09-24 01:00:00,2026092342,1,QLD1,07,330.25784,0,5463.79,0,PUBLIC_PREDISPATCHIS_202609240100_20260924003143.zip
2026-09-24 01:00:00,2026092342,1,QLD1,08,117.69,0,5549.83,0,PUBLIC_PREDISPATCHIS_202609240100_20260924003143.zip
2026-09-24 01:00:00,2026092342,1,QLD1,09,117.69,0,5671.71,0,PUBLIC_PREDISPATCHIS_202609240100_20260924003143.zip
2026-09-24 01:00:00,2026092342,1,QLD1,10,130.69,0,5840.07,0,PUBLIC_PREDISPATCHIS_202609240100_20260924003143.zip
2026-09-24 01:00:00,2026092342,1,QLD1,11,128.15491,0,5980.93,0,PUBLIC_PREDISPATCHIS_202609240100_20260924003143.zip
2026-09-24 01:00:00,2026092342,1,QLD1,12,174.45301,0,6069.71,0,PUBLIC_PREDISPATCHIS_202609240100_20260924003143.zip
2026-09-24 01:00:00,2026092342,1,QLD1,13,102.8,0,6023.04,0,PUBLIC_PREDISPATCHIS_202609240100_20260924003143.zip
2026-09-24 01:00:00,2026092342,1,QLD1,14,79.81168,0,5883.93,0,PUBLIC_PREDISPATCHIS_202609240100_20260924003143.zip
2026-09-24 01:00:00,2026092342,1,QLD1,15,83.67631,0,5587.78,0,PUBLIC_PREDISPATCHIS_202609240100_20260924003143.zip
2026-09-24 01:00:00,2026092342,1,QLD1,16,54.35416,0,5281.01,0,PUBLIC_PREDISPATCHIS_202609240100_20260924003143.zip
2026-09-24 01:00:00,2026092342,1,QLD1,17,45.7,0,4995.46,0,PUBLIC_PREDISPATCHIS_202609240100_20260924003143.zip
2026-09-24 01:00:00,2026092342,1,QLD1,18,39.60684,0,4764.55,0,PUBLIC_PREDISPATCHIS_202609240100_20260924003143.zip
2026-09-24 01:00:00,2026092342,1,QLD1,19,40.3896,0,4551.05,0,PUBLIC_PREDISPATCHIS_202609240100_20260924003143.zip
2026-09-24 01:00:00,2026092342,1,QLD1,20,48.33297,0,4400.48,0,PUBLIC_PREDISPATCHIS_202609240100_20260924003143.zip
2026-09-24 01:00:00,2026092342,1,QLD1,21,45.69,0,4272.83,0,PUBLIC_PREDISPATCHIS_202609240100_20260924003143.zip
2026-09-24 01:00:00,2026092342,1,QLD1,22,40.1,0,4301.24,0,PUBLIC_PREDISPATCHIS_202609240100_20260924003143.zip
2026-09-24 01:00:00,2026092342,1,QLD1,23,37.21057,0,4318.02,0,PUBLIC_PREDISPATCHIS_202609240100_20260924003143.zip
2026-09-24 01:00:00,2026092342,1,QLD1,24,38.07534,0,4356.57,0,PUBLIC_PREDISPATCHIS_202609240100_20260924003143.zip
2026-09-24 01:00:00,2026092342,1,QLD1,25,38.47172,0,4344.83,0,PUBLIC_PREDISPATCHIS_202609240100_20260924003143.zip
2026-09-24 01:00:00,2026092342,1,QLD1,26,37.7291,0,4413.15,0,PUBLIC_PREDISPATCHIS_202609240100_20260924003143.zip
2026-09-24 01:00:00,2026092342,1,QLD1,27,58.12,0,4526.55,0,PUBLIC_PREDISPATCHIS_202609240100_20260924003143.zip
2026-09-24 01:00:00,2026092342,1,QLD1,28,51.12112,0,4749.02,0,PUBLIC_PREDISPATCHIS_202609240100_20260924003143.zip
2026-09-24 01:00:00,2026092342,1,QLD1,29,59.54909,0,5033.41,0,PUBLIC_PREDISPATCHIS_202609240100_20260924003143.zip
2026-09-24 01:00:00,2026092342,1,QLD1,30,40.0,0,5432.19,0,PUBLIC_PREDISPATCHIS_202609240100_20260924003143.zip
2026-09-24 01:00:00,2026092342,1,QLD1,31,40.0,0,5877.57,0,PUBLIC_PREDISPATCHIS_202609240100_20260924003143.zip
2026-09-24 01:00:00,2026092342,1,QLD1,32,54.75,0,6339.81,0,PUBLIC_PREDISPATCHIS_202609240100_20260924003143.zip
2026-09-24 01:00:00,2026092342,1,QLD1,33,85.00372,0,6812.39,0,PUBLIC_PREDISPATCHIS_202609240100_20260924003143.zip
2026-09-24 01:00:00,2026092342,1,QLD1,34,101.24352,0,7143.68,0,PUBLIC_PREDISPATCHIS_202609240100_20260924003143.zip
2026-09-24 01:00:00,2026092342,1,QLD1,35,128.11,0,7426.25,0,PUBLIC_PREDISPATCHIS_202609240100_20260924003143.zip
2026-09-24 01:00:00,2026092342,1,QLD1,36,139.29689,0,7547.36,0,PUBLIC_PREDISPATCHIS_202609240100_20260924003143.zip
2026-09-24 01:00:00,2026092342,1,QLD1,37,128.1,0,7514.53,0,PUBLIC_PREDISPATCHIS_202609240100_20260924003143.zip
2026-09-24 01:00:00,2026092342,1,QLD1,38,120.22188,0,7376.66,0,PUBLIC_PREDISPATCHIS_202609240100_20260924003143.zip
2026-09-24 01:00:00,2026092342,1,QLD1,39,114.5,0,7224.23,0,PUBLIC_PREDISPATCHIS_202609240100_20260924003143.zip
2026-09-24 01:00:00,2026092342,1,QLD1,40,117.69,0,7081.28,0,PUBLIC_PREDISPATCHIS_202609240100_20260924003143.zip
2026-09-24 01:00:00,2026092342,1,QLD1,41,117.69,0,7081.43,0,PUBLIC_PREDISPATCHIS_202609240100_20260924003143.zip
2026-09-24 01:00:00,2026092342,1,QLD1,42,111.04719,0,6982.21,0,PUBLIC_PREDISPATCHIS_202609240100_20260924003143.zip
2026-09-24 01:00:00,2026092342,1,QLD1,43,91.73171,0,6815.52,0,PUBLIC_PREDISPATCHIS_202609240100_20260924003143.zip
2026-09-24 01:00:00,2026092342,1,QLD1,44,93.29624,0,6581.13,0,PUBLIC_PREDISPATCHIS_202609240100_20260924003143.zip
2026-09-24 01:00:00,2026092342,1,QLD1,45,90.94412,0,6371.92,0,PUBLIC_PREDISPATCHIS_202609240100_20260924003143.zip
2026-09-24 01:00:00,2026092342,1,QLD1,46,91.32927,0,6197.82,0,PUBLIC_PREDISPATCHIS_202609240100_20260924003143.zip
2026-09-24 01:00:00,2026092342,1,QLD1,47,85.25,0,6081.0,0,PUBLIC_PREDISPATCHIS_202609240100_20260924003143.zip
2026-09-24 01:00:00,2026092342,1,QLD1,48,87.69,0,5937.76,0,PUBLIC_PREDISPATCHIS_202609240100_20260924003143.zip
2026-09-24 01:00:00,2026092342,1,QLD1,49,85.25,0,5788.26,0,PUBLIC_PREDISPATCHIS_202609240100_20260924003143.zip
2026-09-24 01:00:00,2026092342,1,QLD1,50,83.16558,0,5700.26,0,PUBLIC_PREDISPATCHIS_202609240100_20260924003143.zip
2026-09-24 01:00:00,2026092342,1,QLD1,51,78.30164,0,5640.91,0,PUBLIC_PREDISPATCHIS_202609240100_20260924003143.zip
2026-09-24 01:00:00,2026092342,1,QLD1,52,78.2696,0,5602.34,0,PUBLIC_PREDISPATCHIS_202609240100_20260924003143.zip
2026-09-24 01:00:00,2026092342,1,QLD1,53,77.76769,0,5590.38,0,PUBLIC_PREDISPATCHIS_202609240100_20260924003143.zip
2026-09-24 01:00:00,2026092342,1,QLD1,54,77.03754,0,5589.84,0,PUBLIC_PREDISPATCHIS_202609240100_20260924003143.zip
2026-09-24 01:00:00,2026092342,1,QLD1,55,75.25011,0,5606.31,0,PUBLIC_PREDISPATCHIS_202609240100_20260924003143.zip
2026-09-24 01:00:00,2026092342,1,SA1,01,272.44291,0,1359.54,0,PUBLIC_PREDISPATCHIS_202609240100_20260924003143.zip
2026-09-24 01:00:00,2026092342,1,SA1,02,275.06982,0,1357.58,0,PUBLIC_PREDISPATCHIS_202609240100_20260924003143.zip
2026-09-24 01:00:00,2026092342,1,SA1,03,151.01577,0,1355.99,0,PUBLIC_PREDISPATCHIS_202609240100_20260924003143.zip
2026-09-24 01:00:00,2026092342,1,SA1,04,131.85758,0,1341.21,0,PUBLIC_PREDISPATCHIS_202609240100_20260924003143.zip
2026-09-24 01:00:00,2026092342,1,SA1,05,104.65488,0,1320.85,0,PUBLIC_PREDISPATCHIS_202609240100_20260924003143.zip
2026-09-24 01:00:00,2026092342,1,SA1,06,93.05983,0,1304.18,0,PUBLIC_PREDISPATCHIS_202609240100_20260924003143.zip
2026-09-24 01:00:00,2026092342,1,SA1,07,88.93118,0,1287.17,0,PUBLIC_PREDISPATCHIS_202609240100_20260924003143.zip
2026-09-24 01:00:00,2026092342,1,SA1,08,84.44207,0,1276.87,0,PUBLIC_PREDISPATCHIS_202609240100_20260924003143.zip
2026-09-24 01:00:00,2026092342,1,SA1,09,80.70536,0,1279.92,0,PUBLIC_PREDISPATCHIS_202609240100_20260924003143.zip
2026-09-24 01:00:00,2026092342,1,SA1,10,83.39987,0,1283.24,0,PUBLIC_PREDISPATCHIS_202609240100_20260924003143.zip
2026-09-24 01:00:00,2026092342,1,SA1,11,86.01145,0,1311.39,0,PUBLIC_PREDISPATCHIS_202609240100_20260924003143.zip
2026-09-24 01:00:00,2026092342,1,SA1,12,116.38467,0,1346.66,0,PUBLIC_PREDISPATCHIS_202609240100_20260924003143.zip
2026-09-24 01:00:00,2026092342,1,SA1,13,71.16673,0,1390.23,0,PUBLIC_PREDISPATCHIS_202609240100_20260924003143.zip
2026-09-24 01:00:00,2026092342,1,SA1,14,27.78278,0,1394.31,0,PUBLIC_PREDISPATCHIS_202609240100_20260924003143.zip
2026-09-24 01:00:00,2026092342,1,SA1,15,10.6252,0,1355.75,0,PUBLIC_PREDISPATCHIS_202609240100_20260924003143.zip
2026-09-24 01:00:00,2026092342,1,SA1,16,0.01067,0,1301.03,0,PUBLIC_PREDISPATCHIS_202609240100_20260924003143.zip
2026-09-24 01:00:00,2026092342,1,SA1,17,-0.55929,0,1229.36,0,PUBLIC_PREDISPATCHIS_202609240100_20260924003143.zip
2026-09-24 01:00:00,2026092342,1,SA1,18,-0.56869,0,1124.43,0,PUBLIC_PREDISPATCHIS_202609240100_20260924003143.zip
2026-09-24 01:00:00,2026092342,1,SA1,19,-5.35696,0,1016.87,0,PUBLIC_PREDISPATCHIS_202609240100_20260924003143.zip
2026-09-24 01:00:00,2026092342,1,SA1,20,-6.29766,0,938.61,0,PUBLIC_PREDISPATCHIS_202609240100_20260924003143.zip
2026-09-24 01:00:00,2026092342,1,SA1,21,-5.34344,0,915.49,0,PUBLIC_PREDISPATCHIS_202609240100_20260924003143.zip
2026-09-24 01:00:00,2026092342,1,SA1,22,-5.0,0,868.94,0,PUBLIC_PREDISPATCHIS_202609240100_20260924003143.zip
2026-09-24 01:00:00,2026092342,1,SA1,23,-7.12,0,855.68,0,PUBLIC_PREDISPATCHIS_202609240100_20260924003143.zip
2026-09-24 01:00:00,2026092342,1,SA1,24,-7.25,0,823.51,0,PUBLIC_PREDISPATCHIS_202609240100_20260924003143.zip
2026-09-24 01:00:00,2026092342,1,SA1,25,-7.14,0,791.29,0,PUBLIC_PREDISPATCHIS_202609240100_20260924003143.zip
2026-09-24 01:00:00,2026092342,1,SA1,26,-5.0,0,754.26,0,PUBLIC_PREDISPATCHIS_202609240100_20260924003143.zip
2026-09-24 01:00:00,2026092342,1,SA1,27,-5.99999,0,724.96,0,PUBLIC_PREDISPATCHIS_202609240100_20260924003143.zip
2026-09-24 01:00:00,2026092342,1,SA1,28,-5.0,0,753.33,0,PUBLIC_PREDISPATCHIS_202609240100_20260924003143.zip
2026-09-24 01:00:00,2026092342,1,SA1,29,0.00013,0,799.46,0,PUBLIC_PREDISPATCHIS_202609240100_20260924003143.zip
2026-09-24 01:00:00,2026092342,1,SA1,30,0.00985,0,859.43,0,PUBLIC_PREDISPATCHIS_202609240100_20260924003143.zip
2026-09-24 01:00:00,2026092342,1,SA1,31,0.80674,0,931.94,0,PUBLIC_PREDISPATCHIS_202609240100_20260924003143.zip
2026-09-24 01:00:00,2026092342,1,SA1,32,18.7759,0,1022.98,0,PUBLIC_PREDISPATCHIS_202609240100_20260924003143.zip
2026-09-24 01:00:00,2026092342,1,SA1,33,83.58716,0,1144.05,0,PUBLIC_PREDISPATCHIS_202609240100_20260924003143.zip
2026-09-24 01:00:00,2026092342,1,SA1,34,98.57501,0,1286.42,0,PUBLIC_PREDISPATCHIS_202609240100_20260924003143.zip
2026-09-24 01:00:00,2026092342,1,SA1,35,118.42059,0,1423.85,0,PUBLIC_PREDISPATCHIS_202609240100_20260924003143.zip
2026-09-24 01:00:00,2026092342,1,SA1,36,131.59397,0,1519.41,0,PUBLIC_PREDISPATCHIS_202609240100_20260924003143.zip
2026-09-24 01:00:00,2026092342,1,SA1,37,126.78185,0,1571.13,0,PUBLIC_PREDISPATCHIS_202609240100_20260924003143.zip
2026-09-24 01:00:00,2026092342,1,SA1,38,120.09988,0,1590.93,0,PUBLIC_PREDISPATCHIS_202609240100_20260924003143.zip
2026-09-24 01:00:00,2026092342,1,SA1,39,109.93782,0,1572.99,0,PUBLIC_PREDISPATCHIS_202609240100_20260924003143.zip
2026-09-24 01:00:00,2026092342,1,SA1,40,114.62369,0,1555.61,0,PUBLIC_PREDISPATCHIS_202609240100_20260924003143.zip
2026-09-24 01:00:00,2026092342,1,SA1,41,115.37785,0,1531.25,0,PUBLIC_PREDISPATCHIS_202609240100_20260924003143.zip
2026-09-24 01:00:00,2026092342,1,SA1,42,101.02,0,1498.96,0,PUBLIC_PREDISPATCHIS_202609240100_20260924003143.zip
2026-09-24 01:00:00,2026092342,1,SA1,43,85.2306,0,1463.83,0,PUBLIC_PREDISPATCHIS_202609240100_20260924003143.zip
2026-09-24 01:00:00,2026092342,1,SA1,44,85.44,0,1420.0,0,PUBLIC_PREDISPATCHIS_202609240100_20260924003143.zip
2026-09-24 01:00:00,2026092342,1,SA1,45,82.75603,0,1385.33,0,PUBLIC_PREDISPATCHIS_202609240100_20260924003143.zip
2026-09-24 01:00:00,2026092342,1,SA1,46,79.08813,0,1360.38,0,PUBLIC_PREDISPATCHIS_202609240100_20260924003143.zip
2026-09-24 01:00:00,2026092342,1,SA1,47,75.44,0,1363.85,0,PUBLIC_PREDISPATCHIS_202609240100_20260924003143.zip
2026-09-24 01:00:00,2026092342,1,SA1,48,78.85116,0,1391.64,0,PUBLIC_PREDISPATCHIS_202609240100_20260924003143.zip
2026-09-24 01:00:00,2026092342,1,SA1,49,57.16588,0,1399.64,0,PUBLIC_PREDISPATCHIS_202609240100_20260924003143.zip
2026-09-24 01:00:00,2026092342,1,SA1,50,139.01,0,1380.13,0,PUBLIC_PREDISPATCHIS_202609240100_20260924003143.zip
2026-09-24 01:00:00,2026092342,1,SA1,51,80.0,0,1360.07,0,PUBLIC_PREDISPATCHIS_202609240100_20260924003143.zip
2026-09-24 01:00:00,2026092342,1,SA1,52,103.45,0,1335.23,0,PUBLIC_PREDISPATCHIS_202609240100_20260924003143.zip
2026-09-24 01:00:00,2026092342,1,SA1,53,144.41,0,1311.44,0,PUBLIC_PREDISPATCHIS_202609240100_20260924003143.zip
2026-09-24 01:00:00,2026092342,1,SA1,54,90.36204,0,1287.75,0,PUBLIC_PREDISPATCHIS_202609240100_20260924003143.zip
2026-09-24 01:00:00,2026092342,1,SA1,55,83.63511,0,1270.43,0,PUBLIC_PREDISPATCHIS_202609240100_20260924003143.zip
2026-09-24 01:00:00,2026092342,1,TAS1,01,257.39027,0,1014.0,0,PUBLIC_PREDISPATCHIS_202609240100_20260924003143.zip
2026-09-24 01:00:00,2026092342,1,TAS1,02,256.65563,0,1004.0,0,PUBLIC_PREDISPATCHIS_202609240100_20260924003143.zip
2026-09-24 01:00:00,2026092342,1,TAS1,03,139.82487,0,993.0,0,PUBLIC_PREDISPATCHIS_202609240100_20260924003143.zip
2026-09-24 01:00:00,2026092342,1,TAS1,04,120.16,0,986.0,0,PUBLIC_PREDISPATCHIS_202609240100_20260924003143.zip
2026-09-24 01:00:00,2026092342,1,TAS1,05,97.11725,0,987.0,0,PUBLIC_PREDISPATCHIS_202609240100_20260924003143.zip
2026-09-24 01:00:00,2026092342,1,TAS1,06,88.22,0,987.0,0,PUBLIC_PREDISPATCHIS_202609240100_20260924003143.zip
2026-09-24 01:00:00,2026092342,1,TAS1,07,88.2,0,988.0,0,PUBLIC_PREDISPATCHIS_202609240100_20260924003143.zip
2026-09-24 01:00:00,2026092342,1,TAS1,08,86.35519,0,993.0,0,PUBLIC_PREDISPATCHIS_202609240100_20260924003143.zip
2026-09-24 01:00:00,2026092342,1,TAS1,09,83.4744,0,1003.0,0,PUBLIC_PREDISPATCHIS_202609240100_20260924003143.zip
2026-09-24 01:00:00,2026092342,1,TAS1,10,87.24,0,1028.0,0,PUBLIC_PREDISPATCHIS_202609240100_20260924003143.zip
2026-09-24 01:00:00,2026092342,1,TAS1,11,89.83149,0,1064.0,0,PUBLIC_PREDISPATCHIS_202609240100_20260924003143.zip
2026-09-24 01:00:00,2026092342,1,TAS1,12,124.93243,0,1120.0,0,PUBLIC_PREDISPATCHIS_202609240100_20260924003143.zip
2026-09-24 01:00:00,2026092342,1,TAS1,13,76.12,0,1160.0,0,PUBLIC_PREDISPATCHIS_202609240100_20260924003143.zip
2026-09-24 01:00:00,2026092342,1,TAS1,14,31.28386,0,1168.0,0,PUBLIC_PREDISPATCHIS_202609240100_20260924003143.zip
2026-09-24 01:00:00,2026092342,1,TAS1,15,11.8304,0,1155.0,0,PUBLIC_PREDISPATCHIS_202609240100_20260924003143.zip
2026-09-24 01:00:00,2026092342,1,TAS1,16,0.57105,0,1111.0,0,PUBLIC_PREDISPATCHIS_202609240100_20260924003143.zip
2026-09-24 01:00:00,2026092342,1,TAS1,17,0.1204,0,1056.0,0,PUBLIC_PREDISPATCHIS_202609240100_20260924003143.zip
2026-09-24 01:00:00,2026092342,1,TAS1,18,-0.57801,0,1001.0,0,PUBLIC_PREDISPATCHIS_202609240100_20260924003143.zip
2026-09-24 01:00:00,2026092342,1,TAS1,19,-5.25643,0,960.0,0,PUBLIC_PREDISPATCHIS_202609240100_20260924003143.zip
2026-09-24 01:00:00,2026092342,1,TAS1,20,-6.25155,0,922.0,0,PUBLIC_PREDISPATCHIS_202609240100_20260924003143.zip
2026-09-24 01:00:00,2026092342,1,TAS1,21,-5.31203,0,892.0,0,PUBLIC_PREDISPATCHIS_202609240100_20260924003143.zip
2026-09-24 01:00:00,2026092342,1,TAS1,22,-12.12052,0,868.0,0,PUBLIC_PREDISPATCHIS_202609240100_20260924003143.zip
2026-09-24 01:00:00,2026092342,1,TAS1,23,-12.07367,0,850.0,0,PUBLIC_PREDISPATCHIS_202609240100_20260924003143.zip
2026-09-24 01:00:00,2026092342,1,TAS1,24,-13.74707,0,832.0,0,PUBLIC_PREDISPATCHIS_202609240100_20260924003143.zip
2026-09-24 01:00:00,2026092342,1,TAS1,25,-13.88512,0,823.0,0,PUBLIC_PREDISPATCHIS_202609240100_20260924003143.zip
2026-09-24 01:00:00,2026092342,1,TAS1,26,-13.98619,0,832.0,0,PUBLIC_PREDISPATCHIS_202609240100_20260924003143.zip
2026-09-24 01:00:00,2026092342,1,TAS1,27,-6.27103,0,844.0,0,PUBLIC_PREDISPATCHIS_202609240100_20260924003143.zip
2026-09-24 01:00:00,2026092342,1,TAS1,28,-5.70328,0,866.0,0,PUBLIC_PREDISPATCHIS_202609240100_20260924003143.zip
2026-09-24 01:00:00,2026092342,1,TAS1,29,-0.02713,0,885.0,0,PUBLIC_PREDISPATCHIS_202609240100_20260924003143.zip
2026-09-24 01:00:00,2026092342,1,TAS1,30,0.0104,0,908.0,0,PUBLIC_PREDISPATCHIS_202609240100_20260924003143.zip
2026-09-24 01:00:00,2026092342,1,TAS1,31,0.86492,0,940.0,0,PUBLIC_PREDISPATCHIS_202609240100_20260924003143.zip
2026-09-24 01:00:00,2026092342,1,TAS1,32,19.87769,0,972.0,0,PUBLIC_PREDISPATCHIS_202609240100_20260924003143.zip
2026-09-24 01:00:00,2026092342,1,TAS1,33,88.2,0,1013.0,0,PUBLIC_PREDISPATCHIS_202609240100_20260924003143.zip
2026-09-24 01:00:00,2026092342,1,TAS1,34,88.2,0,1062.0,0,PUBLIC_PREDISPATCHIS_202609240100_20260924003143.zip
2026-09-24 01:00:00,2026092342,1,TAS1,35,110.85672,0,1111.0,0,PUBLIC_PREDISPATCHIS_202609240100_20260924003143.zip
2026-09-24 01:00:00,2026092342,1,TAS1,36,120.16,0,1148.0,0,PUBLIC_PREDISPATCHIS_202609240100_20260924003143.zip
2026-09-24 01:00:00,2026092342,1,TAS1,37,112.03492,0,1169.0,0,PUBLIC_PREDISPATCHIS_202609240100_20260924003143.zip
2026-09-24 01:00:00,2026092342,1,TAS1,38,105.90486,0,1167.0,0,PUBLIC_PREDISPATCHIS_202609240100_20260924003143.zip
2026-09-24 01:00:00,2026092342,1,TAS1,39,95.19786,0,1159.0,0,PUBLIC_PREDISPATCHIS_202609240100_20260924003143.zip
2026-09-24 01:00:00,2026092342,1,TAS1,40,102.67185,0,1147.0,0,PUBLIC_PREDISPATCHIS_202609240100_20260924003143.zip
2026-09-24 01:00:00,2026092342,1,TAS1,41,101.94332,0,1126.0,0,PUBLIC_PREDISPATCHIS_202609240100_20260924003143.zip
2026-09-24 01:00:00,2026092342,1,TAS1,42,88.71614,0,1109.0,0,PUBLIC_PREDISPATCHIS_202609240100_20260924003143.zip
2026-09-24 01:00:00,2026092342,1,TAS1,43,75.2,0,1087.0,0,PUBLIC_PREDISPATCHIS_202609240100_20260924003143.zip
2026-09-24 01:00:00,2026092342,1,TAS1,44,75.22,0,1061.0,0,PUBLIC_PREDISPATCHIS_202609240100_20260924003143.zip
2026-09-24 01:00:00,2026092342,1,TAS1,45,75.2,0,1031.0,0,PUBLIC_PREDISPATCHIS_202609240100_20260924003143.zip
2026-09-24 01:00:00,2026092342,1,TAS1,46,71.64413,0,1007.0,0,PUBLIC_PREDISPATCHIS_202609240100_20260924003143.zip
2026-09-24 01:00:00,2026092342,1,TAS1,47,67.22096,0,989.0,0,PUBLIC_PREDISPATCHIS_202609240100_20260924003143.zip
2026-09-24 01:00:00,2026092342,1,TAS1,48,66.88118,0,974.0,0,PUBLIC_PREDISPATCHIS_202609240100_20260924003143.zip
2026-09-24 01:00:00,2026092342,1,TAS1,49,41.87371,0,963.0,0,PUBLIC_PREDISPATCHIS_202609240100_20260924003143.zip
2026-09-24 01:00:00,2026092342,1,TAS1,50,54.47923,0,956.0,0,PUBLIC_PREDISPATCHIS_202609240100_20260924003143.zip
2026-09-24 01:00:00,2026092342,1,TAS1,51,40.63047,0,947.0,0,PUBLIC_PREDISPATCHIS_202609240100_20260924003143.zip
2026-09-24 01:00:00,2026092342,1,TAS1,52,49.11,0,942.0,0,PUBLIC_PREDISPATCHIS_202609240100_20260924003143.zip
2026-09-24 01:00:00,2026092342,1,TAS1,53,80.22385,0,944.0,0,PUBLIC_PREDISPATCHIS_202609240100_20260924003143.zip
2026-09-24 01:00:00,2026092342,1,TAS1,54,79.62979,0,949.0,0,PUBLIC_PREDISPATCHIS_202609240100_20260924003143.zip
2026-09-24 01:00:00,2026092342,1,TAS1,55,80.18661,0,951.0,0,PUBLIC_PREDISPATCHIS_202609240100_20260924003143.zip
2026-09-24 01:00:00,2026092342,1,VIC1,01,279.43134,0,5078.53,0,PUBLIC_PREDISPATCHIS_202609240100_20260924003143.zip
2026-09-24 01:00:00,2026092342,1,VIC1,02,279.44724,0,4939.1,0,PUBLIC_PREDISPATCHIS_202609240100_20260924003143.zip
2026-09-24 01:00:00,2026092342,1,VIC1,03,150.79176,0,4806.27,0,PUBLIC_PREDISPATCHIS_202609240100_20260924003143.zip
2026-09-24 01:00:00,2026092342,1,VIC1,04,129.56183,0,4704.59,0,PUBLIC_PREDISPATCHIS_202609240100_20260924003143.zip
2026-09-24 01:00:00,2026092342,1,VIC1,05,104.05401,0,4617.6,0,PUBLIC_PREDISPATCHIS_202609240100_20260924003143.zip
2026-09-24 01:00:00,2026092342,1,VIC1,06,93.64543,0,4552.68,0,PUBLIC_PREDISPATCHIS_202609240100_20260924003143.zip
2026-09-24 01:00:00,2026092342,1,VIC1,07,90.3075,0,4522.72,0,PUBLIC_PREDISPATCHIS_202609240100_20260924003143.zip
2026-09-24 01:00:00,2026092342,1,VIC1,08,87.13675,0,4560.79,0,PUBLIC_PREDISPATCHIS_202609240100_20260924003143.zip
2026-09-24 01:00:00,2026092342,1,VIC1,09,83.99438,0,4641.19,0,PUBLIC_PREDISPATCHIS_202609240100_20260924003143.zip
2026-09-24 01:00:00,2026092342,1,VIC1,10,87.59252,0,4835.11,0,PUBLIC_PREDISPATCHIS_202609240100_20260924003143.zip
2026-09-24 01:00:00,2026092342,1,VIC1,11,90.18,0,5067.02,0,PUBLIC_PREDISPATCHIS_202609240100_20260924003143.zip
2026-09-24 01:00:00,2026092342,1,VIC1,12,121.19339,0,5339.71,0,PUBLIC_PREDISPATCHIS_202609240100_20260924003143.zip
2026-09-24 01:00:00,2026092342,1,VIC1,13,73.44588,0,5505.6,0,PUBLIC_PREDISPATCHIS_202609240100_20260924003143.zip
2026-09-24 01:00:00,2026092342,1,VIC1,14,29.09219,0,5468.42,0,PUBLIC_PREDISPATCHIS_202609240100_20260924003143.zip
2026-09-24 01:00:00,2026092342,1,VIC1,15,10.65,0,5264.36,0,PUBLIC_PREDISPATCHIS_202609240100_20260924003143.zip
2026-09-24 01:00:00,2026092342,1,VIC1,16,0.01049,0,5004.32,0,PUBLIC_PREDISPATCHIS_202609240100_20260924003143.zip
2026-09-24 01:00:00,2026092342,1,VIC1,17,-0.55,0,4679.29,0,PUBLIC_PREDISPATCHIS_202609240100_20260924003143.zip
2026-09-24 01:00:00,2026092342,1,VIC1,18,-0.55,0,4360.65,0,PUBLIC_PREDISPATCHIS_202609240100_20260924003143.zip
2026-09-24 01:00:00,2026092342,1,VIC1,19,-5.0,0,4074.05,0,PUBLIC_PREDISPATCHIS_202609240100_20260924003143.zip
2026-09-24 01:00:00,2026092342,1,VIC1,20,-6.0,0,3746.83,0,PUBLIC_PREDISPATCHIS_202609240100_20260924003143.zip
2026-09-24 01:00:00,2026092342,1,VIC1,21,-5.06509,0,3519.44,0,PUBLIC_PREDISPATCHIS_202609240100_20260924003143.zip
2026-09-24 01:00:00,2026092342,1,VIC1,22,-11.6284,0,3419.2,0,PUBLIC_PREDISPATCHIS_202609240100_20260924003143.zip
2026-09-24 01:00:00,2026092342,1,VIC1,23,-11.58267,0,3348.85,0,PUBLIC_PREDISPATCHIS_202609240100_20260924003143.zip
2026-09-24 01:00:00,2026092342,1,VIC1,24,-13.23044,0,3368.46,0,PUBLIC_PREDISPATCHIS_202609240100_20260924003143.zip
2026-09-24 01:00:00,2026092342,1,VIC1,25,-13.36422,0,3397.96,0,PUBLIC_PREDISPATCHIS_202609240100_20260924003143.zip
2026-09-24 01:00:00,2026092342,1,VIC1,26,-13.46255,0,3462.92,0,PUBLIC_PREDISPATCHIS_202609240100_20260924003143.zip
2026-09-24 01:00:00,2026092342,1,VIC1,27,-6.0,0,3637.01,0,PUBLIC_PREDISPATCHIS_202609240100_20260924003143.zip
2026-09-24 01:00:00,2026092342,1,VIC1,28,-5.45897,0,3917.46,0,PUBLIC_PREDISPATCHIS_202609240100_20260924003143.zip
2026-09-24 01:00:00,2026092342,1,VIC1,29,-0.02598,0,4268.02,0,PUBLIC_PREDISPATCHIS_202609240100_20260924003143.zip
2026-09-24 01:00:00,2026092342,1,VIC1,30,0.01,0,4639.85,0,PUBLIC_PREDISPATCHIS_202609240100_20260924003143.zip
2026-09-24 01:00:00,2026092342,1,VIC1,31,0.83157,0,4891.72,0,PUBLIC_PREDISPATCHIS_202609240100_20260924003143.zip
2026-09-24 01:00:00,2026092342,1,VIC1,32,19.18,0,5221.95,0,PUBLIC_PREDISPATCHIS_202609240100_20260924003143.zip
2026-09-24 01:00:00,2026092342,1,VIC1,33,81.26876,0,5593.55,0,PUBLIC_PREDISPATCHIS_202609240100_20260924003143.zip
2026-09-24 01:00:00,2026092342,1,VIC1,34,96.78728,0,5904.75,0,PUBLIC_PREDISPATCHIS_202609240100_20260924003143.zip
2026-09-24 01:00:00,2026092342,1,VIC1,35,123.64075,0,6120.87,0,PUBLIC_PREDISPATCHIS_202609240100_20260924003143.zip
2026-09-24 01:00:00,2026092342,1,VIC1,36,135.9,0,6240.27,0,PUBLIC_PREDISPATCHIS_202609240100_20260924003143.zip
2026-09-24 01:00:00,2026092342,1,VIC1,37,124.98603,0,6324.64,0,PUBLIC_PREDISPATCHIS_202609240100_20260924003143.zip
2026-09-24 01:00:00,2026092342,1,VIC1,38,118.5,0,6212.42,0,PUBLIC_PREDISPATCHIS_202609240100_20260924003143.zip
2026-09-24 01:00:00,2026092342,1,VIC1,39,106.14315,0,6024.13,0,PUBLIC_PREDISPATCHIS_202609240100_20260924003143.zip
2026-09-24 01:00:00,2026092342,1,VIC1,40,114.45475,0,5883.75,0,PUBLIC_PREDISPATCHIS_202609240100_20260924003143.zip
2026-09-24 01:00:00,2026092342,1,VIC1,41,113.62169,0,5757.37,0,PUBLIC_PREDISPATCHIS_202609240100_20260924003143.zip
2026-09-24 01:00:00,2026092342,1,VIC1,42,99.17171,0,5578.61,0,PUBLIC_PREDISPATCHIS_202609240100_20260924003143.zip
2026-09-24 01:00:00,2026092342,1,VIC1,43,80.91594,0,5371.08,0,PUBLIC_PREDISPATCHIS_202609240100_20260924003143.zip
2026-09-24 01:00:00,2026092342,1,VIC1,44,81.937,0,5232.34,0,PUBLIC_PREDISPATCHIS_202609240100_20260924003143.zip
2026-09-24 01:00:00,2026092342,1,VIC1,45,77.05947,0,5110.61,0,PUBLIC_PREDISPATCHIS_202609240100_20260924003143.zip
2026-09-24 01:00:00,2026092342,1,VIC1,46,66.34658,0,5122.77,0,PUBLIC_PREDISPATCHIS_202609240100_20260924003143.zip
2026-09-24 01:00:00,2026092342,1,VIC1,47,62.57401,0,5035.21,0,PUBLIC_PREDISPATCHIS_202609240100_20260924003143.zip
2026-09-24 01:00:00,2026092342,1,VIC1,48,56.39724,0,4894.92,0,PUBLIC_PREDISPATCHIS_202609240100_20260924003143.zip
2026-09-24 01:00:00,2026092342,1,VIC1,49,10.65,0,4737.99,0,PUBLIC_PREDISPATCHIS_202609240100_20260924003143.zip
2026-09-24 01:00:00,2026092342,1,VIC1,50,31.97878,0,4597.45,0,PUBLIC_PREDISPATCHIS_202609240100_20260924003143.zip
2026-09-24 01:00:00,2026092342,1,VIC1,51,12.96,0,4465.65,0,PUBLIC_PREDISPATCHIS_202609240100_20260924003143.zip
2026-09-24 01:00:00,2026092342,1,VIC1,52,26.72128,0,4361.49,0,PUBLIC_PREDISPATCHIS_202609240100_20260924003143.zip
2026-09-24 01:00:00,2026092342,1,VIC1,53,77.06051,0,4284.05,0,PUBLIC_PREDISPATCHIS_202609240100_20260924003143.zip
2026-09-24 01:00:00,2026092342,1,VIC1,54,76.2433,0,4232.56,0,PUBLIC_PREDISPATCHIS_202609240100_20260924003143.zip
2026-09-24 01:00:00,2026092342,1,VIC1,55,76.77349,0,4217.88,0,PUBLIC_PREDISPATCHIS_202609240100_20260924003143.zip
