C,NEMP.WORLD,DISPATCHIS,AEMO,PUBLIC,2026/09/04,03:50:08,0000000535967869,DISPATCHIS,0000000535967868
I,DISPATCH,CASE_SOLUTION,2,SETTLEMENTDATE,RUNNO,INTERVENTION,CASESUBTYPE,SOLUTIONSTATUS,SPDVERSION,NONPHYSICALLOSSES,TOTALOBJECTIVE,TOTALAREAGENVIOLATION,TOTALINTERCONNECTORVIOLATION,TOTALGENERICVIOLATION,TOTALRAMPRATEVIOLATION,TOTALUNITMWCAPACITYVIOLATION,TOTAL5MINVIOLATION,TOTALREGVIOLATION,TOTAL6SECVIOLATION,TOTAL60SECVIOLATION,TOTALASPROFILEVIOLATION,TOTALFASTSTARTVIOLATION,TOTALENERGYOFFERVIOLATION,LASTCHANGED,SWITCHRUNINITIALSTATUS,SWITCHRUNBESTSTATUS,SWITCHRUNBESTSTATUS_INT
D,DISPATCH,CASE_SOLUTION,2,"2026/09/04 03:55:00",1,0,,1,,0,-51665408.0550,0,0,0,0,0.28,,,,,0,0,0,"2026/09/04 03:50:03",1,1,
I,DISPATCH,LOCAL_PRICE,1,SETTLEMENTDATE,DUID,LOCAL_PRICE_ADJUSTMENT,LOCALLY_CONSTRAINED
D,DISPATCH,LOCAL_PRICE,1,"2026/09/04 03:55:00",AGLHAL,-1.84,1
D,DISPATCH,LOCAL_PRICE,1,"2026/09/04 03:55:00",ALDGASF1,-9.72,1
D,DISPATCH,LOCAL_PRICE,1,"2026/09/04 03:55:00",BARCALDN,-7.5,1
D,DISPATCH,LOCAL_PRICE,1,"2026/09/04 03:55:00",BARRON-1,-7.61,1
D,DISPATCH,LOCAL_PRICE,1,"2026/09/04 03:55:00",BARRON-2,-7.61,1
D,DISPATCH,LOCAL_PRICE,1,"2026/09/04 03:55:00",BASTYAN,-69.23,1
D,DISPATCH,LOCAL_PRICE,1,"2026/09/04 03:55:00",BBATTERY1,-7.84,1
D,DISPATCH,LOCAL_PRICE,1,"2026/09/04 03:55:00",BLUFF1,-1.64,1
D,DISPATCH,LOCAL_PRICE,1,"2026/09/04 03:55:00",BRDDBES1,-7.6,1
D,DISPATCH,LOCAL_PRICE,1,"2026/09/04 03:55:00",BRDDSF01,-7.6,1
D,DISPATCH,LOCAL_PRICE,1,"2026/09/04 03:55:00",CALL_B_1,-6.3,1
D,DISPATCH,LOCAL_PRICE,1,"2026/09/04 03:55:00",CALL_B_2,-6.3,1
D,DISPATCH,LOCAL_PRICE,1,"2026/09/04 03:55:00",CHILDSF1,3.87,1
D,DISPATCH,LOCAL_PRICE,1,"2026/09/04 03:55:00",CLARESF1,-7.61,1
D,DISPATCH,LOCAL_PRICE,1,"2026/09/04 03:55:00",CLERMSF1,-7.5,1
D,DISPATCH,LOCAL_PRICE,1,"2026/09/04 03:55:00",CLRKCWF1,-7.6,1
D,DISPATCH,LOCAL_PRICE,1,"2026/09/04 03:55:00",CLRKCWF2,-7.6,1
D,DISPATCH,LOCAL_PRICE,1,"2026/09/04 03:55:00",CNUNDAWF,5.59,1
D,DISPATCH,LOCAL_PRICE,1,"2026/09/04 03:55:00",CPP_3,-6.3,1
D,DISPATCH,LOCAL_PRICE,1,"2026/09/04 03:55:00",CPP_4,-6.3,1
D,DISPATCH,LOCAL_PRICE,1,"2026/09/04 03:55:00",CSPVPS1,-7.61,1
D,DISPATCH,LOCAL_PRICE,1,"2026/09/04 03:55:00",DAYDSF1,-7.61,1
D,DISPATCH,LOCAL_PRICE,1,"2026/09/04 03:55:00",EMERASF1,-7.44,1
D,DISPATCH,LOCAL_PRICE,1,"2026/09/04 03:55:00",GRANWF1,-24.19,1
D,DISPATCH,LOCAL_PRICE,1,"2026/09/04 03:55:00",GSTONE1,-10.08,1
D,DISPATCH,LOCAL_PRICE,1,"2026/09/04 03:55:00",GSTONE2,-10.08,1
D,DISPATCH,LOCAL_PRICE,1,"2026/09/04 03:55:00",GSTONE3,11.36,1
D,DISPATCH,LOCAL_PRICE,1,"2026/09/04 03:55:00",GSTONE4,11.36,1
D,DISPATCH,LOCAL_PRICE,1,"2026/09/04 03:55:00",GSTONE5,-10.08,1
D,DISPATCH,LOCAL_PRICE,1,"2026/09/04 03:55:00",GSTONE6,-10.08,1
D,DISPATCH,LOCAL_PRICE,1,"2026/09/04 03:55:00",GSWF1A,-2.18,1
D,DISPATCH,LOCAL_PRICE,1,"2026/09/04 03:55:00",GSWF1B1,-2.18,1
D,DISPATCH,LOCAL_PRICE,1,"2026/09/04 03:55:00",HALLWF1,-1.84,1
D,DISPATCH,LOCAL_PRICE,1,"2026/09/04 03:55:00",HALLWF2,-2.02,1
D,DISPATCH,LOCAL_PRICE,1,"2026/09/04 03:55:00",HAMISF1,-7.61,1
D,DISPATCH,LOCAL_PRICE,1,"2026/09/04 03:55:00",HAUGHT11,-7.61,1
D,DISPATCH,LOCAL_PRICE,1,"2026/09/04 03:55:00",HAYMSF1,-7.61,1
D,DISPATCH,LOCAL_PRICE,1,"2026/09/04 03:55:00",HDWF1,-1.68,1
D,DISPATCH,LOCAL_PRICE,1,"2026/09/04 03:55:00",HDWF2,-1.68,1
D,DISPATCH,LOCAL_PRICE,1,"2026/09/04 03:55:00",HDWF3,-1.68,1
D,DISPATCH,LOCAL_PRICE,1,"2026/09/04 03:55:00",HPR1,-1.68,1
D,DISPATCH,LOCAL_PRICE,1,"2026/09/04 03:55:00",JBUTTERS,-69.23,1
D,DISPATCH,LOCAL_PRICE,1,"2026/09/04 03:55:00",KABANWF1,-7.61,1
D,DISPATCH,LOCAL_PRICE,1,"2026/09/04 03:55:00",KAREEYA1,-7.61,1
D,DISPATCH,LOCAL_PRICE,1,"2026/09/04 03:55:00",KAREEYA2,-7.61,1
D,DISPATCH,LOCAL_PRICE,1,"2026/09/04 03:55:00",KAREEYA3,-7.61,1
D,DISPATCH,LOCAL_PRICE,1,"2026/09/04 03:55:00",KAREEYA4,-7.61,1
D,DISPATCH,LOCAL_PRICE,1,"2026/09/04 03:55:00",KEPSF1,-7.61,1
D,DISPATCH,LOCAL_PRICE,1,"2026/09/04 03:55:00",KEPWF1,-7.61,1
D,DISPATCH,LOCAL_PRICE,1,"2026/09/04 03:55:00",KIDSPHG1,-7.61,1
D,DISPATCH,LOCAL_PRICE,1,"2026/09/04 03:55:00",KIDSPHG2,-7.61,1
D,DISPATCH,LOCAL_PRICE,1,"2026/09/04 03:55:00",KIDSPHL1,7.61,1
D,DISPATCH,LOCAL_PRICE,1,"2026/09/04 03:55:00",KIDSPHL2,7.61,1
D,DISPATCH,LOCAL_PRICE,1,"2026/09/04 03:55:00",KSP1,-7.61,1
D,DISPATCH,LOCAL_PRICE,1,"2026/09/04 03:55:00",LADBROK1,5.13,1
D,DISPATCH,LOCAL_PRICE,1,"2026/09/04 03:55:00",LADBROK2,5.13,1
D,DISPATCH,LOCAL_PRICE,1,"2026/09/04 03:55:00",LBB1,5.59,1
D,DISPATCH,LOCAL_PRICE,1,"2026/09/04 03:55:00",LILYSF1,-7.5,1
D,DISPATCH,LOCAL_PRICE,1,"2026/09/04 03:55:00",LKBONNY1,5.59,1
D,DISPATCH,LOCAL_PRICE,1,"2026/09/04 03:55:00",LKBONNY2,5.59,1
D,DISPATCH,LOCAL_PRICE,1,"2026/09/04 03:55:00",LKBONNY3,5.59,1
D,DISPATCH,LOCAL_PRICE,1,"2026/09/04 03:55:00",MACKNTSH,-69.23,1
D,DISPATCH,LOCAL_PRICE,1,"2026/09/04 03:55:00",MEWF1,-7.61,1
D,DISPATCH,LOCAL_PRICE,1,"2026/09/04 03:55:00",MIDDLSF1,-7.48,1
D,DISPATCH,LOCAL_PRICE,1,"2026/09/04 03:55:00",MOUSF1,-6.53,1
D,DISPATCH,LOCAL_PRICE,1,"2026/09/04 03:55:00",MSTUART1,-7.61,1
D,DISPATCH,LOCAL_PRICE,1,"2026/09/04 03:55:00",MSTUART2,-7.61,1
D,DISPATCH,LOCAL_PRICE,1,"2026/09/04 03:55:00",MSTUART3,-7.61,1
D,DISPATCH,LOCAL_PRICE,1,"2026/09/04 03:55:00",MUCRKSF1,2.5,1
D,DISPATCH,LOCAL_PRICE,1,"2026/09/04 03:55:00",MWPS1PV1,-1.83,1
D,DISPATCH,LOCAL_PRICE,1,"2026/09/04 03:55:00",MWPS2PV1,-1.83,1
D,DISPATCH,LOCAL_PRICE,1,"2026/09/04 03:55:00",MWPS3PV1,-1.83,1
D,DISPATCH,LOCAL_PRICE,1,"2026/09/04 03:55:00",MWPS4PV1,-1.69,1
D,DISPATCH,LOCAL_PRICE,1,"2026/09/04 03:55:00",NBHWF1,-1.64,1
D,DISPATCH,LOCAL_PRICE,1,"2026/09/04 03:55:00",REECE1,-69.23,1
D,DISPATCH,LOCAL_PRICE,1,"2026/09/04 03:55:00",REECE2,-69.23,1
D,DISPATCH,LOCAL_PRICE,1,"2026/09/04 03:55:00",RRSF1,-7.61,1
D,DISPATCH,LOCAL_PRICE,1,"2026/09/04 03:55:00",RUGBYR1,-7.59,1
D,DISPATCH,LOCAL_PRICE,1,"2026/09/04 03:55:00",SMCSF1,-7.61,1
D,DISPATCH,LOCAL_PRICE,1,"2026/09/04 03:55:00",SNUG1,5.59,1
D,DISPATCH,LOCAL_PRICE,1,"2026/09/04 03:55:00",SRSF1,5.62,1
D,DISPATCH,LOCAL_PRICE,1,"2026/09/04 03:55:00",STABESS1,-7.55,1
D,DISPATCH,LOCAL_PRICE,1,"2026/09/04 03:55:00",STAN-1,-7.55,1
D,DISPATCH,LOCAL_PRICE,1,"2026/09/04 03:55:00",STAN-2,-7.55,1
D,DISPATCH,LOCAL_PRICE,1,"2026/09/04 03:55:00",STAN-3,-7.55,1
D,DISPATCH,LOCAL_PRICE,1,"2026/09/04 03:55:00",STAN-4,-7.55,1
D,DISPATCH,LOCAL_PRICE,1,"2026/09/04 03:55:00",TRIBUTE,-69.23,1
D,DISPATCH,LOCAL_PRICE,1,"2026/09/04 03:55:00",WGWF1,-1.68,1
D,DISPATCH,LOCAL_PRICE,1,"2026/09/04 03:55:00",WHITSF1,-7.61,1
D,DISPATCH,LOCAL_PRICE,1,"2026/09/04 03:55:00",WOOLES1,2.5,1
D,DISPATCH,LOCAL_PRICE,1,"2026/09/04 03:55:00",WOOLGSF1,2.5,1
D,DISPATCH,LOCAL_PRICE,1,"2026/09/04 03:55:00",YABULU,-7.61,1
D,DISPATCH,LOCAL_PRICE,1,"2026/09/04 03:55:00",YABULU2,-7.61,1
I,DISPATCH,PRICE,5,SETTLEMENTDATE,RUNNO,REGIONID,DISPATCHINTERVAL,INTERVENTION,RRP,EEP,ROP,APCFLAG,MARKETSUSPENDEDFLAG,LASTCHANGED,RAISE6SECRRP,RAISE6SECROP,RAISE6SECAPCFLAG,RAISE60SECRRP,RAISE60SECROP,RAISE60SECAPCFLAG,RAISE5MINRRP,RAISE5MINROP,RAISE5MINAPCFLAG,RAISEREGRRP,RAISEREGROP,RAISEREGAPCFLAG,LOWER6SECRRP,LOWER6SECROP,LOWER6SECAPCFLAG,LOWER60SECRRP,LOWER60SECROP,LOWER60SECAPCFLAG,LOWER5MINRRP,LOWER5MINROP,LOWER5MINAPCFLAG,LOWERREGRRP,LOWERREGROP,LOWERREGAPCFLAG,PRICE_STATUS,PRE_AP_ENERGY_PRICE,PRE_AP_RAISE6_PRICE,PRE_AP_RAISE60_PRICE,PRE_AP_RAISE5MIN_PRICE,PRE_AP_RAISEREG_PRICE,PRE_AP_LOWER6_PRICE,PRE_AP_LOWER60_PRICE,PRE_AP_LOWER5MIN_PRICE,PRE_AP_LOWERREG_PRICE,RAISE1SECRRP,RAISE1SECROP,RAISE1SECAPCFLAG,LOWER1SECRRP,LOWER1SECROP,LOWER1SECAPCFLAG,PRE_AP_RAISE1_PRICE,PRE_AP_LOWER1_PRICE,CUMUL_PRE_AP_ENERGY_PRICE,CUMUL_PRE_AP_RAISE6_PRICE,CUMUL_PRE_AP_RAISE60_PRICE,CUMUL_PRE_AP_RAISE5MIN_PRICE,CUMUL_PRE_AP_RAISEREG_PRICE,CUMUL_PRE_AP_LOWER6_PRICE,CUMUL_PRE_AP_LOWER60_PRICE,CUMUL_PRE_AP_LOWER5MIN_PRICE,CUMUL_PRE_AP_LOWERREG_PRICE,CUMUL_PRE_AP_RAISE1_PRICE,CUMUL_PRE_AP_LOWER1_PRICE,OCD_STATUS,MII_STATUS
D,DISPATCH,PRICE,5,"2026/09/04 03:55:00",1,NSW1,20260903287,0,114.54,0,114.54,0,0,"2026/09/04 03:50:03",0.05,0.05,0,0.04,0.04,0,0.01,0.01,0,2.58,2.58,0,0.01,0.01,0,0.01,0.01,0,0.01,0.01,0,0.37,0.37,0,FIRM,114.54,0.05,0.04,0.01,2.58,0.01,0.01,0.01,0.37,0.02,0.02,0,0,0,0,0.02,0,118261.280970,78.34,69.462540,22.030120,6955.570690,67.849870,106.292120,62.909960,2904.765490,31.39,0.91,NOT_OCD,NOT_MII
D,DISPATCH,PRICE,5,"2026/09/04 03:55:00",1,QLD1,20260903287,0,94.81489,0,94.81489,0,0,"2026/09/04 03:50:03",0.05,0.05,0,0.04,0.04,0,0.01,0.01,0,2.58,2.58,0,0.01,0.01,0,0.01,0.01,0,0.01,0.01,0,0.37,0.37,0,FIRM,94.81489,0.05,0.04,0.01,2.58,0.01,0.01,0.01,0.37,0.02,0.02,0,0,0,0,0.02,0,98026.860880,74.78,66.030120,21.520120,6955.570690,67.849870,106.292120,62.909960,2904.765490,31.19,0.91,NOT_OCD,NOT_MII
D,DISPATCH,PRICE,5,"2026/09/04 03:55:00",1,SA1,20260903287,0,101.02,0,101.02,0,0,"2026/09/04 03:50:03",0.05,0.05,0,0.04,0.04,0,0.01,0.01,0,2.58,2.58,0,0.01,0.01,0,0.01,0.01,0,0.01,0.01,0,0.37,0.37,0,FIRM,101.02,0.05,0.04,0.01,2.58,0.01,0.01,0.01,0.37,0.02,0.02,0,0,0,0,0.02,0,112750.898040,78.34,69.462540,22.030120,6955.570690,68.909870,107.252120,62.909960,2904.765490,31.39,1.91,NOT_OCD,NOT_MII
D,DISPATCH,PRICE,5,"2026/09/04 03:55:00",1,TAS1,20260903287,0,99.44514,0,99.44514,0,0,"2026/09/04 03:50:03",0.05,0.05,0,0.04,0.04,0,0.01,0.01,0,4.46,4.46,0,0.01,0.01,0,0.01,0.01,0,0.01,0.01,0,1.6,1.6,0,FIRM,99.44514,0.05,0.04,0.01,4.46,0.01,0.01,0.01,1.6,0.02,0.02,0,0,0,0,0.02,0,92067.991270,1261.827750,483.151130,54.120120,10595.366790,539.9511,144.862940,62.369960,12247.097370,30.26,0.86,NOT_OCD,NOT_MII
D,DISPATCH,PRICE,5,"2026/09/04 03:55:00",1,VIC1,20260903287,0,108.29047,0,108.29047,0,0,"2026/09/04 03:50:03",0.05,0.05,0,0.04,0.04,0,0.01,0.01,0,2.58,2.58,0,0.01,0.01,0,0.01,0.01,0,0.01,0.01,0,0.37,0.37,0,FIRM,108.29047,0.05,0.04,0.01,2.58,0.01,0.01,0.01,0.37,0.02,0.02,0,0,0,0,0.02,0,97066.8840,78.34,69.462540,22.030120,6955.570690,67.849870,106.292120,62.909960,2904.765490,31.39,0.91,NOT_OCD,NOT_MII
I,DISPATCH,REGIONSUM,9,SETTLEMENTDATE,RUNNO,REGIONID,DISPATCHINTERVAL,INTERVENTION,TOTALDEMAND,AVAILABLEGENERATION,AVAILABLELOAD,DEMANDFORECAST,DISPATCHABLEGENERATION,DISPATCHABLELOAD,NETINTERCHANGE,EXCESSGENERATION,LOWER5MINDISPATCH,LOWER5MINIMPORT,LOWER5MINLOCALDISPATCH,LOWER5MINLOCALPRICE,LOWER5MINLOCALREQ,LOWER5MINPRICE,LOWER5MINREQ,LOWER5MINSUPPLYPRICE,LOWER60SECDISPATCH,LOWER60SECIMPORT,LOWER60SECLOCALDISPATCH,LOWER60SECLOCALPRICE,LOWER60SECLOCALREQ,LOWER60SECPRICE,LOWER60SECREQ,LOWER60SECSUPPLYPRICE,LOWER6SECDISPATCH,LOWER6SECIMPORT,LOWER6SECLOCALDISPATCH,LOWER6SECLOCALPRICE,LOWER6SECLOCALREQ,LOWER6SECPRICE,LOWER6SECREQ,LOWER6SECSUPPLYPRICE,RAISE5MINDISPATCH,RAISE5MINIMPORT,RAISE5MINLOCALDISPATCH,RAISE5MINLOCALPRICE,RAISE5MINLOCALREQ,RAISE5MINPRICE,RAISE5MINREQ,RAISE5MINSUPPLYPRICE,RAISE60SECDISPATCH,RAISE60SECIMPORT,RAISE60SECLOCALDISPATCH,RAISE60SECLOCALPRICE,RAISE60SECLOCALREQ,RAISE60SECPRICE,RAISE60SECREQ,RAISE60SECSUPPLYPRICE,RAISE6SECDISPATCH,RAISE6SECIMPORT,RAISE6SECLOCALDISPATCH,RAISE6SECLOCALPRICE,RAISE6SECLOCALREQ,RAISE6SECPRICE,RAISE6SECREQ,RAISE6SECSUPPLYPRICE,AGGEGATEDISPATCHERROR,AGGREGATEDISPATCHERROR,LASTCHANGED,INITIALSUPPLY,CLEAREDSUPPLY,LOWERREGIMPORT,LOWERREGLOCALDISPATCH,LOWERREGLOCALREQ,LOWERREGREQ,RAISEREGIMPORT,RAISEREGLOCALDISPATCH,RAISEREGLOCALREQ,RAISEREGREQ,RAISE5MINLOCALVIOLATION,RAISEREGLOCALVIOLATION,RAISE60SECLOCALVIOLATION,RAISE6SECLOCALVIOLATION,LOWER5MINLOCALVIOLATION,LOWERREGLOCALVIOLATION,LOWER60SECLOCALVIOLATION,LOWER6SECLOCALVIOLATION,RAISE5MINVIOLATION,RAISEREGVIOLATION,RAISE60SECVIOLATION,RAISE6SECVIOLATION,LOWER5MINVIOLATION,LOWERREGVIOLATION,LOWER60SECVIOLATION,LOWER6SECVIOLATION,RAISE6SECACTUALAVAILABILITY,RAISE60SECACTUALAVAILABILITY,RAISE5MINACTUALAVAILABILITY,RAISEREGACTUALAVAILABILITY,LOWER6SECACTUALAVAILABILITY,LOWER60SECACTUALAVAILABILITY,LOWER5MINACTUALAVAILABILITY,LOWERREGACTUALAVAILABILITY,LORSURPLUS,LRCSURPLUS,TOTALINTERMITTENTGENERATION,DEMAND_AND_NONSCHEDGEN,UIGF,SEMISCHEDULE_CLEAREDMW,SEMISCHEDULE_COMPLIANCEMW,SS_SOLAR_UIGF,SS_WIND_UIGF,SS_SOLAR_CLEAREDMW,SS_WIND_CLEAREDMW,SS_SOLAR_COMPLIANCEMW,SS_WIND_COMPLIANCEMW,WDR_INITIALMW,WDR_AVAILABLE,WDR_DISPATCHED,RAISE1SECLOCALDISPATCH,LOWER1SECLOCALDISPATCH,RAISE1SECACTUALAVAILABILITY,LOWER1SECACTUALAVAILABILITY,SS_SOLAR_AVAILABILITY,SS_WIND_AVAILABILITY,BDU_ENERGY_STORAGE,BDU_MIN_AVAIL,BDU_MAX_AVAIL,BDU_CLEAREDMW_GEN,BDU_CLEAREDMW_LOAD,BDU_INITIAL_ENERGY_STORAGE
D,DISPATCH,REGIONSUM,9,"2026/09/04 03:55:00",1,NSW1,20260903287,0,6718.05,11246.35224,2560,7,5455.26,4,-1266.79,0,,,68,,,,,,,,68,,,,,,,,78,,,,,,,,73.02,,,,,,,,62.02,,,,,,,,62.02,,,,,,,0,"2026/09/04 03:50:03",6770.44611,6768.52,,0,,,,7,,,,,,,,,,,,,,,,,,,664.023870,736.023870,965.023870,480.200944,902,1023,934,680.332374,,,146.34741,6914.867410,370.35224,370.35224,0,0,370.35224,0,370.35224,0,0,0,0,0,52,0,562,592,0,370.35224,1026.484550,2560,1579,37.822210,4,1029.741410
D,DISPATCH,REGIONSUM,9,"2026/09/04 03:55:00",1,QLD1,20260903287,0,5493.34,10352.567,2459,11,6733.37,97,1143.03,0,,,83.57,,,,,,,,102,,,,,,,,45,,,,,,,,115,,,,,,,,201.85,,,,,,,,256,,,,,,,10.30198,"2026/09/04 03:50:03",5619.6731,5644.75,,84,,,,66,,,,,,,,,,,,,,,,,,,1105.303444,1146.302218,960.461533,1388.017329,1448,1615,1397,1780.425520,,,98.87,5743.62,1007.567,1007.567,534.655,0,1007.567,0,1007.567,0,534.655,0,0,0,76,0,955,1189,0,1007.567,744.4232,2459,1625,0,97,738.1861
D,DISPATCH,REGIONSUM,9,"2026/09/04 03:55:00",1,SA1,20260903287,0,1268.79,2625.07981,926,-2,1126.52,20,-162.27,0,,,102,,,,,,,,147,,,,,,,,183,,,,,,,,102,,,,,,,,134,,,,,,,,131,,,,,,,0,"2026/09/04 03:50:03",1295.05029,1290.77,,61,,,,10,,,,,,,,,,,,,,,,,,,349,365,345,296,462,501,482,682,,,0,1290.77,698.07981,698.07981,287.65497,0,698.07981,0,698.07981,0,287.65497,0,0,0,117,4,309,412,0,698.07981,246.541550,926,456,0,20,244.814090
D,DISPATCH,REGIONSUM,9,"2026/09/04 03:55:00",1,TAS1,20260903287,0,960.17,1878.73482,0,0,1281.44,0,321.27,0,,,0,,,,,,,,0,,,,,,,,0,,,,,,,,0,,,,,,,,0,,,,,,,,0,,,,,,,5.78156,"2026/09/04 03:50:03",954.38477,960.17,,50,,,,50,,,,,,,,,,,,,,,,,,,231.516663,244.514903,224.043660,210.293660,173.269839,354.029969,710.001315,653.706340,,,142.15178,1102.321780,371.73482,371.73482,84.506,0,371.73482,0,371.73482,0,84.506,0,0,0,0,0,39,0,0,371.73482,,,,,,
D,DISPATCH,REGIONSUM,9,"2026/09/04 03:55:00",1,VIC1,20260903287,0,4939.06,9283.4342,1934,7,5286.43,256,91.38,0,,,88,,,,,,,,170.1,,,,,,,,89,,,,,,,,161.32,,,,,,,,209,,,,,,,,157.85,,,,,,,6.07531,"2026/09/04 03:50:03",5191.7525,5218.82,,15,,,,87,,,,,,,,,,,,,,,,,,,1197,1203,1183,1188.923380,969,990,1000,1145.743010,,,55.77886,5274.598860,1375.4342,1375.4342,0,0,1375.4342,0,1375.4342,0,0,0,0,0,151.08,35.35,705,744,0,1375.4342,651.061130,1934,1316,0,256,633.292790
I,DISPATCH,INTERCONNECTORRES,3,SETTLEMENTDATE,RUNNO,INTERCONNECTORID,DISPATCHINTERVAL,INTERVENTION,METEREDMWFLOW,MWFLOW,MWLOSSES,MARGINALVALUE,VIOLATIONDEGREE,LASTCHANGED,EXPORTLIMIT,IMPORTLIMIT,MARGINALLOSS,EXPORTGENCONID,IMPORTGENCONID,FCASEXPORTLIMIT,FCASIMPORTLIMIT,LOCAL_PRICE_ADJUSTMENT_EXPORT,LOCALLY_CONSTRAINED_EXPORT,LOCAL_PRICE_ADJUSTMENT_IMPORT,LOCALLY_CONSTRAINED_IMPORT
D,DISPATCH,INTERCONNECTORRES,3,"2026/09/04 03:55:00",1,N-Q-MNSP1,20260903287,0,-50.19922,-49,4.46807,0,0,"2026/09/04 03:50:03",29.80078,-130.19922,0.83836,NQTE_ROC,QNTE_ROC,29.80078,-130.19922,0,0,0,0
D,DISPATCH,INTERCONNECTORRES,3,"2026/09/04 03:55:00",1,NSW1-QLD1,20260903287,0,-1104.78125,-1039.62387,93.1624,0,0,"2026/09/04 03:50:03",716.97079,-1134,0.82779,N::Q_BWMP_LDTW,F_Q++NIL_R6,2204,-2478,0,0,0,0
D,DISPATCH,INTERCONNECTORRES,3,"2026/09/04 03:55:00",1,T-V-MNSP1,20260903287,0,317.39844,321.27483,16.263,0,0,"2026/09/04 03:50:03",363.7,193.99922,1.08895,T^V_NIL_9,F_T++NIL_MRWF_TG_R6,630,-478,0,0,0,0
D,DISPATCH,INTERCONNECTORRES,3,"2026/09/04 03:55:00",1,V-S-MNSP1,20260903287,0,-21,-27,1.77782,0,0,"2026/09/04 03:50:03",-26.99999,-99.77539,0.92054,I_6F_SN_150,S>>MW2MW3_RBNW1,-26.99999,-99.77539,-1.83,1,0,0
D,DISPATCH,INTERCONNECTORRES,3,"2026/09/04 03:55:00",1,V-SA,20260903287,0,235.4375,191.25034,2.17671,0,0,"2026/09/04 03:50:03",525.75653,191.25034,1.03483,VS_HEY_600_TEST,I_6F_SN_150,1050,-1050,0,0,10.85,1
D,DISPATCH,INTERCONNECTORRES,3,"2026/09/04 03:55:00",1,VIC1-NSW1,20260903287,0,179.35234,224.63969,8.77237,0,0,"2026/09/04 03:50:03",792.64198,-138.96711,1.05771,V::N_NIL_V2,N^^V_CNCW_1,2399,-2299,0,0,0,0
I,DISPATCH,CONSTRAINT,5,SETTLEMENTDATE,RUNNO,CONSTRAINTID,DISPATCHINTERVAL,INTERVENTION,RHS,MARGINALVALUE,VIOLATIONDEGREE,LASTCHANGED,DUID,GENCONID_EFFECTIVEDATE,GENCONID_VERSIONNO,LHS
D,DISPATCH,CONSTRAINT,5,"2026/09/04 03:55:00",1,C_N_NESBESS_150_G,20260903287,0,150,0,0,"2026/09/04 03:50:03",,"2026/02/18 00:00:00",2,0
D,DISPATCH,CONSTRAINT,5,"2026/09/04 03:55:00",1,C_N_NESBESS_150_L,20260903287,0,-150,0,0,"2026/09/04 03:50:03",,"2026/02/18 00:00:00",2,0
D,DISPATCH,CONSTRAINT,5,"2026/09/04 03:55:00",1,C_N_QUORNP_019_L_H,20260903287,0,-19.8,0,0,"2026/09/04 03:50:03",,"2026/01/29 00:00:00",1,0
D,DISPATCH,CONSTRAINT,5,"2026/09/04 03:55:00",1,C_N_QUORNP_080_G_H,20260903287,0,80,0,0,"2026/09/04 03:50:03",,"2026/01/29 00:00:00",1,0
D,DISPATCH,CONSTRAINT,5,"2026/09/04 03:55:00",1,C_V_GPWFWST_557,20260903287,0,557,0,0,"2026/09/04 03:50:03",,"2026/02/02 00:00:00",1,0
D,DISPATCH,CONSTRAINT,5,"2026/09/04 03:55:00",1,DATASNAP_DFS_LS,20260903287,0,10044.18803,0,0,"2026/09/04 03:50:03",,"2018/04/13 00:00:00",1,-49
D,DISPATCH,CONSTRAINT,5,"2026/09/04 03:55:00",1,DATASNAP_DFS_NCAN,20260903287,0,10346.10562,0,0,"2026/09/04 03:50:03",,"2024/07/11 00:00:00",1,-49
D,DISPATCH,CONSTRAINT,5,"2026/09/04 03:55:00",1,DATASNAP_DFS_NCWEST,20260903287,0,10501.81088,0,0,"2026/09/04 03:50:03",,"2024/07/11 00:00:00",1,-49
D,DISPATCH,CONSTRAINT,5,"2026/09/04 03:55:00",1,DATASNAP_DFS_NNTH,20260903287,0,10519.60724,0,0,"2026/09/04 03:50:03",,"2024/07/11 00:00:00",1,-49
D,DISPATCH,CONSTRAINT,5,"2026/09/04 03:55:00",1,DATASNAP_DFS_NSYD,20260903287,0,13799.01538,0,0,"2026/09/04 03:50:03",,"2024/07/11 00:00:00",1,-49
D,DISPATCH,CONSTRAINT,5,"2026/09/04 03:55:00",1,DATASNAP_DFS_QCEN,20260903287,0,10882.66327,0,0,"2026/09/04 03:50:03",,"2024/07/11 00:00:00",1,-49
D,DISPATCH,CONSTRAINT,5,"2026/09/04 03:55:00",1,DATASNAP_DFS_QCIND,20260903287,0,10903.33673,0,0,"2026/09/04 03:50:03",,"2024/07/11 00:00:00",1,-49
D,DISPATCH,CONSTRAINT,5,"2026/09/04 03:55:00",1,DATASNAP_DFS_QFNQ,20260903287,0,10121.85346,0,0,"2026/09/04 03:50:03",,"2024/07/11 00:00:00",1,-49
D,DISPATCH,CONSTRAINT,5,"2026/09/04 03:55:00",1,DATASNAP_DFS_QNTH,20260903287,0,10466.72138,0,0,"2026/09/04 03:50:03",,"2024/07/11 00:00:00",1,-49
D,DISPATCH,CONSTRAINT,5,"2026/09/04 03:55:00",1,DATASNAP_DFS_QROSS,20260903287,0,10250.65213,0,0,"2026/09/04 03:50:03",,"2024/07/11 00:00:00",1,-49
D,DISPATCH,CONSTRAINT,5,"2026/09/04 03:55:00",1,DATASNAP_DFS_QSTHE,20260903287,0,11474.3833,0,0,"2026/09/04 03:50:03",,"2024/07/11 00:00:00",1,-49
D,DISPATCH,CONSTRAINT,5,"2026/09/04 03:55:00",1,DATASNAP_DFS_QSTHW,20260903287,0,11701.29053,0,0,"2026/09/04 03:50:03",,"2024/07/11 00:00:00",1,-49
D,DISPATCH,CONSTRAINT,5,"2026/09/04 03:55:00",1,DATASNAP_DFS_Q_BCCP,20260903287,0,10743.375,0,0,"2026/09/04 03:50:03",,"2015/12/16 00:00:00",1,-49
D,DISPATCH,CONSTRAINT,5,"2026/09/04 03:55:00",1,DATASNAP_DFS_Q_BCRG,20260903287,0,10789.78125,0,0,"2026/09/04 03:50:03",,"2015/12/16 00:00:00",1,-49
D,DISPATCH,CONSTRAINT,5,"2026/09/04 03:55:00",1,DATASNAP_DFS_Q_CLST,20260903287,0,10885.70313,0,0,"2026/09/04 03:50:03",,"2013/08/21 00:00:00",1,-49
D,DISPATCH,CONSTRAINT,5,"2026/09/04 03:55:00",1,DATASNAP_DFS_Q_CLWU,20260903287,0,10820.60938,0,0,"2026/09/04 03:50:03",,"2013/08/21 00:00:00",1,-49
D,DISPATCH,CONSTRAINT,5,"2026/09/04 03:55:00",1,DATASNAP_DFS_Q_LCCP,20260903287,0,10784.07813,0,0,"2026/09/04 03:50:03",,"2015/12/16 00:00:00",1,-49
D,DISPATCH,CONSTRAINT,5,"2026/09/04 03:55:00",1,DATASNAP_DFS_Q_RGLC,20260903287,0,10749.84375,0,0,"2026/09/04 03:50:03",,"2017/10/19 00:00:00",1,-49
D,DISPATCH,CONSTRAINT,5,"2026/09/04 03:55:00",1,DATASNAP_DFS_Q_TAMR,20260903287,0,10312.10156,0,0,"2026/09/04 03:50:03",,"2013/08/21 00:00:00",1,-49
D,DISPATCH,CONSTRAINT,5,"2026/09/04 03:55:00",1,DATASNAP_DFS_Q_TAMR2,20260903287,0,10312.10156,0,0,"2026/09/04 03:50:03",,"2017/10/19 00:00:00",1,-49
D,DISPATCH,CONSTRAINT,5,"2026/09/04 03:55:00",1,DATASNAP_DFS_SADL,20260903287,0,10727.67773,0,0,"2026/09/04 03:50:03",,"2024/07/11 00:00:00",1,-49
D,DISPATCH,CONSTRAINT,5,"2026/09/04 03:55:00",1,DATASNAP_DFS_SNTH,20260903287,0,10203.57506,0,0,"2026/09/04 03:50:03",,"2024/07/11 00:00:00",1,-49
D,DISPATCH,CONSTRAINT,5,"2026/09/04 03:55:00",1,DATASNAP_DFS_SRIV,20260903287,0,10038.97644,0,0,"2026/09/04 03:50:03",,"2024/07/11 00:00:00",1,-49
D,DISPATCH,CONSTRAINT,5,"2026/09/04 03:55:00",1,DATASNAP_DFS_SSE,20260903287,0,10083.3019,0,0,"2026/09/04 03:50:03",,"2024/07/11 00:00:00",1,-49
D,DISPATCH,CONSTRAINT,5,"2026/09/04 03:55:00",1,DATASNAP_DFS_SWNSW,20260903287,0,10382.95398,0,0,"2026/09/04 03:50:03",,"2024/07/11 00:00:00",1,-49
D,DISPATCH,CONSTRAINT,5,"2026/09/04 03:55:00",1,DATASNAP_DFS_TNTH,20260903287,0,10127.92318,0,0,"2026/09/04 03:50:03",,"2024/07/05 00:00:00",1,-49
D,DISPATCH,CONSTRAINT,5,"2026/09/04 03:55:00",1,DATASNAP_DFS_TNWEST,20260903287,0,10143.61755,0,0,"2026/09/04 03:50:03",,"2024/07/05 00:00:00",1,-49
D,DISPATCH,CONSTRAINT,5,"2026/09/04 03:55:00",1,DATASNAP_DFS_TWCST,20260903287,0,10060.18826,0,0,"2026/09/04 03:50:03",,"2024/07/05 00:00:00",1,-49
D,DISPATCH,CONSTRAINT,5,"2026/09/04 03:55:00",1,DATASNAP_DFS_T_FASH1,20260903287,0,10663.48438,0,0,"2026/09/04 03:50:03",,"2016/03/17 00:00:00",1,-49
D,DISPATCH,CONSTRAINT,5,"2026/09/04 03:55:00",1,DATASNAP_DFS_T_GOCS1,20260903287,0,10480.64063,0,0,"2026/09/04 03:50:03",,"2016/03/17 00:00:00",1,-49
D,DISPATCH,CONSTRAINT,5,"2026/09/04 03:55:00",1,DATASNAP_DFS_T_HAGT1,20260903287,0,10528.9375,0,0,"2026/09/04 03:50:03",,"2016/03/17 00:00:00",1,-49
D,DISPATCH,CONSTRAINT,5,"2026/09/04 03:55:00",1,DATASNAP_DFS_T_PMHA1,20260903287,0,10513.23438,0,0,"2026/09/04 03:50:03",,"2016/03/17 00:00:00",1,-49
D,DISPATCH,CONSTRAINT,5,"2026/09/04 03:55:00",1,DATASNAP_DFS_T_PMHA3,20260903287,0,10153.28516,0,0,"2026/09/04 03:50:03",,"2016/03/17 00:00:00",1,-49
D,DISPATCH,CONSTRAINT,5,"2026/09/04 03:55:00",1,DATASNAP_DFS_T_SHGT,20260903287,0,10645.90625,0,0,"2026/09/04 03:50:03",,"2013/08/21 00:00:00",1,-49
D,DISPATCH,CONSTRAINT,5,"2026/09/04 03:55:00",1,DATASNAP_DFS_T_SHPM,20260903287,0,10429.86719,0,0,"2026/09/04 03:50:03",,"2016/03/17 00:00:00",1,-49
D,DISPATCH,CONSTRAINT,5,"2026/09/04 03:55:00",1,DATASNAP_DFS_T_TATU,20260903287,0,10114.28125,0,0,"2026/09/04 03:50:03",,"2013/08/21 00:00:00",1,-49
D,DISPATCH,CONSTRAINT,5,"2026/09/04 03:55:00",1,DATASNAP_DFS_T_WALE,20260903287,0,10126.62695,0,0,"2026/09/04 03:50:03",,"2016/03/17 00:00:00",1,-49
D,DISPATCH,CONSTRAINT,5,"2026/09/04 03:55:00",1,DATASNAP_DFS_VIC_SG,20260903287,0,10673.49579,0,0,"2026/09/04 03:50:03",,"2024/07/05 00:00:00",1,-49
D,DISPATCH,CONSTRAINT,5,"2026/09/04 03:55:00",1,DATASNAP_DFS_VMEL,20260903287,0,13290.97266,0,0,"2026/09/04 03:50:03",,"2024/07/05 00:00:00",1,-49
D,DISPATCH,CONSTRAINT,5,"2026/09/04 03:55:00",1,DATASNAP_DFS_V_BABE,20260903287,0,10576.79688,0,0,"2026/09/04 03:50:03",,"2013/08/21 00:00:00",1,-49
D,DISPATCH,CONSTRAINT,5,"2026/09/04 03:55:00",1,DATASNAP_N_AR_LS_TE,20260903287,0,10260.78024,0,0,"2026/09/04 03:50:03",,"2025/03/26 00:00:00",1,-49
D,DISPATCH,CONSTRAINT,5,"2026/09/04 03:55:00",1,DATASNAP_N_MUSW,20260903287,0,10142.95262,0,0,"2026/09/04 03:50:03",,"2025/03/26 00:00:00",1,-49
D,DISPATCH,CONSTRAINT,5,"2026/09/04 03:55:00",1,DATASNAP_N_TAM,20260903287,0,10085.70724,0,0,"2026/09/04 03:50:03",,"2025/03/26 00:00:00",1,-49
D,DISPATCH,CONSTRAINT,5,"2026/09/04 03:55:00",1,DATASNAP_PDID_1,20260903287,0,10001,0,0,"2026/09/04 03:50:03",,"2018/04/13 00:00:00",1,-49
D,DISPATCH,CONSTRAINT,5,"2026/09/04 03:55:00",1,DATASNAP_PDID_2,20260903287,0,10001,0,0,"2026/09/04 03:50:03",,"2025/12/19 00:00:00",1,-49
D,DISPATCH,CONSTRAINT,5,"2026/09/04 03:55:00",1,DATASNAP_PV_NSW,20260903287,0,10000,0,0,"2026/09/04 03:50:03",,"2022/09/05 00:00:00",1,-49
D,DISPATCH,CONSTRAINT,5,"2026/09/04 03:55:00",1,DATASNAP_PV_QLDCEN,20260903287,0,10000,0,0,"2026/09/04 03:50:03",,"2022/09/05 00:00:00",1,-49
D,DISPATCH,CONSTRAINT,5,"2026/09/04 03:55:00",1,DATASNAP_PV_QLDNORTH,20260903287,0,10000,0,0,"2026/09/04 03:50:03",,"2022/09/05 00:00:00",1,-49
D,DISPATCH,CONSTRAINT,5,"2026/09/04 03:55:00",1,DATASNAP_PV_QLDSOUTH,20260903287,0,10000,0,0,"2026/09/04 03:50:03",,"2022/09/05 00:00:00",1,-49
D,DISPATCH,CONSTRAINT,5,"2026/09/04 03:55:00",1,DATASNAP_PV_SA,20260903287,0,10000,0,0,"2026/09/04 03:50:03",,"2022/09/05 00:00:00",1,-49
D,DISPATCH,CONSTRAINT,5,"2026/09/04 03:55:00",1,DATASNAP_PV_TASNORTH,20260903287,0,10000,0,0,"2026/09/04 03:50:03",,"2022/09/05 00:00:00",1,-49
D,DISPATCH,CONSTRAINT,5,"2026/09/04 03:55:00",1,DATASNAP_PV_TASSOUTH,20260903287,0,10000,0,0,"2026/09/04 03:50:03",,"2022/09/05 00:00:00",1,-49
D,DISPATCH,CONSTRAINT,5,"2026/09/04 03:55:00",1,DATASNAP_PV_VIC,20260903287,0,10000,0,0,"2026/09/04 03:50:03",,"2022/09/05 00:00:00",1,-49
D,DISPATCH,CONSTRAINT,5,"2026/09/04 03:55:00",1,DATASNAP_TE_967_1,20260903287,0,10015.4,0,0,"2026/09/04 03:50:03",,"2024/07/11 00:00:00",1,-49
D,DISPATCH,CONSTRAINT,5,"2026/09/04 03:55:00",1,DATA_MMS_ALERT1,20260903287,0,10274,0,0,"2026/09/04 03:50:03",,"2026/08/14 00:00:00",1,-49
D,DISPATCH,CONSTRAINT,5,"2026/09/04 03:55:00",1,DSNAP_BU_PST1_TAP,20260903287,0,10026.99982,0,0,"2026/09/04 03:50:03",,"2026/08/05 00:00:00",1,-49
D,DISPATCH,CONSTRAINT,5,"2026/09/04 03:55:00",1,DSNAP_BU_PST2_TAP,20260903287,0,10026.99982,0,0,"2026/09/04 03:50:03",,"2026/08/05 00:00:00",1,-49
D,DISPATCH,CONSTRAINT,5,"2026/09/04 03:55:00",1,DSNAP_BU_PST3_ANG,20260903287,0,9975.00046,0,0,"2026/09/04 03:50:03",,"2026/08/05 00:00:00",1,-49
D,DISPATCH,CONSTRAINT,5,"2026/09/04 03:55:00",1,DSNAP_BU_PST3_TAP,20260903287,0,10026.99982,0,0,"2026/09/04 03:50:03",,"2026/08/05 00:00:00",1,-49
D,DISPATCH,CONSTRAINT,5,"2026/09/04 03:55:00",1,DSNAP_BU_PST4_TAP,20260903287,0,10026.99982,0,0,"2026/09/04 03:50:03",,"2026/08/05 00:00:00",1,-49
D,DISPATCH,CONSTRAINT,5,"2026/09/04 03:55:00",1,DSNAP_BU_PST5_TAP,20260903287,0,10026.99982,0,0,"2026/09/04 03:50:03",,"2026/08/05 00:00:00",1,-49
D,DISPATCH,CONSTRAINT,5,"2026/09/04 03:55:00",1,DSNAP_DFS_N_ARTW,20260903287,0,11329.40625,0,0,"2026/09/04 03:50:03",,"2024/10/11 00:00:00",1,-49
D,DISPATCH,CONSTRAINT,5,"2026/09/04 03:55:00",1,DSNAP_DFS_N_AVMN,20260903287,0,11242,0,0,"2026/09/04 03:50:03",,"2024/10/11 00:00:00",1,-49
D,DISPATCH,CONSTRAINT,5,"2026/09/04 03:55:00",1,DSNAP_DFS_N_BYCR,20260903287,0,11410,0,0,"2026/09/04 03:50:03",,"2024/10/11 00:00:00",1,-49
D,DISPATCH,CONSTRAINT,5,"2026/09/04 03:55:00",1,DSNAP_DFS_N_BYSW,20260903287,0,11429,0,0,"2026/09/04 03:50:03",,"2024/03/13 00:00:00",1,-49
D,DISPATCH,CONSTRAINT,5,"2026/09/04 03:55:00",1,DSNAP_DFS_N_CNYS,20260903287,0,11343.96875,0,0,"2026/09/04 03:50:03",,"2024/10/11 00:00:00",1,-49
D,DISPATCH,CONSTRAINT,5,"2026/09/04 03:55:00",1,DSNAP_DFS_N_DTMN,20260903287,0,11242,0,0,"2026/09/04 03:50:03",,"2024/10/11 00:00:00",1,-49
D,DISPATCH,CONSTRAINT,5,"2026/09/04 03:55:00",1,DSNAP_DFS_N_LDTW,20260903287,0,11666,0,0,"2026/09/04 03:50:03",,"2024/10/11 00:00:00",1,-49
D,DISPATCH,CONSTRAINT,5,"2026/09/04 03:55:00",1,DSNAP_DFS_N_LTMS,20260903287,0,11225,0,0,"2026/09/04 03:50:03",,"2024/10/11 00:00:00",1,-49
D,DISPATCH,CONSTRAINT,5,"2026/09/04 03:55:00",1,DSNAP_DFS_N_MNYS,20260903287,0,11360.4375,0,0,"2026/09/04 03:50:03",,"2024/10/11 00:00:00",1,-49
D,DISPATCH,CONSTRAINT,5,"2026/09/04 03:55:00",1,DSNAP_DFS_N_MSUT,20260903287,0,11225,0,0,"2026/09/04 03:50:03",,"2024/10/11 00:00:00",1,-49
D,DISPATCH,CONSTRAINT,5,"2026/09/04 03:55:00",1,DSNAP_DFS_N_TWUL,20260903287,0,11387,0,0,"2026/09/04 03:50:03",,"2024/10/11 00:00:00",1,-49
D,DISPATCH,CONSTRAINT,5,"2026/09/04 03:55:00",1,DSNAP_DFS_V_BABE_5M,20260903287,0,10641.35864,0,0,"2026/09/04 03:50:03",,"2024/07/05 00:00:00",1,-49
D,DISPATCH,CONSTRAINT,5,"2026/09/04 03:55:00",1,DSNAP_DFS_V_BAML,20260903287,0,10560.26563,0,0,"2026/09/04 03:50:03",,"2014/05/19 00:00:00",1,-49
D,DISPATCH,CONSTRAINT,5,"2026/09/04 03:55:00",1,DSNAP_DFS_V_BAML_5M,20260903287,0,10621.09961,0,0,"2026/09/04 03:50:03",,"2024/07/05 00:00:00",1,-49
D,DISPATCH,CONSTRAINT,5,"2026/09/04 03:55:00",1,DSNAP_DFS_V_DDMB,20260903287,0,10584.73438,0,0,"2026/09/04 03:50:03",,"2014/05/19 00:00:00",1,-49
D,DISPATCH,CONSTRAINT,5,"2026/09/04 03:55:00",1,DSNAP_DFS_V_DDMS,20260903287,0,11411.53125,0,0,"2026/09/04 03:50:03",,"2019/01/29 00:00:00",1,-49
D,DISPATCH,CONSTRAINT,5,"2026/09/04 03:55:00",1,DSNAP_DFS_V_DDSM,20260903287,0,11441.28125,0,0,"2026/09/04 03:50:03",,"2014/05/19 00:00:00",1,-49
D,DISPATCH,CONSTRAINT,5,"2026/09/04 03:55:00",1,DSNAP_DFS_V_EPTT,20260903287,0,10873.34375,0,0,"2026/09/04 03:50:03",,"2024/10/11 00:00:00",1,-49
D,DISPATCH,CONSTRAINT,5,"2026/09/04 03:55:00",1,DSNAP_DFS_V_MLGT1,20260903287,0,10968.82813,0,0,"2026/09/04 03:50:03",,"2024/10/11 00:00:00",1,-49
D,DISPATCH,CONSTRAINT,5,"2026/09/04 03:55:00",1,DSNAP_DFS_V_MLGT2,20260903287,0,11025.21875,0,0,"2026/09/04 03:50:03",,"2024/10/11 00:00:00",1,-49
D,DISPATCH,CONSTRAINT,5,"2026/09/04 03:55:00",1,DSNAP_DFS_V_ROYP,20260903287,0,10547.45313,0,0,"2026/09/04 03:50:03",,"2014/05/19 00:00:00",1,-49
D,DISPATCH,CONSTRAINT,5,"2026/09/04 03:55:00",1,DSNAP_INFO_NSW_INER,20260903287,0,33954.72052,0,0,"2026/09/04 03:50:03",,"2024/07/01 00:00:00",1,-49
D,DISPATCH,CONSTRAINT,5,"2026/09/04 03:55:00",1,DSNAP_INFO_QLD_INER,20260903287,0,34264.151,0,0,"2026/09/04 03:50:03",,"2024/07/01 00:00:00",1,-49
D,DISPATCH,CONSTRAINT,5,"2026/09/04 03:55:00",1,DSNAP_INFO_SA_INER,20260903287,0,18607.89566,0,0,"2026/09/04 03:50:03",,"2024/07/01 00:00:00",1,-49
D,DISPATCH,CONSTRAINT,5,"2026/09/04 03:55:00",1,DSNAP_INFO_SA_SYNCON,20260903287,0,10004,0,0,"2026/09/04 03:50:03",,"2024/07/11 00:00:00",1,-49
D,DISPATCH,CONSTRAINT,5,"2026/09/04 03:55:00",1,DSNAP_INFO_TAS_INER,20260903287,0,15334.7702,0,0,"2026/09/04 03:50:03",,"2024/07/01 00:00:00",1,-49
D,DISPATCH,CONSTRAINT,5,"2026/09/04 03:55:00",1,DSNAP_INFO_TNTH_INER,20260903287,0,13465.78026,0,0,"2026/09/04 03:50:03",,"2024/07/01 00:00:00",1,-49
D,DISPATCH,CONSTRAINT,5,"2026/09/04 03:55:00",1,DSNAP_INFO_VIC_INER,20260903287,0,24863.79967,0,0,"2026/09/04 03:50:03",,"2024/07/01 00:00:00",1,-49
D,DISPATCH,CONSTRAINT,5,"2026/09/04 03:55:00",1,DSNAP_LLHS_1,20260903287,0,9723.89465,0,0,"2026/09/04 03:50:03",,"2026/08/31 00:00:00",1,-49
D,DISPATCH,CONSTRAINT,5,"2026/09/04 03:55:00",1,DSNAP_LLHS_2,20260903287,0,9611.15273,0,0,"2026/09/04 03:50:03",,"2026/08/31 00:00:00",1,-49
D,DISPATCH,CONSTRAINT,5,"2026/09/04 03:55:00",1,DSNAP_LRHS_1,20260903287,0,9785.44773,0,0,"2026/09/04 03:50:03",,"2026/09/02 00:00:00",1,-49
D,DISPATCH,CONSTRAINT,5,"2026/09/04 03:55:00",1,DSNAP_LRHS_2,20260903287,0,9660.80131,0,0,"2026/09/04 03:50:03",,"2026/09/02 00:00:00",1,-49
D,DISPATCH,CONSTRAINT,5,"2026/09/04 03:55:00",1,DSNAP_MLGT_MLGT_CONT,20260903287,0,12478.70923,0,0,"2026/09/04 03:50:03",,"2026/07/30 00:00:00",1,591.03438
D,DISPATCH,CONSTRAINT,5,"2026/09/04 03:55:00",1,DSNAP_MLGT_MLGT_HC,20260903287,0,12478.70923,0,0,"2026/09/04 03:50:03",,"2026/07/30 00:00:00",1,591.03438
D,DISPATCH,CONSTRAINT,5,"2026/09/04 03:55:00",1,DSNAP_MLGT_MLGT_LB,20260903287,0,12478.24162,0,0,"2026/09/04 03:50:03",,"2026/07/30 00:00:00",1,591.20905
D,DISPATCH,CONSTRAINT,5,"2026/09/04 03:55:00",1,DSNAP_MLNK_RAT_LIM,20260903287,0,10264,0,0,"2026/09/04 03:50:03",,"2026/05/13 00:00:00",1,-27
D,DISPATCH,CONSTRAINT,5,"2026/09/04 03:55:00",1,DSNAP_N::N_NIL_LTWG,20260903287,0,10964.55901,0,0,"2026/09/04 03:50:03",,"2026/07/04 00:00:00",1,44.15759
D,DISPATCH,CONSTRAINT,5,"2026/09/04 03:55:00",1,DSNAP_N>>NIL_85_86_S,20260903287,0,11725.35054,0,0,"2026/09/04 03:50:03",,"2025/08/04 00:00:00",1,1125.42498
D,DISPATCH,CONSTRAINT,5,"2026/09/04 03:55:00",1,DSNAP_N>>NIL_86_85_S,20260903287,0,11674.05026,0,0,"2026/09/04 03:50:03",,"2025/08/04 00:00:00",1,1140.2496
D,DISPATCH,CONSTRAINT,5,"2026/09/04 03:55:00",1,DSNAP_N_MSL_BESS_CHG,20260903287,0,-10226,0,0,"2026/09/04 03:50:03",,"2026/08/17 00:00:00",1,33.82221
D,DISPATCH,CONSTRAINT,5,"2026/09/04 03:55:00",1,DSNAP_Q>>MITUM,20260903287,0,13190.66256,0,0,"2026/09/04 03:50:03",,"2025/05/29 00:00:00",1,1145.46915
D,DISPATCH,CONSTRAINT,5,"2026/09/04 03:55:00",1,DSNAP_Q>WOCY_1,20260903287,0,11821.59742,0,0,"2026/09/04 03:50:03",,"2026/01/08 00:00:00",2,1750.67436
D,DISPATCH,CONSTRAINT,5,"2026/09/04 03:55:00",1,DSNAP_Q>WOGP,20260903287,0,12113.48849,0,0,"2026/09/04 03:50:03",,"2025/05/29 00:00:00",1,1750.3578
D,DISPATCH,CONSTRAINT,5,"2026/09/04 03:55:00",1,DSNAP_Q^^NIL_TR_CLHA,20260903287,0,17245.9719,0,0,"2026/09/04 03:50:03",,"2025/12/24 00:00:00",2,3670.3629
D,DISPATCH,CONSTRAINT,5,"2026/09/04 03:55:00",1,DSNAP_Q^^NIL_TR_TRBK,20260903287,0,17383.07775,0,0,"2026/09/04 03:50:03",,"2025/12/24 00:00:00",2,3906.87979
D,DISPATCH,CONSTRAINT,5,"2026/09/04 03:55:00",1,DSNAP_Q_BKSP838,20260903287,0,10762,0,0,"2026/09/04 03:50:03",,"2022/07/04 00:00:00",1,-49
D,DISPATCH,CONSTRAINT,5,"2026/09/04 03:55:00",1,DSNAP_Q_MSL_BESS_CHG,20260903287,0,-10079,0,0,"2026/09/04 03:50:03",,"2026/08/17 00:00:00",1,-53
D,DISPATCH,CONSTRAINT,5,"2026/09/04 03:55:00",1,DSNAP_Q_TR_1500,20260903287,0,14024.29923,0,0,"2026/09/04 03:50:03",,"2025/12/24 00:00:00",2,3685.60079
D,DISPATCH,CONSTRAINT,5,"2026/09/04 03:55:00",1,DSNAP_RACOMIL_GEN,20260903287,0,10000,0,0,"2026/09/04 03:50:03",,"2025/04/29 00:00:00",1,-49
D,DISPATCH,CONSTRAINT,5,"2026/09/04 03:55:00",1,DSNAP_SVML,20260903287,0,10264,0,0,"2026/09/04 03:50:03",,"2023/04/26 00:00:00",1,27
D,DISPATCH,CONSTRAINT,5,"2026/09/04 03:55:00",1,DSNAP_S_MSL_BESS_CHG,20260903287,0,-10063,0,0,"2026/09/04 03:50:03",,"2026/08/17 00:00:00",1,-20
D,DISPATCH,CONSTRAINT,5,"2026/09/04 03:55:00",1,DSNAP_TABMILL2_GEN,20260903287,0,10016.7,0,0,"2026/09/04 03:50:03",,"2025/04/29 00:00:00",1,-49
D,DISPATCH,CONSTRAINT,5,"2026/09/04 03:55:00",1,DSNAP_T_TV_BL_DYN,20260903287,0,10630,0,0,"2026/09/04 03:50:03",,"2025/12/19 00:00:00",1,321.27483
D,DISPATCH,CONSTRAINT,5,"2026/09/04 03:55:00",1,DSNAP_T_VT_BL_DYN,20260903287,0,10478,0,0,"2026/09/04 03:50:03",,"2025/12/19 00:00:00",1,-321.27483
D,DISPATCH,CONSTRAINT,5,"2026/09/04 03:55:00",1,DSNAP_VS_600_TEST,20260903287,0,10489.70127,0,0,"2026/09/04 03:50:03",,"2026/07/04 00:00:00",1,155.19507
D,DISPATCH,CONSTRAINT,5,"2026/09/04 03:55:00",1,DSNAP_V^^_NIL_SWVIC1,20260903287,0,11817.86748,0,0,"2026/09/04 03:50:03",,"2026/07/04 00:00:00",1,202.96512
D,DISPATCH,CONSTRAINT,5,"2026/09/04 03:55:00",1,DSNAP_V^^_NIL_SWVIC2,20260903287,0,11836.81208,0,0,"2026/09/04 03:50:03",,"2026/07/04 00:00:00",1,202.96512
D,DISPATCH,CONSTRAINT,5,"2026/09/04 03:55:00",1,DSNAP_V^^_NIL_SWVIC3,20260903287,0,11896.11502,0,0,"2026/09/04 03:50:03",,"2026/07/04 00:00:00",1,202.96512
D,DISPATCH,CONSTRAINT,5,"2026/09/04 03:55:00",1,DSNAP_V^^_NIL_SWVIC4,20260903287,0,11908.41689,0,0,"2026/09/04 03:50:03",,"2026/07/04 00:00:00",1,202.96512
D,DISPATCH,CONSTRAINT,5,"2026/09/04 03:55:00",1,DSNAP_V_MSL_BESS_CHG,20260903287,0,-10144,0,0,"2026/09/04 03:50:03",,"2026/08/17 00:00:00",1,-254
D,DISPATCH,CONSTRAINT,5,"2026/09/04 03:55:00",1,D_I+BIP_ML2_L1,20260903287,0,-10000,0,0,"2026/09/04 03:50:03",,"2025/02/17 00:00:00",1,39.3459
D,DISPATCH,CONSTRAINT,5,"2026/09/04 03:55:00",1,D_I+NIL_MG2_R1,20260903287,0,-9675.85316,0,0,"2026/09/04 03:50:03",,"2025/02/17 00:00:00",1,396.07662
D,DISPATCH,CONSTRAINT,5,"2026/09/04 03:55:00",1,D_NIL_SNOW_N+S_100,20260903287,0,20000,0,0,"2026/09/04 03:50:03",,"2025/12/24 00:00:00",1,59.63307
D,DISPATCH,CONSTRAINT,5,"2026/09/04 03:55:00",1,D_Q+BIP_ML_L1,20260903287,0,-9844.37249,0,0,"2026/09/04 03:50:03",,"2025/12/02 00:00:00",1,0
D,DISPATCH,CONSTRAINT,5,"2026/09/04 03:55:00",1,D_Q+BIP_ML_L6,20260903287,0,-9679.28445,0,0,"2026/09/04 03:50:03",,"2025/12/03 00:00:00",1,45
D,DISPATCH,CONSTRAINT,5,"2026/09/04 03:55:00",1,D_T+NIL_BB_TG_R1,20260903287,0,-9976.37997,0,0,"2026/09/04 03:50:03",,"2025/02/17 00:00:00",1,0
D,DISPATCH,CONSTRAINT,5,"2026/09/04 03:55:00",1,D_T+NIL_MG_R1,20260903287,0,-9962.2107,0,0,"2026/09/04 03:50:03",,"2025/02/17 00:00:00",1,0
D,DISPATCH,CONSTRAINT,5,"2026/09/04 03:55:00",1,D_T+NIL_ML_L1,20260903287,0,-10000,0,0,"2026/09/04 03:50:03",,"2025/02/17 00:00:00",1,0
D,DISPATCH,CONSTRAINT,5,"2026/09/04 03:55:00",1,D_T+NIL_ML_RECL_L1,20260903287,0,-10000,0,0,"2026/09/04 03:50:03",,"2025/02/17 00:00:00",1,0
D,DISPATCH,CONSTRAINT,5,"2026/09/04 03:55:00",1,D_T+NIL_TL_L1_DS,20260903287,0,-19942.11536,0,0,"2026/09/04 03:50:03",,"2025/02/17 00:00:00",1,0
D,DISPATCH,CONSTRAINT,5,"2026/09/04 03:55:00",1,D_T+NIL_WF_TG_R1,20260903287,0,-9945.39872,0,0,"2026/09/04 03:50:03",,"2025/02/17 00:00:00",1,0
D,DISPATCH,CONSTRAINT,5,"2026/09/04 03:55:00",1,D_V_HEYWOOD_OFGS_1,20260903287,0,10556.55346,0,0,"2026/09/04 03:50:03",,"2025/12/11 00:00:00",1,-191.25034
D,DISPATCH,CONSTRAINT,5,"2026/09/04 03:55:00",1,D_V_HEYWOOD_OFGS_2,20260903287,0,10571.71739,0,0,"2026/09/04 03:50:03",,"2025/12/11 00:00:00",1,-191.25034
D,DISPATCH,CONSTRAINT,5,"2026/09/04 03:55:00",1,D_V_HEYWOOD_OFGS_3,20260903287,0,10575.50329,0,0,"2026/09/04 03:50:03",,"2025/12/11 00:00:00",1,-191.25034
D,DISPATCH,CONSTRAINT,5,"2026/09/04 03:55:00",1,F_I+BIP_ML_L1,20260903287,0,39.3459,0,0,"2026/09/04 03:50:03",,"2024/09/09 00:00:00",1,39.3459
D,DISPATCH,CONSTRAINT,5,"2026/09/04 03:55:00",1,F_I+BIP_ML_L5,20260903287,0,348.02065,0,0,"2026/09/04 03:50:03",,"2024/07/11 00:00:00",1,551.57065
D,DISPATCH,CONSTRAINT,5,"2026/09/04 03:55:00",1,F_I+BIP_ML_L6,20260903287,0,283.54891,0,0,"2026/09/04 03:50:03",,"2024/07/11 00:00:00",1,395.0022
D,DISPATCH,CONSTRAINT,5,"2026/09/04 03:55:00",1,F_I+BIP_ML_L60,20260903287,0,283.54891,0,0,"2026/09/04 03:50:03",,"2024/07/11 00:00:00",1,487.0989
D,DISPATCH,CONSTRAINT,5,"2026/09/04 03:55:00",1,F_I+GFT_TG_R1,20260903287,0,0,0,0,"2026/09/04 03:50:03",,"2025/02/17 00:00:00",1,396.07662
D,DISPATCH,CONSTRAINT,5,"2026/09/04 03:55:00",1,F_I+GFT_TG_R5,20260903287,0,-22.14548,0,0,"2026/09/04 03:50:03",,"2026/03/27 00:00:00",1,620.71449
D,DISPATCH,CONSTRAINT,5,"2026/09/04 03:55:00",1,F_I+GFT_TG_R6,20260903287,0,-178.71393,0,0,"2026/09/04 03:50:03",,"2026/03/27 00:00:00",1,556.24274
D,DISPATCH,CONSTRAINT,5,"2026/09/04 03:55:00",1,F_I+GFT_TG_R60,20260903287,0,-86.61723,0,0,"2026/09/04 03:50:03",,"2026/03/27 00:00:00",1,556.24274
D,DISPATCH,CONSTRAINT,5,"2026/09/04 03:55:00",1,F_I+LREG_0210,20260903287,0,210,0.36,0,"2026/09/04 03:50:03",,"2022/08/11 00:00:00",1,210
D,DISPATCH,CONSTRAINT,5,"2026/09/04 03:55:00",1,F_I+MREH_TG_R1,20260903287,0,0,0,0,"2026/09/04 03:50:03",,"2025/10/30 00:00:00",1,396.07662
D,DISPATCH,CONSTRAINT,5,"2026/09/04 03:55:00",1,F_I+MREH_TG_R5,20260903287,0,-27.62934,0,0,"2026/09/04 03:50:03",,"2025/10/30 00:00:00",1,897.34374
D,DISPATCH,CONSTRAINT,5,"2026/09/04 03:55:00",1,F_I+MREH_TG_R6,20260903287,0,-184.19779,0,0,"2026/09/04 03:50:03",,"2025/10/30 00:00:00",1,832.87199
D,DISPATCH,CONSTRAINT,5,"2026/09/04 03:55:00",1,F_I+MREH_TG_R60,20260903287,0,-92.10109,0,0,"2026/09/04 03:50:03",,"2025/10/30 00:00:00",1,832.87199
D,DISPATCH,CONSTRAINT,5,"2026/09/04 03:55:00",1,F_I+NIL_APD_TL_L1,20260903287,0,0,0,0,"2026/09/04 03:50:03",,"2024/09/09 00:00:00",1,39.3459
D,DISPATCH,CONSTRAINT,5,"2026/09/04 03:55:00",1,F_I+NIL_APD_TL_L5,20260903287,0,551.57065,0.01,0,"2026/09/04 03:50:03",,"2024/07/11 00:00:00",1,551.57065
D,DISPATCH,CONSTRAINT,5,"2026/09/04 03:55:00",1,F_I+NIL_APD_TL_L6,20260903287,0,395.0022,0.01,0,"2026/09/04 03:50:03",,"2024/07/11 00:00:00",1,395.0022
D,DISPATCH,CONSTRAINT,5,"2026/09/04 03:55:00",1,F_I+NIL_APD_TL_L60,20260903287,0,487.0989,0.01,0,"2026/09/04 03:50:03",,"2024/07/11 00:00:00",1,487.0989
D,DISPATCH,CONSTRAINT,5,"2026/09/04 03:55:00",1,F_I+NIL_ERB_TL_L1,20260903287,0,0,0,0,"2026/09/04 03:50:03",,"2025/11/06 00:00:00",1,39.3459
D,DISPATCH,CONSTRAINT,5,"2026/09/04 03:55:00",1,F_I+NIL_ERB_TL_L5,20260903287,0,-27.62934,0,0,"2026/09/04 03:50:03",,"2025/11/06 00:00:00",1,547.57065
D,DISPATCH,CONSTRAINT,5,"2026/09/04 03:55:00",1,F_I+NIL_ERB_TL_L6,20260903287,0,-184.19779,0,0,"2026/09/04 03:50:03",,"2025/11/06 00:00:00",1,391.0022
D,DISPATCH,CONSTRAINT,5,"2026/09/04 03:55:00",1,F_I+NIL_ERB_TL_L60,20260903287,0,-92.10109,0,0,"2026/09/04 03:50:03",,"2025/11/06 00:00:00",1,483.0989
D,DISPATCH,CONSTRAINT,5,"2026/09/04 03:55:00",1,F_I+NIL_LDBES_TL_L1,20260903287,0,0,0,0,"2026/09/04 03:50:03",,"2026/03/19 00:00:00",1,39.3459
D,DISPATCH,CONSTRAINT,5,"2026/09/04 03:55:00",1,F_I+NIL_LDBES_TL_L5,20260903287,0,-27.62934,0,0,"2026/09/04 03:50:03",,"2026/03/19 00:00:00",1,551.57065
D,DISPATCH,CONSTRAINT,5,"2026/09/04 03:55:00",1,F_I+NIL_LDBES_TL_L6,20260903287,0,-184.19779,0,0,"2026/09/04 03:50:03",,"2026/03/19 00:00:00",1,395.0022
D,DISPATCH,CONSTRAINT,5,"2026/09/04 03:55:00",1,F_I+NIL_LDBES_TL_L60,20260903287,0,-92.10109,0,0,"2026/09/04 03:50:03",,"2026/03/19 00:00:00",1,487.0989
D,DISPATCH,CONSTRAINT,5,"2026/09/04 03:55:00",1,F_I+NIL_MG_R1,20260903287,0,396.07662,0.02,0,"2026/09/04 03:50:03",,"2025/02/17 00:00:00",1,396.07662
D,DISPATCH,CONSTRAINT,5,"2026/09/04 03:55:00",1,F_I+NIL_MG_R5,20260903287,0,671.34374,0.01,0,"2026/09/04 03:50:03",,"2022/08/11 00:00:00",1,671.34374
D,DISPATCH,CONSTRAINT,5,"2026/09/04 03:55:00",1,F_I+NIL_MG_R6,20260903287,0,606.87199,0.05,0,"2026/09/04 03:50:03",,"2022/08/11 00:00:00",1,606.87199
D,DISPATCH,CONSTRAINT,5,"2026/09/04 03:55:00",1,F_I+NIL_MG_R60,20260903287,0,606.87199,0.04,0,"2026/09/04 03:50:03",,"2022/08/11 00:00:00",1,606.87199
D,DISPATCH,CONSTRAINT,5,"2026/09/04 03:55:00",1,F_I+NIL_MREH_TL_L1,20260903287,0,0,0,0,"2026/09/04 03:50:03",,"2025/10/30 00:00:00",1,39.3459
D,DISPATCH,CONSTRAINT,5,"2026/09/04 03:55:00",1,F_I+NIL_MREH_TL_L5,20260903287,0,-27.62934,0,0,"2026/09/04 03:50:03",,"2025/10/30 00:00:00",1,325.57065
D,DISPATCH,CONSTRAINT,5,"2026/09/04 03:55:00",1,F_I+NIL_MREH_TL_L6,20260903287,0,-184.19779,0,0,"2026/09/04 03:50:03",,"2025/10/30 00:00:00",1,169.0022
D,DISPATCH,CONSTRAINT,5,"2026/09/04 03:55:00",1,F_I+NIL_MREH_TL_L60,20260903287,0,-92.10109,0,0,"2026/09/04 03:50:03",,"2025/10/30 00:00:00",1,261.0989
D,DISPATCH,CONSTRAINT,5,"2026/09/04 03:55:00",1,F_I+RREG_0220,20260903287,0,220,0,0,"2026/09/04 03:50:03",,"2022/08/11 00:00:00",1,220
D,DISPATCH,CONSTRAINT,5,"2026/09/04 03:55:00",1,F_I+TTS_TG_R1,20260903287,0,0,0,0,"2026/09/04 03:50:03",,"2025/02/17 00:00:00",1,396.07662
D,DISPATCH,CONSTRAINT,5,"2026/09/04 03:55:00",1,F_I+TTS_TG_R5,20260903287,0,-27.62934,0,0,"2026/09/04 03:50:03",,"2022/08/11 00:00:00",1,646.91144
D,DISPATCH,CONSTRAINT,5,"2026/09/04 03:55:00",1,F_I+TTS_TG_R6,20260903287,0,-184.19779,0,0,"2026/09/04 03:50:03",,"2022/08/11 00:00:00",1,582.43969
D,DISPATCH,CONSTRAINT,5,"2026/09/04 03:55:00",1,F_I+TTS_TG_R60,20260903287,0,-92.10109,0,0,"2026/09/04 03:50:03",,"2022/08/11 00:00:00",1,582.43969
D,DISPATCH,CONSTRAINT,5,"2026/09/04 03:55:00",1,F_MAIN++APD_TL_L1,20260903287,0,50,0,0,"2026/09/04 03:50:03",,"2024/09/09 00:00:00",1,360.62073
D,DISPATCH,CONSTRAINT,5,"2026/09/04 03:55:00",1,F_MAIN++APD_TL_L5,20260903287,0,601.57098,0,0,"2026/09/04 03:50:03",,"2024/07/11 00:00:00",1,822.84548
D,DISPATCH,CONSTRAINT,5,"2026/09/04 03:55:00",1,F_MAIN++APD_TL_L6,20260903287,0,445.00658,0,0,"2026/09/04 03:50:03",,"2024/07/11 00:00:00",1,716.27703
D,DISPATCH,CONSTRAINT,5,"2026/09/04 03:55:00",1,F_MAIN++APD_TL_L60,20260903287,0,537.10328,0,0,"2026/09/04 03:50:03",,"2024/07/11 00:00:00",1,808.37373
D,DISPATCH,CONSTRAINT,5,"2026/09/04 03:55:00",1,F_MAIN++BIP_ML_L1,20260903287,0,108.46891,0,0,"2026/09/04 03:50:03",,"2024/09/09 00:00:00",1,360.62073
D,DISPATCH,CONSTRAINT,5,"2026/09/04 03:55:00",1,F_MAIN++BIP_ML_L5,20260903287,0,398.02098,0,0,"2026/09/04 03:50:03",,"2024/07/11 00:00:00",1,822.84548
D,DISPATCH,CONSTRAINT,5,"2026/09/04 03:55:00",1,F_MAIN++BIP_ML_L6,20260903287,0,333.55329,0,0,"2026/09/04 03:50:03",,"2024/07/11 00:00:00",1,716.27703
D,DISPATCH,CONSTRAINT,5,"2026/09/04 03:55:00",1,F_MAIN++BIP_ML_L60,20260903287,0,333.55329,0,0,"2026/09/04 03:50:03",,"2024/07/11 00:00:00",1,808.37373
D,DISPATCH,CONSTRAINT,5,"2026/09/04 03:55:00",1,F_MAIN++ERB_TL_L1,20260903287,0,50,0,0,"2026/09/04 03:50:03",,"2025/11/06 00:00:00",1,360.62073
D,DISPATCH,CONSTRAINT,5,"2026/09/04 03:55:00",1,F_MAIN++ERB_TL_L5,20260903287,0,22.37099,0,0,"2026/09/04 03:50:03",,"2025/11/06 00:00:00",1,818.84548
D,DISPATCH,CONSTRAINT,5,"2026/09/04 03:55:00",1,F_MAIN++ERB_TL_L6,20260903287,0,-134.19341,0,0,"2026/09/04 03:50:03",,"2025/11/06 00:00:00",1,712.27703
D,DISPATCH,CONSTRAINT,5,"2026/09/04 03:55:00",1,F_MAIN++ERB_TL_L60,20260903287,0,-42.0967,0,0,"2026/09/04 03:50:03",,"2025/11/06 00:00:00",1,804.37373
D,DISPATCH,CONSTRAINT,5,"2026/09/04 03:55:00",1,F_MAIN++GFT_TG_R1,20260903287,0,-630,0,0,"2026/09/04 03:50:03",,"2025/10/28 00:00:00",2,74.80179
D,DISPATCH,CONSTRAINT,5,"2026/09/04 03:55:00",1,F_MAIN++GFT_TG_R5,20260903287,0,-652.14515,0,0,"2026/09/04 03:50:03",,"2026/03/27 00:00:00",1,249.43966
D,DISPATCH,CONSTRAINT,5,"2026/09/04 03:55:00",1,F_MAIN++GFT_TG_R6,20260903287,0,-808.70955,0,0,"2026/09/04 03:50:03",,"2026/03/27 00:00:00",1,234.96791
D,DISPATCH,CONSTRAINT,5,"2026/09/04 03:55:00",1,F_MAIN++GFT_TG_R60,20260903287,0,-716.61284,0,0,"2026/09/04 03:50:03",,"2026/03/27 00:00:00",1,234.96791
D,DISPATCH,CONSTRAINT,5,"2026/09/04 03:55:00",1,F_MAIN++LDBES_TL_L1,20260903287,0,50,0,0,"2026/09/04 03:50:03",,"2026/03/19 00:00:00",1,360.62073
D,DISPATCH,CONSTRAINT,5,"2026/09/04 03:55:00",1,F_MAIN++LDBES_TL_L5,20260903287,0,22.37099,0,0,"2026/09/04 03:50:03",,"2026/03/19 00:00:00",1,822.84548
D,DISPATCH,CONSTRAINT,5,"2026/09/04 03:55:00",1,F_MAIN++LDBES_TL_L6,20260903287,0,-134.19341,0,0,"2026/09/04 03:50:03",,"2026/03/19 00:00:00",1,716.27703
D,DISPATCH,CONSTRAINT,5,"2026/09/04 03:55:00",1,F_MAIN++LDBES_TL_L60,20260903287,0,-42.0967,0,0,"2026/09/04 03:50:03",,"2026/03/19 00:00:00",1,808.37373
D,DISPATCH,CONSTRAINT,5,"2026/09/04 03:55:00",1,F_MAIN++LREG_0210,20260903287,0,260,0,0,"2026/09/04 03:50:03",,"2019/05/16 00:00:00",1,481.27483
D,DISPATCH,CONSTRAINT,5,"2026/09/04 03:55:00",1,F_MAIN++MREH_TG_R1,20260903287,0,-630,0,0,"2026/09/04 03:50:03",,"2025/10/30 00:00:00",1,74.80179
D,DISPATCH,CONSTRAINT,5,"2026/09/04 03:55:00",1,F_MAIN++MREH_TG_R5,20260903287,0,-657.62901,0,0,"2026/09/04 03:50:03",,"2025/10/30 00:00:00",1,526.06891
D,DISPATCH,CONSTRAINT,5,"2026/09/04 03:55:00",1,F_MAIN++MREH_TG_R6,20260903287,0,-814.19341,0,0,"2026/09/04 03:50:03",,"2025/10/30 00:00:00",1,511.59716
D,DISPATCH,CONSTRAINT,5,"2026/09/04 03:55:00",1,F_MAIN++MREH_TG_R60,20260903287,0,-722.0967,0,0,"2026/09/04 03:50:03",,"2025/10/30 00:00:00",1,511.59716
D,DISPATCH,CONSTRAINT,5,"2026/09/04 03:55:00",1,F_MAIN++MREH_TL_L1,20260903287,0,50,0,0,"2026/09/04 03:50:03",,"2025/10/30 00:00:00",1,360.62073
D,DISPATCH,CONSTRAINT,5,"2026/09/04 03:55:00",1,F_MAIN++MREH_TL_L5,20260903287,0,22.37099,0,0,"2026/09/04 03:50:03",,"2025/10/30 00:00:00",1,596.84548
D,DISPATCH,CONSTRAINT,5,"2026/09/04 03:55:00",1,F_MAIN++MREH_TL_L6,20260903287,0,-134.19341,0,0,"2026/09/04 03:50:03",,"2025/10/30 00:00:00",1,490.27703
D,DISPATCH,CONSTRAINT,5,"2026/09/04 03:55:00",1,F_MAIN++MREH_TL_L60,20260903287,0,-42.0967,0,0,"2026/09/04 03:50:03",,"2025/10/30 00:00:00",1,582.37373
D,DISPATCH,CONSTRAINT,5,"2026/09/04 03:55:00",1,F_MAIN++NIL_BL_L5,20260903287,0,-10157.62901,0,0,"2026/09/04 03:50:03",,"2013/08/21 00:00:00",1,822.84548
D,DISPATCH,CONSTRAINT,5,"2026/09/04 03:55:00",1,F_MAIN++NIL_BL_L6,20260903287,0,-10184.19341,0,0,"2026/09/04 03:50:03",,"2013/08/21 00:00:00",1,716.27703
D,DISPATCH,CONSTRAINT,5,"2026/09/04 03:55:00",1,F_MAIN++NIL_BL_L60,20260903287,0,-10092.0967,0,0,"2026/09/04 03:50:03",,"2013/08/21 00:00:00",1,808.37373
D,DISPATCH,CONSTRAINT,5,"2026/09/04 03:55:00",1,F_MAIN++NIL_BL_R5,20260903287,0,-157.62911,0,0,"2026/09/04 03:50:03",,"2013/08/21 00:00:00",1,300.06891
D,DISPATCH,CONSTRAINT,5,"2026/09/04 03:55:00",1,F_MAIN++NIL_BL_R6,20260903287,0,-184.19351,0,0,"2026/09/04 03:50:03",,"2013/08/21 00:00:00",1,285.59716
D,DISPATCH,CONSTRAINT,5,"2026/09/04 03:55:00",1,F_MAIN++NIL_BL_R60,20260903287,0,-92.0968,0,0,"2026/09/04 03:50:03",,"2013/08/21 00:00:00",1,285.59716
D,DISPATCH,CONSTRAINT,5,"2026/09/04 03:55:00",1,F_MAIN++NIL_MG_R1,20260903287,0,-201.80487,0,0,"2026/09/04 03:50:03",,"2025/02/17 00:00:00",1,74.80179
D,DISPATCH,CONSTRAINT,5,"2026/09/04 03:55:00",1,F_MAIN++NIL_MG_R5,20260903287,0,41.34407,0,0,"2026/09/04 03:50:03",,"2013/08/21 00:00:00",1,300.06891
D,DISPATCH,CONSTRAINT,5,"2026/09/04 03:55:00",1,F_MAIN++NIL_MG_R6,20260903287,0,-23.12362,0,0,"2026/09/04 03:50:03",,"2013/08/21 00:00:00",1,285.59716
D,DISPATCH,CONSTRAINT,5,"2026/09/04 03:55:00",1,F_MAIN++NIL_MG_R60,20260903287,0,-23.12362,0,0,"2026/09/04 03:50:03",,"2013/08/21 00:00:00",1,285.59716
D,DISPATCH,CONSTRAINT,5,"2026/09/04 03:55:00",1,F_MAIN++RREG_0220,20260903287,0,-410,0,0,"2026/09/04 03:50:03",,"2019/05/16 00:00:00",1,-151.27483
D,DISPATCH,CONSTRAINT,5,"2026/09/04 03:55:00",1,F_MAIN++TTS_TG_R1,20260903287,0,-630,0,0,"2026/09/04 03:50:03",,"2025/10/28 00:00:00",2,74.80179
D,DISPATCH,CONSTRAINT,5,"2026/09/04 03:55:00",1,F_MAIN++TTS_TG_R5,20260903287,0,-657.62901,0,0,"2026/09/04 03:50:03",,"2020/12/04 00:00:00",1,275.63661
D,DISPATCH,CONSTRAINT,5,"2026/09/04 03:55:00",1,F_MAIN++TTS_TG_R6,20260903287,0,-814.19341,0,0,"2026/09/04 03:50:03",,"2020/12/04 00:00:00",1,261.16486
D,DISPATCH,CONSTRAINT,5,"2026/09/04 03:55:00",1,F_MAIN++TTS_TG_R60,20260903287,0,-722.0967,0,0,"2026/09/04 03:50:03",,"2020/12/04 00:00:00",1,261.16486
D,DISPATCH,CONSTRAINT,5,"2026/09/04 03:55:00",1,F_MAIN+APD_TL_L1,20260903287,0,-10000,0,0,"2026/09/04 03:50:03",,"2024/09/09 00:00:00",1,39.3459
D,DISPATCH,CONSTRAINT,5,"2026/09/04 03:55:00",1,F_MAIN+APD_TL_L5,20260903287,0,-9448.42902,0,0,"2026/09/04 03:50:03",,"2024/07/11 00:00:00",1,501.57065
D,DISPATCH,CONSTRAINT,5,"2026/09/04 03:55:00",1,F_MAIN+APD_TL_L6,20260903287,0,-9604.99342,0,0,"2026/09/04 03:50:03",,"2024/07/11 00:00:00",1,395.0022
D,DISPATCH,CONSTRAINT,5,"2026/09/04 03:55:00",1,F_MAIN+APD_TL_L60,20260903287,0,-9512.89672,0,0,"2026/09/04 03:50:03",,"2024/07/11 00:00:00",1,487.0989
D,DISPATCH,CONSTRAINT,5,"2026/09/04 03:55:00",1,F_MAIN+BIP_ML_L1,20260903287,0,-9941.53109,0,0,"2026/09/04 03:50:03",,"2024/09/09 00:00:00",1,39.3459
D,DISPATCH,CONSTRAINT,5,"2026/09/04 03:55:00",1,F_MAIN+BIP_ML_L5,20260903287,0,-9651.97902,0,0,"2026/09/04 03:50:03",,"2024/07/11 00:00:00",1,501.57065
D,DISPATCH,CONSTRAINT,5,"2026/09/04 03:55:00",1,F_MAIN+BIP_ML_L6,20260903287,0,-9716.44671,0,0,"2026/09/04 03:50:03",,"2024/07/11 00:00:00",1,395.0022
D,DISPATCH,CONSTRAINT,5,"2026/09/04 03:55:00",1,F_MAIN+BIP_ML_L60,20260903287,0,-9716.44671,0,0,"2026/09/04 03:50:03",,"2024/07/11 00:00:00",1,487.0989
D,DISPATCH,CONSTRAINT,5,"2026/09/04 03:55:00",1,F_MAIN+ERB_TL_L1,20260903287,0,-10000,0,0,"2026/09/04 03:50:03",,"2025/11/06 00:00:00",1,39.3459
D,DISPATCH,CONSTRAINT,5,"2026/09/04 03:55:00",1,F_MAIN+ERB_TL_L5,20260903287,0,-10027.62901,0,0,"2026/09/04 03:50:03",,"2025/11/06 00:00:00",1,497.57065
D,DISPATCH,CONSTRAINT,5,"2026/09/04 03:55:00",1,F_MAIN+ERB_TL_L6,20260903287,0,-10184.19341,0,0,"2026/09/04 03:50:03",,"2025/11/06 00:00:00",1,391.0022
D,DISPATCH,CONSTRAINT,5,"2026/09/04 03:55:00",1,F_MAIN+ERB_TL_L60,20260903287,0,-10092.0967,0,0,"2026/09/04 03:50:03",,"2025/11/06 00:00:00",1,483.0989
D,DISPATCH,CONSTRAINT,5,"2026/09/04 03:55:00",1,F_MAIN+GFT_TG_R1,20260903287,0,-10000,0,0,"2026/09/04 03:50:03",,"2025/10/28 00:00:00",1,396.07662
D,DISPATCH,CONSTRAINT,5,"2026/09/04 03:55:00",1,F_MAIN+GFT_TG_R5,20260903287,0,-10022.14515,0,0,"2026/09/04 03:50:03",,"2026/03/27 00:00:00",1,570.71449
D,DISPATCH,CONSTRAINT,5,"2026/09/04 03:55:00",1,F_MAIN+GFT_TG_R6,20260903287,0,-10178.70955,0,0,"2026/09/04 03:50:03",,"2026/03/27 00:00:00",1,556.24274
D,DISPATCH,CONSTRAINT,5,"2026/09/04 03:55:00",1,F_MAIN+GFT_TG_R60,20260903287,0,-10086.61284,0,0,"2026/09/04 03:50:03",,"2026/03/27 00:00:00",1,556.24274
D,DISPATCH,CONSTRAINT,5,"2026/09/04 03:55:00",1,F_MAIN+LDBES_TL_L1,20260903287,0,-10000,0,0,"2026/09/04 03:50:03",,"2026/03/19 00:00:00",1,39.3459
D,DISPATCH,CONSTRAINT,5,"2026/09/04 03:55:00",1,F_MAIN+LDBES_TL_L5,20260903287,0,-10027.62901,0,0,"2026/09/04 03:50:03",,"2026/03/19 00:00:00",1,501.57065
D,DISPATCH,CONSTRAINT,5,"2026/09/04 03:55:00",1,F_MAIN+LDBES_TL_L6,20260903287,0,-10184.19341,0,0,"2026/09/04 03:50:03",,"2026/03/19 00:00:00",1,395.0022
D,DISPATCH,CONSTRAINT,5,"2026/09/04 03:55:00",1,F_MAIN+LDBES_TL_L60,20260903287,0,-10092.0967,0,0,"2026/09/04 03:50:03",,"2026/03/19 00:00:00",1,487.0989
D,DISPATCH,CONSTRAINT,5,"2026/09/04 03:55:00",1,F_MAIN+LREG_0210,20260903287,0,-9790,0,0,"2026/09/04 03:50:03",,"2019/05/16 00:00:00",1,160
D,DISPATCH,CONSTRAINT,5,"2026/09/04 03:55:00",1,F_MAIN+MREH_TG_R1,20260903287,0,-10000,0,0,"2026/09/04 03:50:03",,"2025/10/30 00:00:00",1,396.07662
D,DISPATCH,CONSTRAINT,5,"2026/09/04 03:55:00",1,F_MAIN+MREH_TG_R5,20260903287,0,-10027.62901,0,0,"2026/09/04 03:50:03",,"2025/10/30 00:00:00",1,847.34374
D,DISPATCH,CONSTRAINT,5,"2026/09/04 03:55:00",1,F_MAIN+MREH_TG_R6,20260903287,0,-10184.19341,0,0,"2026/09/04 03:50:03",,"2025/10/30 00:00:00",1,832.87199
D,DISPATCH,CONSTRAINT,5,"2026/09/04 03:55:00",1,F_MAIN+MREH_TG_R60,20260903287,0,-10092.0967,0,0,"2026/09/04 03:50:03",,"2025/10/30 00:00:00",1,832.87199
D,DISPATCH,CONSTRAINT,5,"2026/09/04 03:55:00",1,F_MAIN+MREH_TL_L1,20260903287,0,-10000,0,0,"2026/09/04 03:50:03",,"2025/10/30 00:00:00",1,39.3459
D,DISPATCH,CONSTRAINT,5,"2026/09/04 03:55:00",1,F_MAIN+MREH_TL_L5,20260903287,0,-10027.62901,0,0,"2026/09/04 03:50:03",,"2025/10/30 00:00:00",1,275.57065
D,DISPATCH,CONSTRAINT,5,"2026/09/04 03:55:00",1,F_MAIN+MREH_TL_L6,20260903287,0,-10184.19341,0,0,"2026/09/04 03:50:03",,"2025/10/30 00:00:00",1,169.0022
D,DISPATCH,CONSTRAINT,5,"2026/09/04 03:55:00",1,F_MAIN+MREH_TL_L60,20260903287,0,-10092.0967,0,0,"2026/09/04 03:50:03",,"2025/10/30 00:00:00",1,261.0989
D,DISPATCH,CONSTRAINT,5,"2026/09/04 03:55:00",1,F_MAIN+NIL_BL_L1,20260903287,0,-10000,0,0,"2026/09/04 03:50:03",,"2024/09/09 00:00:00",1,39.3459
D,DISPATCH,CONSTRAINT,5,"2026/09/04 03:55:00",1,F_MAIN+NIL_BL_R1,20260903287,0,-0.0001,0,0,"2026/09/04 03:50:03",,"2025/02/17 00:00:00",1,396.07662
D,DISPATCH,CONSTRAINT,5,"2026/09/04 03:55:00",1,F_MAIN+NIL_MG_R1,20260903287,0,-9571.80487,0,0,"2026/09/04 03:50:03",,"2025/02/17 00:00:00",1,396.07662
D,DISPATCH,CONSTRAINT,5,"2026/09/04 03:55:00",1,F_MAIN+NIL_MG_R5,20260903287,0,-9328.65593,0,0,"2026/09/04 03:50:03",,"2013/08/21 00:00:00",1,621.34374
D,DISPATCH,CONSTRAINT,5,"2026/09/04 03:55:00",1,F_MAIN+NIL_MG_R6,20260903287,0,-9393.12362,0,0,"2026/09/04 03:50:03",,"2013/08/21 00:00:00",1,606.87199
D,DISPATCH,CONSTRAINT,5,"2026/09/04 03:55:00",1,F_MAIN+NIL_MG_R60,20260903287,0,-9393.12362,0,0,"2026/09/04 03:50:03",,"2013/08/21 00:00:00",1,606.87199
D,DISPATCH,CONSTRAINT,5,"2026/09/04 03:55:00",1,F_MAIN+RREG_0220,20260903287,0,-9780,0,0,"2026/09/04 03:50:03",,"2019/05/16 00:00:00",1,170
D,DISPATCH,CONSTRAINT,5,"2026/09/04 03:55:00",1,F_MAIN+TTS_TG_R1,20260903287,0,-10000,0,0,"2026/09/04 03:50:03",,"2025/10/28 00:00:00",1,396.07662
D,DISPATCH,CONSTRAINT,5,"2026/09/04 03:55:00",1,F_MAIN+TTS_TG_R5,20260903287,0,-10027.62901,0,0,"2026/09/04 03:50:03",,"2020/12/04 00:00:00",1,596.91144
D,DISPATCH,CONSTRAINT,5,"2026/09/04 03:55:00",1,F_MAIN+TTS_TG_R6,20260903287,0,-10184.19341,0,0,"2026/09/04 03:50:03",,"2020/12/04 00:00:00",1,582.43969
D,DISPATCH,CONSTRAINT,5,"2026/09/04 03:55:00",1,F_MAIN+TTS_TG_R60,20260903287,0,-10092.0967,0,0,"2026/09/04 03:50:03",,"2020/12/04 00:00:00",1,582.43969
D,DISPATCH,CONSTRAINT,5,"2026/09/04 03:55:00",1,F_Q++NIL_R1,20260903287,0,1390,0,0,"2026/09/04 03:50:03",,"2026/01/08 00:00:00",1,1115.62387
D,DISPATCH,CONSTRAINT,5,"2026/09/04 03:55:00",1,F_Q++NIL_R5,20260903287,0,1332,0,0,"2026/09/04 03:50:03",,"2026/01/08 00:00:00",1,1154.62387
D,DISPATCH,CONSTRAINT,5,"2026/09/04 03:55:00",1,F_Q++NIL_R6,20260903287,0,1390,0,0,"2026/09/04 03:50:03",,"2026/01/08 00:00:00",1,1295.62387
D,DISPATCH,CONSTRAINT,5,"2026/09/04 03:55:00",1,F_Q++NIL_R60,20260903287,0,1390,0,0,"2026/09/04 03:50:03",,"2026/01/08 00:00:00",1,1241.47199
D,DISPATCH,CONSTRAINT,5,"2026/09/04 03:55:00",1,F_T++GTTE_TL_L5,20260903287,0,-697.31074,0,0,"2026/09/04 03:50:03",,"2023/09/18 00:00:00",1,-271.27483
D,DISPATCH,CONSTRAINT,5,"2026/09/04 03:55:00",1,F_T++GTTE_TL_L6,20260903287,0,-647.31479,0,0,"2026/09/04 03:50:03",,"2023/09/18 00:00:00",1,-321.27483
D,DISPATCH,CONSTRAINT,5,"2026/09/04 03:55:00",1,F_T++GTTE_TL_L60,20260903287,0,-647.31479,0,0,"2026/09/04 03:50:03",,"2023/09/18 00:00:00",1,-321.27483
D,DISPATCH,CONSTRAINT,5,"2026/09/04 03:55:00",1,F_T++NIL_BB_TG_R5,20260903287,0,-0.00033,0,0,"2026/09/04 03:50:03",,"2024/07/11 00:00:00",1,371.27483
D,DISPATCH,CONSTRAINT,5,"2026/09/04 03:55:00",1,F_T++NIL_BB_TG_R6,20260903287,0,49.99562,0,0,"2026/09/04 03:50:03",,"2024/07/11 00:00:00",1,321.27483
D,DISPATCH,CONSTRAINT,5,"2026/09/04 03:55:00",1,F_T++NIL_BB_TG_R60,20260903287,0,49.99562,0,0,"2026/09/04 03:50:03",,"2024/07/11 00:00:00",1,321.27483
D,DISPATCH,CONSTRAINT,5,"2026/09/04 03:55:00",1,F_T++NIL_BLSPS_L5,20260903287,0,-10050.00053,0,0,"2026/09/04 03:50:03",,"2023/09/18 00:00:00",1,-271.27483
D,DISPATCH,CONSTRAINT,5,"2026/09/04 03:55:00",1,F_T++NIL_BLSPS_L6,20260903287,0,-10000.00459,0,0,"2026/09/04 03:50:03",,"2023/09/18 00:00:00",1,-321.27483
D,DISPATCH,CONSTRAINT,5,"2026/09/04 03:55:00",1,F_T++NIL_BLSPS_L60,20260903287,0,-10000.00459,0,0,"2026/09/04 03:50:03",,"2023/09/18 00:00:00",1,-321.27483
D,DISPATCH,CONSTRAINT,5,"2026/09/04 03:55:00",1,F_T++NIL_BLSPS_R5,20260903287,0,-20050.00043,0,0,"2026/09/04 03:50:03",,"2023/09/18 00:00:00",1,371.27483
D,DISPATCH,CONSTRAINT,5,"2026/09/04 03:55:00",1,F_T++NIL_BLSPS_R6,20260903287,0,-20000.00449,0,0,"2026/09/04 03:50:03",,"2023/09/18 00:00:00",1,321.27483
D,DISPATCH,CONSTRAINT,5,"2026/09/04 03:55:00",1,F_T++NIL_BLSPS_R60,20260903287,0,-20000.00449,0,0,"2026/09/04 03:50:03",,"2023/09/18 00:00:00",1,321.27483
D,DISPATCH,CONSTRAINT,5,"2026/09/04 03:55:00",1,F_T++NIL_CHWF_TG_R6,20260903287,0,49.99562,0,0,"2026/09/04 03:50:03",,"2025/06/23 00:00:00",1,187.04601
D,DISPATCH,CONSTRAINT,5,"2026/09/04 03:55:00",1,F_T++NIL_GHWF_TG_R6,20260903287,0,49.99562,0,0,"2026/09/04 03:50:03",,"2025/06/23 00:00:00",1,236.76883
D,DISPATCH,CONSTRAINT,5,"2026/09/04 03:55:00",1,F_T++NIL_MG_R5,20260903287,0,113.37202,0,0,"2026/09/04 03:50:03",,"2023/09/14 00:00:00",1,371.27483
D,DISPATCH,CONSTRAINT,5,"2026/09/04 03:55:00",1,F_T++NIL_MG_R6,20260903287,0,163.36796,0,0,"2026/09/04 03:50:03",,"2023/09/14 00:00:00",1,321.27483
D,DISPATCH,CONSTRAINT,5,"2026/09/04 03:55:00",1,F_T++NIL_MG_R60,20260903287,0,163.36796,0,0,"2026/09/04 03:50:03",,"2023/09/14 00:00:00",1,321.27483
D,DISPATCH,CONSTRAINT,5,"2026/09/04 03:55:00",1,F_T++NIL_ML_L5,20260903287,0,-579.46369,0,0,"2026/09/04 03:50:03",,"2024/07/11 00:00:00",1,-271.27483
D,DISPATCH,CONSTRAINT,5,"2026/09/04 03:55:00",1,F_T++NIL_ML_L6,20260903287,0,-529.46774,0,0,"2026/09/04 03:50:03",,"2024/07/11 00:00:00",1,-321.27483
D,DISPATCH,CONSTRAINT,5,"2026/09/04 03:55:00",1,F_T++NIL_ML_L60,20260903287,0,-529.46774,0,0,"2026/09/04 03:50:03",,"2024/07/11 00:00:00",1,-321.27483
D,DISPATCH,CONSTRAINT,5,"2026/09/04 03:55:00",1,F_T++NIL_ML_RECL_L5,20260903287,0,-621.16163,0,0,"2026/09/04 03:50:03",,"2025/01/07 00:00:00",1,-271.27483
D,DISPATCH,CONSTRAINT,5,"2026/09/04 03:55:00",1,F_T++NIL_ML_RECL_L6,20260903287,0,-571.16569,0,0,"2026/09/04 03:50:03",,"2025/01/07 00:00:00",1,-321.27483
D,DISPATCH,CONSTRAINT,5,"2026/09/04 03:55:00",1,F_T++NIL_ML_RECL_L60,20260903287,0,-571.16569,0,0,"2026/09/04 03:50:03",,"2025/01/07 00:00:00",1,-321.27483
D,DISPATCH,CONSTRAINT,5,"2026/09/04 03:55:00",1,F_T++NIL_MRWF_TG_R6,20260903287,0,49.99562,0,0,"2026/09/04 03:50:03",,"2025/06/23 00:00:00",1,177.27123
D,DISPATCH,CONSTRAINT,5,"2026/09/04 03:55:00",1,F_T++NIL_TL_L5_DS,20260903287,0,-10526.15119,0,0,"2026/09/04 03:50:03",,"2024/07/11 00:00:00",1,-271.27483
D,DISPATCH,CONSTRAINT,5,"2026/09/04 03:55:00",1,F_T++NIL_TL_L60_DS,20260903287,0,-10476.15525,0,0,"2026/09/04 03:50:03",,"2024/07/11 00:00:00",1,-321.27483
D,DISPATCH,CONSTRAINT,5,"2026/09/04 03:55:00",1,F_T++NIL_TL_L6_DS,20260903287,0,-10476.15525,0,0,"2026/09/04 03:50:03",,"2024/07/11 00:00:00",1,-321.27483
D,DISPATCH,CONSTRAINT,5,"2026/09/04 03:55:00",1,F_T++NIL_WF_TG_R5,20260903287,0,143.99967,0,0,"2026/09/04 03:50:03",,"2023/09/14 00:00:00",1,371.27483
D,DISPATCH,CONSTRAINT,5,"2026/09/04 03:55:00",1,F_T++NIL_WF_TG_R60,20260903287,0,193.99562,0,0,"2026/09/04 03:50:03",,"2023/09/14 00:00:00",1,321.27483
D,DISPATCH,CONSTRAINT,5,"2026/09/04 03:55:00",1,F_T++NIL_WNWF_TG_R6,20260903287,0,165.66561,0,0,"2026/09/04 03:50:03",,"2025/06/23 00:00:00",1,321.27483
D,DISPATCH,CONSTRAINT,5,"2026/09/04 03:55:00",1,F_T+GTTE_TL_L5,20260903287,0,-10067.31074,0,0,"2026/09/04 03:50:03",,"2023/09/18 00:00:00",1,50
D,DISPATCH,CONSTRAINT,5,"2026/09/04 03:55:00",1,F_T+GTTE_TL_L6,20260903287,0,-10017.31479,0,0,"2026/09/04 03:50:03",,"2023/09/18 00:00:00",1,0
D,DISPATCH,CONSTRAINT,5,"2026/09/04 03:55:00",1,F_T+GTTE_TL_L60,20260903287,0,-10017.31479,0,0,"2026/09/04 03:50:03",,"2023/09/18 00:00:00",1,0
D,DISPATCH,CONSTRAINT,5,"2026/09/04 03:55:00",1,F_T+LREG_0050,20260903287,0,50,1.23,0,"2026/09/04 03:50:03",,"2023/04/05 00:00:00",1,50
D,DISPATCH,CONSTRAINT,5,"2026/09/04 03:55:00",1,F_T+NIL_BB_TG_R5,20260903287,0,-10050.00033,0,0,"2026/09/04 03:50:03",,"2024/07/11 00:00:00",1,50
D,DISPATCH,CONSTRAINT,5,"2026/09/04 03:55:00",1,F_T+NIL_BB_TG_R6,20260903287,0,-10000.00439,0,0,"2026/09/04 03:50:03",,"2024/07/11 00:00:00",1,0
D,DISPATCH,CONSTRAINT,5,"2026/09/04 03:55:00",1,F_T+NIL_BB_TG_R60,20260903287,0,-10000.00439,0,0,"2026/09/04 03:50:03",,"2024/07/11 00:00:00",1,0
D,DISPATCH,CONSTRAINT,5,"2026/09/04 03:55:00",1,F_T+NIL_CHWF_TG_R6,20260903287,0,-10000.00439,0,0,"2026/09/04 03:50:03",,"2025/06/23 00:00:00",1,-134.22882
D,DISPATCH,CONSTRAINT,5,"2026/09/04 03:55:00",1,F_T+NIL_FCSPS_R5,20260903287,0,-10015.00033,0,0,"2026/09/04 03:50:03",,"2025/05/27 00:00:00",1,50
D,DISPATCH,CONSTRAINT,5,"2026/09/04 03:55:00",1,F_T+NIL_FCSPS_R6,20260903287,0,-9965.00439,0,0,"2026/09/04 03:50:03",,"2025/05/27 00:00:00",1,0
D,DISPATCH,CONSTRAINT,5,"2026/09/04 03:55:00",1,F_T+NIL_FCSPS_R60,20260903287,0,-9965.00439,0,0,"2026/09/04 03:50:03",,"2025/05/27 00:00:00",1,0
D,DISPATCH,CONSTRAINT,5,"2026/09/04 03:55:00",1,F_T+NIL_GHWF_TG_R6,20260903287,0,-10000.00439,0,0,"2026/09/04 03:50:03",,"2025/06/23 00:00:00",1,-84.506
D,DISPATCH,CONSTRAINT,5,"2026/09/04 03:55:00",1,F_T+NIL_MG_R5,20260903287,0,-9936.62798,0,0,"2026/09/04 03:50:03",,"2023/09/14 00:00:00",1,50
D,DISPATCH,CONSTRAINT,5,"2026/09/04 03:55:00",1,F_T+NIL_MG_R6,20260903287,0,-9886.63204,0,0,"2026/09/04 03:50:03",,"2023/09/14 00:00:00",1,0
D,DISPATCH,CONSTRAINT,5,"2026/09/04 03:55:00",1,F_T+NIL_MG_R60,20260903287,0,-9886.63204,0,0,"2026/09/04 03:50:03",,"2023/09/14 00:00:00",1,0
D,DISPATCH,CONSTRAINT,5,"2026/09/04 03:55:00",1,F_T+NIL_ML_L5,20260903287,0,-9949.46369,0,0,"2026/09/04 03:50:03",,"2024/07/11 00:00:00",1,50
D,DISPATCH,CONSTRAINT,5,"2026/09/04 03:55:00",1,F_T+NIL_ML_L6,20260903287,0,-9899.46774,0,0,"2026/09/04 03:50:03",,"2024/07/11 00:00:00",1,0
D,DISPATCH,CONSTRAINT,5,"2026/09/04 03:55:00",1,F_T+NIL_ML_L60,20260903287,0,-9899.46774,0,0,"2026/09/04 03:50:03",,"2024/07/11 00:00:00",1,0
D,DISPATCH,CONSTRAINT,5,"2026/09/04 03:55:00",1,F_T+NIL_ML_RECL_L5,20260903287,0,-9991.16163,0,0,"2026/09/04 03:50:03",,"2025/01/07 00:00:00",1,50
D,DISPATCH,CONSTRAINT,5,"2026/09/04 03:55:00",1,F_T+NIL_ML_RECL_L6,20260903287,0,-9941.16569,0,0,"2026/09/04 03:50:03",,"2025/01/07 00:00:00",1,0
D,DISPATCH,CONSTRAINT,5,"2026/09/04 03:55:00",1,F_T+NIL_ML_RECL_L60,20260903287,0,-9941.16569,0,0,"2026/09/04 03:50:03",,"2025/01/07 00:00:00",1,0
D,DISPATCH,CONSTRAINT,5,"2026/09/04 03:55:00",1,F_T+NIL_MRWF_TG_R6,20260903287,0,-10000.00439,0,0,"2026/09/04 03:50:03",,"2025/06/23 00:00:00",1,-144.0036
D,DISPATCH,CONSTRAINT,5,"2026/09/04 03:55:00",1,F_T+NIL_TL_L5_DS,20260903287,0,-19896.15119,0,0,"2026/09/04 03:50:03",,"2024/07/11 00:00:00",1,50
D,DISPATCH,CONSTRAINT,5,"2026/09/04 03:55:00",1,F_T+NIL_TL_L60_DS,20260903287,0,-19846.15525,0,0,"2026/09/04 03:50:03",,"2024/07/11 00:00:00",1,0
D,DISPATCH,CONSTRAINT,5,"2026/09/04 03:55:00",1,F_T+NIL_TL_L6_DS,20260903287,0,-19846.15525,0,0,"2026/09/04 03:50:03",,"2024/07/11 00:00:00",1,0
D,DISPATCH,CONSTRAINT,5,"2026/09/04 03:55:00",1,F_T+NIL_WF_TG_R5,20260903287,0,-9906.00033,0,0,"2026/09/04 03:50:03",,"2023/09/14 00:00:00",1,50
D,DISPATCH,CONSTRAINT,5,"2026/09/04 03:55:00",1,F_T+NIL_WF_TG_R60,20260903287,0,-9856.00439,0,0,"2026/09/04 03:50:03",,"2023/09/14 00:00:00",1,0
D,DISPATCH,CONSTRAINT,5,"2026/09/04 03:55:00",1,F_T+NIL_WNWF_TG_R6,20260903287,0,-9884.33439,0,0,"2026/09/04 03:50:03",,"2025/06/23 00:00:00",1,0
D,DISPATCH,CONSTRAINT,5,"2026/09/04 03:55:00",1,F_T+RREG_0050,20260903287,0,50,4.45,0,"2026/09/04 03:50:03",,"2023/04/05 00:00:00",1,50
D,DISPATCH,CONSTRAINT,5,"2026/09/04 03:55:00",1,F_TASCAP_LREG_0210,20260903287,0,160,0,0,"2026/09/04 03:50:03",,"2019/05/16 00:00:00",1,160
D,DISPATCH,CONSTRAINT,5,"2026/09/04 03:55:00",1,F_TASCAP_RREG_0220,20260903287,0,170,2.57,0,"2026/09/04 03:50:03",,"2019/05/16 00:00:00",1,170
D,DISPATCH,CONSTRAINT,5,"2026/09/04 03:55:00",1,F_T_NIL_MINP_R6,20260903287,0,0,0,0,"2026/09/04 03:50:03",,"2026/05/01 00:00:00",1,0
D,DISPATCH,CONSTRAINT,5,"2026/09/04 03:55:00",1,I_6F_NS_150,20260903287,0,1286.29252,0,0,"2026/09/04 03:50:03",,"2026/07/04 00:00:00",1,286.83529
D,DISPATCH,CONSTRAINT,5,"2026/09/04 03:55:00",1,I_6F_SN_150,20260903287,0,-160.07088,-10.84932,0,"2026/09/04 03:50:03",,"2026/02/27 00:00:00",1,-160.07088
D,DISPATCH,CONSTRAINT,5,"2026/09/04 03:55:00",1,N::N_CNCW_1,20260903287,0,1342.34762,0,0,"2026/09/04 03:50:03",,"2026/07/30 00:00:00",1,-382.85017
D,DISPATCH,CONSTRAINT,5,"2026/09/04 03:55:00",1,N::N_CNCW_2,20260903287,0,2244.97331,0,0,"2026/09/04 03:50:03",,"2026/07/30 00:00:00",1,518.76894
D,DISPATCH,CONSTRAINT,5,"2026/09/04 03:55:00",1,N::N_NIL_63,20260903287,0,1047.8475,0,0,"2026/09/04 03:50:03",,"2026/07/04 00:00:00",1,38.89679
D,DISPATCH,CONSTRAINT,5,"2026/09/04 03:55:00",1,N::Q_BWMP_KC,20260903287,0,1339.23732,0,0,"2026/09/04 03:50:03",,"2022/11/04 00:00:00",1,-1076.42247
D,DISPATCH,CONSTRAINT,5,"2026/09/04 03:55:00",1,N::Q_BWMP_LDMU,20260903287,0,751.63002,0,0,"2026/09/04 03:50:03",,"2022/11/04 00:00:00",1,-1087.07017
D,DISPATCH,CONSTRAINT,5,"2026/09/04 03:55:00",1,N::Q_BWMP_LDTW,20260903287,0,666.92749,0,0,"2026/09/04 03:50:03",,"2022/11/04 00:00:00",1,-1089.66717
D,DISPATCH,CONSTRAINT,5,"2026/09/04 03:55:00",1,N::Q_BWMP_TNT,20260903287,0,1378.25445,0,0,"2026/09/04 03:50:03",,"2022/11/04 00:00:00",1,-443.95867
D,DISPATCH,CONSTRAINT,5,"2026/09/04 03:55:00",1,N::Q_NIL_KC,20260903287,0,1499.23732,0,0,"2026/09/04 03:50:03",,"2023/05/01 00:00:00",1,-1076.42247
D,DISPATCH,CONSTRAINT,5,"2026/09/04 03:55:00",1,N::Q_NIL_LDMU,20260903287,0,911.63002,0,0,"2026/09/04 03:50:03",,"2023/05/01 00:00:00",1,-1087.07017
D,DISPATCH,CONSTRAINT,5,"2026/09/04 03:55:00",1,N::Q_NIL_LDTW,20260903287,0,826.92749,0,0,"2026/09/04 03:50:03",,"2023/05/01 00:00:00",1,-1089.66717
D,DISPATCH,CONSTRAINT,5,"2026/09/04 03:55:00",1,N::Q_NIL_TNT,20260903287,0,1538.25445,0,0,"2026/09/04 03:50:03",,"2023/04/28 00:00:00",1,-443.95867
D,DISPATCH,CONSTRAINT,5,"2026/09/04 03:55:00",1,N::V_CNCW_BWSW,20260903287,0,1136.2165,0,0,"2026/09/04 03:50:03",,"2026/07/14 00:00:00",1,-257.72153
D,DISPATCH,CONSTRAINT,5,"2026/09/04 03:55:00",1,N::V_CNCW_MSDD,20260903287,0,1262.36959,0,0,"2026/09/04 03:50:03",,"2026/07/14 00:00:00",1,-257.72153
D,DISPATCH,CONSTRAINT,5,"2026/09/04 03:55:00",1,N::V_CNCW_UTMS,20260903287,0,1383.65021,0,0,"2026/09/04 03:50:03",,"2026/07/14 00:00:00",1,-257.72153
D,DISPATCH,CONSTRAINT,5,"2026/09/04 03:55:00",1,N::V_NIL_BWSW,20260903287,0,1341.2165,0,0,"2026/09/04 03:50:03",,"2026/07/14 00:00:00",1,-257.72153
D,DISPATCH,CONSTRAINT,5,"2026/09/04 03:55:00",1,N::V_NIL_MSDD,20260903287,0,1467.36959,0,0,"2026/09/04 03:50:03",,"2026/07/14 00:00:00",1,-257.72153
D,DISPATCH,CONSTRAINT,5,"2026/09/04 03:55:00",1,N::V_NIL_UTMS,20260903287,0,1588.65021,0,0,"2026/09/04 03:50:03",,"2026/07/14 00:00:00",1,-257.72153
D,DISPATCH,CONSTRAINT,5,"2026/09/04 03:55:00",1,N:V_CNCW_BWRG,20260903287,0,917.15497,0,0,"2026/09/04 03:50:03",,"2026/07/14 00:00:00",1,-257.72153
D,DISPATCH,CONSTRAINT,5,"2026/09/04 03:55:00",1,N:V_CNCW_BYYS,20260903287,0,1184.84923,0,0,"2026/09/04 03:50:03",,"2026/07/14 00:00:00",1,-257.72153
D,DISPATCH,CONSTRAINT,5,"2026/09/04 03:55:00",1,N:V_NIL_BWRG,20260903287,0,1122.15497,0,0,"2026/09/04 03:50:03",,"2026/07/14 00:00:00",1,-257.72153
D,DISPATCH,CONSTRAINT,5,"2026/09/04 03:55:00",1,N:V_NIL_BYYS,20260903287,0,1389.84923,0,0,"2026/09/04 03:50:03",,"2026/07/14 00:00:00",1,-257.72153
D,DISPATCH,CONSTRAINT,5,"2026/09/04 03:55:00",1,N>94T_945_94K,20260903287,0,224.51296,0,0,"2026/09/04 03:50:03",,"2026/03/17 00:00:00",1,0
D,DISPATCH,CONSTRAINT,5,"2026/09/04 03:55:00",1,N>94T_947_72,20260903287,0,535.35304,0,0,"2026/09/04 03:50:03",,"2026/03/17 00:00:00",1,5.22075
D,DISPATCH,CONSTRAINT,5,"2026/09/04 03:55:00",1,N>94T_94K1_945,20260903287,0,130.93508,0,0,"2026/09/04 03:50:03",,"2026/03/17 00:00:00",1,-3.65852
D,DISPATCH,CONSTRAINT,5,"2026/09/04 03:55:00",1,N>>6_3L_3J,20260903287,0,3481.34716,0,0,"2026/09/04 03:50:03",,"2026/06/18 00:00:00",1,366.79089
D,DISPATCH,CONSTRAINT,5,"2026/09/04 03:55:00",1,N>>6_3L_3P,20260903287,0,3480.03894,0,0,"2026/09/04 03:50:03",,"2026/06/18 00:00:00",1,412.36511
D,DISPATCH,CONSTRAINT,5,"2026/09/04 03:55:00",1,N>>6_3L_5,20260903287,0,3438.01739,0,0,"2026/09/04 03:50:03",,"2026/06/18 00:00:00",1,436.39015
D,DISPATCH,CONSTRAINT,5,"2026/09/04 03:55:00",1,N>>6_4_5,20260903287,0,1368.22999,0,0,"2026/09/04 03:50:03",,"2026/06/18 00:00:00",1,-350.59394
D,DISPATCH,CONSTRAINT,5,"2026/09/04 03:55:00",1,N>>6_4_61,20260903287,0,1368.18984,0,0,"2026/09/04 03:50:03",,"2026/06/18 00:00:00",1,-378.10917
D,DISPATCH,CONSTRAINT,5,"2026/09/04 03:55:00",1,N>>6_61,20260903287,0,2031.68159,0,0,"2026/09/04 03:50:03",,"2026/06/18 00:00:00",1,264.28325
D,DISPATCH,CONSTRAINT,5,"2026/09/04 03:55:00",1,N>>6_70_71,20260903287,0,4405.13858,0,0,"2026/09/04 03:50:03",,"2026/06/18 00:00:00",1,1576.32867
D,DISPATCH,CONSTRAINT,5,"2026/09/04 03:55:00",1,N>>6_8_10,20260903287,0,2680.19895,0,0,"2026/09/04 03:50:03",,"2026/06/18 00:00:00",1,227.77932
D,DISPATCH,CONSTRAINT,5,"2026/09/04 03:55:00",1,N>>6_8_16,20260903287,0,4403.40705,0,0,"2026/09/04 03:50:03",,"2026/06/18 00:00:00",1,796.91416
D,DISPATCH,CONSTRAINT,5,"2026/09/04 03:55:00",1,N>>6_9,20260903287,0,998.8751,0,0,"2026/09/04 03:50:03",,"2026/06/18 00:00:00",1,-187.34387
D,DISPATCH,CONSTRAINT,5,"2026/09/04 03:55:00",1,N>>6_9_03_N,20260903287,0,2250.19127,0,0,"2026/09/04 03:50:03",,"2026/06/18 00:00:00",1,244.80677
D,DISPATCH,CONSTRAINT,5,"2026/09/04 03:55:00",1,N>>6_9_03_S,20260903287,0,993.02391,0,0,"2026/09/04 03:50:03",,"2026/06/18 00:00:00",1,-244.80677
D,DISPATCH,CONSTRAINT,5,"2026/09/04 03:55:00",1,N>>BWMP_23_22,20260903287,0,4267.6896,0,0,"2026/09/04 03:50:03",,"2025/01/15 00:00:00",1,2864.51526
D,DISPATCH,CONSTRAINT,5,"2026/09/04 03:55:00",1,N>>BWMP_81_31,20260903287,0,6550.54299,0,0,"2026/09/04 03:50:03",,"2025/01/15 00:00:00",1,1781.53088
D,DISPATCH,CONSTRAINT,5,"2026/09/04 03:55:00",1,N>>BWMP_81_82,20260903287,0,5483.04061,0,0,"2026/09/04 03:50:03",,"2025/01/15 00:00:00",1,1312.44457
D,DISPATCH,CONSTRAINT,5,"2026/09/04 03:55:00",1,N>>BWMP_82_81,20260903287,0,5932.15799,0,0,"2026/09/04 03:50:03",,"2025/01/15 00:00:00",1,1303.44873
D,DISPATCH,CONSTRAINT,5,"2026/09/04 03:55:00",1,N>>CHTX_966_87,20260903287,0,50.93155,0,0,"2026/09/04 03:50:03",,"2026/04/07 00:00:00",1,-14.553
D,DISPATCH,CONSTRAINT,5,"2026/09/04 03:55:00",1,N>>NIL_01_62,20260903287,0,3898.16034,0,0,"2026/09/04 03:50:03",,"2026/07/04 00:00:00",1,271.68076
D,DISPATCH,CONSTRAINT,5,"2026/09/04 03:55:00",1,N>>NIL_060,20260903287,0,1834.72084,0,0,"2026/09/04 03:50:03",,"2026/07/04 00:00:00",1,37.63576
D,DISPATCH,CONSTRAINT,5,"2026/09/04 03:55:00",1,N>>NIL_060_051,20260903287,0,1361.58705,0,0,"2026/09/04 03:50:03",,"2026/07/04 00:00:00",1,29.0086
D,DISPATCH,CONSTRAINT,5,"2026/09/04 03:55:00",1,N>>NIL_07,20260903287,0,3526.71234,0,0,"2026/09/04 03:50:03",,"2026/05/20 00:00:00",1,280.38465
D,DISPATCH,CONSTRAINT,5,"2026/09/04 03:55:00",1,N>>NIL_1,20260903287,0,3357.00911,0,0,"2026/09/04 03:50:03",,"2026/05/20 00:00:00",1,261.5342
D,DISPATCH,CONSTRAINT,5,"2026/09/04 03:55:00",1,N>>NIL_16_18,20260903287,0,6366.0842,0,0,"2026/09/04 03:50:03",,"2026/05/20 00:00:00",2,629.94144
D,DISPATCH,CONSTRAINT,5,"2026/09/04 03:55:00",1,N>>NIL_16_39,20260903287,0,5652.96649,0,0,"2026/09/04 03:50:03",,"2026/05/20 00:00:00",2,1185.30709
D,DISPATCH,CONSTRAINT,5,"2026/09/04 03:55:00",1,N>>NIL_16_3W,20260903287,0,6395.06536,0,0,"2026/09/04 03:50:03",,"2026/05/20 00:00:00",2,629.94144
D,DISPATCH,CONSTRAINT,5,"2026/09/04 03:55:00",1,N>>NIL_16_76,20260903287,0,6691.94495,0,0,"2026/09/04 03:50:03",,"2026/05/20 00:00:00",2,738.9971
D,DISPATCH,CONSTRAINT,5,"2026/09/04 03:55:00",1,N>>NIL_16_8,20260903287,0,4597.11037,0,0,"2026/09/04 03:50:03",,"2026/05/20 00:00:00",2,485.95394
D,DISPATCH,CONSTRAINT,5,"2026/09/04 03:55:00",1,N>>NIL_18_16,20260903287,0,1357.7347,0,0,"2026/09/04 03:50:03",,"2026/05/20 00:00:00",1,123.22809
D,DISPATCH,CONSTRAINT,5,"2026/09/04 03:55:00",1,N>>NIL_18_4_N,20260903287,0,1375.38699,0,0,"2026/09/04 03:50:03",,"2026/05/20 00:00:00",1,138.87242
D,DISPATCH,CONSTRAINT,5,"2026/09/04 03:55:00",1,N>>NIL_18_4_S,20260903287,0,1289.27498,0,0,"2026/09/04 03:50:03",,"2026/05/20 00:00:00",1,-138.87242
D,DISPATCH,CONSTRAINT,5,"2026/09/04 03:55:00",1,N>>NIL_18_5_N,20260903287,0,1375.36521,0,0,"2026/09/04 03:50:03",,"2026/05/20 00:00:00",1,136.45355
D,DISPATCH,CONSTRAINT,5,"2026/09/04 03:55:00",1,N>>NIL_18_5_S,20260903287,0,1290.29291,0,0,"2026/09/04 03:50:03",,"2026/05/20 00:00:00",1,-136.45355
D,DISPATCH,CONSTRAINT,5,"2026/09/04 03:55:00",1,N>>NIL_18_61,20260903287,0,1274.82635,0,0,"2026/09/04 03:50:03",,"2026/05/20 00:00:00",1,-155.02567
D,DISPATCH,CONSTRAINT,5,"2026/09/04 03:55:00",1,N>>NIL_18_8,20260903287,0,1366.42514,0,0,"2026/09/04 03:50:03",,"2026/05/20 00:00:00",1,125.02284
D,DISPATCH,CONSTRAINT,5,"2026/09/04 03:55:00",1,N>>NIL_1_3,20260903287,0,13436.50194,0,0,"2026/09/04 03:50:03",,"2026/05/20 00:00:00",1,285.07484
D,DISPATCH,CONSTRAINT,5,"2026/09/04 03:55:00",1,N>>NIL_1_3_LSC1_ON,20260903287,0,3663.63024,0,0,"2026/09/04 03:50:03",,"2026/05/20 00:00:00",1,284.58078
D,DISPATCH,CONSTRAINT,5,"2026/09/04 03:55:00",1,N>>NIL_1_6X,20260903287,0,12975.06838,0,0,"2026/09/04 03:50:03",,"2026/05/20 00:00:00",1,266.93424
D,DISPATCH,CONSTRAINT,5,"2026/09/04 03:55:00",1,N>>NIL_1_6X_LSC1_ON,20260903287,0,3120.77807,0,0,"2026/09/04 03:50:03",,"2026/05/20 00:00:00",1,266.93424
D,DISPATCH,CONSTRAINT,5,"2026/09/04 03:55:00",1,N>>NIL_1_7,20260903287,0,13111.85127,0,0,"2026/09/04 03:50:03",,"2026/05/20 00:00:00",1,302.57945
D,DISPATCH,CONSTRAINT,5,"2026/09/04 03:55:00",1,N>>NIL_1_7_LSC1_ON,20260903287,0,3308.83629,0,0,"2026/09/04 03:50:03",,"2026/05/20 00:00:00",1,302.44028
D,DISPATCH,CONSTRAINT,5,"2026/09/04 03:55:00",1,N>>NIL_23_22,20260903287,0,4154.0449,0,0,"2026/09/04 03:50:03",,"2026/05/20 00:00:00",2,2749.21992
D,DISPATCH,CONSTRAINT,5,"2026/09/04 03:55:00",1,N>>NIL_23_25,20260903287,0,3959.43924,0,0,"2026/09/04 03:50:03",,"2026/05/20 00:00:00",2,2515.21532
D,DISPATCH,CONSTRAINT,5,"2026/09/04 03:55:00",1,N>>NIL_3,20260903287,0,3631.90174,0,0,"2026/09/04 03:50:03",,"2026/05/20 00:00:00",1,301.67458
D,DISPATCH,CONSTRAINT,5,"2026/09/04 03:55:00",1,N>>NIL_33_34,20260903287,0,1409.32723,0,0,"2026/09/04 03:50:03",,"2026/05/20 00:00:00",2,-1073.14937
D,DISPATCH,CONSTRAINT,5,"2026/09/04 03:55:00",1,N>>NIL_39,20260903287,0,5665.08761,0,0,"2026/09/04 03:50:03",,"2026/05/20 00:00:00",2,2341.19289
D,DISPATCH,CONSTRAINT,5,"2026/09/04 03:55:00",1,N>>NIL_39_11,20260903287,0,6077.69678,0,0,"2026/09/04 03:50:03",,"2026/05/20 00:00:00",2,2263.27998
D,DISPATCH,CONSTRAINT,5,"2026/09/04 03:55:00",1,N>>NIL_39_17,20260903287,0,5743.81798,0,0,"2026/09/04 03:50:03",,"2026/05/20 00:00:00",2,1896.92317
D,DISPATCH,CONSTRAINT,5,"2026/09/04 03:55:00",1,N>>NIL_3G,20260903287,0,1789.45096,0,0,"2026/09/04 03:50:03",,"2026/07/04 00:00:00",1,-27.95749
D,DISPATCH,CONSTRAINT,5,"2026/09/04 03:55:00",1,N>>NIL_3L,20260903287,0,2592.2319,0,0,"2026/09/04 03:50:03",,"2026/05/20 00:00:00",1,244.69189
D,DISPATCH,CONSTRAINT,5,"2026/09/04 03:55:00",1,N>>NIL_3L_18_N,20260903287,0,3714.26263,0,0,"2026/09/04 03:50:03",,"2026/05/20 00:00:00",1,347.20441
D,DISPATCH,CONSTRAINT,5,"2026/09/04 03:55:00",1,N>>NIL_3L_3J_N,20260903287,0,4279.45352,0,0,"2026/09/04 03:50:03",,"2026/05/20 00:00:00",1,355.36894
D,DISPATCH,CONSTRAINT,5,"2026/09/04 03:55:00",1,N>>NIL_3L_3P_N,20260903287,0,4221.32022,0,0,"2026/09/04 03:50:03",,"2026/05/20 00:00:00",1,396.43142
D,DISPATCH,CONSTRAINT,5,"2026/09/04 03:55:00",1,N>>NIL_3L_3W,20260903287,0,3729.10976,0,0,"2026/09/04 03:50:03",,"2026/05/20 00:00:00",1,347.20441
D,DISPATCH,CONSTRAINT,5,"2026/09/04 03:55:00",1,N>>NIL_3L_5_N,20260903287,0,4261.61295,0,0,"2026/09/04 03:50:03",,"2026/05/20 00:00:00",1,425.87227
D,DISPATCH,CONSTRAINT,5,"2026/09/04 03:55:00",1,N>>NIL_3_7,20260903287,0,13326.71952,0,0,"2026/09/04 03:50:03",,"2026/05/20 00:00:00",1,292.77301
D,DISPATCH,CONSTRAINT,5,"2026/09/04 03:55:00",1,N>>NIL_3_7_LSC1_ON,20260903287,0,13354.28759,0,0,"2026/09/04 03:50:03",,"2026/05/20 00:00:00",1,291.99224
D,DISPATCH,CONSTRAINT,5,"2026/09/04 03:55:00",1,N>>NIL_3_7_LSC2_ON,20260903287,0,3405.13247,0,0,"2026/09/04 03:50:03",,"2026/05/20 00:00:00",1,290.57528
D,DISPATCH,CONSTRAINT,5,"2026/09/04 03:55:00",1,N>>NIL_4,20260903287,0,2200.78992,0,0,"2026/09/04 03:50:03",,"2026/05/20 00:00:00",1,245.60901
D,DISPATCH,CONSTRAINT,5,"2026/09/04 03:55:00",1,N>>NIL_4_18_S,20260903287,0,1849.64441,0,0,"2026/09/04 03:50:03",,"2026/05/20 00:00:00",1,-287.98132
D,DISPATCH,CONSTRAINT,5,"2026/09/04 03:55:00",1,N>>NIL_4_5_N,20260903287,0,2651.88988,0,0,"2026/09/04 03:50:03",,"2026/05/20 00:00:00",1,305.60056
D,DISPATCH,CONSTRAINT,5,"2026/09/04 03:55:00",1,N>>NIL_4_5_S,20260903287,0,1607.59041,0,0,"2026/09/04 03:50:03",,"2026/05/20 00:00:00",1,-305.60056
D,DISPATCH,CONSTRAINT,5,"2026/09/04 03:55:00",1,N>>NIL_4_61_N,20260903287,0,2632.1955,0,0,"2026/09/04 03:50:03",,"2026/05/20 00:00:00",1,332.49074
D,DISPATCH,CONSTRAINT,5,"2026/09/04 03:55:00",1,N>>NIL_4_61_S,20260903287,0,1601.49422,0,0,"2026/09/04 03:50:03",,"2026/05/20 00:00:00",1,-332.49074
D,DISPATCH,CONSTRAINT,5,"2026/09/04 03:55:00",1,N>>NIL_4_6_S,20260903287,0,1809.00371,0,0,"2026/09/04 03:50:03",,"2026/05/20 00:00:00",1,-276.91423
D,DISPATCH,CONSTRAINT,5,"2026/09/04 03:55:00",1,N>>NIL_5_18_N,20260903287,0,4852.87183,0,0,"2026/09/04 03:50:03",,"2026/05/20 00:00:00",1,486.6154
D,DISPATCH,CONSTRAINT,5,"2026/09/04 03:55:00",1,N>>NIL_5_18_S,20260903287,0,3452.14525,0,0,"2026/09/04 03:50:03",,"2026/05/20 00:00:00",1,-486.6154
D,DISPATCH,CONSTRAINT,5,"2026/09/04 03:55:00",1,N>>NIL_5_3J_N,20260903287,0,4626.23093,0,0,"2026/09/04 03:50:03",,"2026/05/20 00:00:00",1,415.10476
D,DISPATCH,CONSTRAINT,5,"2026/09/04 03:55:00",1,N>>NIL_5_3L_N,20260903287,0,4562.30077,0,0,"2026/09/04 03:50:03",,"2026/05/20 00:00:00",1,471.43721
D,DISPATCH,CONSTRAINT,5,"2026/09/04 03:55:00",1,N>>NIL_5_3P_N,20260903287,0,4336.16341,0,0,"2026/09/04 03:50:03",,"2026/05/20 00:00:00",1,435.11183
D,DISPATCH,CONSTRAINT,5,"2026/09/04 03:55:00",1,N>>NIL_5_3W,20260903287,0,4871.58888,0,0,"2026/09/04 03:50:03",,"2026/05/20 00:00:00",1,486.6154
D,DISPATCH,CONSTRAINT,5,"2026/09/04 03:55:00",1,N>>NIL_5_4_S,20260903287,0,2615.78056,0,0,"2026/09/04 03:50:03",,"2026/05/20 00:00:00",1,-465.7485
D,DISPATCH,CONSTRAINT,5,"2026/09/04 03:55:00",1,N>>NIL_5_61_N,20260903287,0,4334.15641,0,0,"2026/09/04 03:50:03",,"2026/05/20 00:00:00",1,506.5675
D,DISPATCH,CONSTRAINT,5,"2026/09/04 03:55:00",1,N>>NIL_5_61_S,20260903287,0,2675.02209,0,0,"2026/09/04 03:50:03",,"2026/05/20 00:00:00",1,-506.5675
D,DISPATCH,CONSTRAINT,5,"2026/09/04 03:55:00",1,N>>NIL_5_6_S,20260903287,0,3379.73561,0,0,"2026/09/04 03:50:03",,"2026/05/20 00:00:00",1,-466.7819
D,DISPATCH,CONSTRAINT,5,"2026/09/04 03:55:00",1,N>>NIL_61_18,20260903287,0,2145.7998,0,0,"2026/09/04 03:50:03",,"2026/05/20 00:00:00",1,272.77199
D,DISPATCH,CONSTRAINT,5,"2026/09/04 03:55:00",1,N>>NIL_61_3L,20260903287,0,2232.83862,0,0,"2026/09/04 03:50:03",,"2026/05/20 00:00:00",1,283.42581
D,DISPATCH,CONSTRAINT,5,"2026/09/04 03:55:00",1,N>>NIL_61_3W,20260903287,0,2153.67629,0,0,"2026/09/04 03:50:03",,"2026/05/20 00:00:00",1,272.77199
D,DISPATCH,CONSTRAINT,5,"2026/09/04 03:55:00",1,N>>NIL_61_4,20260903287,0,2230.91011,0,0,"2026/09/04 03:50:03",,"2026/05/20 00:00:00",1,295.71078
D,DISPATCH,CONSTRAINT,5,"2026/09/04 03:55:00",1,N>>NIL_61_5,20260903287,0,2232.5413,0,0,"2026/09/04 03:50:03",,"2026/05/20 00:00:00",1,289.65697
D,DISPATCH,CONSTRAINT,5,"2026/09/04 03:55:00",1,N>>NIL_64_65,20260903287,0,3008.13471,0,0,"2026/09/04 03:50:03",,"2026/04/28 00:00:00",1,256.1077
D,DISPATCH,CONSTRAINT,5,"2026/09/04 03:55:00",1,N>>NIL_6M_66,20260903287,0,3029.36692,0,0,"2026/09/04 03:50:03",,"2026/07/04 00:00:00",1,251.8302
D,DISPATCH,CONSTRAINT,5,"2026/09/04 03:55:00",1,N>>NIL_6X,20260903287,0,3785.77058,0,0,"2026/09/04 03:50:03",,"2026/05/20 00:00:00",1,285.43757
D,DISPATCH,CONSTRAINT,5,"2026/09/04 03:55:00",1,N>>NIL_6X_1,20260903287,0,3209.06021,0,0,"2026/09/04 03:50:03",,"2026/05/20 00:00:00",1,276.43606
D,DISPATCH,CONSTRAINT,5,"2026/09/04 03:55:00",1,N>>NIL_6X_3,20260903287,0,3487.85043,0,0,"2026/09/04 03:50:03",,"2026/05/20 00:00:00",1,312.04346
D,DISPATCH,CONSTRAINT,5,"2026/09/04 03:55:00",1,N>>NIL_6X_9,20260903287,0,3618.5103,0,0,"2026/09/04 03:50:03",,"2026/05/20 00:00:00",1,303.06532
D,DISPATCH,CONSTRAINT,5,"2026/09/04 03:55:00",1,N>>NIL_70_71,20260903287,0,4389.34711,0,0,"2026/09/04 03:50:03",,"2026/05/20 00:00:00",2,1544.69407
D,DISPATCH,CONSTRAINT,5,"2026/09/04 03:55:00",1,N>>NIL_76_77,20260903287,0,5725.22473,0,0,"2026/09/04 03:50:03",,"2026/05/20 00:00:00",2,1615.3387
D,DISPATCH,CONSTRAINT,5,"2026/09/04 03:55:00",1,N>>NIL_77_76,20260903287,0,5706.70017,0,0,"2026/09/04 03:50:03",,"2026/05/20 00:00:00",2,1615.3387
D,DISPATCH,CONSTRAINT,5,"2026/09/04 03:55:00",1,N>>NIL_7_1,20260903287,0,13518.62444,0,0,"2026/09/04 03:50:03",,"2026/05/20 00:00:00",1,315.65204
D,DISPATCH,CONSTRAINT,5,"2026/09/04 03:55:00",1,N>>NIL_7_1_LSC1_ON,20260903287,0,3549.63994,0,0,"2026/09/04 03:50:03",,"2026/05/20 00:00:00",1,314.57377
D,DISPATCH,CONSTRAINT,5,"2026/09/04 03:55:00",1,N>>NIL_7_3,20260903287,0,13225.07599,0,0,"2026/09/04 03:50:03",,"2026/05/20 00:00:00",1,290.87473
D,DISPATCH,CONSTRAINT,5,"2026/09/04 03:55:00",1,N>>NIL_7_3_LSC1_ON,20260903287,0,13247.5298,0,0,"2026/09/04 03:50:03",,"2026/05/20 00:00:00",1,289.7517
D,DISPATCH,CONSTRAINT,5,"2026/09/04 03:55:00",1,N>>NIL_7_3_LSC2_ON,20260903287,0,3296.20046,0,0,"2026/09/04 03:50:03",,"2026/05/20 00:00:00",1,287.6612
D,DISPATCH,CONSTRAINT,5,"2026/09/04 03:55:00",1,N>>NIL_81,20260903287,0,6556.00605,0,0,"2026/09/04 03:50:03",,"2026/05/20 00:00:00",2,1199.72468
D,DISPATCH,CONSTRAINT,5,"2026/09/04 03:55:00",1,N>>NIL_81_31,20260903287,0,6715.48744,0,0,"2026/09/04 03:50:03",,"2026/05/20 00:00:00",2,1666.24356
D,DISPATCH,CONSTRAINT,5,"2026/09/04 03:55:00",1,N>>NIL_81_82_CLOSE,20260903287,0,5769.75528,0,0,"2026/09/04 03:50:03",,"2026/05/20 00:00:00",2,1173.17788
D,DISPATCH,CONSTRAINT,5,"2026/09/04 03:55:00",1,N>>NIL_81_82_OPEN,20260903287,0,15505.33586,0,0,"2026/09/04 03:50:03",,"2026/05/20 00:00:00",2,1194.30099
D,DISPATCH,CONSTRAINT,5,"2026/09/04 03:55:00",1,N>>NIL_82,20260903287,0,7430.40033,0,0,"2026/09/04 03:50:03",,"2026/05/20 00:00:00",2,1177.79221
D,DISPATCH,CONSTRAINT,5,"2026/09/04 03:55:00",1,N>>NIL_82_81_CLOSE,20260903287,0,6302.38118,0,0,"2026/09/04 03:50:03",,"2026/05/20 00:00:00",2,1163.80541
D,DISPATCH,CONSTRAINT,5,"2026/09/04 03:55:00",1,N>>NIL_82_81_OPEN,20260903287,0,15983.61465,0,0,"2026/09/04 03:50:03",,"2026/05/20 00:00:00",2,1185.52279
D,DISPATCH,CONSTRAINT,5,"2026/09/04 03:55:00",1,N>>NIL_83_84_CLOSE,20260903287,0,1016.66571,0,0,"2026/09/04 03:50:03",,"2026/05/20 00:00:00",1,-1132.90899
D,DISPATCH,CONSTRAINT,5,"2026/09/04 03:55:00",1,N>>NIL_83_84_OPEN,20260903287,0,10930.42709,0,0,"2026/09/04 03:50:03",,"2026/05/20 00:00:00",1,-1131.69484
D,DISPATCH,CONSTRAINT,5,"2026/09/04 03:55:00",1,N>>NIL_84_83_CLOSE,20260903287,0,1597.88326,0,0,"2026/09/04 03:50:03",,"2026/05/20 00:00:00",1,-1132.89805
D,DISPATCH,CONSTRAINT,5,"2026/09/04 03:55:00",1,N>>NIL_84_83_OPEN,20260903287,0,11254.60364,0,0,"2026/09/04 03:50:03",,"2026/05/20 00:00:00",1,-1131.69484
D,DISPATCH,CONSTRAINT,5,"2026/09/04 03:55:00",1,N>>NIL_84_88_S,20260903287,0,2076.80564,0,0,"2026/09/04 03:50:03",,"2026/05/20 00:00:00",1,1131.69484
D,DISPATCH,CONSTRAINT,5,"2026/09/04 03:55:00",1,N>>NIL_85_86_S,20260903287,0,1734.26481,0,0,"2026/09/04 03:50:03",,"2026/05/20 00:00:00",1,1136.21882
D,DISPATCH,CONSTRAINT,5,"2026/09/04 03:55:00",1,N>>NIL_86_85_N,20260903287,0,1218.42251,0,0,"2026/09/04 03:50:03",,"2026/05/20 00:00:00",1,-1151.1856
D,DISPATCH,CONSTRAINT,5,"2026/09/04 03:55:00",1,N>>NIL_86_85_S,20260903287,0,1683.10099,0,0,"2026/09/04 03:50:03",,"2026/05/20 00:00:00",1,1151.1856
D,DISPATCH,CONSTRAINT,5,"2026/09/04 03:55:00",1,N>>NIL_86_8U_S,20260903287,0,1669.96583,0,0,"2026/09/04 03:50:03",,"2026/05/20 00:00:00",1,1152.22522
D,DISPATCH,CONSTRAINT,5,"2026/09/04 03:55:00",1,N>>NIL_86_N,20260903287,0,2103.99055,0,0,"2026/09/04 03:50:03",,"2026/05/20 00:00:00",1,-1152.22522
D,DISPATCH,CONSTRAINT,5,"2026/09/04 03:55:00",1,N>>NIL_86_NIL_S,20260903287,0,2555.32871,0,0,"2026/09/04 03:50:03",,"2026/05/20 00:00:00",1,1152.22522
D,DISPATCH,CONSTRAINT,5,"2026/09/04 03:55:00",1,N>>NIL_88_84_N,20260903287,0,1121.2593,0,0,"2026/09/04 03:50:03",,"2026/05/20 00:00:00",1,-1131.69484
D,DISPATCH,CONSTRAINT,5,"2026/09/04 03:55:00",1,N>>NIL_88_84_S,20260903287,0,1786.56238,0,0,"2026/09/04 03:50:03",,"2026/05/20 00:00:00",1,1131.69484
D,DISPATCH,CONSTRAINT,5,"2026/09/04 03:55:00",1,N>>NIL_8E_8C_S,20260903287,0,1503.39218,0,0,"2026/09/04 03:50:03",,"2023/10/24 00:00:00",1,1049.52025
D,DISPATCH,CONSTRAINT,5,"2026/09/04 03:55:00",1,N>>NIL_8U_86_S,20260903287,0,1474.01911,0,0,"2026/09/04 03:50:03",,"2026/05/20 00:00:00",1,1152.22522
D,DISPATCH,CONSTRAINT,5,"2026/09/04 03:55:00",1,N>>NIL_8_16,20260903287,0,4723.45411,0,0,"2026/09/04 03:50:03",,"2026/05/20 00:00:00",2,665.28446
D,DISPATCH,CONSTRAINT,5,"2026/09/04 03:55:00",1,N>>NIL_8_18,20260903287,0,6324.97697,0,0,"2026/09/04 03:50:03",,"2026/05/20 00:00:00",2,819.62073
D,DISPATCH,CONSTRAINT,5,"2026/09/04 03:55:00",1,N>>NIL_8_3W,20260903287,0,6359.38068,0,0,"2026/09/04 03:50:03",,"2026/05/20 00:00:00",2,819.62073
D,DISPATCH,CONSTRAINT,5,"2026/09/04 03:55:00",1,N>>NIL_964_84_S,20260903287,0,1410.61981,0,0,"2026/09/04 03:50:03",,"2026/05/20 00:00:00",1,888.67772
D,DISPATCH,CONSTRAINT,5,"2026/09/04 03:55:00",1,N>>NIL_964_88_S,20260903287,0,1423.66247,0,0,"2026/09/04 03:50:03",,"2026/05/20 00:00:00",1,884.33336
D,DISPATCH,CONSTRAINT,5,"2026/09/04 03:55:00",1,N>>NIL_966/1_87_S,20260903287,0,200.60366,0,0,"2026/09/04 03:50:03",,"2025/12/02 00:00:00",1,10.927
D,DISPATCH,CONSTRAINT,5,"2026/09/04 03:55:00",1,N>>NIL_967_89_S,20260903287,0,271.65207,0,0,"2026/09/04 03:50:03",,"2025/12/02 00:00:00",1,61.26552
D,DISPATCH,CONSTRAINT,5,"2026/09/04 03:55:00",1,N>>NIL_990,20260903287,0,1597.17676,0,0,"2026/09/04 03:50:03",,"2026/07/04 00:00:00",1,113.26743
D,DISPATCH,CONSTRAINT,5,"2026/09/04 03:55:00",1,N>>NIL_990_051_S,20260903287,0,10599.76174,0,0,"2026/09/04 03:50:03",,"2026/05/29 00:00:00",1,-67.96706
D,DISPATCH,CONSTRAINT,5,"2026/09/04 03:55:00",1,N>>NIL_991,20260903287,0,1488.99625,0,0,"2026/09/04 03:50:03",,"2026/05/20 00:00:00",1,89.94429
D,DISPATCH,CONSTRAINT,5,"2026/09/04 03:55:00",1,N>>NIL_994,20260903287,0,452.14527,0,0,"2026/09/04 03:50:03",,"2026/07/04 00:00:00",1,0
D,DISPATCH,CONSTRAINT,5,"2026/09/04 03:55:00",1,N>>NIL_996_62,20260903287,0,678.20649,0,0,"2026/09/04 03:50:03",,"2026/07/04 00:00:00",1,-19.19385
D,DISPATCH,CONSTRAINT,5,"2026/09/04 03:55:00",1,N>>NIL_99M_051_S,20260903287,0,10619.09954,0,0,"2026/09/04 03:50:03",,"2026/05/29 00:00:00",1,-58.3309
D,DISPATCH,CONSTRAINT,5,"2026/09/04 03:55:00",1,N>>NIL_9W2_9W8,20260903287,0,1477.24619,0,0,"2026/09/04 03:50:03",,"2026/05/20 00:00:00",1,551.39797
D,DISPATCH,CONSTRAINT,5,"2026/09/04 03:55:00",1,N>>NIL_9_18_N,20260903287,0,2290.61644,0,0,"2026/09/04 03:50:03",,"2026/05/20 00:00:00",1,206.12222
D,DISPATCH,CONSTRAINT,5,"2026/09/04 03:55:00",1,N>>NIL_9_18_S,20260903287,0,1321.00575,0,0,"2026/09/04 03:50:03",,"2026/05/20 00:00:00",1,-206.12222
D,DISPATCH,CONSTRAINT,5,"2026/09/04 03:55:00",1,N>>NIL_9_6,20260903287,0,1254.31694,0,0,"2026/09/04 03:50:03",,"2026/05/20 00:00:00",1,-187.34387
D,DISPATCH,CONSTRAINT,5,"2026/09/04 03:55:00",1,N>>NIL_DPTX_HV,20260903287,0,606.46214,0,0,"2026/09/04 03:50:03",,"2026/07/04 00:00:00",1,-55.89575
D,DISPATCH,CONSTRAINT,5,"2026/09/04 03:55:00",1,N>>NIL_DPTX_LV,20260903287,0,566.97945,0,0,"2026/09/04 03:50:03",,"2026/07/04 00:00:00",1,55.89575
D,DISPATCH,CONSTRAINT,5,"2026/09/04 03:55:00",1,N>>NIL_X3_060,20260903287,0,933.1725,0,0,"2026/09/04 03:50:03",,"2026/07/04 00:00:00",1,-30.45395
D,DISPATCH,CONSTRAINT,5,"2026/09/04 03:55:00",1,N>>V_NIL_65,20260903287,0,1536.07725,0,0,"2026/09/04 03:50:03",,"2026/07/04 00:00:00",1,-349.15198
D,DISPATCH,CONSTRAINT,5,"2026/09/04 03:55:00",1,N>>V_NIL_65_66,20260903287,0,1420.18557,0,0,"2026/09/04 03:50:03",,"2026/07/04 00:00:00",1,-348.2894
D,DISPATCH,CONSTRAINT,5,"2026/09/04 03:55:00",1,N>>V_NIL_65_LTWG,20260903287,0,1743.12636,0,0,"2026/09/04 03:50:03",,"2026/04/28 00:00:00",1,-354.60731
D,DISPATCH,CONSTRAINT,5,"2026/09/04 03:55:00",1,N>>V_NIL_66,20260903287,0,2199.95499,0,0,"2026/09/04 03:50:03",,"2026/07/04 00:00:00",1,-346.76499
D,DISPATCH,CONSTRAINT,5,"2026/09/04 03:55:00",1,N>>V_NIL_66_65,20260903287,0,1479.79748,0,0,"2026/09/04 03:50:03",,"2026/07/04 00:00:00",1,-348.03612
D,DISPATCH,CONSTRAINT,5,"2026/09/04 03:55:00",1,N>>V_NIL_66_LTWG,20260903287,0,2456.01816,0,0,"2026/09/04 03:50:03",,"2026/05/20 00:00:00",1,-354.60731
D,DISPATCH,CONSTRAINT,5,"2026/09/04 03:55:00",1,N>N-NIL_TE_LOAD,20260903287,0,9999,0,0,"2026/09/04 03:50:03",,"2023/05/01 00:00:00",1,49
D,DISPATCH,CONSTRAINT,5,"2026/09/04 03:55:00",1,N>NIL_051,20260903287,0,1459.14631,0,0,"2026/09/04 03:50:03",,"2026/07/04 00:00:00",1,-44.12196
D,DISPATCH,CONSTRAINT,5,"2026/09/04 03:55:00",1,N>NIL_64_S,20260903287,0,3550.4088,0,0,"2026/09/04 03:50:03",,"2026/07/04 00:00:00",1,-64.14165
D,DISPATCH,CONSTRAINT,5,"2026/09/04 03:55:00",1,N>NIL_6M_N,20260903287,0,3258.17512,0,0,"2026/09/04 03:50:03",,"2026/07/04 00:00:00",1,64.14165
D,DISPATCH,CONSTRAINT,5,"2026/09/04 03:55:00",1,N>NIL_75_WOTX_72,20260903287,0,1477.22045,0,0,"2026/09/04 03:50:03",,"2026/05/28 00:00:00",1,13.94576
D,DISPATCH,CONSTRAINT,5,"2026/09/04 03:55:00",1,N>NIL_8J_8C,20260903287,0,1489.51779,0,0,"2026/09/04 03:50:03",,"2023/05/01 00:00:00",2,1039.62387
D,DISPATCH,CONSTRAINT,5,"2026/09/04 03:55:00",1,N>NIL_901,20260903287,0,127.25006,0,0,"2026/09/04 03:50:03",,"2024/03/11 00:00:00",1,0
D,DISPATCH,CONSTRAINT,5,"2026/09/04 03:55:00",1,N>NIL_945_947,20260903287,0,213.72001,0,0,"2026/09/04 03:50:03",,"2026/03/06 00:00:00",2,2.38673
D,DISPATCH,CONSTRAINT,5,"2026/09/04 03:55:00",1,N>NIL_947_94T,20260903287,0,479.27789,0,0,"2026/09/04 03:50:03",,"2026/05/20 00:00:00",1,3.12098
D,DISPATCH,CONSTRAINT,5,"2026/09/04 03:55:00",1,N>NIL_94B,20260903287,0,216.59027,0,0,"2026/09/04 03:50:03",,"2026/03/06 00:00:00",2,19.83804
D,DISPATCH,CONSTRAINT,5,"2026/09/04 03:55:00",1,N>NIL_94K_1,20260903287,0,192.42766,0,0,"2026/09/04 03:50:03",,"2026/03/06 00:00:00",2,0
D,DISPATCH,CONSTRAINT,5,"2026/09/04 03:55:00",1,N>NIL_94M,20260903287,0,463.75695,0,0,"2026/09/04 03:50:03",,"2026/03/06 00:00:00",2,-14.52837
D,DISPATCH,CONSTRAINT,5,"2026/09/04 03:55:00",1,N>NIL_94T,20260903287,0,211.15529,0,0,"2026/09/04 03:50:03",,"2026/03/06 00:00:00",2,-0.61637
D,DISPATCH,CONSTRAINT,5,"2026/09/04 03:55:00",1,N>NIL_94T_72,20260903287,0,274.02068,0,0,"2026/09/04 03:50:03",,"2026/08/10 00:00:00",1,1.83478
D,DISPATCH,CONSTRAINT,5,"2026/09/04 03:55:00",1,N>NIL_94T_75,20260903287,0,291.10202,0,0,"2026/09/04 03:50:03",,"2026/07/24 00:00:00",1,1.8337
D,DISPATCH,CONSTRAINT,5,"2026/09/04 03:55:00",1,N>NIL_94T_7J,20260903287,0,288.11561,0,0,"2026/09/04 03:50:03",,"2026/03/31 00:00:00",1,1.8337
D,DISPATCH,CONSTRAINT,5,"2026/09/04 03:55:00",1,N>NIL_94T_947,20260903287,0,274.59926,0,0,"2026/09/04 03:50:03",,"2026/03/06 00:00:00",2,1.8677
D,DISPATCH,CONSTRAINT,5,"2026/09/04 03:55:00",1,N>NIL_967_89,20260903287,0,10173.07849,0,0,"2026/09/04 03:50:03",,"2025/12/02 00:00:00",1,-61.26552
D,DISPATCH,CONSTRAINT,5,"2026/09/04 03:55:00",1,N>NIL_969,20260903287,0,115.02386,0,0,"2026/09/04 03:50:03",,"2026/07/21 00:00:00",1,0
D,DISPATCH,CONSTRAINT,5,"2026/09/04 03:55:00",1,N>NIL_96C_87,20260903287,0,10341.01462,0,0,"2026/09/04 03:50:03",,"2026/05/20 00:00:00",1,-49
D,DISPATCH,CONSTRAINT,5,"2026/09/04 03:55:00",1,N>NIL_970_051_S,20260903287,0,10140.80119,0,0,"2026/09/04 03:50:03",,"2026/05/29 00:00:00",1,0
D,DISPATCH,CONSTRAINT,5,"2026/09/04 03:55:00",1,N>NIL_973,20260903287,0,500.41933,0,0,"2026/09/04 03:50:03",,"2026/03/06 00:00:00",2,5.89486
D,DISPATCH,CONSTRAINT,5,"2026/09/04 03:55:00",1,N>NIL_977_976,20260903287,0,77.10055,0,0,"2026/09/04 03:50:03",,"2025/02/17 00:00:00",1,0
D,DISPATCH,CONSTRAINT,5,"2026/09/04 03:55:00",1,N>NIL_983_987,20260903287,0,866.76669,0,0,"2026/09/04 03:50:03",,"2024/12/04 00:00:00",1,0
D,DISPATCH,CONSTRAINT,5,"2026/09/04 03:55:00",1,N>NIL_997/1_3G,20260903287,0,241.86575,0,0,"2026/09/04 03:50:03",,"2026/05/20 00:00:00",1,0
D,DISPATCH,CONSTRAINT,5,"2026/09/04 03:55:00",1,N>NIL_997/2_3G,20260903287,0,200.37778,0,0,"2026/09/04 03:50:03",,"2026/05/21 00:00:00",1,0
D,DISPATCH,CONSTRAINT,5,"2026/09/04 03:55:00",1,N>NIL_997/2_99A,20260903287,0,164.91261,0,0,"2026/09/04 03:50:03",,"2026/05/20 00:00:00",1,0
D,DISPATCH,CONSTRAINT,5,"2026/09/04 03:55:00",1,N>NIL_997_99A,20260903287,0,197.55676,0,0,"2026/09/04 03:50:03",,"2026/05/20 00:00:00",1,0
D,DISPATCH,CONSTRAINT,5,"2026/09/04 03:55:00",1,N>NIL_998,20260903287,0,228.36637,0,0,"2026/09/04 03:50:03",,"2026/03/06 00:00:00",2,8.94625
D,DISPATCH,CONSTRAINT,5,"2026/09/04 03:55:00",1,N>NIL_998_18,20260903287,0,244.35666,0,0,"2026/09/04 03:50:03",,"2026/04/30 00:00:00",1,9.27054
D,DISPATCH,CONSTRAINT,5,"2026/09/04 03:55:00",1,N>NIL_999,20260903287,0,343.41999,0,0,"2026/09/04 03:50:03",,"2026/03/06 00:00:00",2,10.09729
D,DISPATCH,CONSTRAINT,5,"2026/09/04 03:55:00",1,N>NIL_999_9GL,20260903287,0,178.7076,0,0,"2026/09/04 03:50:03",,"2026/03/06 00:00:00",2,4.962
D,DISPATCH,CONSTRAINT,5,"2026/09/04 03:55:00",1,N>NIL_999_S,20260903287,0,454.4861,0,0,"2026/09/04 03:50:03",,"2026/03/06 00:00:00",2,-10.09729
D,DISPATCH,CONSTRAINT,5,"2026/09/04 03:55:00",1,N>NIL_99F,20260903287,0,406.8661,0,0,"2026/09/04 03:50:03",,"2026/07/04 00:00:00",1,0
D,DISPATCH,CONSTRAINT,5,"2026/09/04 03:55:00",1,N>NIL_99U,20260903287,0,205.55982,0,0,"2026/09/04 03:50:03",,"2023/05/01 00:00:00",2,0
D,DISPATCH,CONSTRAINT,5,"2026/09/04 03:55:00",1,N>NIL_9GL,20260903287,0,176.68331,0,0,"2026/09/04 03:50:03",,"2026/03/06 00:00:00",2,8.098
D,DISPATCH,CONSTRAINT,5,"2026/09/04 03:55:00",1,N>NIL_9GM,20260903287,0,146.9161,0,0,"2026/09/04 03:50:03",,"2026/05/14 00:00:00",1,11.2
D,DISPATCH,CONSTRAINT,5,"2026/09/04 03:55:00",1,N>NIL_9J5/1,20260903287,0,189.35921,0,0,"2026/09/04 03:50:03",,"2023/05/01 00:00:00",2,0
D,DISPATCH,CONSTRAINT,5,"2026/09/04 03:55:00",1,N>NIL_9J5/2,20260903287,0,300.87984,0,0,"2026/09/04 03:50:03",,"2023/05/01 00:00:00",2,0
D,DISPATCH,CONSTRAINT,5,"2026/09/04 03:55:00",1,N>NIL_9J6,20260903287,0,257.91923,0,0,"2026/09/04 03:50:03",,"2023/05/01 00:00:00",2,0
D,DISPATCH,CONSTRAINT,5,"2026/09/04 03:55:00",1,N>NIL_9ML,20260903287,0,250.31449,0,0,"2026/09/04 03:50:03",,"2026/03/06 00:00:00",2,22.41768
D,DISPATCH,CONSTRAINT,5,"2026/09/04 03:55:00",1,N>NIL_9R1,20260903287,0,1170.96574,0,0,"2026/09/04 03:50:03",,"2026/05/20 00:00:00",1,0
D,DISPATCH,CONSTRAINT,5,"2026/09/04 03:55:00",1,N>NIL_9R4,20260903287,0,244.77525,0,0,"2026/09/04 03:50:03",,"2026/05/20 00:00:00",1,0
D,DISPATCH,CONSTRAINT,5,"2026/09/04 03:55:00",1,N>NIL_9R4_62,20260903287,0,243.25132,0,0,"2026/09/04 03:50:03",,"2026/05/20 00:00:00",1,0
D,DISPATCH,CONSTRAINT,5,"2026/09/04 03:55:00",1,N>NIL_9R4_99A,20260903287,0,192.06743,0,0,"2026/09/04 03:50:03",,"2026/05/20 00:00:00",1,0
D,DISPATCH,CONSTRAINT,5,"2026/09/04 03:55:00",1,N>NIL_9R4_9R3,20260903287,0,199.7574,0,0,"2026/09/04 03:50:03",,"2026/05/20 00:00:00",1,0
D,DISPATCH,CONSTRAINT,5,"2026/09/04 03:55:00",1,N>NIL_9R5,20260903287,0,358.84753,0,0,"2026/09/04 03:50:03",,"2026/03/06 00:00:00",2,0
D,DISPATCH,CONSTRAINT,5,"2026/09/04 03:55:00",1,N>NIL_9R5_9R6,20260903287,0,220.01813,0,0,"2026/09/04 03:50:03",,"2026/03/06 00:00:00",2,0
D,DISPATCH,CONSTRAINT,5,"2026/09/04 03:55:00",1,N>NIL_9R5_9R6_N,20260903287,0,10090.88873,0,0,"2026/09/04 03:50:03",,"2026/05/29 00:00:00",1,0
D,DISPATCH,CONSTRAINT,5,"2026/09/04 03:55:00",1,N>NIL_9R6,20260903287,0,316.38445,0,0,"2026/09/04 03:50:03",,"2026/03/06 00:00:00",2,0
D,DISPATCH,CONSTRAINT,5,"2026/09/04 03:55:00",1,N>NIL_9R6_991,20260903287,0,320.50441,0,0,"2026/09/04 03:50:03",,"2026/03/06 00:00:00",2,0
D,DISPATCH,CONSTRAINT,5,"2026/09/04 03:55:00",1,N>NIL_9R6_9R5,20260903287,0,218.75246,0,0,"2026/09/04 03:50:03",,"2026/03/06 00:00:00",2,0
D,DISPATCH,CONSTRAINT,5,"2026/09/04 03:55:00",1,N>NIL_9R6_9R5_N,20260903287,0,10090.68526,0,0,"2026/09/04 03:50:03",,"2026/05/29 00:00:00",1,0
D,DISPATCH,CONSTRAINT,5,"2026/09/04 03:55:00",1,N>NIL_9U3,20260903287,0,157.85369,0,0,"2026/09/04 03:50:03",,"2025/12/02 00:00:00",1,0
D,DISPATCH,CONSTRAINT,5,"2026/09/04 03:55:00",1,N>NIL_9U9_9U8,20260903287,0,223.00036,0,0,"2026/09/04 03:50:03",,"2023/05/01 00:00:00",2,-49
D,DISPATCH,CONSTRAINT,5,"2026/09/04 03:55:00",1,N>NIL_BHTX_HV,20260903287,0,54.11698,0,0,"2026/09/04 03:50:03",,"2025/12/10 00:00:00",1,0
D,DISPATCH,CONSTRAINT,5,"2026/09/04 03:55:00",1,N>NIL_BHTX_LV,20260903287,0,95.81306,0,0,"2026/09/04 03:50:03",,"2025/11/14 00:00:00",1,0
D,DISPATCH,CONSTRAINT,5,"2026/09/04 03:55:00",1,N>NIL_CLDP,20260903287,0,267.36529,0,0,"2026/09/04 03:50:03",,"2026/05/20 00:00:00",1,0
D,DISPATCH,CONSTRAINT,5,"2026/09/04 03:55:00",1,N>NIL_LSDU,20260903287,0,146.72942,0,0,"2026/09/04 03:50:03",,"2023/05/01 00:00:00",2,-49
D,DISPATCH,CONSTRAINT,5,"2026/09/04 03:55:00",1,N>NIL_MBDU,20260903287,0,192.06495,0,0,"2026/09/04 03:50:03",,"2023/05/01 00:00:00",2,49
D,DISPATCH,CONSTRAINT,5,"2026/09/04 03:55:00",1,N>NIL_PKTX_LV,20260903287,0,122.40886,0,0,"2026/09/04 03:50:03",,"2026/03/08 00:00:00",1,0
D,DISPATCH,CONSTRAINT,5,"2026/09/04 03:55:00",1,N>NIL_X2,20260903287,0,439.9026,0,0,"2026/09/04 03:50:03",,"2024/09/04 00:00:00",1,24.4323
D,DISPATCH,CONSTRAINT,5,"2026/09/04 03:55:00",1,N>NIL_YSTX_LV,20260903287,0,661.01704,0,0,"2026/09/04 03:50:03",,"2026/05/20 00:00:00",1,28.17683
D,DISPATCH,CONSTRAINT,5,"2026/09/04 03:55:00",1,N>Q-NIL_757_758,20260903287,0,101.56992,0,0,"2026/09/04 03:50:03",,"2023/05/01 00:00:00",1,-49
D,DISPATCH,CONSTRAINT,5,"2026/09/04 03:55:00",1,NQTE_ROC,20260903287,0,29.80078,0,0,"2026/09/04 03:50:03",,"2023/05/01 00:00:00",1,-49
D,DISPATCH,CONSTRAINT,5,"2026/09/04 03:55:00",1,NQ_950_DYN_TEST,20260903287,0,950,0,0,"2026/09/04 03:50:03",,"2025/10/02 00:00:00",1,-1039.62387
D,DISPATCH,CONSTRAINT,5,"2026/09/04 03:55:00",1,NQ_950_TEST,20260903287,0,950,0,0,"2026/09/04 03:50:03",,"2025/10/02 00:00:00",1,-1039.62387
D,DISPATCH,CONSTRAINT,5,"2026/09/04 03:55:00",1,NRM_NSW1_QLD1,20260903287,0,10020,0,0,"2026/09/04 03:50:03",,"2025/11/19 00:00:00",1,-1088.62387
D,DISPATCH,CONSTRAINT,5,"2026/09/04 03:55:00",1,NRM_NSW1_VIC1,20260903287,0,10020,0,0,"2026/09/04 03:50:03",,"2025/11/19 00:00:00",1,-224.63969
D,DISPATCH,CONSTRAINT,5,"2026/09/04 03:55:00",1,NRM_QLD1_NSW1,20260903287,0,11154.98047,0,0,"2026/09/04 03:50:03",,"2025/11/19 00:00:00",1,1088.62387
D,DISPATCH,CONSTRAINT,5,"2026/09/04 03:55:00",1,NRM_SA1_VIC1,20260903287,0,10020,0,0,"2026/09/04 03:50:03",,"2025/11/19 00:00:00",1,-164.25034
D,DISPATCH,CONSTRAINT,5,"2026/09/04 03:55:00",1,NRM_TAS1_VIC1,20260903287,0,10317.39844,0,0,"2026/09/04 03:50:03",,"2026/06/30 00:00:00",1,321.27483
D,DISPATCH,CONSTRAINT,5,"2026/09/04 03:55:00",1,NRM_VIC1_NSW1,20260903287,0,10179.35234,0,0,"2026/09/04 03:50:03",,"2025/11/19 00:00:00",1,224.63969
D,DISPATCH,CONSTRAINT,5,"2026/09/04 03:55:00",1,NRM_VIC1_SA1,20260903287,0,10214.4375,0,0,"2026/09/04 03:50:03",,"2025/11/19 00:00:00",1,164.25034
D,DISPATCH,CONSTRAINT,5,"2026/09/04 03:55:00",1,NRM_VIC1_TAS1,20260903287,0,10020,0,0,"2026/09/04 03:50:03",,"2026/06/30 00:00:00",1,-321.27483
D,DISPATCH,CONSTRAINT,5,"2026/09/04 03:55:00",1,N^^N_NIL_1,20260903287,0,2394.48559,0,0,"2026/09/04 03:50:03",,"2026/05/20 00:00:00",1,343.65735
D,DISPATCH,CONSTRAINT,5,"2026/09/04 03:55:00",1,N^^N_NIL_WGLT,20260903287,0,964.55901,0,0,"2026/09/04 03:50:03",,"2026/07/04 00:00:00",1,44.15759
D,DISPATCH,CONSTRAINT,5,"2026/09/04 03:55:00",1,N^^N_NIL_X5_BEKG,20260903287,0,496.92808,0,0,"2026/09/04 03:50:03",,"2026/07/04 00:00:00",1,69.79773
D,DISPATCH,CONSTRAINT,5,"2026/09/04 03:55:00",1,N^^N_NIL_X5_BESH,20260903287,0,546.41608,0,0,"2026/09/04 03:50:03",,"2026/07/04 00:00:00",1,69.79773
D,DISPATCH,CONSTRAINT,5,"2026/09/04 03:55:00",1,N^^Q_NIL_CPP_3,20260903287,0,1533.08853,0,0,"2026/09/04 03:50:03",,"2025/12/02 00:00:00",1,-630.91673
D,DISPATCH,CONSTRAINT,5,"2026/09/04 03:55:00",1,N^^Q_NIL_CPP_4,20260903287,0,1533.08853,0,0,"2026/09/04 03:50:03",,"2025/12/02 00:00:00",1,-633.04733
D,DISPATCH,CONSTRAINT,5,"2026/09/04 03:55:00",1,N^^Q_NIL_KPP_1,20260903287,0,1533.08853,0,0,"2026/09/04 03:50:03",,"2025/12/02 00:00:00",1,-1080.47333
D,DISPATCH,CONSTRAINT,5,"2026/09/04 03:55:00",1,N^^Q_NIL_MAXGEN,20260903287,0,1372.83056,0,0,"2026/09/04 03:50:03",,"2026/07/14 00:00:00",1,-1080.47333
D,DISPATCH,CONSTRAINT,5,"2026/09/04 03:55:00",1,N^^Q_NIL_MPP_1,20260903287,0,1533.08853,0,0,"2026/09/04 03:50:03",,"2025/12/02 00:00:00",1,-680.98583
D,DISPATCH,CONSTRAINT,5,"2026/09/04 03:55:00",1,N^^Q_NIL_MPP_2,20260903287,0,1533.08853,0,0,"2026/09/04 03:50:03",,"2025/12/02 00:00:00",1,-638.37383
D,DISPATCH,CONSTRAINT,5,"2026/09/04 03:55:00",1,N^^Q_NIL_TNPS1,20260903287,0,1533.08853,0,0,"2026/09/04 03:50:03",,"2025/12/02 00:00:00",1,-654.35333
D,DISPATCH,CONSTRAINT,5,"2026/09/04 03:55:00",1,N^^V_CNCW_1,20260903287,0,271.22802,0,0,"2026/09/04 03:50:03",,"2025/12/02 00:00:00",1,-92.37878
D,DISPATCH,CONSTRAINT,5,"2026/09/04 03:55:00",1,N^^V_NIL_1,20260903287,0,371.22802,0,0,"2026/09/04 03:50:03",,"2025/12/02 00:00:00",1,-92.37878
D,DISPATCH,CONSTRAINT,5,"2026/09/04 03:55:00",1,N^^V_NIL_ARWBBA,20260903287,0,639.70258,0,0,"2026/09/04 03:50:03",,"2025/12/02 00:00:00",1,-108.27243
D,DISPATCH,CONSTRAINT,5,"2026/09/04 03:55:00",1,N_NIL_TE_A,20260903287,0,164.6,0,0,"2026/09/04 03:50:03",,"2012/07/04 00:00:00",1,-49
D,DISPATCH,CONSTRAINT,5,"2026/09/04 03:55:00",1,N_NIL_TE_B,20260903287,0,195.4,0,0,"2026/09/04 03:50:03",,"2012/07/04 00:00:00",1,49
D,DISPATCH,CONSTRAINT,5,"2026/09/04 03:55:00",1,N_V_HV1700_OSC_AUTO,20260903287,0,11700,0,0,"2026/09/04 03:50:03",,"2013/07/19 00:00:00",1,85.36031
D,DISPATCH,CONSTRAINT,5,"2026/09/04 03:55:00",1,N_WDR_NO_SCADA,20260903287,0,140,0,0,"2026/09/04 03:50:03",,"2026/06/16 00:00:00",2,0
D,DISPATCH,CONSTRAINT,5,"2026/09/04 03:55:00",1,Q:NIL_CS,20260903287,0,4346.88317,0,0,"2026/09/04 03:50:03",,"2025/03/03 00:00:00",1,4128.18123
D,DISPATCH,CONSTRAINT,5,"2026/09/04 03:55:00",1,Q>>NIL_MRTX1_MRGB,20260903287,0,10165.54895,0,0,"2026/09/04 03:50:03",,"2025/12/02 00:00:00",1,206.76706
D,DISPATCH,CONSTRAINT,5,"2026/09/04 03:55:00",1,Q>>NIL_MRTX4_MRTX5,20260903287,0,2671.69575,0,0,"2026/09/04 03:50:03",,"2026/06/05 00:00:00",1,207.67063
D,DISPATCH,CONSTRAINT,5,"2026/09/04 03:55:00",1,Q>N-NIL_8L_8M,20260903287,0,1346.10938,0,0,"2026/09/04 03:50:03",,"2013/08/21 00:00:00",1,1039.62387
D,DISPATCH,CONSTRAINT,5,"2026/09/04 03:55:00",1,Q>NIL_757_758_ECS,20260903287,0,201.6,0,0,"2026/09/04 03:50:03",,"2022/06/17 00:00:00",1,49
D,DISPATCH,CONSTRAINT,5,"2026/09/04 03:55:00",1,Q>NIL_BCCP_CLWU,20260903287,0,3390.83848,0,0,"2026/09/04 03:50:03",,"2026/06/05 00:00:00",1,1860.5899
D,DISPATCH,CONSTRAINT,5,"2026/09/04 03:55:00",1,Q>NIL_BCCP_LCCP,20260903287,0,2653.08624,0,0,"2026/09/04 03:50:03",,"2026/06/05 00:00:00",1,1660.26639
D,DISPATCH,CONSTRAINT,5,"2026/09/04 03:55:00",1,Q>NIL_BCRG_BCCP,20260903287,0,2507.2016,0,0,"2026/09/04 03:50:03",,"2026/06/05 00:00:00",1,1660.46639
D,DISPATCH,CONSTRAINT,5,"2026/09/04 03:55:00",1,Q>NIL_BCRG_CLWU,20260903287,0,2677.68636,0,0,"2026/09/04 03:50:03",,"2026/06/05 00:00:00",1,1666.01236
D,DISPATCH,CONSTRAINT,5,"2026/09/04 03:55:00",1,Q>NIL_BCST_BCST,20260903287,0,1768.42294,0,0,"2026/09/04 03:50:03",,"2026/06/05 00:00:00",1,978.71466
D,DISPATCH,CONSTRAINT,5,"2026/09/04 03:55:00",1,Q>NIL_BI_FB,20260903287,0,472.2398,0,0,"2026/09/04 03:50:03",,"2025/12/02 00:00:00",1,200
D,DISPATCH,CONSTRAINT,5,"2026/09/04 03:55:00",1,Q>NIL_CLBTX_CLBTX,20260903287,0,850.02749,0,0,"2026/09/04 03:50:03",,"2026/06/05 00:00:00",1,50.1
D,DISPATCH,CONSTRAINT,5,"2026/09/04 03:55:00",1,Q>NIL_CLWU_BCRG,20260903287,0,2970.28732,0,0,"2026/09/04 03:50:03",,"2026/06/05 00:00:00",1,1645.83031
D,DISPATCH,CONSTRAINT,5,"2026/09/04 03:55:00",1,Q>NIL_CLWU_LCCP,20260903287,0,3051.71116,0,0,"2026/09/04 03:50:03",,"2026/06/05 00:00:00",1,1645.83031
D,DISPATCH,CONSTRAINT,5,"2026/09/04 03:55:00",1,Q>NIL_CPWU_CLWU,20260903287,0,2457.90045,-11.35679,0,"2026/09/04 03:50:03",,"2026/06/05 00:00:00",1,2457.90045
D,DISPATCH,CONSTRAINT,5,"2026/09/04 03:55:00",1,Q>NIL_DRLCLB_NIL,20260903287,0,187.39039,0,0,"2026/09/04 03:50:03",,"2023/07/04 00:00:00",1,50.1
D,DISPATCH,CONSTRAINT,5,"2026/09/04 03:55:00",1,Q>NIL_LCCP_BCCP,20260903287,0,1293.08063,0,0,"2026/09/04 03:50:03",,"2026/06/05 00:00:00",1,805.0432
D,DISPATCH,CONSTRAINT,5,"2026/09/04 03:55:00",1,Q>NIL_LCCP_CLWU,20260903287,0,1186.95102,0,0,"2026/09/04 03:50:03",,"2026/06/05 00:00:00",1,690.74015
D,DISPATCH,CONSTRAINT,5,"2026/09/04 03:55:00",1,Q>NIL_MRTA_A,20260903287,0,9990,0,0,"2026/09/04 03:50:03",,"2019/01/11 00:00:00",1,0
D,DISPATCH,CONSTRAINT,5,"2026/09/04 03:55:00",1,Q>NIL_MRTA_B,20260903287,0,9990,0,0,"2026/09/04 03:50:03",,"2019/01/11 00:00:00",1,0
D,DISPATCH,CONSTRAINT,5,"2026/09/04 03:55:00",1,Q>NIL_MRTA_C,20260903287,0,389.72929,0,0,"2026/09/04 03:50:03",,"2019/01/11 00:00:00",1,0
D,DISPATCH,CONSTRAINT,5,"2026/09/04 03:55:00",1,Q>NIL_MUTE_757,20260903287,0,10000,0,0,"2026/09/04 03:50:03",,"2022/06/17 00:00:00",1,49
D,DISPATCH,CONSTRAINT,5,"2026/09/04 03:55:00",1,Q>NIL_MUTE_758,20260903287,0,10000,0,0,"2026/09/04 03:50:03",,"2022/06/17 00:00:00",1,49
D,DISPATCH,CONSTRAINT,5,"2026/09/04 03:55:00",1,Q>NIL_MUTX_MUTX,20260903287,0,10000,0,0,"2026/09/04 03:50:03",,"2024/10/17 00:00:00",1,49
D,DISPATCH,CONSTRAINT,5,"2026/09/04 03:55:00",1,Q>NIL_PWSP_WOSP,20260903287,0,3564.79511,0,0,"2026/09/04 03:50:03",,"2026/06/05 00:00:00",1,2455.33794
D,DISPATCH,CONSTRAINT,5,"2026/09/04 03:55:00",1,Q>NIL_RGLC_BCCP,20260903287,0,2427.12996,0,0,"2026/09/04 03:50:03",,"2026/06/05 00:00:00",1,1660.46639
D,DISPATCH,CONSTRAINT,5,"2026/09/04 03:55:00",1,Q>NIL_RGLC_CLWU,20260903287,0,2576.00887,0,0,"2026/09/04 03:50:03",,"2026/06/05 00:00:00",1,1666.01236
D,DISPATCH,CONSTRAINT,5,"2026/09/04 03:55:00",1,Q>NIL_TV66,20260903287,0,369.65248,0,0,"2026/09/04 03:50:03",,"2018/08/20 00:00:00",1,0
D,DISPATCH,CONSTRAINT,5,"2026/09/04 03:55:00",1,Q>NIL_WOPW_WOSP,20260903287,0,3201.02281,0,0,"2026/09/04 03:50:03",,"2026/06/05 00:00:00",1,2705.02311
D,DISPATCH,CONSTRAINT,5,"2026/09/04 03:55:00",1,Q>NIL_WOSP_PWSP,20260903287,0,3226.57536,0,0,"2026/09/04 03:50:03",,"2026/06/05 00:00:00",1,2562.36259
D,DISPATCH,CONSTRAINT,5,"2026/09/04 03:55:00",1,Q>NIL_WOSP_WOPW,20260903287,0,3296.73226,0,0,"2026/09/04 03:50:03",,"2026/06/05 00:00:00",1,2705.02311
D,DISPATCH,CONSTRAINT,5,"2026/09/04 03:55:00",1,Q>NIL_YLMR,20260903287,0,98.3242,0,0,"2026/09/04 03:50:03",,"2020/04/09 00:00:00",1,0
D,DISPATCH,CONSTRAINT,5,"2026/09/04 03:55:00",1,QNTE_ROC,20260903287,0,130.19922,0,0,"2026/09/04 03:50:03",,"2020/07/08 00:00:00",1,49
D,DISPATCH,CONSTRAINT,5,"2026/09/04 03:55:00",1,QN_1400_DYN_TEST,20260903287,0,1400,0,0,"2026/09/04 03:50:03",,"2024/07/26 00:00:00",1,1039.62387
D,DISPATCH,CONSTRAINT,5,"2026/09/04 03:55:00",1,QN_1400_TEST,20260903287,0,1400,0,0,"2026/09/04 03:50:03",,"2024/07/26 00:00:00",1,1039.62387
D,DISPATCH,CONSTRAINT,5,"2026/09/04 03:55:00",1,Q^CN_FDR-060,20260903287,0,-758.77357,0,0,"2026/09/04 03:50:03",,"2021/05/05 00:00:00",1,43.593
D,DISPATCH,CONSTRAINT,5,"2026/09/04 03:55:00",1,Q^CN_GT-090,20260903287,0,-911.13517,0,0,"2026/09/04 03:50:03",,"2021/05/05 00:00:00",1,33
D,DISPATCH,CONSTRAINT,5,"2026/09/04 03:55:00",1,Q^NIL_CN_FDR,20260903287,0,-818.77347,0,0,"2026/09/04 03:50:03",,"2021/05/05 00:00:00",1,43.593
D,DISPATCH,CONSTRAINT,5,"2026/09/04 03:55:00",1,Q^NIL_CN_GT,20260903287,0,-1001.13507,0,0,"2026/09/04 03:50:03",,"2021/05/05 00:00:00",1,33
D,DISPATCH,CONSTRAINT,5,"2026/09/04 03:55:00",1,Q^NIL_CS,20260903287,0,3529.78828,0,0,"2026/09/04 03:50:03",,"2026/06/05 00:00:00",1,3108.02704
D,DISPATCH,CONSTRAINT,5,"2026/09/04 03:55:00",1,Q^NIL_FNQ_8905,20260903287,0,-431.07603,0,0,"2026/09/04 03:50:03",,"2024/06/25 00:00:00",1,133.08036
D,DISPATCH,CONSTRAINT,5,"2026/09/04 03:55:00",1,Q^NIL_GC,20260903287,0,-10386.17014,0,0,"2026/09/04 03:50:03",,"2025/01/16 00:00:00",1,-49
D,DISPATCH,CONSTRAINT,5,"2026/09/04 03:55:00",1,Q^^NIL_TR_CLHA,20260903287,0,7634.56339,0,0,"2026/09/04 03:50:03",,"2026/06/12 00:00:00",1,3838.13448
D,DISPATCH,CONSTRAINT,5,"2026/09/04 03:55:00",1,Q^^NIL_TR_TRBK,20260903287,0,7833.6188,0,0,"2026/09/04 03:50:03",,"2026/06/12 00:00:00",1,4109.88788
D,DISPATCH,CONSTRAINT,5,"2026/09/04 03:55:00",1,Q^^N_NIL_SRAR,20260903287,0,1360.11035,0,0,"2026/09/04 03:50:03",,"2022/09/20 00:00:00",1,1050.99731
D,DISPATCH,CONSTRAINT,5,"2026/09/04 03:55:00",1,Q^^TR_CLHA_-050,20260903287,0,7537.09681,0,0,"2026/09/04 03:50:03",,"2026/06/12 00:00:00",1,3838.13448
D,DISPATCH,CONSTRAINT,5,"2026/09/04 03:55:00",1,Q^^TR_TRBK_-050,20260903287,0,7735.30826,0,0,"2026/09/04 03:50:03",,"2026/06/12 00:00:00",1,4109.88788
D,DISPATCH,CONSTRAINT,5,"2026/09/04 03:55:00",1,Q_KEP-HYB_50MW,20260903287,0,50,0,0,"2026/09/04 03:50:03",,"2022/08/26 00:00:00",1,42.4
D,DISPATCH,CONSTRAINT,5,"2026/09/04 03:55:00",1,Q_STR_NIL_KEP,20260903287,0,50.001,0,0,"2026/09/04 03:50:03",,"2026/08/27 00:00:00",2,42.4
D,DISPATCH,CONSTRAINT,5,"2026/09/04 03:55:00",1,Q_STR_NIL_KEP_I,20260903287,0,9957.5,0,0,"2026/09/04 03:50:03",,"2026/08/27 00:00:00",2,42.4
D,DISPATCH,CONSTRAINT,5,"2026/09/04 03:55:00",1,S::V_NIL_TBSE_1,20260903287,0,911.82241,0,0,"2026/09/04 03:50:03",,"2025/12/08 00:00:00",1,-210.39245
D,DISPATCH,CONSTRAINT,5,"2026/09/04 03:55:00",1,S::V_NIL_TBSE_2-DS,20260903287,0,10000,0,0,"2026/09/04 03:50:03",,"2025/12/08 00:00:00",1,-212.50275
D,DISPATCH,CONSTRAINT,5,"2026/09/04 03:55:00",1,S:VS_580_OSC_AUTO_1,20260903287,0,10000,0,0,"2026/09/04 03:50:03",,"2024/10/10 00:00:00",1,-164.25034
D,DISPATCH,CONSTRAINT,5,"2026/09/04 03:55:00",1,S:VS_700_1,20260903287,0,10000,0,0,"2026/09/04 03:50:03",,"2024/10/10 00:00:00",1,-164.25034
D,DISPATCH,CONSTRAINT,5,"2026/09/04 03:55:00",1,S:VS_700_OSC_AUTO,20260903287,0,10823.98844,0,0,"2026/09/04 03:50:03",,"2024/10/10 00:00:00",1,-164.25034
D,DISPATCH,CONSTRAINT,5,"2026/09/04 03:55:00",1,S:VS_800,20260903287,0,923.98844,0,0,"2026/09/04 03:50:03",,"2024/10/10 00:00:00",1,-164.25034
D,DISPATCH,CONSTRAINT,5,"2026/09/04 03:55:00",1,S:VS_900_HY_TEST,20260903287,0,900,0,0,"2026/09/04 03:50:03",,"2024/03/01 00:00:00",1,-164.25034
D,DISPATCH,CONSTRAINT,5,"2026/09/04 03:55:00",1,S:VS_900_HY_TEST_DYN,20260903287,0,900,0,0,"2026/09/04 03:50:03",,"2024/03/01 00:00:00",1,-164.25034
D,DISPATCH,CONSTRAINT,5,"2026/09/04 03:55:00",1,S:V_460_OSC_AUTO_1,20260903287,0,10000,0,0,"2026/09/04 03:50:03",,"2025/12/02 00:00:00",1,-187.1933
D,DISPATCH,CONSTRAINT,5,"2026/09/04 03:55:00",1,S:V_550_1,20260903287,0,10000,0,0,"2026/09/04 03:50:03",,"2025/12/02 00:00:00",1,-187.1933
D,DISPATCH,CONSTRAINT,5,"2026/09/04 03:55:00",1,S:V_550_OSC_AUTO,20260903287,0,14002.20862,0,0,"2026/09/04 03:50:03",,"2025/12/02 00:00:00",1,-187.1933
D,DISPATCH,CONSTRAINT,5,"2026/09/04 03:55:00",1,S:V_650,20260903287,0,1062.90862,0,0,"2026/09/04 03:50:03",,"2026/01/12 00:00:00",1,-187.1933
D,DISPATCH,CONSTRAINT,5,"2026/09/04 03:55:00",1,S:V_700_HY_TEST,20260903287,0,700,0,0,"2026/09/04 03:50:03",,"2024/03/01 00:00:00",1,-191.25034
D,DISPATCH,CONSTRAINT,5,"2026/09/04 03:55:00",1,S:V_700_HY_TEST_DYN,20260903287,0,700,0,0,"2026/09/04 03:50:03",,"2024/03/01 00:00:00",1,-191.25034
D,DISPATCH,CONSTRAINT,5,"2026/09/04 03:55:00",1,S>>MW2MW3_NWRB1,20260903287,0,184.7627,0,0,"2026/09/04 03:50:03",,"2026/07/01 00:00:00",1,-27
D,DISPATCH,CONSTRAINT,5,"2026/09/04 03:55:00",1,S>>MW2MW3_RBNW1,20260903287,0,99.77539,0,0,"2026/09/04 03:50:03",,"2026/07/01 00:00:00",1,27
D,DISPATCH,CONSTRAINT,5,"2026/09/04 03:55:00",1,S>>NIL_BGBW_BRTW,20260903287,0,1430.90005,0,0,"2026/09/04 03:50:03",,"2026/06/02 00:00:00",1,384.23945
D,DISPATCH,CONSTRAINT,5,"2026/09/04 03:55:00",1,S>>NIL_BRTW_WEMW4,20260903287,0,480.45669,0,0,"2026/09/04 03:50:03",,"2026/07/27 00:00:00",1,47.89772
D,DISPATCH,CONSTRAINT,5,"2026/09/04 03:55:00",1,S>>NIL_BRTW_WTTP,20260903287,0,656.25318,0,0,"2026/09/04 03:50:03",,"2026/06/02 00:00:00",1,233.08841
D,DISPATCH,CONSTRAINT,5,"2026/09/04 03:55:00",1,S>>NIL_BRTX_WEMW4,20260903287,0,424.83134,0,0,"2026/09/04 03:50:03",,"2026/07/27 00:00:00",1,48.64616
D,DISPATCH,CONSTRAINT,5,"2026/09/04 03:55:00",1,S>>NIL_BRTX_WTTP,20260903287,0,557.76691,0,0,"2026/09/04 03:50:03",,"2026/06/02 00:00:00",1,150.80384
D,DISPATCH,CONSTRAINT,5,"2026/09/04 03:55:00",1,S>>NIL_BWMP_BRTW,20260903287,0,1421.81774,0,0,"2026/09/04 03:50:03",,"2026/06/02 00:00:00",1,435.10646
D,DISPATCH,CONSTRAINT,5,"2026/09/04 03:55:00",1,S>>NIL_BWMP_RBTU,20260903287,0,2515.59816,0,0,"2026/09/04 03:50:03",,"2026/06/02 00:00:00",1,548.28693
D,DISPATCH,CONSTRAINT,5,"2026/09/04 03:55:00",1,S>>NIL_BWMP_TPRS,20260903287,0,485.90488,0,0,"2026/09/04 03:50:03",,"2026/06/02 00:00:00",1,132.29299
D,DISPATCH,CONSTRAINT,5,"2026/09/04 03:55:00",1,S>>NIL_BWMP_TWPA,20260903287,0,1157.62473,0,0,"2026/09/04 03:50:03",,"2026/06/02 00:00:00",1,316.57651
D,DISPATCH,CONSTRAINT,5,"2026/09/04 03:55:00",1,S>>NIL_BWMP_WEMW4,20260903287,0,500.34857,0,0,"2026/09/04 03:50:03",,"2026/07/27 00:00:00",1,57.66372
D,DISPATCH,CONSTRAINT,5,"2026/09/04 03:55:00",1,S>>NIL_BWMP_WTTP,20260903287,0,686.7169,0,0,"2026/09/04 03:50:03",,"2026/06/02 00:00:00",1,234.2369
D,DISPATCH,CONSTRAINT,5,"2026/09/04 03:55:00",1,S>>NIL_CNRB_WEMW4,20260903287,0,478.59632,0,0,"2026/09/04 03:50:03",,"2026/07/27 00:00:00",1,42.63933
D,DISPATCH,CONSTRAINT,5,"2026/09/04 03:55:00",1,S>>NIL_HUBG-T_WEWT,20260903287,0,337.6112,0,0,"2026/09/04 03:50:03",,"2026/06/03 00:00:00",1,-3.22573
D,DISPATCH,CONSTRAINT,5,"2026/09/04 03:55:00",1,S>>NIL_LKDV_WEWT,20260903287,0,337.59962,0,0,"2026/09/04 03:50:03",,"2026/06/02 00:00:00",1,15.59129
D,DISPATCH,CONSTRAINT,5,"2026/09/04 03:55:00",1,S>>NIL_MKRB_WEMW4,20260903287,0,490.60818,0,0,"2026/09/04 03:50:03",,"2026/07/27 00:00:00",1,42.95146
D,DISPATCH,CONSTRAINT,5,"2026/09/04 03:55:00",1,S>>NIL_RBNW1_MWP1NWB,20260903287,0,10000,0,0,"2026/09/04 03:50:03",,"2022/02/28 00:00:00",1,27
D,DISPATCH,CONSTRAINT,5,"2026/09/04 03:55:00",1,S>>NIL_RBNW1_RBMWP3,20260903287,0,10000,0,0,"2026/09/04 03:50:03",,"2022/02/28 00:00:00",1,27
D,DISPATCH,CONSTRAINT,5,"2026/09/04 03:55:00",1,S>>NIL_RBTU_BRTW,20260903287,0,1627.48951,0,0,"2026/09/04 03:50:03",,"2026/06/02 00:00:00",1,405.64797
D,DISPATCH,CONSTRAINT,5,"2026/09/04 03:55:00",1,S>>NIL_RBTU_RBTU,20260903287,0,1819.45978,0,0,"2026/09/04 03:50:03",,"2026/06/02 00:00:00",1,466.1147
D,DISPATCH,CONSTRAINT,5,"2026/09/04 03:55:00",1,S>>NIL_RBTU_TWPA,20260903287,0,1145.2732,0,0,"2026/09/04 03:50:03",,"2026/06/10 00:00:00",1,259.10353
D,DISPATCH,CONSTRAINT,5,"2026/09/04 03:55:00",1,S>>NIL_RBTU_WEWT,20260903287,0,315.10982,0,0,"2026/09/04 03:50:03",,"2026/07/03 00:00:00",1,3.96826
D,DISPATCH,CONSTRAINT,5,"2026/09/04 03:55:00",1,S>>NIL_RBTU_WTTP,20260903287,0,687.99227,0,0,"2026/09/04 03:50:03",,"2026/06/02 00:00:00",1,216.00524
D,DISPATCH,CONSTRAINT,5,"2026/09/04 03:55:00",1,S>>NIL_RBTX1_WTWE,20260903287,0,329.58257,0,0,"2026/09/04 03:50:03",,"2026/06/02 00:00:00",1,24.88967
D,DISPATCH,CONSTRAINT,5,"2026/09/04 03:55:00",1,S>>NIL_RBTX_RBTX_1,20260903287,0,183.68583,0,0,"2026/09/04 03:50:03",,"2026/06/02 00:00:00",1,-10.053
D,DISPATCH,CONSTRAINT,5,"2026/09/04 03:55:00",1,S>>NIL_RBTX_RBTX_2,20260903287,0,349.16651,0,0,"2026/09/04 03:50:03",,"2026/06/02 00:00:00",1,-1.9847
D,DISPATCH,CONSTRAINT,5,"2026/09/04 03:55:00",1,S>>NIL_SETB_SETB_1,20260903287,0,897.26438,0,0,"2026/09/04 03:50:03",,"2026/01/12 00:00:00",1,201.22794
D,DISPATCH,CONSTRAINT,5,"2026/09/04 03:55:00",1,S>>NIL_TBSE_PWSE_1,20260903287,0,10000,0,0,"2026/09/04 03:50:03",,"2025/12/02 00:00:00",1,-5.606
D,DISPATCH,CONSTRAINT,5,"2026/09/04 03:55:00",1,S>>NIL_TBSE_TBSE_1,20260903287,0,1202.38146,0,0,"2026/09/04 03:50:03",,"2026/01/12 00:00:00",1,-201.22794
D,DISPATCH,CONSTRAINT,5,"2026/09/04 03:55:00",1,S>>NIL_TBTU_TBMO_1,20260903287,0,366.95133,0,0,"2026/09/04 03:50:03",,"2026/06/10 00:00:00",1,80.0655
D,DISPATCH,CONSTRAINT,5,"2026/09/04 03:55:00",1,S>>NIL_TBTU_TBTU_1,20260903287,0,829.46876,0,0,"2026/09/04 03:50:03",,"2026/06/02 00:00:00",1,179.45016
D,DISPATCH,CONSTRAINT,5,"2026/09/04 03:55:00",1,S>>NIL_TBTX4_TBMO_1,20260903287,0,190.97552,0,0,"2026/09/04 03:50:03",,"2025/12/02 00:00:00",1,0
D,DISPATCH,CONSTRAINT,5,"2026/09/04 03:55:00",1,S>>NIL_TPWTX_TPDR,20260903287,0,83.63116,0,0,"2026/09/04 03:50:03",,"2026/02/11 00:00:00",1,0
D,DISPATCH,CONSTRAINT,5,"2026/09/04 03:55:00",1,S>>NIL_TUTB_MOTB_1,20260903287,0,556.62935,0,0,"2026/09/04 03:50:03",,"2026/06/10 00:00:00",1,-80.0655
D,DISPATCH,CONSTRAINT,5,"2026/09/04 03:55:00",1,S>>NIL_TUTB_TUTB_1,20260903287,0,965.85798,0,0,"2026/09/04 03:50:03",,"2026/06/10 00:00:00",1,-179.45016
D,DISPATCH,CONSTRAINT,5,"2026/09/04 03:55:00",1,S>>NIL_TWPA_BWMP,20260903287,0,975.10671,0,0,"2026/09/04 03:50:03",,"2026/06/02 00:00:00",1,273.58386
D,DISPATCH,CONSTRAINT,5,"2026/09/04 03:55:00",1,S>>NIL_TWPA_TPRS,20260903287,0,412.98415,0,0,"2026/09/04 03:50:03",,"2026/06/02 00:00:00",1,155.64577
D,DISPATCH,CONSTRAINT,5,"2026/09/04 03:55:00",1,S>>NIL_TWPA_WEMW4,20260903287,0,462.42057,0,0,"2026/09/04 03:50:03",,"2026/07/27 00:00:00",1,53.29941
D,DISPATCH,CONSTRAINT,5,"2026/09/04 03:55:00",1,S>>TB6536_TBTX4_TBMO,20260903287,0,184.5616,0,0,"2026/09/04 03:50:03",,"2026/02/11 00:00:00",1,0
D,DISPATCH,CONSTRAINT,5,"2026/09/04 03:55:00",1,S>>TB6536_TBTX4_TUTB,20260903287,0,1006.63057,0,0,"2026/09/04 03:50:03",,"2026/07/13 00:00:00",1,-192.43042
D,DISPATCH,CONSTRAINT,5,"2026/09/04 03:55:00",1,S>>V_NIL_DVBG_STBG,20260903287,0,250.3595,0,0,"2026/09/04 03:50:03",,"2026/01/12 00:00:00",1,57.9793
D,DISPATCH,CONSTRAINT,5,"2026/09/04 03:55:00",1,S>>V_NIL_NIL_HUWT,20260903287,0,257.11495,0,0,"2026/09/04 03:50:03",,"2026/01/12 00:00:00",1,51.42869
D,DISPATCH,CONSTRAINT,5,"2026/09/04 03:55:00",1,S>>V_NIL_NIL_MNWT,20260903287,0,293.18873,0,0,"2026/09/04 03:50:03",,"2026/06/02 00:00:00",1,-1.22581
D,DISPATCH,CONSTRAINT,5,"2026/09/04 03:55:00",1,S>>V_NIL_NIL_MW1NWB,20260903287,0,402.53535,0,0,"2026/09/04 03:50:03",,"2025/12/02 00:00:00",1,27
D,DISPATCH,CONSTRAINT,5,"2026/09/04 03:55:00",1,S>>V_NIL_NIL_RBMW3,20260903287,0,212.78772,0,0,"2026/09/04 03:50:03",,"2022/02/01 00:00:00",2,14.8068
D,DISPATCH,CONSTRAINT,5,"2026/09/04 03:55:00",1,S>>V_NIL_NIL_RBNW1,20260903287,0,194.49883,0,0,"2026/09/04 03:50:03",,"2025/12/02 00:00:00",1,27
D,DISPATCH,CONSTRAINT,5,"2026/09/04 03:55:00",1,S>>V_NIL_RBTX_WEMW4,20260903287,0,399.26117,0,0,"2026/09/04 03:50:03",,"2026/07/27 00:00:00",1,39.51124
D,DISPATCH,CONSTRAINT,5,"2026/09/04 03:55:00",1,S>>V_NIL_WTTP_WEMW4,20260903287,0,385.2209,0,0,"2026/09/04 03:50:03",,"2026/07/27 00:00:00",1,60.83071
D,DISPATCH,CONSTRAINT,5,"2026/09/04 03:55:00",1,S>NIL_ACPA_MAMO,20260903287,0,182.1406,0,0,"2026/09/04 03:50:03",,"2026/08/12 00:00:00",1,-18
D,DISPATCH,CONSTRAINT,5,"2026/09/04 03:55:00",1,S>NIL_BRTW_MNWT,20260903287,0,268.16854,0,0,"2026/09/04 03:50:03",,"2026/01/12 00:00:00",1,1.37307
D,DISPATCH,CONSTRAINT,5,"2026/09/04 03:55:00",1,S>NIL_BWMP_CNRB,20260903287,0,1046.02756,0,0,"2026/09/04 03:50:03",,"2026/06/02 00:00:00",1,262.08397
D,DISPATCH,CONSTRAINT,5,"2026/09/04 03:55:00",1,S>NIL_BWMP_HUWT,20260903287,0,241.79712,0,0,"2026/09/04 03:50:03",,"2026/01/12 00:00:00",1,52.12683
D,DISPATCH,CONSTRAINT,5,"2026/09/04 03:55:00",1,S>NIL_BWMP_RHBR-T,20260903287,0,281.72813,0,0,"2026/09/04 03:50:03",,"2026/03/03 00:00:00",1,51.83379
D,DISPATCH,CONSTRAINT,5,"2026/09/04 03:55:00",1,S>NIL_DVBG_BRTW,20260903287,0,1821.35401,0,0,"2026/09/04 03:50:03",,"2026/06/02 00:00:00",1,450.3232
D,DISPATCH,CONSTRAINT,5,"2026/09/04 03:55:00",1,S>NIL_DVTX_DVTX,20260903287,0,10190.20939,0,0,"2026/09/04 03:50:03",,"2022/02/01 00:00:00",2,0
D,DISPATCH,CONSTRAINT,5,"2026/09/04 03:55:00",1,S>NIL_HUWT_STBG,20260903287,0,164.79682,0,0,"2026/09/04 03:50:03",,"2026/02/25 00:00:00",1,65.2273
D,DISPATCH,CONSTRAINT,5,"2026/09/04 03:55:00",1,S>NIL_LKDV_CNRB,20260903287,0,651.66633,0,0,"2026/09/04 03:50:03",,"2024/10/04 00:00:00",1,127.8784
D,DISPATCH,CONSTRAINT,5,"2026/09/04 03:55:00",1,S>NIL_MHNW1_MHNW2,20260903287,0,175.62457,0,0,"2026/09/04 03:50:03",,"2024/06/20 00:00:00",1,-27
D,DISPATCH,CONSTRAINT,5,"2026/09/04 03:55:00",1,S>NIL_NIL_DLAW,20260903287,0,121.94564,0,0,"2026/09/04 03:50:03",,"2024/10/04 00:00:00",1,24.16
D,DISPATCH,CONSTRAINT,5,"2026/09/04 03:55:00",1,S>NIL_NIL_MHNW2,20260903287,0,326.63706,0,0,"2026/09/04 03:50:03",,"2022/02/01 00:00:00",2,-27
D,DISPATCH,CONSTRAINT,5,"2026/09/04 03:55:00",1,S>NIL_NIL_MYSG-T,20260903287,0,279.90584,0,0,"2026/09/04 03:50:03",,"2024/12/05 00:00:00",1,22.5735
D,DISPATCH,CONSTRAINT,5,"2026/09/04 03:55:00",1,S>NIL_NIL_NWMH2,20260903287,0,273.26318,0,0,"2026/09/04 03:50:03",,"2022/02/01 00:00:00",2,27
D,DISPATCH,CONSTRAINT,5,"2026/09/04 03:55:00",1,S>NIL_NIL_SETX12,20260903287,0,415.82021,0,0,"2026/09/04 03:50:03",,"2025/05/22 00:00:00",1,25.66013
D,DISPATCH,CONSTRAINT,5,"2026/09/04 03:55:00",1,S>NIL_NIL_SGBN,20260903287,0,342.58303,0,0,"2026/09/04 03:50:03",,"2024/12/05 00:00:00",1,25.67719
D,DISPATCH,CONSTRAINT,5,"2026/09/04 03:55:00",1,S>NIL_NIL_SGMYSE-T2,20260903287,0,403.82619,0,0,"2026/09/04 03:50:03",,"2024/12/05 00:00:00",1,25.67719
D,DISPATCH,CONSTRAINT,5,"2026/09/04 03:55:00",1,S>NIL_NWMH1_NWMH2,20260903287,0,10000,0,0,"2026/09/04 03:50:03",,"2022/02/01 00:00:00",2,27
D,DISPATCH,CONSTRAINT,5,"2026/09/04 03:55:00",1,S>NIL_NWRB1_MWP3RB,20260903287,0,235.47936,0,0,"2026/09/04 03:50:03",,"2022/02/01 00:00:00",2,-27
D,DISPATCH,CONSTRAINT,5,"2026/09/04 03:55:00",1,S>NIL_NWRB2_NWRB1,20260903287,0,184.79708,0,0,"2026/09/04 03:50:03",,"2024/06/20 00:00:00",1,-27
D,DISPATCH,CONSTRAINT,5,"2026/09/04 03:55:00",1,S>NIL_RBMWP3_RBNW1,20260903287,0,10000,0,0,"2026/09/04 03:50:03",,"2022/02/01 00:00:00",2,27
D,DISPATCH,CONSTRAINT,5,"2026/09/04 03:55:00",1,S>NIL_SGBN_SGSE-T,20260903287,0,268.02731,0,0,"2026/09/04 03:50:03",,"2024/12/05 00:00:00",1,8.30449
D,DISPATCH,CONSTRAINT,5,"2026/09/04 03:55:00",1,S>NIL_SGBN_SGSE-T2,20260903287,0,10000,0,0,"2026/09/04 03:50:03",,"2024/12/05 00:00:00",1,25.67719
D,DISPATCH,CONSTRAINT,5,"2026/09/04 03:55:00",1,S>NIL_TINO3_TINO4,20260903287,0,349.34775,0,0,"2026/09/04 03:50:03",,"2026/01/12 00:00:00",1,0
D,DISPATCH,CONSTRAINT,5,"2026/09/04 03:55:00",1,S>NIL_WEMW4_WTTP,20260903287,0,380.36763,0,0,"2026/09/04 03:50:03",,"2026/01/12 00:00:00",1,85.95241
D,DISPATCH,CONSTRAINT,5,"2026/09/04 03:55:00",1,S>V_NIL_SEHY,20260903287,0,1876.10484,0,0,"2026/09/04 03:50:03",,"2026/01/12 00:00:00",1,-186.29458
D,DISPATCH,CONSTRAINT,5,"2026/09/04 03:55:00",1,S>V_NIL_SETX_SETX,20260903287,0,10000,0,0,"2026/09/04 03:50:03",,"2025/05/22 00:00:00",1,8.3048
D,DISPATCH,CONSTRAINT,5,"2026/09/04 03:55:00",1,S>V_NIL_SETX_SETX1,20260903287,0,311.2274,0,0,"2026/09/04 03:50:03",,"2025/05/22 00:00:00",1,25.66013
D,DISPATCH,CONSTRAINT,5,"2026/09/04 03:55:00",1,SVML^NIL_MH-CAP_ON,20260903287,0,155.76747,0,0,"2026/09/04 03:50:03",,"2021/01/13 00:00:00",1,27
D,DISPATCH,CONSTRAINT,5,"2026/09/04 03:55:00",1,SVML_233,20260903287,0,233,0,0,"2026/09/04 03:50:03",,"2014/10/01 00:00:00",1,27
D,DISPATCH,CONSTRAINT,5,"2026/09/04 03:55:00",1,SVML_RAT_LIM_DYN,20260903287,0,264,0,0,"2026/09/04 03:50:03",,"2026/05/27 00:00:00",1,27
D,DISPATCH,CONSTRAINT,5,"2026/09/04 03:55:00",1,SVML_ROC_80,20260903287,0,101,0,0,"2026/09/04 03:50:03",,"2020/07/08 00:00:00",1,27
D,DISPATCH,CONSTRAINT,5,"2026/09/04 03:55:00",1,SV_HEY_600_TEST,20260903287,0,1030.23362,0,0,"2026/09/04 03:50:03",,"2026/04/29 00:00:00",1,-187.1933
D,DISPATCH,CONSTRAINT,5,"2026/09/04 03:55:00",1,S^NIL_SA_NORTH,20260903287,0,1872,0,0,"2026/09/04 03:50:03",,"2026/01/12 00:00:00",1,665.00388
D,DISPATCH,CONSTRAINT,5,"2026/09/04 03:55:00",1,S_LB2WF_CONF,20260903287,0,198,0,0,"2026/09/04 03:50:03",,"2015/08/07 00:00:00",1,17.3727
D,DISPATCH,CONSTRAINT,5,"2026/09/04 03:55:00",1,S_NIL_STRENGTH_1,20260903287,0,2500,0,0,"2026/09/04 03:50:03",,"2026/06/10 00:00:00",1,680.07981
D,DISPATCH,CONSTRAINT,5,"2026/09/04 03:55:00",1,S_V_HEYWOOD_OFGS,20260903287,0,575.50329,0,0,"2026/09/04 03:50:03",,"2025/12/15 00:00:00",1,-191.25034
D,DISPATCH,CONSTRAINT,5,"2026/09/04 03:55:00",1,S_V_NIL_ROCOF,20260903287,0,1032.94748,0,0,"2026/09/04 03:50:03",,"2024/09/03 00:00:00",1,-191.25034
D,DISPATCH,CONSTRAINT,5,"2026/09/04 03:55:00",1,T::T_NIL_1,20260903287,0,589.24119,-69.22514,0,"2026/09/04 03:50:03",,"2026/06/24 00:00:00",1,589.24119
D,DISPATCH,CONSTRAINT,5,"2026/09/04 03:55:00",1,T::T_NIL_3,20260903287,0,10775.03698,0,0,"2026/09/04 03:50:03",,"2024/07/10 00:00:00",1,726.03603
D,DISPATCH,CONSTRAINT,5,"2026/09/04 03:55:00",1,T>>T_NIL_BL_EXP_3F,20260903287,0,11111.49322,0,0,"2026/09/04 03:50:03",,"2025/12/02 00:00:00",1,205.32638
D,DISPATCH,CONSTRAINT,5,"2026/09/04 03:55:00",1,T>>T_NIL_BL_EXP_3G,20260903287,0,21349.56554,0,0,"2026/09/04 03:50:03",,"2024/08/08 00:00:00",1,4.31483
D,DISPATCH,CONSTRAINT,5,"2026/09/04 03:55:00",1,T>>T_NIL_BL_EXP_3H,20260903287,0,11619.89837,0,0,"2026/09/04 03:50:03",,"2025/12/02 00:00:00",1,338.83961
D,DISPATCH,CONSTRAINT,5,"2026/09/04 03:55:00",1,T>>T_NIL_BL_EXP_4E,20260903287,0,10404.0339,0,0,"2026/09/04 03:50:03",,"2025/12/02 00:00:00",1,-350.42893
D,DISPATCH,CONSTRAINT,5,"2026/09/04 03:55:00",1,T>>T_NIL_BL_EXP_4F,20260903287,0,10352.96433,0,0,"2026/09/04 03:50:03",,"2025/12/02 00:00:00",1,-319.32483
D,DISPATCH,CONSTRAINT,5,"2026/09/04 03:55:00",1,T>>T_NIL_BL_EXP_5F,20260903287,0,11131.89619,0,0,"2026/09/04 03:50:03",,"2024/08/08 00:00:00",1,336.41039
D,DISPATCH,CONSTRAINT,5,"2026/09/04 03:55:00",1,T>>T_NIL_BL_EXP_5G,20260903287,0,21412.23386,0,0,"2026/09/04 03:50:03",,"2024/08/08 00:00:00",1,113.95399
D,DISPATCH,CONSTRAINT,5,"2026/09/04 03:55:00",1,T>>T_NIL_BL_EXP_5H,20260903287,0,11607.48403,0,0,"2026/09/04 03:50:03",,"2024/08/08 00:00:00",1,464.03761
D,DISPATCH,CONSTRAINT,5,"2026/09/04 03:55:00",1,T>>T_NIL_BL_EXP_6E,20260903287,0,11099.24795,0,0,"2026/09/04 03:50:03",,"2024/08/08 00:00:00",1,651.08888
D,DISPATCH,CONSTRAINT,5,"2026/09/04 03:55:00",1,T>>T_NIL_BL_EXP_6F,20260903287,0,11237.49673,0,0,"2026/09/04 03:50:03",,"2024/07/10 00:00:00",1,524.93751
D,DISPATCH,CONSTRAINT,5,"2026/09/04 03:55:00",1,T>>T_NIL_BL_EXP_7C,20260903287,0,10622.45954,0,0,"2026/09/04 03:50:03",,"2024/07/10 00:00:00",1,322.93751
D,DISPATCH,CONSTRAINT,5,"2026/09/04 03:55:00",1,T>T_NIL_110_4,20260903287,0,291.29785,0,0,"2026/09/04 03:50:03",,"2024/08/08 00:00:00",1,-49.266
D,DISPATCH,CONSTRAINT,5,"2026/09/04 03:55:00",1,T>T_NIL_110_5,20260903287,0,413.63427,0,0,"2026/09/04 03:50:03",,"2024/08/08 00:00:00",1,49.266
D,DISPATCH,CONSTRAINT,5,"2026/09/04 03:55:00",1,T>T_NIL_BL_110_2,20260903287,0,181.54677,0,0,"2026/09/04 03:50:03",,"2025/12/02 00:00:00",1,6
D,DISPATCH,CONSTRAINT,5,"2026/09/04 03:55:00",1,T>T_NIL_BL_110_3,20260903287,0,317.86956,0,0,"2026/09/04 03:50:03",,"2025/12/02 00:00:00",1,-30.386
D,DISPATCH,CONSTRAINT,5,"2026/09/04 03:55:00",1,T>T_NIL_BL_110_4,20260903287,0,287.41419,0,0,"2026/09/04 03:50:03",,"2025/12/02 00:00:00",1,-16.194
D,DISPATCH,CONSTRAINT,5,"2026/09/04 03:55:00",1,T>T_NIL_BL_110_5,20260903287,0,317.41405,0,0,"2026/09/04 03:50:03",,"2025/12/02 00:00:00",1,-30.66
D,DISPATCH,CONSTRAINT,5,"2026/09/04 03:55:00",1,T>T_NIL_BL_110_8_1,20260903287,0,341.48566,0,0,"2026/09/04 03:50:03",,"2025/12/02 00:00:00",1,33.404
D,DISPATCH,CONSTRAINT,5,"2026/09/04 03:55:00",1,T>T_NIL_BL_110_9,20260903287,0,552.40082,0,0,"2026/09/04 03:50:03",,"2024/08/08 00:00:00",1,91.683
D,DISPATCH,CONSTRAINT,5,"2026/09/04 03:55:00",1,T>T_NIL_BL_220_6B,20260903287,0,964.63719,0,0,"2026/09/04 03:50:03",,"2024/08/08 00:00:00",1,608.23516
D,DISPATCH,CONSTRAINT,5,"2026/09/04 03:55:00",1,T>T_NIL_BL_220_6C,20260903287,0,1682.62135,0,0,"2026/09/04 03:50:03",,"2024/08/08 00:00:00",1,-146.37778
D,DISPATCH,CONSTRAINT,5,"2026/09/04 03:55:00",1,T>T_NIL_BL_220_6D,20260903287,0,1562.1547,0,0,"2026/09/04 03:50:03",,"2024/08/08 00:00:00",1,-14.20263
D,DISPATCH,CONSTRAINT,5,"2026/09/04 03:55:00",1,T>T_NIL_BL_3A,20260903287,0,1635.14575,0,0,"2026/09/04 03:50:03",,"2025/12/02 00:00:00",1,506.99221
D,DISPATCH,CONSTRAINT,5,"2026/09/04 03:55:00",1,T>T_NIL_BL_3B,20260903287,0,1634.14901,0,0,"2026/09/04 03:50:03",,"2025/12/02 00:00:00",1,506.99221
D,DISPATCH,CONSTRAINT,5,"2026/09/04 03:55:00",1,T>T_NIL_BL_3C,20260903287,0,1158.55348,0,0,"2026/09/04 03:50:03",,"2025/12/02 00:00:00",1,376.63867
D,DISPATCH,CONSTRAINT,5,"2026/09/04 03:55:00",1,T>T_NIL_BL_3D,20260903287,0,11397.15985,0,0,"2026/09/04 03:50:03",,"2024/08/08 00:00:00",1,178.49
D,DISPATCH,CONSTRAINT,5,"2026/09/04 03:55:00",1,T>T_NIL_BL_3E,20260903287,0,1667.08065,0,0,"2026/09/04 03:50:03",,"2025/12/02 00:00:00",1,510.66022
D,DISPATCH,CONSTRAINT,5,"2026/09/04 03:55:00",1,T>T_NIL_BL_4A,20260903287,0,630.35374,0,0,"2026/09/04 03:50:03",,"2025/12/02 00:00:00",1,-29.1541
D,DISPATCH,CONSTRAINT,5,"2026/09/04 03:55:00",1,T>T_NIL_BL_4B,20260903287,0,630.75553,0,0,"2026/09/04 03:50:03",,"2025/12/02 00:00:00",1,-29.1541
D,DISPATCH,CONSTRAINT,5,"2026/09/04 03:55:00",1,T>T_NIL_BL_4C,20260903287,0,770.73048,0,0,"2026/09/04 03:50:03",,"2024/08/08 00:00:00",1,-49.4201
D,DISPATCH,CONSTRAINT,5,"2026/09/04 03:55:00",1,T>T_NIL_BL_4D,20260903287,0,748.88954,0,0,"2026/09/04 03:50:03",,"2025/12/02 00:00:00",1,8.635
D,DISPATCH,CONSTRAINT,5,"2026/09/04 03:55:00",1,T>T_NIL_BL_5A,20260903287,0,1588.1178,0,0,"2026/09/04 03:50:03",,"2024/08/08 00:00:00",1,628.77048
D,DISPATCH,CONSTRAINT,5,"2026/09/04 03:55:00",1,T>T_NIL_BL_5B,20260903287,0,1589.16212,0,0,"2026/09/04 03:50:03",,"2024/08/08 00:00:00",1,628.77048
D,DISPATCH,CONSTRAINT,5,"2026/09/04 03:55:00",1,T>T_NIL_BL_5C,20260903287,0,1177.39099,0,0,"2026/09/04 03:50:03",,"2024/08/08 00:00:00",1,506.21957
D,DISPATCH,CONSTRAINT,5,"2026/09/04 03:55:00",1,T>T_NIL_BL_5D,20260903287,0,11462.24386,0,0,"2026/09/04 03:50:03",,"2024/08/08 00:00:00",1,301
D,DISPATCH,CONSTRAINT,5,"2026/09/04 03:55:00",1,T>T_NIL_BL_5E,20260903287,0,1653.90264,0,0,"2026/09/04 03:50:03",,"2024/08/08 00:00:00",1,637.34785
D,DISPATCH,CONSTRAINT,5,"2026/09/04 03:55:00",1,T>T_NIL_BL_6A,20260903287,0,1616.41003,0,0,"2026/09/04 03:50:03",,"2024/08/08 00:00:00",1,972.36371
D,DISPATCH,CONSTRAINT,5,"2026/09/04 03:55:00",1,T>T_NIL_BL_6B,20260903287,0,1613.91612,0,0,"2026/09/04 03:50:03",,"2024/08/08 00:00:00",1,972.36371
D,DISPATCH,CONSTRAINT,5,"2026/09/04 03:55:00",1,T>T_NIL_BL_6C,20260903287,0,1149.26041,0,0,"2026/09/04 03:50:03",,"2024/08/08 00:00:00",1,411.15137
D,DISPATCH,CONSTRAINT,5,"2026/09/04 03:55:00",1,T>T_NIL_BL_6D,20260903287,0,1287.50673,0,0,"2026/09/04 03:50:03",,"2024/07/10 00:00:00",1,285
D,DISPATCH,CONSTRAINT,5,"2026/09/04 03:55:00",1,T>T_NIL_BL_IMP_2B,20260903287,0,771.36647,0,0,"2026/09/04 03:50:03",,"2025/12/02 00:00:00",1,105.7663
D,DISPATCH,CONSTRAINT,5,"2026/09/04 03:55:00",1,T>T_NIL_BL_IMP_3F,20260903287,0,11197.0583,0,0,"2026/09/04 03:50:03",,"2025/12/02 00:00:00",1,507.646
D,DISPATCH,CONSTRAINT,5,"2026/09/04 03:55:00",1,T>T_NIL_BL_IMP_3FF,20260903287,0,11196.53506,0,0,"2026/09/04 03:50:03",,"2025/12/02 00:00:00",1,507.646
D,DISPATCH,CONSTRAINT,5,"2026/09/04 03:55:00",1,T>T_NIL_BL_IMP_3G,20260903287,0,1442.39731,0,0,"2026/09/04 03:50:03",,"2024/08/08 00:00:00",1,310.16847
D,DISPATCH,CONSTRAINT,5,"2026/09/04 03:55:00",1,T>T_NIL_BL_IMP_3H,20260903287,0,11715.59105,0,0,"2026/09/04 03:50:03",,"2025/12/02 00:00:00",1,641.80177
D,DISPATCH,CONSTRAINT,5,"2026/09/04 03:55:00",1,T>T_NIL_BL_IMP_4E,20260903287,0,10476.41478,0,0,"2026/09/04 03:50:03",,"2025/12/02 00:00:00",1,-29.1541
D,DISPATCH,CONSTRAINT,5,"2026/09/04 03:55:00",1,T>T_NIL_BL_IMP_4EE,20260903287,0,10476.61392,0,0,"2026/09/04 03:50:03",,"2025/12/02 00:00:00",1,-29.1541
D,DISPATCH,CONSTRAINT,5,"2026/09/04 03:55:00",1,T>T_NIL_BL_IMP_4F,20260903287,0,10421.94411,0,0,"2026/09/04 03:50:03",,"2025/12/02 00:00:00",1,1.95
D,DISPATCH,CONSTRAINT,5,"2026/09/04 03:55:00",1,T>T_NIL_BL_IMP_5F,20260903287,0,11205.61073,0,0,"2026/09/04 03:50:03",,"2024/08/08 00:00:00",1,628.77048
D,DISPATCH,CONSTRAINT,5,"2026/09/04 03:55:00",1,T>T_NIL_BL_IMP_5FF,20260903287,0,11206.25355,0,0,"2026/09/04 03:50:03",,"2024/08/08 00:00:00",1,628.77048
D,DISPATCH,CONSTRAINT,5,"2026/09/04 03:55:00",1,T>T_NIL_BL_IMP_5G,20260903287,0,1502.8753,0,0,"2026/09/04 03:50:03",,"2024/08/08 00:00:00",1,435.22882
D,DISPATCH,CONSTRAINT,5,"2026/09/04 03:55:00",1,T>T_NIL_BL_IMP_5H,20260903287,0,11694.02398,0,0,"2026/09/04 03:50:03",,"2024/08/08 00:00:00",1,762.18065
D,DISPATCH,CONSTRAINT,5,"2026/09/04 03:55:00",1,T>T_NIL_BL_IMP_6E,20260903287,0,11160.16349,0,0,"2026/09/04 03:50:03",,"2024/08/08 00:00:00",1,972.36371
D,DISPATCH,CONSTRAINT,5,"2026/09/04 03:55:00",1,T>T_NIL_BL_IMP_6EE,20260903287,0,11160.26633,0,0,"2026/09/04 03:50:03",,"2024/08/08 00:00:00",1,972.36371
D,DISPATCH,CONSTRAINT,5,"2026/09/04 03:55:00",1,T>T_NIL_BL_IMP_6F,20260903287,0,11304.09185,0,0,"2026/09/04 03:50:03",,"2019/11/28 00:00:00",1,846.21234
D,DISPATCH,CONSTRAINT,5,"2026/09/04 03:55:00",1,T>T_NIL_BL_IMP_7C,20260903287,0,10681.13252,0,0,"2026/09/04 03:50:03",,"2021/11/15 00:00:00",1,644.21234
D,DISPATCH,CONSTRAINT,5,"2026/09/04 03:55:00",1,T>T_NIL_BL_IMP_7CC,20260903287,0,10680.50455,0,0,"2026/09/04 03:50:03",,"2021/11/15 00:00:00",1,644.21234
D,DISPATCH,CONSTRAINT,5,"2026/09/04 03:55:00",1,T>T_NIL_BL_IMP_8B,20260903287,0,786.26737,0,0,"2026/09/04 03:50:03",,"2025/12/02 00:00:00",1,139.4063
D,DISPATCH,CONSTRAINT,5,"2026/09/04 03:55:00",1,T>T_NIL_BL_IMP_8C,20260903287,0,352.84058,0,0,"2026/09/04 03:50:03",,"2025/12/02 00:00:00",1,-139.4063
D,DISPATCH,CONSTRAINT,5,"2026/09/04 03:55:00",1,T>T_NIL_NCSPS5_3F,20260903287,0,11144.89764,0,0,"2026/09/04 03:50:03",,"2025/12/02 00:00:00",1,507.646
D,DISPATCH,CONSTRAINT,5,"2026/09/04 03:55:00",1,T>T_NIL_NCSPS5_3FF,20260903287,0,11144.82703,0,0,"2026/09/04 03:50:03",,"2025/12/02 00:00:00",1,507.646
D,DISPATCH,CONSTRAINT,5,"2026/09/04 03:55:00",1,T>T_NIL_NCSPS5_3G,20260903287,0,11375.88786,0,0,"2026/09/04 03:50:03",,"2024/08/08 00:00:00",1,310.16847
D,DISPATCH,CONSTRAINT,5,"2026/09/04 03:55:00",1,T>T_NIL_NCSPS5_3H,20260903287,0,11630.94545,0,0,"2026/09/04 03:50:03",,"2025/12/02 00:00:00",1,641.80177
D,DISPATCH,CONSTRAINT,5,"2026/09/04 03:55:00",1,T>T_NIL_NCSPS5_7C,20260903287,0,10654.76273,0,0,"2026/09/04 03:50:03",,"2021/11/15 00:00:00",1,644.21234
D,DISPATCH,CONSTRAINT,5,"2026/09/04 03:55:00",1,T>T_NIL_TOV_5F,20260903287,0,11365.38011,0,0,"2026/09/04 03:50:03",,"2024/08/08 00:00:00",1,628.77048
D,DISPATCH,CONSTRAINT,5,"2026/09/04 03:55:00",1,T>T_NIL_TOV_5FF,20260903287,0,11365.39192,0,0,"2026/09/04 03:50:03",,"2024/08/08 00:00:00",1,628.77048
D,DISPATCH,CONSTRAINT,5,"2026/09/04 03:55:00",1,TVBL_NIL_CONT_473,20260903287,0,473,0,0,"2026/09/04 03:50:03",,"2026/08/14 00:00:00",1,321.27483
D,DISPATCH,CONSTRAINT,5,"2026/09/04 03:55:00",1,TVBL_NIL_DYN,20260903287,0,630,0,0,"2026/09/04 03:50:03",,"2026/05/29 00:00:00",1,321.27483
D,DISPATCH,CONSTRAINT,5,"2026/09/04 03:55:00",1,TVBL_ROC,20260903287,0,517.39844,0,0,"2026/09/04 03:50:03",,"2020/07/08 00:00:00",1,321.27483
D,DISPATCH,CONSTRAINT,5,"2026/09/04 03:55:00",1,T^T_NIL_BL_1,20260903287,0,10877.34003,0,0,"2026/09/04 03:50:03",,"2025/12/02 00:00:00",1,134.3054
D,DISPATCH,CONSTRAINT,5,"2026/09/04 03:55:00",1,T^T_NIL_BL_2,20260903287,0,1764.14753,0,0,"2026/09/04 03:50:03",,"2017/07/05 00:00:00",1,-112.1613
D,DISPATCH,CONSTRAINT,5,"2026/09/04 03:55:00",1,T^T_NIL_BL_4,20260903287,0,1443.31242,0,0,"2026/09/04 03:50:03",,"2017/07/05 00:00:00",1,-141.3374
D,DISPATCH,CONSTRAINT,5,"2026/09/04 03:55:00",1,T^T_NIL_BL_5,20260903287,0,591.23917,0,0,"2026/09/04 03:50:03",,"2017/07/05 00:00:00",1,-139.724
D,DISPATCH,CONSTRAINT,5,"2026/09/04 03:55:00",1,T^T_NIL_BL_6,20260903287,0,129.95704,0,0,"2026/09/04 03:50:03",,"2025/12/02 00:00:00",1,-47.1823
D,DISPATCH,CONSTRAINT,5,"2026/09/04 03:55:00",1,T^T_NIL_BL_7,20260903287,0,778.43472,0,0,"2026/09/04 03:50:03",,"2017/07/05 00:00:00",1,-139.8404
D,DISPATCH,CONSTRAINT,5,"2026/09/04 03:55:00",1,T^V_NIL_10,20260903287,0,737.41732,0,0,"2026/09/04 03:50:03",,"2026/06/30 00:00:00",1,321.27483
D,DISPATCH,CONSTRAINT,5,"2026/09/04 03:55:00",1,T^V_NIL_11,20260903287,0,633.0626,0,0,"2026/09/04 03:50:03",,"2026/06/30 00:00:00",1,348.12059
D,DISPATCH,CONSTRAINT,5,"2026/09/04 03:55:00",1,T^V_NIL_8,20260903287,0,501.95627,0,0,"2026/09/04 03:50:03",,"2026/06/30 00:00:00",1,290.97483
D,DISPATCH,CONSTRAINT,5,"2026/09/04 03:55:00",1,T^V_NIL_9,20260903287,0,363.7,0,0,"2026/09/04 03:50:03",,"2026/06/30 00:00:00",1,321.27483
D,DISPATCH,CONSTRAINT,5,"2026/09/04 03:55:00",1,T^V_NIL_BL_6,20260903287,0,426.08672,0,0,"2026/09/04 03:50:03",,"2013/08/21 00:00:00",1,321.27483
D,DISPATCH,CONSTRAINT,5,"2026/09/04 03:55:00",1,T_BLINK_TV_NGZ,20260903287,0,0,0,0,"2026/09/04 03:50:03",,"2022/02/07 00:00:00",1,321.27483
D,DISPATCH,CONSTRAINT,5,"2026/09/04 03:55:00",1,T_BLINK_VT_NGZ,20260903287,0,10000,0,0,"2026/09/04 03:50:03",,"2022/02/07 00:00:00",1,321.27483
D,DISPATCH,CONSTRAINT,5,"2026/09/04 03:55:00",1,T_ROCOF_1,20260903287,0,692.21514,0,0,"2026/09/04 03:50:03",,"2025/12/02 00:00:00",1,-102.02246
D,DISPATCH,CONSTRAINT,5,"2026/09/04 03:55:00",1,T_ROCOF_2,20260903287,0,10426.7739,0,0,"2026/09/04 03:50:03",,"2025/12/02 00:00:00",1,-197.70011
D,DISPATCH,CONSTRAINT,5,"2026/09/04 03:55:00",1,T_ROCOF_3_1,20260903287,0,672.18876,0,0,"2026/09/04 03:50:03",,"2024/12/18 00:00:00",1,-179.50452
D,DISPATCH,CONSTRAINT,5,"2026/09/04 03:55:00",1,T_ROCOF_3_2,20260903287,0,625.76321,0,0,"2026/09/04 03:50:03",,"2024/12/18 00:00:00",1,-164.25689
D,DISPATCH,CONSTRAINT,5,"2026/09/04 03:55:00",1,T_ROCOF_3_3,20260903287,0,513.85659,0,0,"2026/09/04 03:50:03",,"2024/12/18 00:00:00",1,-192.18256
D,DISPATCH,CONSTRAINT,5,"2026/09/04 03:55:00",1,T_V_FCSPS_DS,20260903287,0,10144,0,0,"2026/09/04 03:50:03",,"2023/11/13 00:00:00",1,321.27483
D,DISPATCH,CONSTRAINT,5,"2026/09/04 03:55:00",1,T_V_NIL_BL1,20260903287,0,10125,0,0,"2026/09/04 03:50:03",,"2022/02/07 00:00:00",1,321.27483
D,DISPATCH,CONSTRAINT,5,"2026/09/04 03:55:00",1,T_V_NIL_FCSPS,20260903287,0,1035.92209,0,0,"2026/09/04 03:50:03",,"2025/06/11 00:00:00",1,321.27483
D,DISPATCH,CONSTRAINT,5,"2026/09/04 03:55:00",1,V::N_NIL_O1,20260903287,0,10014.49708,0,0,"2026/09/04 03:50:03",,"2026/07/04 00:00:00",1,-777.44487
D,DISPATCH,CONSTRAINT,5,"2026/09/04 03:55:00",1,V::N_NIL_O2,20260903287,0,14.49708,0,0,"2026/09/04 03:50:03",,"2026/07/04 00:00:00",1,-674.81487
D,DISPATCH,CONSTRAINT,5,"2026/09/04 03:55:00",1,V::N_NIL_V1,20260903287,0,9776.86447,0,0,"2026/09/04 03:50:03",,"2026/07/04 00:00:00",1,-909.93782
D,DISPATCH,CONSTRAINT,5,"2026/09/04 03:55:00",1,V::N_NIL_V2,20260903287,0,-223.13553,0,0,"2026/09/04 03:50:03",,"2026/07/04 00:00:00",1,-791.13782
D,DISPATCH,CONSTRAINT,5,"2026/09/04 03:55:00",1,V::S_NIL_MAXG_1,20260903287,0,904.2248,0,0,"2026/09/04 03:50:03",,"2025/12/08 00:00:00",1,210.29137
D,DISPATCH,CONSTRAINT,5,"2026/09/04 03:55:00",1,V::S_NIL_MAXG_2,20260903287,0,10000,0,0,"2026/09/04 03:50:03",,"2025/12/02 00:00:00",1,211.27067
D,DISPATCH,CONSTRAINT,5,"2026/09/04 03:55:00",1,V::S_NIL_MAXG_3,20260903287,0,10000,0,0,"2026/09/04 03:50:03",,"2025/12/02 00:00:00",1,209.35687
D,DISPATCH,CONSTRAINT,5,"2026/09/04 03:55:00",1,V::S_NIL_TBSE_1,20260903287,0,773.7874,0,0,"2026/09/04 03:50:03",,"2025/12/02 00:00:00",1,216.14528
D,DISPATCH,CONSTRAINT,5,"2026/09/04 03:55:00",1,V::S_NIL_TBSE_2,20260903287,0,10000,0,0,"2026/09/04 03:50:03",,"2025/12/02 00:00:00",1,216.13411
D,DISPATCH,CONSTRAINT,5,"2026/09/04 03:55:00",1,V::V_1900,20260903287,0,1900,0,0,"2026/09/04 03:50:03",,"2018/08/24 00:00:00",1,85.36031
D,DISPATCH,CONSTRAINT,5,"2026/09/04 03:55:00",1,V:SS_680_OSC_AUTO,20260903287,0,10000,0,0,"2026/09/04 03:50:03",,"2024/09/25 00:00:00",1,164.25034
D,DISPATCH,CONSTRAINT,5,"2026/09/04 03:55:00",1,V:SS_790_1,20260903287,0,10000,0,0,"2026/09/04 03:50:03",,"2024/09/25 00:00:00",1,164.25034
D,DISPATCH,CONSTRAINT,5,"2026/09/04 03:55:00",1,V:SS_790_OSC_AUTO,20260903287,0,10666.01156,0,0,"2026/09/04 03:50:03",,"2024/09/25 00:00:00",1,164.25034
D,DISPATCH,CONSTRAINT,5,"2026/09/04 03:55:00",1,V:SS_920,20260903287,0,796.01156,0,0,"2026/09/04 03:50:03",,"2024/09/25 00:00:00",1,164.25034
D,DISPATCH,CONSTRAINT,5,"2026/09/04 03:55:00",1,V:SS_970_HY_TEST,20260903287,0,970,0,0,"2026/09/04 03:50:03",,"2024/03/01 00:00:00",1,164.25034
D,DISPATCH,CONSTRAINT,5,"2026/09/04 03:55:00",1,V:SS_970_HY_TEST_DYN,20260903287,0,970,0,0,"2026/09/04 03:50:03",,"2024/03/01 00:00:00",1,164.25034
D,DISPATCH,CONSTRAINT,5,"2026/09/04 03:55:00",1,V:S_460_OSC_AUTO,20260903287,0,10000,0,0,"2026/09/04 03:50:03",,"2026/02/05 00:00:00",1,169.38772
D,DISPATCH,CONSTRAINT,5,"2026/09/04 03:55:00",1,V:S_570_1,20260903287,0,10000,0,0,"2026/09/04 03:50:03",,"2026/02/05 00:00:00",1,169.38772
D,DISPATCH,CONSTRAINT,5,"2026/09/04 03:55:00",1,V:S_570_OSC_AUTO,20260903287,0,13438.47451,0,0,"2026/09/04 03:50:03",,"2025/12/02 00:00:00",1,171.60098
D,DISPATCH,CONSTRAINT,5,"2026/09/04 03:55:00",1,V:S_700,20260903287,0,615.30579,0,0,"2026/09/04 03:50:03",,"2026/02/05 00:00:00",1,169.38772
D,DISPATCH,CONSTRAINT,5,"2026/09/04 03:55:00",1,V:S_750_HY_TEST,20260903287,0,750,0,0,"2026/09/04 03:50:03",,"2024/03/01 00:00:00",1,191.25034
D,DISPATCH,CONSTRAINT,5,"2026/09/04 03:55:00",1,V:S_750_HY_TEST_DYN,20260903287,0,750,0,0,"2026/09/04 03:50:03",,"2024/03/01 00:00:00",1,191.25034
D,DISPATCH,CONSTRAINT,5,"2026/09/04 03:55:00",1,V:T_NIL_BL_1,20260903287,0,696.69752,0,0,"2026/09/04 03:50:03",,"2022/01/20 00:00:00",1,-321.27483
D,DISPATCH,CONSTRAINT,5,"2026/09/04 03:55:00",1,V>>KM_BABE_KMRC,20260903287,0,11244.6374,0,0,"2026/09/04 03:50:03",,"2026/07/04 00:00:00",1,141.49326
D,DISPATCH,CONSTRAINT,5,"2026/09/04 03:55:00",1,V>>KM_BABE_KMRC_1,20260903287,0,21244.63706,0,0,"2026/09/04 03:50:03",,"2026/07/04 00:00:00",1,148.87553
D,DISPATCH,CONSTRAINT,5,"2026/09/04 03:55:00",1,V>>NIL_ARTSTL_ARCW,20260903287,0,10220.64469,0,0,"2026/09/04 03:50:03",,"2026/07/04 00:00:00",1,-15.2947
D,DISPATCH,CONSTRAINT,5,"2026/09/04 03:55:00",1,V>>NIL_ARWB_KGBE,20260903287,0,842.85141,0,0,"2026/09/04 03:50:03",,"2025/12/09 00:00:00",1,71.47683
D,DISPATCH,CONSTRAINT,5,"2026/09/04 03:55:00",1,V>>NIL_ARWB_RCWEKG,20260903287,0,830.94773,0,0,"2026/09/04 03:50:03",,"2025/12/09 00:00:00",1,71.47683
D,DISPATCH,CONSTRAINT,5,"2026/09/04 03:55:00",1,V>>NIL_BABE_HOMRKM,20260903287,0,1254.5783,0,0,"2026/09/04 03:50:03",,"2026/07/04 00:00:00",1,141.49326
D,DISPATCH,CONSTRAINT,5,"2026/09/04 03:55:00",1,V>>NIL_BABE_KMRC,20260903287,0,1244.6374,0,0,"2026/09/04 03:50:03",,"2026/07/04 00:00:00",1,141.49326
D,DISPATCH,CONSTRAINT,5,"2026/09/04 03:55:00",1,V>>NIL_BABE_KMRC_1,20260903287,0,11244.63706,0,0,"2026/09/04 03:50:03",,"2026/07/04 00:00:00",1,148.87553
D,DISPATCH,CONSTRAINT,5,"2026/09/04 03:55:00",1,V>>NIL_BABE_RCWEKO,20260903287,0,673.08101,0,0,"2026/09/04 03:50:03",,"2026/07/04 00:00:00",1,0
D,DISPATCH,CONSTRAINT,5,"2026/09/04 03:55:00",1,V>>NIL_BABE_SHBE,20260903287,0,708.13584,0,0,"2026/09/04 03:50:03",,"2026/07/04 00:00:00",1,-33.0332
D,DISPATCH,CONSTRAINT,5,"2026/09/04 03:55:00",1,V>>NIL_BABE_SHBE_5M,20260903287,0,817.82628,0,0,"2026/09/04 03:50:03",,"2026/07/04 00:00:00",1,-33.0332
D,DISPATCH,CONSTRAINT,5,"2026/09/04 03:55:00",1,V>>NIL_BANBGR_ARCW,20260903287,0,10167.66065,0,0,"2026/09/04 03:50:03",,"2026/07/04 00:00:00",1,-15.2947
D,DISPATCH,CONSTRAINT,5,"2026/09/04 03:55:00",1,V>>NIL_BEBA_ARWBBA,20260903287,0,1473.11634,0,0,"2026/09/04 03:50:03",,"2026/07/04 00:00:00",1,-133.46575
D,DISPATCH,CONSTRAINT,5,"2026/09/04 03:55:00",1,V>>NIL_BEKG_HOMRKM,20260903287,0,936.57367,0,0,"2026/09/04 03:50:03",,"2026/05/28 00:00:00",1,-0.58973
D,DISPATCH,CONSTRAINT,5,"2026/09/04 03:55:00",1,V>>NIL_BGRART_ARCW,20260903287,0,10232.74595,0,0,"2026/09/04 03:50:03",,"2026/07/04 00:00:00",1,-15.2947
D,DISPATCH,CONSTRAINT,5,"2026/09/04 03:55:00",1,V>>NIL_CWAR_KGBE,20260903287,0,850.6905,0,0,"2026/09/04 03:50:03",,"2025/12/09 00:00:00",1,70.08188
D,DISPATCH,CONSTRAINT,5,"2026/09/04 03:55:00",1,V>>NIL_DDSM_DDSM,20260903287,0,2444.27357,0,0,"2026/09/04 03:50:03",,"2026/07/04 00:00:00",1,99.67643
D,DISPATCH,CONSTRAINT,5,"2026/09/04 03:55:00",1,V>>NIL_DDSM_DDSM_SIP,20260903287,0,12444.27357,0,0,"2026/09/04 03:50:03",,"2026/07/04 00:00:00",1,99.67643
D,DISPATCH,CONSTRAINT,5,"2026/09/04 03:55:00",1,V>>NIL_DDTX1_NIL,20260903287,0,1331.21974,0,0,"2026/09/04 03:50:03",,"2026/07/04 00:00:00",1,-30.1305
D,DISPATCH,CONSTRAINT,5,"2026/09/04 03:55:00",1,V>>NIL_DDTX2_NIL,20260903287,0,1228.18718,0,0,"2026/09/04 03:50:03",,"2026/07/04 00:00:00",1,-30.1305
D,DISPATCH,CONSTRAINT,5,"2026/09/04 03:55:00",1,V>>NIL_DDTX3_NIL,20260903287,0,778.61967,0,0,"2026/09/04 03:50:03",,"2026/07/04 00:00:00",1,-30.1305
D,DISPATCH,CONSTRAINT,5,"2026/09/04 03:55:00",1,V>>NIL_ELML_BAML2,20260903287,0,1296.42106,0,0,"2026/09/04 03:50:03",,"2026/07/04 00:00:00",1,370.10789
D,DISPATCH,CONSTRAINT,5,"2026/09/04 03:55:00",1,V>>NIL_EPTT_DDSM_SIP,20260903287,0,11156.43862,0,0,"2026/09/04 03:50:03",,"2026/07/04 00:00:00",1,45.65269
D,DISPATCH,CONSTRAINT,5,"2026/09/04 03:55:00",1,V>>NIL_HYSE_HYSE,20260903287,0,1102.21032,0,0,"2026/09/04 03:50:03",,"2026/07/04 00:00:00",1,155.19507
D,DISPATCH,CONSTRAINT,5,"2026/09/04 03:55:00",1,V>>NIL_KGWE_HOMRKM,20260903287,0,932.07377,0,0,"2026/09/04 03:50:03",,"2026/05/28 00:00:00",1,-0.68376
D,DISPATCH,CONSTRAINT,5,"2026/09/04 03:55:00",1,V>>NIL_MBDD_MBDD,20260903287,0,761.61242,0,0,"2026/09/04 03:50:03",,"2026/07/04 00:00:00",1,22.67897
D,DISPATCH,CONSTRAINT,5,"2026/09/04 03:55:00",1,V>>NIL_MLGT_MLGT,20260903287,0,2478.70923,0,0,"2026/09/04 03:50:03",,"2026/08/06 00:00:00",1,591.03438
D,DISPATCH,CONSTRAINT,5,"2026/09/04 03:55:00",1,V>>NIL_MLSY_MLSY,20260903287,0,4964.23078,0,0,"2026/09/04 03:50:03",,"2026/07/04 00:00:00",1,1000.20435
D,DISPATCH,CONSTRAINT,5,"2026/09/04 03:55:00",1,V>>NIL_MSDD1_MSDD2,20260903287,0,1905.62511,0,0,"2026/09/04 03:50:03",,"2026/07/04 00:00:00",1,84.96375
D,DISPATCH,CONSTRAINT,5,"2026/09/04 03:55:00",1,V>>NIL_MSDD1_MSDD2_S,20260903287,0,11905.62511,0,0,"2026/09/04 03:50:03",,"2026/07/04 00:00:00",1,84.96375
D,DISPATCH,CONSTRAINT,5,"2026/09/04 03:55:00",1,V>>NIL_MSDD2_MSDD1,20260903287,0,1903.16798,0,0,"2026/09/04 03:50:03",,"2026/07/04 00:00:00",1,84.96375
D,DISPATCH,CONSTRAINT,5,"2026/09/04 03:55:00",1,V>>NIL_MSDD2_MSDD1_S,20260903287,0,11903.16798,0,0,"2026/09/04 03:50:03",,"2026/07/04 00:00:00",1,84.96375
D,DISPATCH,CONSTRAINT,5,"2026/09/04 03:55:00",1,V>>NIL_RCWE_BUBD,20260903287,0,1030.73042,0,0,"2026/09/04 03:50:03",,"2026/05/28 00:00:00",1,59.69031
D,DISPATCH,CONSTRAINT,5,"2026/09/04 03:55:00",1,V>>NIL_RCWE_HOBUCW,20260903287,0,842.54857,0,0,"2026/09/04 03:50:03",,"2026/07/04 00:00:00",1,1.41752
D,DISPATCH,CONSTRAINT,5,"2026/09/04 03:55:00",1,V>>NIL_RCWE_HOMRKM,20260903287,0,855.45551,0,0,"2026/09/04 03:50:03",,"2026/07/04 00:00:00",1,0.78854
D,DISPATCH,CONSTRAINT,5,"2026/09/04 03:55:00",1,V>>NIL_SMDD_SMDD,20260903287,0,1841.93046,0,0,"2026/09/04 03:50:03",,"2026/07/04 00:00:00",1,-99.70489
D,DISPATCH,CONSTRAINT,5,"2026/09/04 03:55:00",1,V>>NIL_SMTX_SMTX_R2,20260903287,0,15128.82227,0,0,"2026/09/04 03:50:03",,"2026/07/04 00:00:00",1,2577.4131
D,DISPATCH,CONSTRAINT,5,"2026/09/04 03:55:00",1,V>>NIL_SMTX_SMTX_R5,20260903287,0,5268.54102,0,0,"2026/09/04 03:50:03",,"2026/07/04 00:00:00",1,2717.6631
D,DISPATCH,CONSTRAINT,5,"2026/09/04 03:55:00",1,V>>NIL_WBBA_KGBE,20260903287,0,842.25617,0,0,"2026/09/04 03:50:03",,"2025/12/09 00:00:00",1,71.47683
D,DISPATCH,CONSTRAINT,5,"2026/09/04 03:55:00",1,V>>NIL_WBBA_RCWEKG,20260903287,0,830.39621,0,0,"2026/09/04 03:50:03",,"2025/12/09 00:00:00",1,71.47683
D,DISPATCH,CONSTRAINT,5,"2026/09/04 03:55:00",1,V>>NIL_WEKG_HOBUCW,20260903287,0,1146.6134,0,0,"2026/09/04 03:50:03",,"2026/07/04 00:00:00",1,1.9809
D,DISPATCH,CONSTRAINT,5,"2026/09/04 03:55:00",1,V>>NIL_WEKG_HOMRKM,20260903287,0,1089.85995,0,0,"2026/09/04 03:50:03",,"2026/07/04 00:00:00",1,0.96751
D,DISPATCH,CONSTRAINT,5,"2026/09/04 03:55:00",1,V>>NIL_WERC_HOMRKM,20260903287,0,1142.80283,0,0,"2026/09/04 03:50:03",,"2026/07/04 00:00:00",1,-0.78854
D,DISPATCH,CONSTRAINT,5,"2026/09/04 03:55:00",1,V>>NSWRB_BEKG_X3,20260903287,0,953.54548,0,0,"2026/09/04 03:50:03",,"2026/07/04 00:00:00",1,16.92202
D,DISPATCH,CONSTRAINT,5,"2026/09/04 03:55:00",1,V>>NSWRB_BEKG_X5,20260903287,0,951.46344,0,0,"2026/09/04 03:50:03",,"2026/07/04 00:00:00",1,-1.61086
D,DISPATCH,CONSTRAINT,5,"2026/09/04 03:55:00",1,V>>NSWRB_KGWE_X3,20260903287,0,952.03874,0,0,"2026/09/04 03:50:03",,"2026/07/04 00:00:00",1,17.5641
D,DISPATCH,CONSTRAINT,5,"2026/09/04 03:55:00",1,V>>NSWRB_KGWE_X5,20260903287,0,949.79942,0,0,"2026/09/04 03:50:03",,"2026/07/04 00:00:00",1,-1.61176
D,DISPATCH,CONSTRAINT,5,"2026/09/04 03:55:00",1,V>>NSWRB_WERC_X3,20260903287,0,1111.29037,0,0,"2026/09/04 03:50:03",,"2026/07/04 00:00:00",1,20.21031
D,DISPATCH,CONSTRAINT,5,"2026/09/04 03:55:00",1,V>>NSWRB_WERC_X5,20260903287,0,1109.29284,0,0,"2026/09/04 03:50:03",,"2026/07/04 00:00:00",1,-1.91568
D,DISPATCH,CONSTRAINT,5,"2026/09/04 03:55:00",1,V>>N_NIL_65,20260903287,0,1631.52404,0,0,"2026/09/04 03:50:03",,"2026/07/04 00:00:00",1,349.04351
D,DISPATCH,CONSTRAINT,5,"2026/09/04 03:55:00",1,V>>N_NIL_65_051,20260903287,0,2329.96655,0,0,"2026/09/04 03:50:03",,"2026/04/28 00:00:00",1,354.63369
D,DISPATCH,CONSTRAINT,5,"2026/09/04 03:55:00",1,V>>N_NIL_65_66,20260903287,0,1476.53149,0,0,"2026/09/04 03:50:03",,"2026/07/04 00:00:00",1,348.18093
D,DISPATCH,CONSTRAINT,5,"2026/09/04 03:55:00",1,V>>N_NIL_66,20260903287,0,2164.16404,0,0,"2026/09/04 03:50:03",,"2026/07/04 00:00:00",1,346.65652
D,DISPATCH,CONSTRAINT,5,"2026/09/04 03:55:00",1,V>>N_NIL_66_051,20260903287,0,3063.09044,0,0,"2026/09/04 03:50:03",,"2026/04/28 00:00:00",1,354.63369
D,DISPATCH,CONSTRAINT,5,"2026/09/04 03:55:00",1,V>>N_NIL_66_65,20260903287,0,1521.8202,0,0,"2026/09/04 03:50:03",,"2026/07/04 00:00:00",1,347.92765
D,DISPATCH,CONSTRAINT,5,"2026/09/04 03:55:00",1,V>>S_NIL_DVBG_DVBR,20260903287,0,1430.93459,0,0,"2026/09/04 03:50:03",,"2026/06/02 00:00:00",1,362.353
D,DISPATCH,CONSTRAINT,5,"2026/09/04 03:55:00",1,V>KM_WBBA_KMRC,20260903287,0,10743.53546,0,0,"2026/09/04 03:50:03",,"2025/11/09 00:00:00",1,23.23308
D,DISPATCH,CONSTRAINT,5,"2026/09/04 03:55:00",1,V>KM_WBBA_KMRC_1,20260903287,0,20743.53546,0,0,"2026/09/04 03:50:03",,"2025/11/09 00:00:00",1,50.75921
D,DISPATCH,CONSTRAINT,5,"2026/09/04 03:55:00",1,V>NIL_GNTX_GNTX,20260903287,0,10240.70583,0,0,"2026/09/04 03:50:03",,"2025/12/03 00:00:00",1,0
D,DISPATCH,CONSTRAINT,5,"2026/09/04 03:55:00",1,V>NIL_GNTX_GNTX_TEMP,20260903287,0,258.08133,0,0,"2026/09/04 03:50:03",,"2025/12/03 00:00:00",1,0
D,DISPATCH,CONSTRAINT,5,"2026/09/04 03:55:00",1,V>NIL_TGTX_NIL,20260903287,0,470.43335,0,0,"2026/09/04 03:50:03",,"2023/03/23 00:00:00",1,61.32169
D,DISPATCH,CONSTRAINT,5,"2026/09/04 03:55:00",1,V>NIL_TGTX_TGTX_2,20260903287,0,10302.59166,0,0,"2026/09/04 03:50:03",,"2023/03/23 00:00:00",1,61.32841
D,DISPATCH,CONSTRAINT,5,"2026/09/04 03:55:00",1,V>NIL_TGTX_TGTX_20S,20260903287,0,307.78466,0,0,"2026/09/04 03:50:03",,"2023/03/23 00:00:00",1,61.32841
D,DISPATCH,CONSTRAINT,5,"2026/09/04 03:55:00",1,V>NIL_WBBA_CWBUHO,20260903287,0,659.9372,0,0,"2026/09/04 03:50:03",,"2023/03/23 00:00:00",1,14.89051
D,DISPATCH,CONSTRAINT,5,"2026/09/04 03:55:00",1,V>NIL_WBBA_HOMRKM,20260903287,0,756.69156,0,0,"2026/09/04 03:50:03",,"2024/10/03 00:00:00",1,23.23308
D,DISPATCH,CONSTRAINT,5,"2026/09/04 03:55:00",1,V>NIL_WBBA_KMRC,20260903287,0,743.53546,0,0,"2026/09/04 03:50:03",,"2025/11/09 00:00:00",1,23.23308
D,DISPATCH,CONSTRAINT,5,"2026/09/04 03:55:00",1,V>NIL_WBBA_KMRC_1,20260903287,0,10743.53546,0,0,"2026/09/04 03:50:03",,"2025/11/09 00:00:00",1,50.75921
D,DISPATCH,CONSTRAINT,5,"2026/09/04 03:55:00",1,V>NIL_WETX_NIL,20260903287,0,135.44034,0,0,"2026/09/04 03:50:03",,"2023/03/23 00:00:00",1,0
D,DISPATCH,CONSTRAINT,5,"2026/09/04 03:55:00",1,V>NIL_YPRO7_YPHW1,20260903287,0,2179.98565,0,0,"2026/09/04 03:50:03",,"2026/06/04 00:00:00",1,970
D,DISPATCH,CONSTRAINT,5,"2026/09/04 03:55:00",1,V>NIL_YPRO7_YPRO8,20260903287,0,12688.88118,0,0,"2026/09/04 03:50:03",,"2026/07/04 00:00:00",1,1300
D,DISPATCH,CONSTRAINT,5,"2026/09/04 03:55:00",1,V>S_NIL_SETX_SETX,20260903287,0,146.52444,0,0,"2026/09/04 03:50:03",,"2025/05/22 00:00:00",1,-25.66013
D,DISPATCH,CONSTRAINT,5,"2026/09/04 03:55:00",1,VSML_220,20260903287,0,220,0,0,"2026/09/04 03:50:03",,"2012/07/04 00:00:00",1,-27
D,DISPATCH,CONSTRAINT,5,"2026/09/04 03:55:00",1,VSML_RAT_LIM_DYN,20260903287,0,264,0,0,"2026/09/04 03:50:03",,"2026/05/27 00:00:00",1,-27
D,DISPATCH,CONSTRAINT,5,"2026/09/04 03:55:00",1,VSML_ROC_80,20260903287,0,59,0,0,"2026/09/04 03:50:03",,"2020/07/08 00:00:00",1,-27
D,DISPATCH,CONSTRAINT,5,"2026/09/04 03:55:00",1,VSML_VFRB_OFF,20260903287,0,240,0,0,"2026/09/04 03:50:03",,"2024/11/13 00:00:00",1,-27
D,DISPATCH,CONSTRAINT,5,"2026/09/04 03:55:00",1,VS_HEY_600_TEST,20260903287,0,489.70127,0,0,"2026/09/04 03:50:03",,"2026/07/04 00:00:00",1,155.19507
D,DISPATCH,CONSTRAINT,5,"2026/09/04 03:55:00",1,VS_HEY_650_TEST,20260903287,0,559.25127,0,0,"2026/09/04 03:50:03",,"2026/07/04 00:00:00",1,155.19507
D,DISPATCH,CONSTRAINT,5,"2026/09/04 03:55:00",1,VTBL_NIL,20260903287,0,478,0,0,"2026/09/04 03:50:03",,"2026/05/29 00:00:00",1,-321.27483
D,DISPATCH,CONSTRAINT,5,"2026/09/04 03:55:00",1,VTBL_NIL_CONT_453,20260903287,0,453,0,0,"2026/09/04 03:50:03",,"2026/05/21 00:00:00",1,-321.27483
D,DISPATCH,CONSTRAINT,5,"2026/09/04 03:55:00",1,VTBL_ROC,20260903287,0,-117.39844,0,0,"2026/09/04 03:50:03",,"2020/07/08 00:00:00",1,-321.27483
D,DISPATCH,CONSTRAINT,5,"2026/09/04 03:55:00",1,V^T_NIL_9,20260903287,0,10350,0,0,"2026/09/04 03:50:03",,"2019/11/28 00:00:00",1,-321.27483
D,DISPATCH,CONSTRAINT,5,"2026/09/04 03:55:00",1,V^^N_CNCW_1,20260903287,0,216.32902,0,0,"2026/09/04 03:50:03",,"2026/07/04 00:00:00",1,40.36328
D,DISPATCH,CONSTRAINT,5,"2026/09/04 03:55:00",1,V^^N_NIL_1,20260903287,0,991.02385,0,0,"2026/09/04 03:50:03",,"2026/07/04 00:00:00",1,35.02407
D,DISPATCH,CONSTRAINT,5,"2026/09/04 03:55:00",1,V^^S_NIL_MAXG_1,20260903287,0,755.48492,0,0,"2026/09/04 03:50:03",,"2025/12/02 00:00:00",1,210.65225
D,DISPATCH,CONSTRAINT,5,"2026/09/04 03:55:00",1,V^^S_NIL_MAXG_2,20260903287,0,10000,0,0,"2026/09/04 03:50:03",,"2024/12/05 00:00:00",1,214.12294
D,DISPATCH,CONSTRAINT,5,"2026/09/04 03:55:00",1,V^^S_NIL_MAXG_3,20260903287,0,10000,0,0,"2026/09/04 03:50:03",,"2025/12/02 00:00:00",1,212.15097
D,DISPATCH,CONSTRAINT,5,"2026/09/04 03:55:00",1,V^^S_NIL_TBSE_1,20260903287,0,836.25799,0,0,"2026/09/04 03:50:03",,"2025/03/06 00:00:00",1,214.44833
D,DISPATCH,CONSTRAINT,5,"2026/09/04 03:55:00",1,V^^S_NIL_TBSE_2,20260903287,0,10000,0,0,"2026/09/04 03:50:03",,"2024/12/05 00:00:00",1,216.25146
D,DISPATCH,CONSTRAINT,5,"2026/09/04 03:55:00",1,V^^V_NIL_KGTS,20260903287,0,10520.80619,0,0,"2026/09/04 03:50:03",,"2026/07/04 00:00:00",1,10.05777
D,DISPATCH,CONSTRAINT,5,"2026/09/04 03:55:00",1,V^^V_NIL_KGTS_2,20260903287,0,400.29619,0,0,"2026/09/04 03:50:03",,"2026/07/04 00:00:00",1,10.05777
D,DISPATCH,CONSTRAINT,5,"2026/09/04 03:55:00",1,V_DUNDWF1_2_3_168,20260903287,0,168,0,0,"2026/09/04 03:50:03",,"2026/03/13 00:00:00",1,94.6269
D,DISPATCH,CONSTRAINT,5,"2026/09/04 03:55:00",1,V_GANWR_SF_BAT_50,20260903287,0,50.001,0,0,"2026/09/04 03:50:03",,"2024/08/07 00:00:00",1,0
D,DISPATCH,CONSTRAINT,5,"2026/09/04 03:55:00",1,V_NWVIC_GFT1_750,20260903287,0,744.51614,0,0,"2026/09/04 03:50:03",,"2026/03/30 00:00:00",1,50.62925
D,DISPATCH,CONSTRAINT,5,"2026/09/04 03:55:00",1,V_SH_DD_MAC_FLT_965,20260903287,0,10965.001,0,0,"2026/09/04 03:50:03",,"2024/09/26 00:00:00",1,339.09697
D,DISPATCH,CONSTRAINT,5,"2026/09/04 03:55:00",1,V_S_HEYWOOD_UFLS,20260903287,0,10000,0,0,"2026/09/04 03:50:03",,"2024/10/08 00:00:00",1,191.25034
D,DISPATCH,CONSTRAINT,5,"2026/09/04 03:55:00",1,V_S_NIL_ROCOF,20260903287,0,688.63165,0,0,"2026/09/04 03:50:03",,"2024/09/03 00:00:00",1,191.25034
D,DISPATCH,CONSTRAINT,5,"2026/09/04 03:55:00",1,V_T_FCSPS_DS,20260903287,0,10144,0,0,"2026/09/04 03:50:03",,"2023/11/13 00:00:00",1,-321.27483
D,DISPATCH,CONSTRAINT,5,"2026/09/04 03:55:00",1,V_T_NIL_BL1,20260903287,0,-10125,0,0,"2026/09/04 03:50:03",,"2022/02/07 00:00:00",1,321.27483
D,DISPATCH,CONSTRAINT,5,"2026/09/04 03:55:00",1,V_T_NIL_FCSPS,20260903287,0,413.70001,0,0,"2026/09/04 03:50:03",,"2025/05/27 00:00:00",1,-321.27483
D,DISPATCH,CONSTRAINT,5,"2026/09/04 03:55:00",1,V_WDR_NO_SCADA,20260903287,0,95,0,0,"2026/09/04 03:50:03",,"2022/03/14 00:00:00",1,0
I,DISPATCH,INTERCONNECTION,1,SETTLEMENTDATE,RUNNO,INTERVENTION,FROM_REGIONID,TO_REGIONID,DISPATCHINTERVAL,IRLF,MWFLOW,METEREDMWFLOW,FROM_REGION_MW_LOSSES,TO_REGION_MW_LOSSES,LASTCHANGED
D,DISPATCH,INTERCONNECTION,1,"2026/09/04 03:55:00",1,0,NSW1,QLD1,20260903287,0.9145861716438740,-1088.623870,-1154.980469,43.225491,54.404979,"2026/09/04 03:50:03"
D,DISPATCH,INTERCONNECTION,1,"2026/09/04 03:55:00",1,0,TAS1,VIC1,20260903287,1.05331924338804,321.274830,317.398438,0,16.2630,"2026/09/04 03:50:03"
D,DISPATCH,INTERCONNECTION,1,"2026/09/04 03:55:00",1,0,VIC1,NSW1,20260903287,1.03962335730012,224.639690,179.352341,5.526593,3.245777,"2026/09/04 03:50:03"
D,DISPATCH,INTERCONNECTION,1,"2026/09/04 03:55:00",1,0,VIC1,SA1,20260903287,1.02437019890849,164.250340,214.4375,1.973276,1.981254,"2026/09/04 03:50:03"
C,"END OF REPORT",1077
