effective_time,region_id,interval_datetime,rrp,total_demand,intervention,source_file
2026-09-15 06:35:00,NSW1,,81.96984,7355.07,0,PUBLIC_P5MIN_202609150635_20260915063034.zip
2026-09-15 06:35:00,NSW1,,84.48714,7375.07,0,PUBLIC_P5MIN_202609150635_20260915063034.zip
2026-09-15 06:35:00,NSW1,,87.74101,7389.07,0,PUBLIC_P5MIN_202609150635_20260915063034.zip
2026-09-15 06:35:00,NSW1,,83.99,7396.07,0,PUBLIC_P5MIN_202609150635_20260915063034.zip
2026-09-15 06:35:00,NSW1,,89.68671,7391.07,0,PUBLIC_P5MIN_202609150635_20260915063034.zip
2026-09-15 06:35:00,NSW1,,83.99,7373.07,0,PUBLIC_P5MIN_202609150635_20260915063034.zip
2026-09-15 06:35:00,NSW1,,90.0,7348.07,0,PUBLIC_P5MIN_202609150635_20260915063034.zip
2026-09-15 06:35:00,NSW1,,90.0,7320.07,0,PUBLIC_P5MIN_202609150635_20260915063034.zip
2026-09-15 06:35:00,NSW1,,90.0,7288.07,0,PUBLIC_P5MIN_202609150635_20260915063034.zip
2026-09-15 06:35:00,NSW1,,91.12704,7248.07,0,PUBLIC_P5MIN_202609150635_20260915063034.zip
2026-09-15 06:35:00,NSW1,,83.99,7201.07,0,PUBLIC_P5MIN_202609150635_20260915063034.zip
2026-09-15 06:35:00,NSW1,,63.54057,7153.07,0,PUBLIC_P5MIN_202609150635_20260915063034.zip
2026-09-15 06:35:00,QLD1,,78.73006,6243.93,0,PUBLIC_P5MIN_202609150635_20260915063034.zip
2026-09-15 06:35:00,QLD1,,76.11,6241.93,0,PUBLIC_P5MIN_202609150635_20260915063034.zip
2026-09-15 06:35:00,QLD1,,78.54,6234.93,0,PUBLIC_P5MIN_202609150635_20260915063034.zip
2026-09-15 06:35:00,QLD1,,76.11,6221.93,0,PUBLIC_P5MIN_202609150635_20260915063034.zip
2026-09-15 06:35:00,QLD1,,78.73006,6200.93,0,PUBLIC_P5MIN_202609150635_20260915063034.zip
2026-09-15 06:35:00,QLD1,,73.7622,6173.93,0,PUBLIC_P5MIN_202609150635_20260915063034.zip
2026-09-15 06:35:00,QLD1,,78.53986,6138.93,0,PUBLIC_P5MIN_202609150635_20260915063034.zip
2026-09-15 06:35:00,QLD1,,78.52,6094.93,0,PUBLIC_P5MIN_202609150635_20260915063034.zip
2026-09-15 06:35:00,QLD1,,78.52,6047.93,0,PUBLIC_P5MIN_202609150635_20260915063034.zip
2026-09-15 06:35:00,QLD1,,78.52,5997.93,0,PUBLIC_P5MIN_202609150635_20260915063034.zip
2026-09-15 06:35:00,QLD1,,72.8312,5944.93,0,PUBLIC_P5MIN_202609150635_20260915063034.zip
2026-09-15 06:35:00,QLD1,,54.75,5886.93,0,PUBLIC_P5MIN_202609150635_20260915063034.zip
2026-09-15 06:35:00,SA1,,55.27,1389.0,0,PUBLIC_P5MIN_202609150635_20260915063034.zip
2026-09-15 06:35:00,SA1,,57.24665,1400.0,0,PUBLIC_P5MIN_202609150635_20260915063034.zip
2026-09-15 06:35:00,SA1,,68.1603,1410.0,0,PUBLIC_P5MIN_202609150635_20260915063034.zip
2026-09-15 06:35:00,SA1,,64.99297,1420.0,0,PUBLIC_P5MIN_202609150635_20260915063034.zip
2026-09-15 06:35:00,SA1,,71.82958,1431.0,0,PUBLIC_P5MIN_202609150635_20260915063034.zip
2026-09-15 06:35:00,SA1,,68.62624,1442.0,0,PUBLIC_P5MIN_202609150635_20260915063034.zip
2026-09-15 06:35:00,SA1,,72.44,1453.0,0,PUBLIC_P5MIN_202609150635_20260915063034.zip
2026-09-15 06:35:00,SA1,,72.68307,1462.0,0,PUBLIC_P5MIN_202609150635_20260915063034.zip
2026-09-15 06:35:00,SA1,,76.75457,1469.0,0,PUBLIC_P5MIN_202609150635_20260915063034.zip
2026-09-15 06:35:00,SA1,,79.09567,1474.0,0,PUBLIC_P5MIN_202609150635_20260915063034.zip
2026-09-15 06:35:00,SA1,,73.61556,1476.0,0,PUBLIC_P5MIN_202609150635_20260915063034.zip
2026-09-15 06:35:00,SA1,,57.01177,1476.0,0,PUBLIC_P5MIN_202609150635_20260915063034.zip
2026-09-15 06:35:00,TAS1,,51.48168,996.97,0,PUBLIC_P5MIN_202609150635_20260915063034.zip
2026-09-15 06:35:00,TAS1,,57.12,1007.97,0,PUBLIC_P5MIN_202609150635_20260915063034.zip
2026-09-15 06:35:00,TAS1,,68.72324,1017.97,0,PUBLIC_P5MIN_202609150635_20260915063034.zip
2026-09-15 06:35:00,TAS1,,66.05003,1027.97,0,PUBLIC_P5MIN_202609150635_20260915063034.zip
2026-09-15 06:35:00,TAS1,,71.78708,1035.97,0,PUBLIC_P5MIN_202609150635_20260915063034.zip
2026-09-15 06:35:00,TAS1,,68.84267,1042.97,0,PUBLIC_P5MIN_202609150635_20260915063034.zip
2026-09-15 06:35:00,TAS1,,72.7977,1048.97,0,PUBLIC_P5MIN_202609150635_20260915063034.zip
2026-09-15 06:35:00,TAS1,,73.36069,1054.97,0,PUBLIC_P5MIN_202609150635_20260915063034.zip
2026-09-15 06:35:00,TAS1,,74.73344,1059.97,0,PUBLIC_P5MIN_202609150635_20260915063034.zip
2026-09-15 06:35:00,TAS1,,76.84164,1063.97,0,PUBLIC_P5MIN_202609150635_20260915063034.zip
2026-09-15 06:35:00,TAS1,,71.42937,1066.97,0,PUBLIC_P5MIN_202609150635_20260915063034.zip
2026-09-15 06:35:00,TAS1,,56.0098,1068.97,0,PUBLIC_P5MIN_202609150635_20260915063034.zip
2026-09-15 06:35:00,VIC1,,38.74156,5304.73,0,PUBLIC_P5MIN_202609150635_20260915063034.zip
2026-09-15 06:35:00,VIC1,,51.1053,5364.73,0,PUBLIC_P5MIN_202609150635_20260915063034.zip
2026-09-15 06:35:00,VIC1,,71.45446,5423.73,0,PUBLIC_P5MIN_202609150635_20260915063034.zip
2026-09-15 06:35:00,VIC1,,68.39971,5478.73,0,PUBLIC_P5MIN_202609150635_20260915063034.zip
2026-09-15 06:35:00,VIC1,,74.18,5527.73,0,PUBLIC_P5MIN_202609150635_20260915063034.zip
2026-09-15 06:35:00,VIC1,,71.10791,5569.73,0,PUBLIC_P5MIN_202609150635_20260915063034.zip
2026-09-15 06:35:00,VIC1,,75.01945,5605.73,0,PUBLIC_P5MIN_202609150635_20260915063034.zip
2026-09-15 06:35:00,VIC1,,75.60509,5636.73,0,PUBLIC_P5MIN_202609150635_20260915063034.zip
2026-09-15 06:35:00,VIC1,,76.79261,5663.73,0,PUBLIC_P5MIN_202609150635_20260915063034.zip
2026-09-15 06:35:00,VIC1,,78.97909,5686.73,0,PUBLIC_P5MIN_202609150635_20260915063034.zip
2026-09-15 06:35:00,VIC1,,73.36586,5703.73,0,PUBLIC_P5MIN_202609150635_20260915063034.zip
2026-09-15 06:35:00,VIC1,,55.94024,5712.73,0,PUBLIC_P5MIN_202609150635_20260915063034.zip
2026-09-15 06:40:00,NSW1,,79.74546,7426.21,0,PUBLIC_P5MIN_202609150640_20260915063535.zip
2026-09-15 06:40:00,NSW1,,88.27826,7438.21,0,PUBLIC_P5MIN_202609150640_20260915063535.zip
2026-09-15 06:40:00,NSW1,,83.99,7444.21,0,PUBLIC_P5MIN_202609150640_20260915063535.zip
2026-09-15 06:40:00,NSW1,,90.0,7438.21,0,PUBLIC_P5MIN_202609150640_20260915063535.zip
2026-09-15 06:40:00,NSW1,,87.67686,7419.21,0,PUBLIC_P5MIN_202609150640_20260915063535.zip
2026-09-15 06:40:00,NSW1,,91.12704,7392.21,0,PUBLIC_P5MIN_202609150640_20260915063535.zip
2026-09-15 06:40:00,NSW1,,90.5504,7362.21,0,PUBLIC_P5MIN_202609150640_20260915063535.zip
2026-09-15 06:40:00,NSW1,,91.12704,7329.21,0,PUBLIC_P5MIN_202609150640_20260915063535.zip
2026-09-15 06:40:00,NSW1,,95.90662,7288.21,0,PUBLIC_P5MIN_202609150640_20260915063535.zip
2026-09-15 06:40:00,NSW1,,90.0,7241.21,0,PUBLIC_P5MIN_202609150640_20260915063535.zip
2026-09-15 06:40:00,NSW1,,78.85188,7193.21,0,PUBLIC_P5MIN_202609150640_20260915063535.zip
2026-09-15 06:40:00,NSW1,,124.29,7141.21,0,PUBLIC_P5MIN_202609150640_20260915063535.zip
2026-09-15 06:40:00,QLD1,,76.11,6244.15,0,PUBLIC_P5MIN_202609150640_20260915063535.zip
2026-09-15 06:40:00,QLD1,,78.52,6237.15,0,PUBLIC_P5MIN_202609150640_20260915063535.zip
2026-09-15 06:40:00,QLD1,,74.70576,6223.15,0,PUBLIC_P5MIN_202609150640_20260915063535.zip
2026-09-15 06:40:00,QLD1,,78.52,6201.15,0,PUBLIC_P5MIN_202609150640_20260915063535.zip
2026-09-15 06:40:00,QLD1,,76.11,6173.15,0,PUBLIC_P5MIN_202609150640_20260915063535.zip
2026-09-15 06:40:00,QLD1,,78.52,6138.15,0,PUBLIC_P5MIN_202609150640_20260915063535.zip
2026-09-15 06:40:00,QLD1,,78.52,6094.15,0,PUBLIC_P5MIN_202609150640_20260915063535.zip
2026-09-15 06:40:00,QLD1,,78.52,6046.15,0,PUBLIC_P5MIN_202609150640_20260915063535.zip
2026-09-15 06:40:00,QLD1,,82.11558,5996.15,0,PUBLIC_P5MIN_202609150640_20260915063535.zip
2026-09-15 06:40:00,QLD1,,77.05831,5942.15,0,PUBLIC_P5MIN_202609150640_20260915063535.zip
2026-09-15 06:40:00,QLD1,,67.08628,5883.15,0,PUBLIC_P5MIN_202609150640_20260915063535.zip
2026-09-15 06:40:00,QLD1,,107.777,5820.15,0,PUBLIC_P5MIN_202609150640_20260915063535.zip
2026-09-15 06:40:00,SA1,,69.41,1422.87,0,PUBLIC_P5MIN_202609150640_20260915063535.zip
2026-09-15 06:40:00,SA1,,69.37846,1431.87,0,PUBLIC_P5MIN_202609150640_20260915063535.zip
2026-09-15 06:40:00,SA1,,66.52288,1441.87,0,PUBLIC_P5MIN_202609150640_20260915063535.zip
2026-09-15 06:40:00,SA1,,72.40127,1451.87,0,PUBLIC_P5MIN_202609150640_20260915063535.zip
2026-09-15 06:40:00,SA1,,72.44,1462.87,0,PUBLIC_P5MIN_202609150640_20260915063535.zip
2026-09-15 06:40:00,SA1,,74.45775,1472.87,0,PUBLIC_P5MIN_202609150640_20260915063535.zip
2026-09-15 06:40:00,SA1,,74.56579,1481.87,0,PUBLIC_P5MIN_202609150640_20260915063535.zip
2026-09-15 06:40:00,SA1,,77.11781,1488.87,0,PUBLIC_P5MIN_202609150640_20260915063535.zip
2026-09-15 06:40:00,SA1,,82.44,1493.87,0,PUBLIC_P5MIN_202609150640_20260915063535.zip
2026-09-15 06:40:00,SA1,,80.02,1496.87,0,PUBLIC_P5MIN_202609150640_20260915063535.zip
2026-09-15 06:40:00,SA1,,72.44,1497.87,0,PUBLIC_P5MIN_202609150640_20260915063535.zip
2026-09-15 06:40:00,SA1,,113.73946,1495.87,0,PUBLIC_P5MIN_202609150640_20260915063535.zip
2026-09-15 06:40:00,TAS1,,66.71268,1007.59,0,PUBLIC_P5MIN_202609150640_20260915063535.zip
2026-09-15 06:40:00,TAS1,,70.21,1017.59,0,PUBLIC_P5MIN_202609150640_20260915063535.zip
2026-09-15 06:40:00,TAS1,,67.34695,1026.59,0,PUBLIC_P5MIN_202609150640_20260915063535.zip
2026-09-15 06:40:00,TAS1,,72.37558,1034.59,0,PUBLIC_P5MIN_202609150640_20260915063535.zip
2026-09-15 06:40:00,TAS1,,72.39127,1041.59,0,PUBLIC_P5MIN_202609150640_20260915063535.zip
2026-09-15 06:40:00,TAS1,,74.62393,1047.59,0,PUBLIC_P5MIN_202609150640_20260915063535.zip
2026-09-15 06:40:00,TAS1,,74.89374,1052.59,0,PUBLIC_P5MIN_202609150640_20260915063535.zip
2026-09-15 06:40:00,TAS1,,76.54418,1057.59,0,PUBLIC_P5MIN_202609150640_20260915063535.zip
2026-09-15 06:40:00,TAS1,,81.21469,1061.59,0,PUBLIC_P5MIN_202609150640_20260915063535.zip
2026-09-15 06:40:00,TAS1,,77.69077,1064.59,0,PUBLIC_P5MIN_202609150640_20260915063535.zip
2026-09-15 06:40:00,TAS1,,69.23389,1066.59,0,PUBLIC_P5MIN_202609150640_20260915063535.zip
2026-09-15 06:40:00,TAS1,,320.16,1067.59,0,PUBLIC_P5MIN_202609150640_20260915063535.zip
2026-09-15 06:40:00,VIC1,,70.71146,5458.7,0,PUBLIC_P5MIN_202609150640_20260915063535.zip
2026-09-15 06:40:00,VIC1,,73.01507,5513.7,0,PUBLIC_P5MIN_202609150640_20260915063535.zip
2026-09-15 06:40:00,VIC1,,70.00982,5564.7,0,PUBLIC_P5MIN_202609150640_20260915063535.zip
2026-09-15 06:40:00,VIC1,,75.01945,5609.7,0,PUBLIC_P5MIN_202609150640_20260915063535.zip
2026-09-15 06:40:00,VIC1,,74.81039,5648.7,0,PUBLIC_P5MIN_202609150640_20260915063535.zip
2026-09-15 06:40:00,VIC1,,77.1503,5681.7,0,PUBLIC_P5MIN_202609150640_20260915063535.zip
2026-09-15 06:40:00,VIC1,,77.26225,5710.7,0,PUBLIC_P5MIN_202609150640_20260915063535.zip
2026-09-15 06:40:00,VIC1,,78.97909,5736.7,0,PUBLIC_P5MIN_202609150640_20260915063535.zip
2026-09-15 06:40:00,VIC1,,83.77512,5758.7,0,PUBLIC_P5MIN_202609150640_20260915063535.zip
2026-09-15 06:40:00,VIC1,,79.85975,5776.7,0,PUBLIC_P5MIN_202609150640_20260915063535.zip
2026-09-15 06:40:00,VIC1,,71.0785,5787.7,0,PUBLIC_P5MIN_202609150640_20260915063535.zip
2026-09-15 06:40:00,VIC1,,112.03725,5789.7,0,PUBLIC_P5MIN_202609150640_20260915063535.zip
2026-09-15 06:45:00,NSW1,,65.51,7384.14,0,PUBLIC_P5MIN_202609150645_20260915064036.zip
2026-09-15 06:45:00,NSW1,,70.29578,7393.14,0,PUBLIC_P5MIN_202609150645_20260915064036.zip
2026-09-15 06:45:00,NSW1,,80.99342,7389.14,0,PUBLIC_P5MIN_202609150645_20260915064036.zip
2026-09-15 06:45:00,NSW1,,83.99,7372.14,0,PUBLIC_P5MIN_202609150645_20260915064036.zip
2026-09-15 06:45:00,NSW1,,90.0,7348.14,0,PUBLIC_P5MIN_202609150645_20260915064036.zip
2026-09-15 06:45:00,NSW1,,87.96891,7320.14,0,PUBLIC_P5MIN_202609150645_20260915064036.zip
2026-09-15 06:45:00,NSW1,,90.0,7288.14,0,PUBLIC_P5MIN_202609150645_20260915064036.zip
2026-09-15 06:45:00,NSW1,,90.0,7248.14,0,PUBLIC_P5MIN_202609150645_20260915064036.zip
2026-09-15 06:45:00,NSW1,,76.1,7202.14,0,PUBLIC_P5MIN_202609150645_20260915064036.zip
2026-09-15 06:45:00,NSW1,,82.96626,7154.14,0,PUBLIC_P5MIN_202609150645_20260915064036.zip
2026-09-15 06:45:00,NSW1,,83.85681,7102.14,0,PUBLIC_P5MIN_202609150645_20260915064036.zip
2026-09-15 06:45:00,NSW1,,83.99,7047.14,0,PUBLIC_P5MIN_202609150645_20260915064036.zip
2026-09-15 06:45:00,QLD1,,63.73008,6166.1,0,PUBLIC_P5MIN_202609150645_20260915064036.zip
2026-09-15 06:45:00,QLD1,,63.73008,6154.1,0,PUBLIC_P5MIN_202609150645_20260915064036.zip
2026-09-15 06:45:00,QLD1,,72.5,6134.1,0,PUBLIC_P5MIN_202609150645_20260915064036.zip
2026-09-15 06:45:00,QLD1,,73.29514,6108.1,0,PUBLIC_P5MIN_202609150645_20260915064036.zip
2026-09-15 06:45:00,QLD1,,77.54888,6074.1,0,PUBLIC_P5MIN_202609150645_20260915064036.zip
2026-09-15 06:45:00,QLD1,,75.31929,6031.1,0,PUBLIC_P5MIN_202609150645_20260915064036.zip
2026-09-15 06:45:00,QLD1,,76.57098,5984.1,0,PUBLIC_P5MIN_202609150645_20260915064036.zip
2026-09-15 06:45:00,QLD1,,76.57098,5934.1,0,PUBLIC_P5MIN_202609150645_20260915064036.zip
2026-09-15 06:45:00,QLD1,,64.33566,5881.1,0,PUBLIC_P5MIN_202609150645_20260915064036.zip
2026-09-15 06:45:00,QLD1,,72.40176,5822.1,0,PUBLIC_P5MIN_202609150645_20260915064036.zip
2026-09-15 06:45:00,QLD1,,70.0,5759.1,0,PUBLIC_P5MIN_202609150645_20260915064036.zip
2026-09-15 06:45:00,QLD1,,70.0,5693.1,0,PUBLIC_P5MIN_202609150645_20260915064036.zip
2026-09-15 06:45:00,SA1,,55.46545,1406.79,0,PUBLIC_P5MIN_202609150645_20260915064036.zip
2026-09-15 06:45:00,SA1,,55.75751,1414.79,0,PUBLIC_P5MIN_202609150645_20260915064036.zip
2026-09-15 06:45:00,SA1,,62.42836,1422.79,0,PUBLIC_P5MIN_202609150645_20260915064036.zip
2026-09-15 06:45:00,SA1,,68.89485,1431.79,0,PUBLIC_P5MIN_202609150645_20260915064036.zip
2026-09-15 06:45:00,SA1,,72.54896,1440.79,0,PUBLIC_P5MIN_202609150645_20260915064036.zip
2026-09-15 06:45:00,SA1,,72.44,1448.79,0,PUBLIC_P5MIN_202609150645_20260915064036.zip
2026-09-15 06:45:00,SA1,,75.8682,1454.79,0,PUBLIC_P5MIN_202609150645_20260915064036.zip
2026-09-15 06:45:00,SA1,,78.27607,1458.79,0,PUBLIC_P5MIN_202609150645_20260915064036.zip
2026-09-15 06:45:00,SA1,,68.15979,1460.79,0,PUBLIC_P5MIN_202609150645_20260915064036.zip
2026-09-15 06:45:00,SA1,,72.44,1461.79,0,PUBLIC_P5MIN_202609150645_20260915064036.zip
2026-09-15 06:45:00,SA1,,75.24563,1460.79,0,PUBLIC_P5MIN_202609150645_20260915064036.zip
2026-09-15 06:45:00,SA1,,75.6009,1456.79,0,PUBLIC_P5MIN_202609150645_20260915064036.zip
2026-09-15 06:45:00,TAS1,,54.91518,1014.44,0,PUBLIC_P5MIN_202609150645_20260915064036.zip
2026-09-15 06:45:00,TAS1,,56.12,1023.44,0,PUBLIC_P5MIN_202609150645_20260915064036.zip
2026-09-15 06:45:00,TAS1,,64.09821,1031.44,0,PUBLIC_P5MIN_202609150645_20260915064036.zip
2026-09-15 06:45:00,TAS1,,69.1598,1038.44,0,PUBLIC_P5MIN_202609150645_20260915064036.zip
2026-09-15 06:45:00,TAS1,,73.64941,1044.44,0,PUBLIC_P5MIN_202609150645_20260915064036.zip
2026-09-15 06:45:00,TAS1,,72.62011,1049.44,0,PUBLIC_P5MIN_202609150645_20260915064036.zip
2026-09-15 06:45:00,TAS1,,75.44052,1054.44,0,PUBLIC_P5MIN_202609150645_20260915064036.zip
2026-09-15 06:45:00,TAS1,,76.84996,1058.44,0,PUBLIC_P5MIN_202609150645_20260915064036.zip
2026-09-15 06:45:00,TAS1,,66.1168,1061.44,0,PUBLIC_P5MIN_202609150645_20260915064036.zip
2026-09-15 06:45:00,TAS1,,70.90708,1063.44,0,PUBLIC_P5MIN_202609150645_20260915064036.zip
2026-09-15 06:45:00,TAS1,,73.34917,1064.44,0,PUBLIC_P5MIN_202609150645_20260915064036.zip
2026-09-15 06:45:00,TAS1,,73.14799,1064.44,0,PUBLIC_P5MIN_202609150645_20260915064036.zip
2026-09-15 06:45:00,VIC1,,57.1819,5509.41,0,PUBLIC_P5MIN_202609150645_20260915064036.zip
2026-09-15 06:45:00,VIC1,,58.22522,5559.41,0,PUBLIC_P5MIN_202609150645_20260915064036.zip
2026-09-15 06:45:00,VIC1,,66.47224,5604.41,0,PUBLIC_P5MIN_202609150645_20260915064036.zip
2026-09-15 06:45:00,VIC1,,71.66457,5642.41,0,PUBLIC_P5MIN_202609150645_20260915064036.zip
2026-09-15 06:45:00,VIC1,,76.19612,5674.41,0,PUBLIC_P5MIN_202609150645_20260915064036.zip
2026-09-15 06:45:00,VIC1,,75.05958,5702.41,0,PUBLIC_P5MIN_202609150645_20260915064036.zip
2026-09-15 06:45:00,VIC1,,78.0023,5727.41,0,PUBLIC_P5MIN_202609150645_20260915064036.zip
2026-09-15 06:45:00,VIC1,,79.23477,5748.41,0,PUBLIC_P5MIN_202609150645_20260915064036.zip
2026-09-15 06:45:00,VIC1,,68.05933,5765.41,0,PUBLIC_P5MIN_202609150645_20260915064036.zip
2026-09-15 06:45:00,VIC1,,73.04236,5775.41,0,PUBLIC_P5MIN_202609150645_20260915064036.zip
2026-09-15 06:45:00,VIC1,,74.4087,5777.41,0,PUBLIC_P5MIN_202609150645_20260915064036.zip
2026-09-15 06:45:00,VIC1,,74.18,5772.41,0,PUBLIC_P5MIN_202609150645_20260915064036.zip
2026-09-15 06:50:00,NSW1,,62.04631,7296.78,0,PUBLIC_P5MIN_202609150650_20260915064534.zip
2026-09-15 06:50:00,NSW1,,71.19615,7289.78,0,PUBLIC_P5MIN_202609150650_20260915064534.zip
2026-09-15 06:50:00,NSW1,,68.80762,7269.78,0,PUBLIC_P5MIN_202609150650_20260915064534.zip
2026-09-15 06:50:00,NSW1,,83.99,7242.78,0,PUBLIC_P5MIN_202609150650_20260915064534.zip
2026-09-15 06:50:00,NSW1,,83.99,7212.78,0,PUBLIC_P5MIN_202609150650_20260915064534.zip
2026-09-15 06:50:00,NSW1,,83.99,7178.78,0,PUBLIC_P5MIN_202609150650_20260915064534.zip
2026-09-15 06:50:00,NSW1,,83.99,7137.78,0,PUBLIC_P5MIN_202609150650_20260915064534.zip
2026-09-15 06:50:00,NSW1,,65.588,7090.78,0,PUBLIC_P5MIN_202609150650_20260915064534.zip
2026-09-15 06:50:00,NSW1,,63.38277,7042.78,0,PUBLIC_P5MIN_202609150650_20260915064534.zip
2026-09-15 06:50:00,NSW1,,83.85681,6990.78,0,PUBLIC_P5MIN_202609150650_20260915064534.zip
2026-09-15 06:50:00,NSW1,,83.99,6937.78,0,PUBLIC_P5MIN_202609150650_20260915064534.zip
2026-09-15 06:50:00,NSW1,,83.32684,6877.78,0,PUBLIC_P5MIN_202609150650_20260915064534.zip
2026-09-15 06:50:00,QLD1,,60.29972,6152.95,0,PUBLIC_P5MIN_202609150650_20260915064534.zip
2026-09-15 06:50:00,QLD1,,63.73012,6131.95,0,PUBLIC_P5MIN_202609150650_20260915064534.zip
2026-09-15 06:50:00,QLD1,,61.20164,6104.95,0,PUBLIC_P5MIN_202609150650_20260915064534.zip
2026-09-15 06:50:00,QLD1,,71.91253,6070.95,0,PUBLIC_P5MIN_202609150650_20260915064534.zip
2026-09-15 06:50:00,QLD1,,70.55709,6027.95,0,PUBLIC_P5MIN_202609150650_20260915064534.zip
2026-09-15 06:50:00,QLD1,,69.66818,5980.95,0,PUBLIC_P5MIN_202609150650_20260915064534.zip
2026-09-15 06:50:00,QLD1,,70.11118,5930.95,0,PUBLIC_P5MIN_202609150650_20260915064534.zip
2026-09-15 06:50:00,QLD1,,54.75,5877.95,0,PUBLIC_P5MIN_202609150650_20260915064534.zip
2026-09-15 06:50:00,QLD1,,54.75,5819.95,0,PUBLIC_P5MIN_202609150650_20260915064534.zip
2026-09-15 06:50:00,QLD1,,70.0,5757.95,0,PUBLIC_P5MIN_202609150650_20260915064534.zip
2026-09-15 06:50:00,QLD1,,70.0,5692.95,0,PUBLIC_P5MIN_202609150650_20260915064534.zip
2026-09-15 06:50:00,QLD1,,70.0,5623.95,0,PUBLIC_P5MIN_202609150650_20260915064534.zip
2026-09-15 06:50:00,SA1,,55.24,1425.25,0,PUBLIC_P5MIN_202609150650_20260915064534.zip
2026-09-15 06:50:00,SA1,,58.36646,1434.25,0,PUBLIC_P5MIN_202609150650_20260915064534.zip
2026-09-15 06:50:00,SA1,,55.9,1444.25,0,PUBLIC_P5MIN_202609150650_20260915064534.zip
2026-09-15 06:50:00,SA1,,68.76926,1454.25,0,PUBLIC_P5MIN_202609150650_20260915064534.zip
2026-09-15 06:50:00,SA1,,70.25298,1462.25,0,PUBLIC_P5MIN_202609150650_20260915064534.zip
2026-09-15 06:50:00,SA1,,71.64126,1468.25,0,PUBLIC_P5MIN_202609150650_20260915064534.zip
2026-09-15 06:50:00,SA1,,72.43181,1473.25,0,PUBLIC_P5MIN_202609150650_20260915064534.zip
2026-09-15 06:50:00,SA1,,59.09292,1476.25,0,PUBLIC_P5MIN_202609150650_20260915064534.zip
2026-09-15 06:50:00,SA1,,56.43288,1477.25,0,PUBLIC_P5MIN_202609150650_20260915064534.zip
2026-09-15 06:50:00,SA1,,74.37184,1476.25,0,PUBLIC_P5MIN_202609150650_20260915064534.zip
2026-09-15 06:50:00,SA1,,75.95444,1471.25,0,PUBLIC_P5MIN_202609150650_20260915064534.zip
2026-09-15 06:50:00,SA1,,75.35473,1465.25,0,PUBLIC_P5MIN_202609150650_20260915064534.zip
2026-09-15 06:50:00,TAS1,,53.74635,1025.44,0,PUBLIC_P5MIN_202609150650_20260915064534.zip
2026-09-15 06:50:00,TAS1,,58.47125,1033.44,0,PUBLIC_P5MIN_202609150650_20260915064534.zip
2026-09-15 06:50:00,TAS1,,56.96019,1040.44,0,PUBLIC_P5MIN_202609150650_20260915064534.zip
2026-09-15 06:50:00,TAS1,,70.13269,1046.44,0,PUBLIC_P5MIN_202609150650_20260915064534.zip
2026-09-15 06:50:00,TAS1,,70.66782,1051.44,0,PUBLIC_P5MIN_202609150650_20260915064534.zip
2026-09-15 06:50:00,TAS1,,71.98646,1056.44,0,PUBLIC_P5MIN_202609150650_20260915064534.zip
2026-09-15 06:50:00,TAS1,,72.21436,1060.44,0,PUBLIC_P5MIN_202609150650_20260915064534.zip
2026-09-15 06:50:00,TAS1,,57.70563,1063.44,0,PUBLIC_P5MIN_202609150650_20260915064534.zip
2026-09-15 06:50:00,TAS1,,56.12,1065.44,0,PUBLIC_P5MIN_202609150650_20260915064534.zip
2026-09-15 06:50:00,TAS1,,74.44347,1066.44,0,PUBLIC_P5MIN_202609150650_20260915064534.zip
2026-09-15 06:50:00,TAS1,,74.0481,1066.44,0,PUBLIC_P5MIN_202609150650_20260915064534.zip
2026-09-15 06:50:00,TAS1,,73.47734,1065.44,0,PUBLIC_P5MIN_202609150650_20260915064534.zip
2026-09-15 06:50:00,VIC1,,55.56422,5574.89,0,PUBLIC_P5MIN_202609150650_20260915064534.zip
2026-09-15 06:50:00,VIC1,,60.27633,5622.89,0,PUBLIC_P5MIN_202609150650_20260915064534.zip
2026-09-15 06:50:00,VIC1,,58.71019,5663.89,0,PUBLIC_P5MIN_202609150650_20260915064534.zip
2026-09-15 06:50:00,VIC1,,72.2264,5698.89,0,PUBLIC_P5MIN_202609150650_20260915064534.zip
2026-09-15 06:50:00,VIC1,,72.79348,5729.89,0,PUBLIC_P5MIN_202609150650_20260915064534.zip
2026-09-15 06:50:00,VIC1,,73.94364,5756.89,0,PUBLIC_P5MIN_202609150650_20260915064534.zip
2026-09-15 06:50:00,VIC1,,74.18,5779.89,0,PUBLIC_P5MIN_202609150650_20260915064534.zip
2026-09-15 06:50:00,VIC1,,59.12221,5797.89,0,PUBLIC_P5MIN_202609150650_20260915064534.zip
2026-09-15 06:50:00,VIC1,,56.24147,5808.89,0,PUBLIC_P5MIN_202609150650_20260915064534.zip
2026-09-15 06:50:00,VIC1,,74.4087,5810.89,0,PUBLIC_P5MIN_202609150650_20260915064534.zip
2026-09-15 06:50:00,VIC1,,74.52689,5804.89,0,PUBLIC_P5MIN_202609150650_20260915064534.zip
2026-09-15 06:50:00,VIC1,,73.93845,5793.89,0,PUBLIC_P5MIN_202609150650_20260915064534.zip
2026-09-15 06:55:00,NSW1,,58.32777,7267.34,0,PUBLIC_P5MIN_202609150655_20260915065035.zip
2026-09-15 06:55:00,NSW1,,64.77022,7246.34,0,PUBLIC_P5MIN_202609150655_20260915065035.zip
2026-09-15 06:55:00,NSW1,,66.31236,7218.34,0,PUBLIC_P5MIN_202609150655_20260915065035.zip
2026-09-15 06:55:00,NSW1,,66.10199,7187.34,0,PUBLIC_P5MIN_202609150655_20260915065035.zip
2026-09-15 06:55:00,NSW1,,66.52241,7153.34,0,PUBLIC_P5MIN_202609150655_20260915065035.zip
2026-09-15 06:55:00,NSW1,,62.7778,7111.34,0,PUBLIC_P5MIN_202609150655_20260915065035.zip
2026-09-15 06:55:00,NSW1,,63.94508,7063.34,0,PUBLIC_P5MIN_202609150655_20260915065035.zip
2026-09-15 06:55:00,NSW1,,46.53839,7015.34,0,PUBLIC_P5MIN_202609150655_20260915065035.zip
2026-09-15 06:55:00,NSW1,,45.44,6963.34,0,PUBLIC_P5MIN_202609150655_20260915065035.zip
2026-09-15 06:55:00,NSW1,,83.32684,6910.34,0,PUBLIC_P5MIN_202609150655_20260915065035.zip
2026-09-15 06:55:00,NSW1,,25.1,6851.34,0,PUBLIC_P5MIN_202609150655_20260915065035.zip
2026-09-15 06:55:00,NSW1,,11.74049,6786.34,0,PUBLIC_P5MIN_202609150655_20260915065035.zip
2026-09-15 06:55:00,QLD1,,55.53,6037.81,0,PUBLIC_P5MIN_202609150655_20260915065035.zip
2026-09-15 06:55:00,QLD1,,56.16493,6006.81,0,PUBLIC_P5MIN_202609150655_20260915065035.zip
2026-09-15 06:55:00,QLD1,,56.77688,5968.81,0,PUBLIC_P5MIN_202609150655_20260915065035.zip
2026-09-15 06:55:00,QLD1,,55.53,5922.81,0,PUBLIC_P5MIN_202609150655_20260915065035.zip
2026-09-15 06:55:00,QLD1,,55.53,5872.81,0,PUBLIC_P5MIN_202609150655_20260915065035.zip
2026-09-15 06:55:00,QLD1,,52.73746,5820.81,0,PUBLIC_P5MIN_202609150655_20260915065035.zip
2026-09-15 06:55:00,QLD1,,54.75,5765.81,0,PUBLIC_P5MIN_202609150655_20260915065035.zip
2026-09-15 06:55:00,QLD1,,40.1,5706.81,0,PUBLIC_P5MIN_202609150655_20260915065035.zip
2026-09-15 06:55:00,QLD1,,39.15357,5644.81,0,PUBLIC_P5MIN_202609150655_20260915065035.zip
2026-09-15 06:55:00,QLD1,,70.0,5580.81,0,PUBLIC_P5MIN_202609150655_20260915065035.zip
2026-09-15 06:55:00,QLD1,,21.35479,5512.81,0,PUBLIC_P5MIN_202609150655_20260915065035.zip
2026-09-15 06:55:00,QLD1,,9.98868,5439.81,0,PUBLIC_P5MIN_202609150655_20260915065035.zip
2026-09-15 06:55:00,SA1,,53.07838,1441.3,0,PUBLIC_P5MIN_202609150655_20260915065035.zip
2026-09-15 06:55:00,SA1,,54.6,1451.3,0,PUBLIC_P5MIN_202609150655_20260915065035.zip
2026-09-15 06:55:00,SA1,,55.9,1461.3,0,PUBLIC_P5MIN_202609150655_20260915065035.zip
2026-09-15 06:55:00,SA1,,56.59965,1469.3,0,PUBLIC_P5MIN_202609150655_20260915065035.zip
2026-09-15 06:55:00,SA1,,57.85681,1475.3,0,PUBLIC_P5MIN_202609150655_20260915065035.zip
2026-09-15 06:55:00,SA1,,54.6,1480.3,0,PUBLIC_P5MIN_202609150655_20260915065035.zip
2026-09-15 06:55:00,SA1,,55.4384,1483.3,0,PUBLIC_P5MIN_202609150655_20260915065035.zip
2026-09-15 06:55:00,SA1,,41.92575,1484.3,0,PUBLIC_P5MIN_202609150655_20260915065035.zip
2026-09-15 06:55:00,SA1,,39.67485,1482.3,0,PUBLIC_P5MIN_202609150655_20260915065035.zip
2026-09-15 06:55:00,SA1,,74.18494,1477.3,0,PUBLIC_P5MIN_202609150655_20260915065035.zip
2026-09-15 06:55:00,SA1,,22.52097,1471.3,0,PUBLIC_P5MIN_202609150655_20260915065035.zip
2026-09-15 06:55:00,SA1,,10.74289,1463.3,0,PUBLIC_P5MIN_202609150655_20260915065035.zip
2026-09-15 06:55:00,TAS1,,51.5962,1030.26,0,PUBLIC_P5MIN_202609150655_20260915065035.zip
2026-09-15 06:55:00,TAS1,,54.97785,1037.26,0,PUBLIC_P5MIN_202609150655_20260915065035.zip
2026-09-15 06:55:00,TAS1,,56.12,1043.26,0,PUBLIC_P5MIN_202609150655_20260915065035.zip
2026-09-15 06:55:00,TAS1,,56.37345,1048.26,0,PUBLIC_P5MIN_202609150655_20260915065035.zip
2026-09-15 06:55:00,TAS1,,59.33744,1053.26,0,PUBLIC_P5MIN_202609150655_20260915065035.zip
2026-09-15 06:55:00,TAS1,,56.14927,1057.26,0,PUBLIC_P5MIN_202609150655_20260915065035.zip
2026-09-15 06:55:00,TAS1,,56.1631,1060.26,0,PUBLIC_P5MIN_202609150655_20260915065035.zip
2026-09-15 06:55:00,TAS1,,45.69075,1062.26,0,PUBLIC_P5MIN_202609150655_20260915065035.zip
2026-09-15 06:55:00,TAS1,,104.82651,1063.26,0,PUBLIC_P5MIN_202609150655_20260915065035.zip
2026-09-15 06:55:00,TAS1,,93.36329,1063.26,0,PUBLIC_P5MIN_202609150655_20260915065035.zip
2026-09-15 06:55:00,TAS1,,111.1444,1062.26,0,PUBLIC_P5MIN_202609150655_20260915065035.zip
2026-09-15 06:55:00,TAS1,,115.13006,1060.26,0,PUBLIC_P5MIN_202609150655_20260915065035.zip
2026-09-15 06:55:00,VIC1,,53.12075,5576.21,0,PUBLIC_P5MIN_202609150655_20260915065035.zip
2026-09-15 06:55:00,VIC1,,56.13584,5617.21,0,PUBLIC_P5MIN_202609150655_20260915065035.zip
2026-09-15 06:55:00,VIC1,,57.47241,5652.21,0,PUBLIC_P5MIN_202609150655_20260915065035.zip
2026-09-15 06:55:00,VIC1,,57.74056,5683.21,0,PUBLIC_P5MIN_202609150655_20260915065035.zip
2026-09-15 06:55:00,VIC1,,58.56541,5710.21,0,PUBLIC_P5MIN_202609150655_20260915065035.zip
2026-09-15 06:55:00,VIC1,,55.26872,5733.21,0,PUBLIC_P5MIN_202609150655_20260915065035.zip
2026-09-15 06:55:00,VIC1,,56.29637,5751.21,0,PUBLIC_P5MIN_202609150655_20260915065035.zip
2026-09-15 06:55:00,VIC1,,41.62118,5762.21,0,PUBLIC_P5MIN_202609150655_20260915065035.zip
2026-09-15 06:55:00,VIC1,,40.00475,5764.21,0,PUBLIC_P5MIN_202609150655_20260915065035.zip
2026-09-15 06:55:00,VIC1,,73.35981,5758.21,0,PUBLIC_P5MIN_202609150655_20260915065035.zip
2026-09-15 06:55:00,VIC1,,22.0977,5747.21,0,PUBLIC_P5MIN_202609150655_20260915065035.zip
2026-09-15 06:55:00,VIC1,,10.5,5729.21,0,PUBLIC_P5MIN_202609150655_20260915065035.zip
2026-09-15 07:00:00,NSW1,,40.0,7225.72,0,PUBLIC_P5MIN_202609150700_20260915065535.zip
2026-09-15 07:00:00,NSW1,,58.20102,7196.72,0,PUBLIC_P5MIN_202609150700_20260915065535.zip
2026-09-15 07:00:00,NSW1,,58.57177,7164.72,0,PUBLIC_P5MIN_202609150700_20260915065535.zip
2026-09-15 07:00:00,NSW1,,59.66229,7128.72,0,PUBLIC_P5MIN_202609150700_20260915065535.zip
2026-09-15 07:00:00,NSW1,,42.54024,7085.72,0,PUBLIC_P5MIN_202609150700_20260915065535.zip
2026-09-15 07:00:00,NSW1,,52.21,7037.72,0,PUBLIC_P5MIN_202609150700_20260915065535.zip
2026-09-15 07:00:00,NSW1,,36.55214,6988.72,0,PUBLIC_P5MIN_202609150700_20260915065535.zip
2026-09-15 07:00:00,NSW1,,46.72136,6936.72,0,PUBLIC_P5MIN_202609150700_20260915065535.zip
2026-09-15 07:00:00,NSW1,,42.79987,6883.72,0,PUBLIC_P5MIN_202609150700_20260915065535.zip
2026-09-15 07:00:00,NSW1,,14.83674,6824.72,0,PUBLIC_P5MIN_202609150700_20260915065535.zip
2026-09-15 07:00:00,NSW1,,11.83325,6760.72,0,PUBLIC_P5MIN_202609150700_20260915065535.zip
2026-09-15 07:00:00,NSW1,,2.36572,6691.72,0,PUBLIC_P5MIN_202609150700_20260915065535.zip
2026-09-15 07:00:00,QLD1,,38.04506,5959.36,0,PUBLIC_P5MIN_202609150700_20260915065535.zip
2026-09-15 07:00:00,QLD1,,50.79,5920.36,0,PUBLIC_P5MIN_202609150700_20260915065535.zip
2026-09-15 07:00:00,QLD1,,50.79,5873.36,0,PUBLIC_P5MIN_202609150700_20260915065535.zip
2026-09-15 07:00:00,QLD1,,50.76,5822.36,0,PUBLIC_P5MIN_202609150700_20260915065535.zip
2026-09-15 07:00:00,QLD1,,36.19275,5769.36,0,PUBLIC_P5MIN_202609150700_20260915065535.zip
2026-09-15 07:00:00,QLD1,,44.98697,5714.36,0,PUBLIC_P5MIN_202609150700_20260915065535.zip
2026-09-15 07:00:00,QLD1,,31.4953,5654.36,0,PUBLIC_P5MIN_202609150700_20260915065535.zip
2026-09-15 07:00:00,QLD1,,39.75,5592.36,0,PUBLIC_P5MIN_202609150700_20260915065535.zip
2026-09-15 07:00:00,QLD1,,36.41364,5528.36,0,PUBLIC_P5MIN_202609150700_20260915065535.zip
2026-09-15 07:00:00,QLD1,,12.46383,5461.36,0,PUBLIC_P5MIN_202609150700_20260915065535.zip
2026-09-15 07:00:00,QLD1,,9.92054,5389.36,0,PUBLIC_P5MIN_202609150700_20260915065535.zip
2026-09-15 07:00:00,QLD1,,2.0,5314.36,0,PUBLIC_P5MIN_202609150700_20260915065535.zip
2026-09-15 07:00:00,SA1,,34.81415,1458.45,0,PUBLIC_P5MIN_202609150700_20260915065535.zip
2026-09-15 07:00:00,SA1,,47.18581,1468.45,0,PUBLIC_P5MIN_202609150700_20260915065535.zip
2026-09-15 07:00:00,SA1,,46.75294,1476.45,0,PUBLIC_P5MIN_202609150700_20260915065535.zip
2026-09-15 07:00:00,SA1,,50.48836,1482.45,0,PUBLIC_P5MIN_202609150700_20260915065535.zip
2026-09-15 07:00:00,SA1,,36.4232,1487.45,0,PUBLIC_P5MIN_202609150700_20260915065535.zip
2026-09-15 07:00:00,SA1,,46.11877,1490.45,0,PUBLIC_P5MIN_202609150700_20260915065535.zip
2026-09-15 07:00:00,SA1,,32.54195,1491.45,0,PUBLIC_P5MIN_202609150700_20260915065535.zip
2026-09-15 07:00:00,SA1,,40.55281,1489.45,0,PUBLIC_P5MIN_202609150700_20260915065535.zip
2026-09-15 07:00:00,SA1,,37.07467,1484.45,0,PUBLIC_P5MIN_202609150700_20260915065535.zip
2026-09-15 07:00:00,SA1,,13.31155,1478.45,0,PUBLIC_P5MIN_202609150700_20260915065535.zip
2026-09-15 07:00:00,SA1,,10.78482,1470.45,0,PUBLIC_P5MIN_202609150700_20260915065535.zip
2026-09-15 07:00:00,SA1,,2.2161,1460.45,0,PUBLIC_P5MIN_202609150700_20260915065535.zip
2026-09-15 07:00:00,TAS1,,40.54888,1031.59,0,PUBLIC_P5MIN_202609150700_20260915065535.zip
2026-09-15 07:00:00,TAS1,,47.96262,1037.59,0,PUBLIC_P5MIN_202609150700_20260915065535.zip
2026-09-15 07:00:00,TAS1,,49.27381,1042.59,0,PUBLIC_P5MIN_202609150700_20260915065535.zip
2026-09-15 07:00:00,TAS1,,52.32703,1047.59,0,PUBLIC_P5MIN_202609150700_20260915065535.zip
2026-09-15 07:00:00,TAS1,,40.2626,1051.59,0,PUBLIC_P5MIN_202609150700_20260915065535.zip
2026-09-15 07:00:00,TAS1,,45.98581,1054.59,0,PUBLIC_P5MIN_202609150700_20260915065535.zip
2026-09-15 07:00:00,TAS1,,41.14,1056.59,0,PUBLIC_P5MIN_202609150700_20260915065535.zip
2026-09-15 07:00:00,TAS1,,41.49324,1057.59,0,PUBLIC_P5MIN_202609150700_20260915065535.zip
2026-09-15 07:00:00,TAS1,,38.05571,1057.59,0,PUBLIC_P5MIN_202609150700_20260915065535.zip
2026-09-15 07:00:00,TAS1,,14.87801,1056.59,0,PUBLIC_P5MIN_202609150700_20260915065535.zip
2026-09-15 07:00:00,TAS1,,12.28482,1054.59,0,PUBLIC_P5MIN_202609150700_20260915065535.zip
2026-09-15 07:00:00,TAS1,,3.50844,1051.59,0,PUBLIC_P5MIN_202609150700_20260915065535.zip
2026-09-15 07:00:00,VIC1,,35.62234,5585.73,0,PUBLIC_P5MIN_202609150700_20260915065535.zip
2026-09-15 07:00:00,VIC1,,48.89215,5618.73,0,PUBLIC_P5MIN_202609150700_20260915065535.zip
2026-09-15 07:00:00,VIC1,,49.2036,5646.73,0,PUBLIC_P5MIN_202609150700_20260915065535.zip
2026-09-15 07:00:00,VIC1,,51.30602,5671.73,0,PUBLIC_P5MIN_202609150700_20260915065535.zip
2026-09-15 07:00:00,VIC1,,36.86929,5693.73,0,PUBLIC_P5MIN_202609150700_20260915065535.zip
2026-09-15 07:00:00,VIC1,,45.60581,5710.73,0,PUBLIC_P5MIN_202609150700_20260915065535.zip
2026-09-15 07:00:00,VIC1,,32.18,5720.73,0,PUBLIC_P5MIN_202609150700_20260915065535.zip
2026-09-15 07:00:00,VIC1,,40.49304,5721.73,0,PUBLIC_P5MIN_202609150700_20260915065535.zip
2026-09-15 07:00:00,VIC1,,36.80534,5715.73,0,PUBLIC_P5MIN_202609150700_20260915065535.zip
2026-09-15 07:00:00,VIC1,,12.96,5705.73,0,PUBLIC_P5MIN_202609150700_20260915065535.zip
2026-09-15 07:00:00,VIC1,,10.5,5688.73,0,PUBLIC_P5MIN_202609150700_20260915065535.zip
2026-09-15 07:00:00,VIC1,,2.1325,5663.73,0,PUBLIC_P5MIN_202609150700_20260915065535.zip
2026-09-15 07:05:00,NSW1,,24.96,7197.16,0,PUBLIC_P5MIN_202609150705_20260915070034.zip
2026-09-15 07:05:00,NSW1,,24.96,7163.16,0,PUBLIC_P5MIN_202609150705_20260915070034.zip
2026-09-15 07:05:00,NSW1,,38.00981,7126.16,0,PUBLIC_P5MIN_202609150705_20260915070034.zip
2026-09-15 07:05:00,NSW1,,42.79995,7082.16,0,PUBLIC_P5MIN_202609150705_20260915070034.zip
2026-09-15 07:05:00,NSW1,,42.79995,7032.16,0,PUBLIC_P5MIN_202609150705_20260915070034.zip
2026-09-15 07:05:00,NSW1,,37.12968,6982.16,0,PUBLIC_P5MIN_202609150705_20260915070034.zip
2026-09-15 07:05:00,NSW1,,63.12911,6929.16,0,PUBLIC_P5MIN_202609150705_20260915070034.zip
2026-09-15 07:05:00,NSW1,,42.79997,6876.16,0,PUBLIC_P5MIN_202609150705_20260915070034.zip
2026-09-15 07:05:00,NSW1,,14.19831,6818.16,0,PUBLIC_P5MIN_202609150705_20260915070034.zip
2026-09-15 07:05:00,NSW1,,11.5,6755.16,0,PUBLIC_P5MIN_202609150705_20260915070034.zip
2026-09-15 07:05:00,NSW1,,9.91766,6687.16,0,PUBLIC_P5MIN_202609150705_20260915070034.zip
2026-09-15 07:05:00,NSW1,,2.12,6614.16,0,PUBLIC_P5MIN_202609150705_20260915070034.zip
2026-09-15 07:05:00,QLD1,,22.85501,5975.2,0,PUBLIC_P5MIN_202609150705_20260915070034.zip
2026-09-15 07:05:00,QLD1,,21.23568,5923.2,0,PUBLIC_P5MIN_202609150705_20260915070034.zip
2026-09-15 07:05:00,QLD1,,31.93073,5868.2,0,PUBLIC_P5MIN_202609150705_20260915070034.zip
2026-09-15 07:05:00,QLD1,,35.72753,5812.2,0,PUBLIC_P5MIN_202609150705_20260915070034.zip
2026-09-15 07:05:00,QLD1,,36.87876,5753.2,0,PUBLIC_P5MIN_202609150705_20260915070034.zip
2026-09-15 07:05:00,QLD1,,31.99294,5691.2,0,PUBLIC_P5MIN_202609150705_20260915070034.zip
2026-09-15 07:05:00,QLD1,,53.36995,5626.2,0,PUBLIC_P5MIN_202609150705_20260915070034.zip
2026-09-15 07:05:00,QLD1,,36.1835,5561.2,0,PUBLIC_P5MIN_202609150705_20260915070034.zip
2026-09-15 07:05:00,QLD1,,11.92751,5493.2,0,PUBLIC_P5MIN_202609150705_20260915070034.zip
2026-09-15 07:05:00,QLD1,,9.64116,5421.2,0,PUBLIC_P5MIN_202609150705_20260915070034.zip
2026-09-15 07:05:00,QLD1,,8.17455,5347.2,0,PUBLIC_P5MIN_202609150705_20260915070034.zip
2026-09-15 07:05:00,QLD1,,1.78094,5268.2,0,PUBLIC_P5MIN_202609150705_20260915070034.zip
2026-09-15 07:05:00,SA1,,22.09983,1476.86,0,PUBLIC_P5MIN_202609150705_20260915070034.zip
2026-09-15 07:05:00,SA1,,19.76901,1485.86,0,PUBLIC_P5MIN_202609150705_20260915070034.zip
2026-09-15 07:05:00,SA1,,30.93629,1492.86,0,PUBLIC_P5MIN_202609150705_20260915070034.zip
2026-09-15 07:05:00,SA1,,37.07601,1497.86,0,PUBLIC_P5MIN_202609150705_20260915070034.zip
2026-09-15 07:05:00,SA1,,36.21885,1500.86,0,PUBLIC_P5MIN_202609150705_20260915070034.zip
2026-09-15 07:05:00,SA1,,32.03909,1501.86,0,PUBLIC_P5MIN_202609150705_20260915070034.zip
2026-09-15 07:05:00,SA1,,56.2,1500.86,0,PUBLIC_P5MIN_202609150705_20260915070034.zip
2026-09-15 07:05:00,SA1,,38.10061,1495.86,0,PUBLIC_P5MIN_202609150705_20260915070034.zip
2026-09-15 07:05:00,SA1,,12.88919,1489.86,0,PUBLIC_P5MIN_202609150705_20260915070034.zip
2026-09-15 07:05:00,SA1,,10.60514,1481.86,0,PUBLIC_P5MIN_202609150705_20260915070034.zip
2026-09-15 07:05:00,SA1,,9.2543,1471.86,0,PUBLIC_P5MIN_202609150705_20260915070034.zip
2026-09-15 07:05:00,SA1,,2.00948,1459.86,0,PUBLIC_P5MIN_202609150705_20260915070034.zip
2026-09-15 07:05:00,TAS1,,21.96876,1032.85,0,PUBLIC_P5MIN_202609150705_20260915070034.zip
2026-09-15 07:05:00,TAS1,,20.5191,1037.85,0,PUBLIC_P5MIN_202609150705_20260915070034.zip
2026-09-15 07:05:00,TAS1,,31.49135,1041.85,0,PUBLIC_P5MIN_202609150705_20260915070034.zip
2026-09-15 07:05:00,TAS1,,36.30056,1045.85,0,PUBLIC_P5MIN_202609150705_20260915070034.zip
2026-09-15 07:05:00,TAS1,,36.01778,1048.85,0,PUBLIC_P5MIN_202609150705_20260915070034.zip
2026-09-15 07:05:00,TAS1,,31.49135,1050.85,0,PUBLIC_P5MIN_202609150705_20260915070034.zip
2026-09-15 07:05:00,TAS1,,53.80484,1051.85,0,PUBLIC_P5MIN_202609150705_20260915070034.zip
2026-09-15 07:05:00,TAS1,,36.19375,1051.85,0,PUBLIC_P5MIN_202609150705_20260915070034.zip
2026-09-15 07:05:00,TAS1,,12.1965,1050.85,0,PUBLIC_P5MIN_202609150705_20260915070034.zip
2026-09-15 07:05:00,TAS1,,10.0352,1048.85,0,PUBLIC_P5MIN_202609150705_20260915070034.zip
2026-09-15 07:05:00,TAS1,,8.74864,1045.85,0,PUBLIC_P5MIN_202609150705_20260915070034.zip
2026-09-15 07:05:00,TAS1,,1.87939,1041.85,0,PUBLIC_P5MIN_202609150705_20260915070034.zip
2026-09-15 07:05:00,VIC1,,22.59877,5602.66,0,PUBLIC_P5MIN_202609150705_20260915070034.zip
2026-09-15 07:05:00,VIC1,,20.96781,5628.66,0,PUBLIC_P5MIN_202609150705_20260915070034.zip
2026-09-15 07:05:00,VIC1,,32.18,5651.66,0,PUBLIC_P5MIN_202609150705_20260915070034.zip
2026-09-15 07:05:00,VIC1,,37.09438,5671.66,0,PUBLIC_P5MIN_202609150705_20260915070034.zip
2026-09-15 07:05:00,VIC1,,36.80541,5686.66,0,PUBLIC_P5MIN_202609150705_20260915070034.zip
2026-09-15 07:05:00,VIC1,,32.18,5695.66,0,PUBLIC_P5MIN_202609150705_20260915070034.zip
2026-09-15 07:05:00,VIC1,,55.14373,5696.66,0,PUBLIC_P5MIN_202609150705_20260915070034.zip
2026-09-15 07:05:00,VIC1,,37.0944,5690.66,0,PUBLIC_P5MIN_202609150705_20260915070034.zip
2026-09-15 07:05:00,VIC1,,12.5,5680.66,0,PUBLIC_P5MIN_202609150705_20260915070034.zip
2026-09-15 07:05:00,VIC1,,10.28492,5664.66,0,PUBLIC_P5MIN_202609150705_20260915070034.zip
2026-09-15 07:05:00,VIC1,,8.93996,5641.66,0,PUBLIC_P5MIN_202609150705_20260915070034.zip
2026-09-15 07:05:00,VIC1,,1.92615,5610.66,0,PUBLIC_P5MIN_202609150705_20260915070034.zip
2026-09-15 07:10:00,NSW1,,11.59799,7169.15,0,PUBLIC_P5MIN_202609150710_20260915070535.zip
2026-09-15 07:10:00,NSW1,,15.30787,7130.15,0,PUBLIC_P5MIN_202609150710_20260915070535.zip
2026-09-15 07:10:00,NSW1,,15.0062,7085.15,0,PUBLIC_P5MIN_202609150710_20260915070535.zip
2026-09-15 07:10:00,NSW1,,42.54,7035.15,0,PUBLIC_P5MIN_202609150710_20260915070535.zip
2026-09-15 07:10:00,NSW1,,24.98998,6985.15,0,PUBLIC_P5MIN_202609150710_20260915070535.zip
2026-09-15 07:10:00,NSW1,,46.72136,6932.15,0,PUBLIC_P5MIN_202609150710_20260915070535.zip
2026-09-15 07:10:00,NSW1,,42.79997,6879.15,0,PUBLIC_P5MIN_202609150710_20260915070535.zip
2026-09-15 07:10:00,NSW1,,12.11503,6821.15,0,PUBLIC_P5MIN_202609150710_20260915070535.zip
2026-09-15 07:10:00,NSW1,,11.5,6758.15,0,PUBLIC_P5MIN_202609150710_20260915070535.zip
2026-09-15 07:10:00,NSW1,,8.25817,6691.15,0,PUBLIC_P5MIN_202609150710_20260915070535.zip
2026-09-15 07:10:00,NSW1,,4.96696,6619.15,0,PUBLIC_P5MIN_202609150710_20260915070535.zip
2026-09-15 07:10:00,NSW1,,11.5,6544.15,0,PUBLIC_P5MIN_202609150710_20260915070535.zip
2026-09-15 07:10:00,QLD1,,10.41783,5969.23,0,PUBLIC_P5MIN_202609150710_20260915070535.zip
2026-09-15 07:10:00,QLD1,,12.83353,5917.23,0,PUBLIC_P5MIN_202609150710_20260915070535.zip
2026-09-15 07:10:00,QLD1,,12.52652,5863.23,0,PUBLIC_P5MIN_202609150710_20260915070535.zip
2026-09-15 07:10:00,QLD1,,36.65477,5807.23,0,PUBLIC_P5MIN_202609150710_20260915070535.zip
2026-09-15 07:10:00,QLD1,,21.65901,5746.23,0,PUBLIC_P5MIN_202609150710_20260915070535.zip
2026-09-15 07:10:00,QLD1,,39.75,5683.23,0,PUBLIC_P5MIN_202609150710_20260915070535.zip
2026-09-15 07:10:00,QLD1,,36.41373,5619.23,0,PUBLIC_P5MIN_202609150710_20260915070535.zip
2026-09-15 07:10:00,QLD1,,10.24216,5552.23,0,PUBLIC_P5MIN_202609150710_20260915070535.zip
2026-09-15 07:10:00,QLD1,,9.66075,5480.23,0,PUBLIC_P5MIN_202609150710_20260915070535.zip
2026-09-15 07:10:00,QLD1,,6.85,5405.23,0,PUBLIC_P5MIN_202609150710_20260915070535.zip
2026-09-15 07:10:00,QLD1,,4.12,5324.23,0,PUBLIC_P5MIN_202609150710_20260915070535.zip
2026-09-15 07:10:00,QLD1,,9.47878,5244.23,0,PUBLIC_P5MIN_202609150710_20260915070535.zip
2026-09-15 07:10:00,SA1,,10.68362,1449.34,0,PUBLIC_P5MIN_202609150710_20260915070535.zip
2026-09-15 07:10:00,SA1,,12.65457,1456.34,0,PUBLIC_P5MIN_202609150710_20260915070535.zip
2026-09-15 07:10:00,SA1,,12.6,1462.34,0,PUBLIC_P5MIN_202609150710_20260915070535.zip
2026-09-15 07:10:00,SA1,,33.41534,1466.34,0,PUBLIC_P5MIN_202609150710_20260915070535.zip
2026-09-15 07:10:00,SA1,,21.22937,1468.34,0,PUBLIC_P5MIN_202609150710_20260915070535.zip
2026-09-15 07:10:00,SA1,,36.88361,1467.34,0,PUBLIC_P5MIN_202609150710_20260915070535.zip
2026-09-15 07:10:00,SA1,,25.76024,1463.34,0,PUBLIC_P5MIN_202609150710_20260915070535.zip
2026-09-15 07:10:00,SA1,,10.78482,1457.34,0,PUBLIC_P5MIN_202609150710_20260915070535.zip
2026-09-15 07:10:00,SA1,,10.43967,1449.34,0,PUBLIC_P5MIN_202609150710_20260915070535.zip
2026-09-15 07:10:00,SA1,,7.67515,1439.34,0,PUBLIC_P5MIN_202609150710_20260915070535.zip
2026-09-15 07:10:00,SA1,,4.68971,1428.34,0,PUBLIC_P5MIN_202609150710_20260915070535.zip
2026-09-15 07:10:00,SA1,,10.4811,1415.34,0,PUBLIC_P5MIN_202609150710_20260915070535.zip
2026-09-15 07:10:00,TAS1,,10.32297,1016.44,0,PUBLIC_P5MIN_202609150710_20260915070535.zip
2026-09-15 07:10:00,TAS1,,12.68266,1020.44,0,PUBLIC_P5MIN_202609150710_20260915070535.zip
2026-09-15 07:10:00,TAS1,,12.53005,1024.44,0,PUBLIC_P5MIN_202609150710_20260915070535.zip
2026-09-15 07:10:00,TAS1,,33.06523,1027.44,0,PUBLIC_P5MIN_202609150710_20260915070535.zip
2026-09-15 07:10:00,TAS1,,20.86643,1029.44,0,PUBLIC_P5MIN_202609150710_20260915070535.zip
2026-09-15 07:10:00,TAS1,,34.76891,1030.44,0,PUBLIC_P5MIN_202609150710_20260915070535.zip
2026-09-15 07:10:00,TAS1,,22.97705,1030.44,0,PUBLIC_P5MIN_202609150710_20260915070535.zip
2026-09-15 07:10:00,TAS1,,10.24506,1029.44,0,PUBLIC_P5MIN_202609150710_20260915070535.zip
2026-09-15 07:10:00,TAS1,,9.87862,1027.44,0,PUBLIC_P5MIN_202609150710_20260915070535.zip
2026-09-15 07:10:00,TAS1,,7.20629,1024.44,0,PUBLIC_P5MIN_202609150710_20260915070535.zip
2026-09-15 07:10:00,TAS1,,4.40322,1020.44,0,PUBLIC_P5MIN_202609150710_20260915070535.zip
2026-09-15 07:10:00,TAS1,,320.12,1015.44,0,PUBLIC_P5MIN_202609150710_20260915070535.zip
2026-09-15 07:10:00,VIC1,,10.65,5565.3,0,PUBLIC_P5MIN_202609150710_20260915070535.zip
2026-09-15 07:10:00,VIC1,,12.96,5585.3,0,PUBLIC_P5MIN_202609150710_20260915070535.zip
2026-09-15 07:10:00,VIC1,,12.80406,5602.3,0,PUBLIC_P5MIN_202609150710_20260915070535.zip
2026-09-15 07:10:00,VIC1,,32.18,5615.3,0,PUBLIC_P5MIN_202609150710_20260915070535.zip
2026-09-15 07:10:00,VIC1,,21.32273,5622.3,0,PUBLIC_P5MIN_202609150710_20260915070535.zip
2026-09-15 07:10:00,VIC1,,32.18,5621.3,0,PUBLIC_P5MIN_202609150710_20260915070535.zip
2026-09-15 07:10:00,VIC1,,12.96,5614.3,0,PUBLIC_P5MIN_202609150710_20260915070535.zip
2026-09-15 07:10:00,VIC1,,10.5,5604.3,0,PUBLIC_P5MIN_202609150710_20260915070535.zip
2026-09-15 07:10:00,VIC1,,10.12444,5589.3,0,PUBLIC_P5MIN_202609150710_20260915070535.zip
2026-09-15 07:10:00,VIC1,,7.38562,5567.3,0,PUBLIC_P5MIN_202609150710_20260915070535.zip
2026-09-15 07:10:00,VIC1,,4.51279,5539.3,0,PUBLIC_P5MIN_202609150710_20260915070535.zip
2026-09-15 07:10:00,VIC1,,10.2043,5503.3,0,PUBLIC_P5MIN_202609150710_20260915070535.zip
2026-09-15 07:15:00,NSW1,,13.50001,7168.71,0,PUBLIC_P5MIN_202609150715_20260915071037.zip
2026-09-15 07:15:00,NSW1,,17.8431,7119.71,0,PUBLIC_P5MIN_202609150715_20260915071037.zip
2026-09-15 07:15:00,NSW1,,18.15515,7065.71,0,PUBLIC_P5MIN_202609150715_20260915071037.zip
2026-09-15 07:15:00,NSW1,,12.30587,7012.71,0,PUBLIC_P5MIN_202609150715_20260915071037.zip
2026-09-15 07:15:00,NSW1,,42.79997,6956.71,0,PUBLIC_P5MIN_202609150715_20260915071037.zip
2026-09-15 07:15:00,NSW1,,42.79997,6900.71,0,PUBLIC_P5MIN_202609150715_20260915071037.zip
2026-09-15 07:15:00,NSW1,,12.38451,6840.71,0,PUBLIC_P5MIN_202609150715_20260915071037.zip
2026-09-15 07:15:00,NSW1,,11.5,6775.71,0,PUBLIC_P5MIN_202609150715_20260915071037.zip
2026-09-15 07:15:00,NSW1,,8.64316,6707.71,0,PUBLIC_P5MIN_202609150715_20260915071037.zip
2026-09-15 07:15:00,NSW1,,2.41114,6635.71,0,PUBLIC_P5MIN_202609150715_20260915071037.zip
2026-09-15 07:15:00,NSW1,,11.5,6560.71,0,PUBLIC_P5MIN_202609150715_20260915071037.zip
2026-09-15 07:15:00,NSW1,,11.5,6480.71,0,PUBLIC_P5MIN_202609150715_20260915071037.zip
2026-09-15 07:15:00,QLD1,,11.96652,5918.9,0,PUBLIC_P5MIN_202609150715_20260915071037.zip
2026-09-15 07:15:00,QLD1,,15.37458,5866.9,0,PUBLIC_P5MIN_202609150715_20260915071037.zip
2026-09-15 07:15:00,QLD1,,15.64347,5811.9,0,PUBLIC_P5MIN_202609150715_20260915071037.zip
2026-09-15 07:15:00,QLD1,,10.53633,5752.9,0,PUBLIC_P5MIN_202609150715_20260915071037.zip
2026-09-15 07:15:00,QLD1,,36.64548,5690.9,0,PUBLIC_P5MIN_202609150715_20260915071037.zip
2026-09-15 07:15:00,QLD1,,36.1835,5627.9,0,PUBLIC_P5MIN_202609150715_20260915071037.zip
2026-09-15 07:15:00,QLD1,,10.4038,5561.9,0,PUBLIC_P5MIN_202609150715_20260915071037.zip
2026-09-15 07:15:00,QLD1,,9.64116,5490.9,0,PUBLIC_P5MIN_202609150715_20260915071037.zip
2026-09-15 07:15:00,QLD1,,7.12405,5415.9,0,PUBLIC_P5MIN_202609150715_20260915071037.zip
2026-09-15 07:15:00,QLD1,,2.0,5334.9,0,PUBLIC_P5MIN_202609150715_20260915071037.zip
2026-09-15 07:15:00,QLD1,,7.28281,5253.9,0,PUBLIC_P5MIN_202609150715_20260915071037.zip
2026-09-15 07:15:00,QLD1,,5.96186,5172.9,0,PUBLIC_P5MIN_202609150715_20260915071037.zip
2026-09-15 07:15:00,SA1,,12.78,1458.23,0,PUBLIC_P5MIN_202609150715_20260915071037.zip
2026-09-15 07:15:00,SA1,,14.41,1461.23,0,PUBLIC_P5MIN_202609150715_20260915071037.zip
2026-09-15 07:15:00,SA1,,14.95,1462.23,0,PUBLIC_P5MIN_202609150715_20260915071037.zip
2026-09-15 07:15:00,SA1,,10.25255,1462.23,0,PUBLIC_P5MIN_202609150715_20260915071037.zip
2026-09-15 07:15:00,SA1,,34.70012,1459.23,0,PUBLIC_P5MIN_202609150715_20260915071037.zip
2026-09-15 07:15:00,SA1,,25.49212,1453.23,0,PUBLIC_P5MIN_202609150715_20260915071037.zip
2026-09-15 07:15:00,SA1,,10.98153,1446.23,0,PUBLIC_P5MIN_202609150715_20260915071037.zip
2026-09-15 07:15:00,SA1,,10.3581,1437.23,0,PUBLIC_P5MIN_202609150715_20260915071037.zip
2026-09-15 07:15:00,SA1,,7.97,1427.23,0,PUBLIC_P5MIN_202609150715_20260915071037.zip
2026-09-15 07:15:00,SA1,,2.25865,1416.23,0,PUBLIC_P5MIN_202609150715_20260915071037.zip
2026-09-15 07:15:00,SA1,,10.52201,1404.23,0,PUBLIC_P5MIN_202609150715_20260915071037.zip
2026-09-15 07:15:00,SA1,,10.52283,1389.23,0,PUBLIC_P5MIN_202609150715_20260915071037.zip
2026-09-15 07:15:00,TAS1,,12.11583,1027.84,0,PUBLIC_P5MIN_202609150715_20260915071037.zip
2026-09-15 07:15:00,TAS1,,14.51199,1030.84,0,PUBLIC_P5MIN_202609150715_20260915071037.zip
2026-09-15 07:15:00,TAS1,,14.88105,1033.84,0,PUBLIC_P5MIN_202609150715_20260915071037.zip
2026-09-15 07:15:00,TAS1,,10.24506,1035.84,0,PUBLIC_P5MIN_202609150715_20260915071037.zip
2026-09-15 07:15:00,TAS1,,33.09271,1036.84,0,PUBLIC_P5MIN_202609150715_20260915071037.zip
2026-09-15 07:15:00,TAS1,,22.8625,1036.84,0,PUBLIC_P5MIN_202609150715_20260915071037.zip
2026-09-15 07:15:00,TAS1,,10.36069,1035.84,0,PUBLIC_P5MIN_202609150715_20260915071037.zip
2026-09-15 07:15:00,TAS1,,9.7725,1033.84,0,PUBLIC_P5MIN_202609150715_20260915071037.zip
2026-09-15 07:15:00,TAS1,,7.46104,1030.84,0,PUBLIC_P5MIN_202609150715_20260915071037.zip
2026-09-15 07:15:00,TAS1,,2.10816,1026.84,0,PUBLIC_P5MIN_202609150715_20260915071037.zip
2026-09-15 07:15:00,TAS1,,320.1,1021.84,0,PUBLIC_P5MIN_202609150715_20260915071037.zip
2026-09-15 07:15:00,TAS1,,320.06,1015.84,0,PUBLIC_P5MIN_202609150715_20260915071037.zip
2026-09-15 07:15:00,VIC1,,12.5,5582.84,0,PUBLIC_P5MIN_202609150715_20260915071037.zip
2026-09-15 07:15:00,VIC1,,14.8731,5594.84,0,PUBLIC_P5MIN_202609150715_20260915071037.zip
2026-09-15 07:15:00,VIC1,,15.25136,5602.84,0,PUBLIC_P5MIN_202609150715_20260915071037.zip
2026-09-15 07:15:00,VIC1,,10.5,5604.84,0,PUBLIC_P5MIN_202609150715_20260915071037.zip
2026-09-15 07:15:00,VIC1,,32.18,5599.84,0,PUBLIC_P5MIN_202609150715_20260915071037.zip
2026-09-15 07:15:00,VIC1,,12.96,5589.84,0,PUBLIC_P5MIN_202609150715_20260915071037.zip
2026-09-15 07:15:00,VIC1,,10.64994,5576.84,0,PUBLIC_P5MIN_202609150715_20260915071037.zip
2026-09-15 07:15:00,VIC1,,10.04533,5559.84,0,PUBLIC_P5MIN_202609150715_20260915071037.zip
2026-09-15 07:15:00,VIC1,,7.66934,5536.84,0,PUBLIC_P5MIN_202609150715_20260915071037.zip
2026-09-15 07:15:00,VIC1,,2.17345,5508.84,0,PUBLIC_P5MIN_202609150715_20260915071037.zip
2026-09-15 07:15:00,VIC1,,10.2043,5473.84,0,PUBLIC_P5MIN_202609150715_20260915071037.zip
2026-09-15 07:15:00,VIC1,,10.28492,5430.84,0,PUBLIC_P5MIN_202609150715_20260915071037.zip
2026-09-15 07:20:00,NSW1,,11.78113,7130.5,0,PUBLIC_P5MIN_202609150720_20260915071533.zip
2026-09-15 07:20:00,NSW1,,13.70472,7081.5,0,PUBLIC_P5MIN_202609150720_20260915071533.zip
2026-09-15 07:20:00,NSW1,,11.86251,7032.5,0,PUBLIC_P5MIN_202609150720_20260915071533.zip
2026-09-15 07:20:00,NSW1,,37.71457,6980.5,0,PUBLIC_P5MIN_202609150720_20260915071533.zip
2026-09-15 07:20:00,NSW1,,46.72136,6928.5,0,PUBLIC_P5MIN_202609150720_20260915071533.zip
2026-09-15 07:20:00,NSW1,,21.50342,6870.5,0,PUBLIC_P5MIN_202609150720_20260915071533.zip
2026-09-15 07:20:00,NSW1,,11.5,6807.5,0,PUBLIC_P5MIN_202609150720_20260915071533.zip
2026-09-15 07:20:00,NSW1,,11.5,6740.5,0,PUBLIC_P5MIN_202609150720_20260915071533.zip
2026-09-15 07:20:00,NSW1,,8.4402,6668.5,0,PUBLIC_P5MIN_202609150720_20260915071533.zip
2026-09-15 07:20:00,NSW1,,11.5,6592.5,0,PUBLIC_P5MIN_202609150720_20260915071533.zip
2026-09-15 07:20:00,NSW1,,11.5,6510.5,0,PUBLIC_P5MIN_202609150720_20260915071533.zip
2026-09-15 07:20:00,NSW1,,10.07516,6429.5,0,PUBLIC_P5MIN_202609150720_20260915071533.zip
2026-09-15 07:20:00,QLD1,,10.98342,5871.38,0,PUBLIC_P5MIN_202609150720_20260915071533.zip
2026-09-15 07:20:00,QLD1,,11.88393,5818.38,0,PUBLIC_P5MIN_202609150720_20260915071533.zip
2026-09-15 07:20:00,QLD1,,10.22138,5760.38,0,PUBLIC_P5MIN_202609150720_20260915071533.zip
2026-09-15 07:20:00,QLD1,,32.29134,5699.38,0,PUBLIC_P5MIN_202609150720_20260915071533.zip
2026-09-15 07:20:00,QLD1,,39.75,5637.38,0,PUBLIC_P5MIN_202609150720_20260915071533.zip
2026-09-15 07:20:00,QLD1,,18.17919,5572.38,0,PUBLIC_P5MIN_202609150720_20260915071533.zip
2026-09-15 07:20:00,QLD1,,9.72221,5501.38,0,PUBLIC_P5MIN_202609150720_20260915071533.zip
2026-09-15 07:20:00,QLD1,,9.5997,5426.38,0,PUBLIC_P5MIN_202609150720_20260915071533.zip
2026-09-15 07:20:00,QLD1,,6.95677,5345.38,0,PUBLIC_P5MIN_202609150720_20260915071533.zip
2026-09-15 07:20:00,QLD1,,9.53904,5264.38,0,PUBLIC_P5MIN_202609150720_20260915071533.zip
2026-09-15 07:20:00,QLD1,,6.85,5183.38,0,PUBLIC_P5MIN_202609150720_20260915071533.zip
2026-09-15 07:20:00,QLD1,,6.38048,5102.38,0,PUBLIC_P5MIN_202609150720_20260915071533.zip
2026-09-15 07:20:00,SA1,,10.39361,1448.6,0,PUBLIC_P5MIN_202609150720_20260915071533.zip
2026-09-15 07:20:00,SA1,,11.11094,1449.6,0,PUBLIC_P5MIN_202609150720_20260915071533.zip
2026-09-15 07:20:00,SA1,,9.69272,1449.6,0,PUBLIC_P5MIN_202609150720_20260915071533.zip
2026-09-15 07:20:00,SA1,,31.54414,1446.6,0,PUBLIC_P5MIN_202609150720_20260915071533.zip
2026-09-15 07:20:00,SA1,,36.61284,1440.6,0,PUBLIC_P5MIN_202609150720_20260915071533.zip
2026-09-15 07:20:00,SA1,,18.92,1433.6,0,PUBLIC_P5MIN_202609150720_20260915071533.zip
2026-09-15 07:20:00,SA1,,10.31837,1424.6,0,PUBLIC_P5MIN_202609150720_20260915071533.zip
2026-09-15 07:20:00,SA1,,10.52283,1414.6,0,PUBLIC_P5MIN_202609150720_20260915071533.zip
2026-09-15 07:20:00,SA1,,7.97,1403.6,0,PUBLIC_P5MIN_202609150720_20260915071533.zip
2026-09-15 07:20:00,SA1,,10.60722,1391.6,0,PUBLIC_P5MIN_202609150720_20260915071533.zip
2026-09-15 07:20:00,SA1,,10.4006,1376.6,0,PUBLIC_P5MIN_202609150720_20260915071533.zip
2026-09-15 07:20:00,SA1,,8.97043,1359.6,0,PUBLIC_P5MIN_202609150720_20260915071533.zip
2026-09-15 07:20:00,TAS1,,25.1,1028.65,0,PUBLIC_P5MIN_202609150720_20260915071533.zip
2026-09-15 07:20:00,TAS1,,11.4653,1030.65,0,PUBLIC_P5MIN_202609150720_20260915071533.zip
2026-09-15 07:20:00,TAS1,,10.08,1032.65,0,PUBLIC_P5MIN_202609150720_20260915071533.zip
2026-09-15 07:20:00,TAS1,,31.67813,1033.65,0,PUBLIC_P5MIN_202609150720_20260915071533.zip
2026-09-15 07:20:00,TAS1,,35.04837,1033.65,0,PUBLIC_P5MIN_202609150720_20260915071533.zip
2026-09-15 07:20:00,TAS1,,19.06102,1032.65,0,PUBLIC_P5MIN_202609150720_20260915071533.zip
2026-09-15 07:20:00,TAS1,,10.35487,1030.65,0,PUBLIC_P5MIN_202609150720_20260915071533.zip
2026-09-15 07:20:00,TAS1,,10.519,1027.65,0,PUBLIC_P5MIN_202609150720_20260915071533.zip
2026-09-15 07:20:00,TAS1,,7.98095,1023.65,0,PUBLIC_P5MIN_202609150720_20260915071533.zip
2026-09-15 07:20:00,TAS1,,10.7886,1018.65,0,PUBLIC_P5MIN_202609150720_20260915071533.zip
2026-09-15 07:20:00,TAS1,,10.61971,1012.65,0,PUBLIC_P5MIN_202609150720_20260915071533.zip
2026-09-15 07:20:00,TAS1,,10.06,1006.65,0,PUBLIC_P5MIN_202609150720_20260915071533.zip
2026-09-15 07:20:00,VIC1,,10.65,5570.01,0,PUBLIC_P5MIN_202609150720_20260915071533.zip
2026-09-15 07:20:00,VIC1,,11.51274,5578.01,0,PUBLIC_P5MIN_202609150720_20260915071533.zip
2026-09-15 07:20:00,VIC1,,10.1217,5581.01,0,PUBLIC_P5MIN_202609150720_20260915071533.zip
2026-09-15 07:20:00,VIC1,,32.18,5577.01,0,PUBLIC_P5MIN_202609150720_20260915071533.zip
2026-09-15 07:20:00,VIC1,,32.18,5568.01,0,PUBLIC_P5MIN_202609150720_20260915071533.zip
2026-09-15 07:20:00,VIC1,,18.63684,5556.01,0,PUBLIC_P5MIN_202609150720_20260915071533.zip
2026-09-15 07:20:00,VIC1,,10.12444,5540.01,0,PUBLIC_P5MIN_202609150720_20260915071533.zip
2026-09-15 07:20:00,VIC1,,10.28492,5518.01,0,PUBLIC_P5MIN_202609150720_20260915071533.zip
2026-09-15 07:20:00,VIC1,,7.72935,5490.01,0,PUBLIC_P5MIN_202609150720_20260915071533.zip
2026-09-15 07:20:00,VIC1,,10.44848,5456.01,0,PUBLIC_P5MIN_202609150720_20260915071533.zip
2026-09-15 07:20:00,VIC1,,10.28492,5414.01,0,PUBLIC_P5MIN_202609150720_20260915071533.zip
2026-09-15 07:20:00,VIC1,,8.94,5367.01,0,PUBLIC_P5MIN_202609150720_20260915071533.zip
2026-09-15 07:25:00,NSW1,,11.5,7057.02,0,PUBLIC_P5MIN_202609150725_20260915072035.zip
2026-09-15 07:25:00,NSW1,,11.55402,7011.02,0,PUBLIC_P5MIN_202609150725_20260915072035.zip
2026-09-15 07:25:00,NSW1,,28.41969,6961.02,0,PUBLIC_P5MIN_202609150725_20260915072035.zip
2026-09-15 07:25:00,NSW1,,15.18896,6911.02,0,PUBLIC_P5MIN_202609150725_20260915072035.zip
2026-09-15 07:25:00,NSW1,,12.2881,6855.02,0,PUBLIC_P5MIN_202609150725_20260915072035.zip
2026-09-15 07:25:00,NSW1,,11.5,6794.02,0,PUBLIC_P5MIN_202609150725_20260915072035.zip
2026-09-15 07:25:00,NSW1,,11.08508,6728.02,0,PUBLIC_P5MIN_202609150725_20260915072035.zip
2026-09-15 07:25:00,NSW1,,9.91771,6656.02,0,PUBLIC_P5MIN_202609150725_20260915072035.zip
2026-09-15 07:25:00,NSW1,,11.5,6580.02,0,PUBLIC_P5MIN_202609150725_20260915072035.zip
2026-09-15 07:25:00,NSW1,,11.5,6498.02,0,PUBLIC_P5MIN_202609150725_20260915072035.zip
2026-09-15 07:25:00,NSW1,,8.82353,6416.02,0,PUBLIC_P5MIN_202609150725_20260915072035.zip
2026-09-15 07:25:00,NSW1,,2.12,6335.02,0,PUBLIC_P5MIN_202609150725_20260915072035.zip
2026-09-15 07:25:00,QLD1,,10.81152,5776.77,0,PUBLIC_P5MIN_202609150725_20260915072035.zip
2026-09-15 07:25:00,QLD1,,10.01395,5719.77,0,PUBLIC_P5MIN_202609150725_20260915072035.zip
2026-09-15 07:25:00,QLD1,,24.17915,5659.77,0,PUBLIC_P5MIN_202609150725_20260915072035.zip
2026-09-15 07:25:00,QLD1,,12.9226,5598.77,0,PUBLIC_P5MIN_202609150725_20260915072035.zip
2026-09-15 07:25:00,QLD1,,10.38848,5534.77,0,PUBLIC_P5MIN_202609150725_20260915072035.zip
2026-09-15 07:25:00,QLD1,,9.5997,5464.77,0,PUBLIC_P5MIN_202609150725_20260915072035.zip
2026-09-15 07:25:00,QLD1,,9.19487,5390.77,0,PUBLIC_P5MIN_202609150725_20260915072035.zip
2026-09-15 07:25:00,QLD1,,8.17459,5310.77,0,PUBLIC_P5MIN_202609150725_20260915072035.zip
2026-09-15 07:25:00,QLD1,,9.47878,5230.77,0,PUBLIC_P5MIN_202609150725_20260915072035.zip
2026-09-15 07:25:00,QLD1,,6.85,5150.77,0,PUBLIC_P5MIN_202609150725_20260915072035.zip
2026-09-15 07:25:00,QLD1,,5.3,5070.77,0,PUBLIC_P5MIN_202609150725_20260915072035.zip
2026-09-15 07:25:00,QLD1,,1.7585,4991.77,0,PUBLIC_P5MIN_202609150725_20260915072035.zip
2026-09-15 07:25:00,SA1,,10.29043,1456.06,0,PUBLIC_P5MIN_202609150725_20260915072035.zip
2026-09-15 07:25:00,SA1,,9.77826,1455.06,0,PUBLIC_P5MIN_202609150725_20260915072035.zip
2026-09-15 07:25:00,SA1,,24.7161,1452.06,0,PUBLIC_P5MIN_202609150725_20260915072035.zip
2026-09-15 07:25:00,SA1,,12.76249,1446.06,0,PUBLIC_P5MIN_202609150725_20260915072035.zip
2026-09-15 07:25:00,SA1,,10.72793,1439.06,0,PUBLIC_P5MIN_202609150725_20260915072035.zip
2026-09-15 07:25:00,SA1,,10.39976,1430.06,0,PUBLIC_P5MIN_202609150725_20260915072035.zip
2026-09-15 07:25:00,SA1,,10.06366,1420.06,0,PUBLIC_P5MIN_202609150725_20260915072035.zip
2026-09-15 07:25:00,SA1,,9.1468,1409.06,0,PUBLIC_P5MIN_202609150725_20260915072035.zip
2026-09-15 07:25:00,SA1,,10.56487,1397.06,0,PUBLIC_P5MIN_202609150725_20260915072035.zip
2026-09-15 07:25:00,SA1,,10.31908,1382.06,0,PUBLIC_P5MIN_202609150725_20260915072035.zip
2026-09-15 07:25:00,SA1,,7.98,1365.06,0,PUBLIC_P5MIN_202609150725_20260915072035.zip
2026-09-15 07:25:00,SA1,,1.90972,1345.06,0,PUBLIC_P5MIN_202609150725_20260915072035.zip
2026-09-15 07:25:00,TAS1,,10.3507,1029.34,0,PUBLIC_P5MIN_202609150725_20260915072035.zip
2026-09-15 07:25:00,TAS1,,10.08,1030.34,0,PUBLIC_P5MIN_202609150725_20260915072035.zip
2026-09-15 07:25:00,TAS1,,25.08,1030.34,0,PUBLIC_P5MIN_202609150725_20260915072035.zip
2026-09-15 07:25:00,TAS1,,13.25497,1030.34,0,PUBLIC_P5MIN_202609150725_20260915072035.zip
2026-09-15 07:25:00,TAS1,,10.89239,1029.34,0,PUBLIC_P5MIN_202609150725_20260915072035.zip
2026-09-15 07:25:00,TAS1,,10.43655,1027.34,0,PUBLIC_P5MIN_202609150725_20260915072035.zip
2026-09-15 07:25:00,TAS1,,10.06,1024.34,0,PUBLIC_P5MIN_202609150725_20260915072035.zip
2026-09-15 07:25:00,TAS1,,9.23101,1020.34,0,PUBLIC_P5MIN_202609150725_20260915072035.zip
2026-09-15 07:25:00,TAS1,,10.70375,1015.34,0,PUBLIC_P5MIN_202609150725_20260915072035.zip
2026-09-15 07:25:00,TAS1,,10.50316,1009.34,0,PUBLIC_P5MIN_202609150725_20260915072035.zip
2026-09-15 07:25:00,TAS1,,10.06,1003.34,0,PUBLIC_P5MIN_202609150725_20260915072035.zip
2026-09-15 07:25:00,TAS1,,10.04,996.34,0,PUBLIC_P5MIN_202609150725_20260915072035.zip
2026-09-15 07:25:00,VIC1,,10.49158,5580.74,0,PUBLIC_P5MIN_202609150725_20260915072035.zip
2026-09-15 07:25:00,VIC1,,10.09251,5581.74,0,PUBLIC_P5MIN_202609150725_20260915072035.zip
2026-09-15 07:25:00,VIC1,,24.8248,5575.74,0,PUBLIC_P5MIN_202609150725_20260915072035.zip
2026-09-15 07:25:00,VIC1,,12.96,5564.74,0,PUBLIC_P5MIN_202609150725_20260915072035.zip
2026-09-15 07:25:00,VIC1,,10.65,5551.74,0,PUBLIC_P5MIN_202609150725_20260915072035.zip
2026-09-15 07:25:00,VIC1,,10.2043,5534.74,0,PUBLIC_P5MIN_202609150725_20260915072035.zip
2026-09-15 07:25:00,VIC1,,9.83613,5511.74,0,PUBLIC_P5MIN_202609150725_20260915072035.zip
2026-09-15 07:25:00,VIC1,,8.94,5483.74,0,PUBLIC_P5MIN_202609150725_20260915072035.zip
2026-09-15 07:25:00,VIC1,,10.36631,5449.74,0,PUBLIC_P5MIN_202609150725_20260915072035.zip
2026-09-15 07:25:00,VIC1,,10.2043,5407.74,0,PUBLIC_P5MIN_202609150725_20260915072035.zip
2026-09-15 07:25:00,VIC1,,7.89124,5362.74,0,PUBLIC_P5MIN_202609150725_20260915072035.zip
2026-09-15 07:25:00,VIC1,,1.88114,5312.74,0,PUBLIC_P5MIN_202609150725_20260915072035.zip
2026-09-15 07:30:00,NSW1,,11.1684,7033.92,0,PUBLIC_P5MIN_202609150730_20260915072535.zip
2026-09-15 07:30:00,NSW1,,12.38458,6982.92,0,PUBLIC_P5MIN_202609150730_20260915072535.zip
2026-09-15 07:30:00,NSW1,,12.48167,6931.92,0,PUBLIC_P5MIN_202609150730_20260915072535.zip
2026-09-15 07:30:00,NSW1,,12.2881,6875.92,0,PUBLIC_P5MIN_202609150730_20260915072535.zip
2026-09-15 07:30:00,NSW1,,11.5,6813.92,0,PUBLIC_P5MIN_202609150730_20260915072535.zip
2026-09-15 07:30:00,NSW1,,10.07516,6746.92,0,PUBLIC_P5MIN_202609150730_20260915072535.zip
2026-09-15 07:30:00,NSW1,,8.63166,6674.92,0,PUBLIC_P5MIN_202609150730_20260915072535.zip
2026-09-15 07:30:00,NSW1,,11.5,6598.92,0,PUBLIC_P5MIN_202609150730_20260915072535.zip
2026-09-15 07:30:00,NSW1,,10.07516,6516.92,0,PUBLIC_P5MIN_202609150730_20260915072535.zip
2026-09-15 07:30:00,NSW1,,2.12,6435.92,0,PUBLIC_P5MIN_202609150730_20260915072535.zip
2026-09-15 07:30:00,NSW1,,1.80673,6355.92,0,PUBLIC_P5MIN_202609150730_20260915072535.zip
2026-09-15 07:30:00,NSW1,,0.01163,6274.92,0,PUBLIC_P5MIN_202609150730_20260915072535.zip
2026-09-15 07:30:00,QLD1,,10.55708,5716.61,0,PUBLIC_P5MIN_202609150730_20260915072535.zip
2026-09-15 07:30:00,QLD1,,10.73918,5651.61,0,PUBLIC_P5MIN_202609150730_20260915072535.zip
2026-09-15 07:30:00,QLD1,,10.61926,5585.61,0,PUBLIC_P5MIN_202609150730_20260915072535.zip
2026-09-15 07:30:00,QLD1,,10.45458,5516.61,0,PUBLIC_P5MIN_202609150730_20260915072535.zip
2026-09-15 07:30:00,QLD1,,9.64116,5442.61,0,PUBLIC_P5MIN_202609150730_20260915072535.zip
2026-09-15 07:30:00,QLD1,,8.35716,5365.61,0,PUBLIC_P5MIN_202609150730_20260915072535.zip
2026-09-15 07:30:00,QLD1,,7.11457,5282.61,0,PUBLIC_P5MIN_202609150730_20260915072535.zip
2026-09-15 07:30:00,QLD1,,9.47878,5200.61,0,PUBLIC_P5MIN_202609150730_20260915072535.zip
2026-09-15 07:30:00,QLD1,,6.85,5119.61,0,PUBLIC_P5MIN_202609150730_20260915072535.zip
2026-09-15 07:30:00,QLD1,,1.76968,5039.61,0,PUBLIC_P5MIN_202609150730_20260915072535.zip
2026-09-15 07:30:00,QLD1,,1.49865,4961.61,0,PUBLIC_P5MIN_202609150730_20260915072535.zip
2026-09-15 07:30:00,QLD1,,0.00971,4881.61,0,PUBLIC_P5MIN_202609150730_20260915072535.zip
2026-09-15 07:30:00,SA1,,10.03938,1450.9,0,PUBLIC_P5MIN_202609150730_20260915072535.zip
2026-09-15 07:30:00,SA1,,10.48027,1448.9,0,PUBLIC_P5MIN_202609150730_20260915072535.zip
2026-09-15 07:30:00,SA1,,10.43956,1443.9,0,PUBLIC_P5MIN_202609150730_20260915072535.zip
2026-09-15 07:30:00,SA1,,10.76979,1436.9,0,PUBLIC_P5MIN_202609150730_20260915072535.zip
2026-09-15 07:30:00,SA1,,10.19795,1428.9,0,PUBLIC_P5MIN_202609150730_20260915072535.zip
2026-09-15 07:30:00,SA1,,9.11124,1418.9,0,PUBLIC_P5MIN_202609150730_20260915072535.zip
2026-09-15 07:30:00,SA1,,7.96,1407.9,0,PUBLIC_P5MIN_202609150730_20260915072535.zip
2026-09-15 07:30:00,SA1,,10.35934,1395.9,0,PUBLIC_P5MIN_202609150730_20260915072535.zip
2026-09-15 07:30:00,SA1,,9.00542,1379.9,0,PUBLIC_P5MIN_202609150730_20260915072535.zip
2026-09-15 07:30:00,SA1,,1.90972,1361.9,0,PUBLIC_P5MIN_202609150730_20260915072535.zip
2026-09-15 07:30:00,SA1,,1.58974,1341.9,0,PUBLIC_P5MIN_202609150730_20260915072535.zip
2026-09-15 07:30:00,SA1,,0.01026,1319.9,0,PUBLIC_P5MIN_202609150730_20260915072535.zip
2026-09-15 07:30:00,TAS1,,10.08,1023.3,0,PUBLIC_P5MIN_202609150730_20260915072535.zip
2026-09-15 07:30:00,TAS1,,10.85763,1023.3,0,PUBLIC_P5MIN_202609150730_20260915072535.zip
2026-09-15 07:30:00,TAS1,,10.89239,1023.3,0,PUBLIC_P5MIN_202609150730_20260915072535.zip
2026-09-15 07:30:00,TAS1,,10.89239,1022.3,0,PUBLIC_P5MIN_202609150730_20260915072535.zip
2026-09-15 07:30:00,TAS1,,10.24118,1020.3,0,PUBLIC_P5MIN_202609150730_20260915072535.zip
2026-09-15 07:30:00,TAS1,,9.23101,1017.3,0,PUBLIC_P5MIN_202609150730_20260915072535.zip
2026-09-15 07:30:00,TAS1,,7.97094,1013.3,0,PUBLIC_P5MIN_202609150730_20260915072535.zip
2026-09-15 07:30:00,TAS1,,10.50316,1008.3,0,PUBLIC_P5MIN_202609150730_20260915072535.zip
2026-09-15 07:30:00,TAS1,,10.06,1003.3,0,PUBLIC_P5MIN_202609150730_20260915072535.zip
2026-09-15 07:30:00,TAS1,,10.06,997.3,0,PUBLIC_P5MIN_202609150730_20260915072535.zip
2026-09-15 07:30:00,TAS1,,10.04,990.3,0,PUBLIC_P5MIN_202609150730_20260915072535.zip
2026-09-15 07:30:00,TAS1,,10.04,983.3,0,PUBLIC_P5MIN_202609150730_20260915072535.zip
2026-09-15 07:30:00,VIC1,,10.18657,5512.69,0,PUBLIC_P5MIN_202609150730_20260915072535.zip
2026-09-15 07:30:00,VIC1,,10.65,5503.69,0,PUBLIC_P5MIN_202609150730_20260915072535.zip
2026-09-15 07:30:00,VIC1,,10.65,5490.69,0,PUBLIC_P5MIN_202609150730_20260915072535.zip
2026-09-15 07:30:00,VIC1,,10.65,5475.69,0,PUBLIC_P5MIN_202609150730_20260915072535.zip
2026-09-15 07:30:00,VIC1,,10.04533,5456.69,0,PUBLIC_P5MIN_202609150730_20260915072535.zip
2026-09-15 07:30:00,VIC1,,8.94,5432.69,0,PUBLIC_P5MIN_202609150730_20260915072535.zip
2026-09-15 07:30:00,VIC1,,7.71965,5403.69,0,PUBLIC_P5MIN_202609150730_20260915072535.zip
2026-09-15 07:30:00,VIC1,,10.2043,5368.69,0,PUBLIC_P5MIN_202609150730_20260915072535.zip
2026-09-15 07:30:00,VIC1,,8.94,5326.69,0,PUBLIC_P5MIN_202609150730_20260915072535.zip
2026-09-15 07:30:00,VIC1,,1.88114,5281.69,0,PUBLIC_P5MIN_202609150730_20260915072535.zip
2026-09-15 07:30:00,VIC1,,1.57819,5232.69,0,PUBLIC_P5MIN_202609150730_20260915072535.zip
2026-09-15 07:30:00,VIC1,,0.01024,5179.69,0,PUBLIC_P5MIN_202609150730_20260915072535.zip
2026-09-15 07:35:00,NSW1,,26.73184,6987.77,0,PUBLIC_P5MIN_202609150735_20260915073034.zip
2026-09-15 07:35:00,NSW1,,25.1,6935.77,0,PUBLIC_P5MIN_202609150735_20260915073034.zip
2026-09-15 07:35:00,NSW1,,11.92658,6878.77,0,PUBLIC_P5MIN_202609150735_20260915073034.zip
2026-09-15 07:35:00,NSW1,,10.15463,6816.77,0,PUBLIC_P5MIN_202609150735_20260915073034.zip
2026-09-15 07:35:00,NSW1,,9.91771,6749.77,0,PUBLIC_P5MIN_202609150735_20260915073034.zip
2026-09-15 07:35:00,NSW1,,7.84033,6677.77,0,PUBLIC_P5MIN_202609150735_20260915073034.zip
2026-09-15 07:35:00,NSW1,,11.5,6601.77,0,PUBLIC_P5MIN_202609150735_20260915073034.zip
2026-09-15 07:35:00,NSW1,,11.5,6519.77,0,PUBLIC_P5MIN_202609150735_20260915073034.zip
2026-09-15 07:35:00,NSW1,,10.15463,6438.77,0,PUBLIC_P5MIN_202609150735_20260915073034.zip
2026-09-15 07:35:00,NSW1,,2.12,6358.77,0,PUBLIC_P5MIN_202609150735_20260915073034.zip
2026-09-15 07:35:00,NSW1,,0.01172,6278.77,0,PUBLIC_P5MIN_202609150735_20260915073034.zip
2026-09-15 07:35:00,NSW1,,0.01136,6198.77,0,PUBLIC_P5MIN_202609150735_20260915073034.zip
2026-09-15 07:35:00,QLD1,,25.43027,5723.82,0,PUBLIC_P5MIN_202609150735_20260915073034.zip
2026-09-15 07:35:00,QLD1,,21.62752,5658.82,0,PUBLIC_P5MIN_202609150735_20260915073034.zip
2026-09-15 07:35:00,QLD1,,10.147,5591.82,0,PUBLIC_P5MIN_202609150735_20260915073034.zip
2026-09-15 07:35:00,QLD1,,8.58482,5518.82,0,PUBLIC_P5MIN_202609150735_20260915073034.zip
2026-09-15 07:35:00,QLD1,,8.33152,5442.82,0,PUBLIC_P5MIN_202609150735_20260915073034.zip
2026-09-15 07:35:00,QLD1,,6.58639,5360.82,0,PUBLIC_P5MIN_202609150735_20260915073034.zip
2026-09-15 07:35:00,QLD1,,9.66075,5278.82,0,PUBLIC_P5MIN_202609150735_20260915073034.zip
2026-09-15 07:35:00,QLD1,,9.53904,5197.82,0,PUBLIC_P5MIN_202609150735_20260915073034.zip
2026-09-15 07:35:00,QLD1,,6.85,5117.82,0,PUBLIC_P5MIN_202609150735_20260915073034.zip
2026-09-15 07:35:00,QLD1,,1.77733,5039.82,0,PUBLIC_P5MIN_202609150735_20260915073034.zip
2026-09-15 07:35:00,QLD1,,0.00991,4959.82,0,PUBLIC_P5MIN_202609150735_20260915073034.zip
2026-09-15 07:35:00,QLD1,,0.00952,4881.82,0,PUBLIC_P5MIN_202609150735_20260915073034.zip
2026-09-15 07:35:00,SA1,,23.98451,1424.0,0,PUBLIC_P5MIN_202609150735_20260915073034.zip
2026-09-15 07:35:00,SA1,,21.07583,1419.0,0,PUBLIC_P5MIN_202609150735_20260915073034.zip
2026-09-15 07:35:00,SA1,,10.37296,1413.0,0,PUBLIC_P5MIN_202609150735_20260915073034.zip
2026-09-15 07:35:00,SA1,,8.69541,1405.0,0,PUBLIC_P5MIN_202609150735_20260915073034.zip
2026-09-15 07:35:00,SA1,,8.90085,1396.0,0,PUBLIC_P5MIN_202609150735_20260915073034.zip
2026-09-15 07:35:00,SA1,,7.26076,1386.0,0,PUBLIC_P5MIN_202609150735_20260915073034.zip
2026-09-15 07:35:00,SA1,,10.23988,1375.0,0,PUBLIC_P5MIN_202609150735_20260915073034.zip
2026-09-15 07:35:00,SA1,,10.00194,1360.0,0,PUBLIC_P5MIN_202609150735_20260915073034.zip
2026-09-15 07:35:00,SA1,,8.79752,1343.0,0,PUBLIC_P5MIN_202609150735_20260915073034.zip
2026-09-15 07:35:00,SA1,,1.85103,1323.0,0,PUBLIC_P5MIN_202609150735_20260915073034.zip
2026-09-15 07:35:00,SA1,,0.01008,1301.0,0,PUBLIC_P5MIN_202609150735_20260915073034.zip
2026-09-15 07:35:00,SA1,,0.01,1278.0,0,PUBLIC_P5MIN_202609150735_20260915073034.zip
2026-09-15 07:35:00,TAS1,,25.08,1019.79,0,PUBLIC_P5MIN_202609150735_20260915073034.zip
2026-09-15 07:35:00,TAS1,,22.07577,1018.79,0,PUBLIC_P5MIN_202609150735_20260915073034.zip
2026-09-15 07:35:00,TAS1,,10.73898,1016.79,0,PUBLIC_P5MIN_202609150735_20260915073034.zip
2026-09-15 07:35:00,TAS1,,9.23101,1013.79,0,PUBLIC_P5MIN_202609150735_20260915073034.zip
2026-09-15 07:35:00,TAS1,,9.23101,1010.79,0,PUBLIC_P5MIN_202609150735_20260915073034.zip
2026-09-15 07:35:00,TAS1,,7.41372,1006.79,0,PUBLIC_P5MIN_202609150735_20260915073034.zip
2026-09-15 07:35:00,TAS1,,10.58614,1001.79,0,PUBLIC_P5MIN_202609150735_20260915073034.zip
2026-09-15 07:35:00,TAS1,,10.42097,995.79,0,PUBLIC_P5MIN_202609150735_20260915073034.zip
2026-09-15 07:35:00,TAS1,,10.06,989.79,0,PUBLIC_P5MIN_202609150735_20260915073034.zip
2026-09-15 07:35:00,TAS1,,10.06,982.79,0,PUBLIC_P5MIN_202609150735_20260915073034.zip
2026-09-15 07:35:00,TAS1,,10.04,975.79,0,PUBLIC_P5MIN_202609150735_20260915073034.zip
2026-09-15 07:35:00,TAS1,,10.04,968.79,0,PUBLIC_P5MIN_202609150735_20260915073034.zip
2026-09-15 07:35:00,VIC1,,24.75572,5550.09,0,PUBLIC_P5MIN_202609150735_20260915073034.zip
2026-09-15 07:35:00,VIC1,,21.58451,5536.09,0,PUBLIC_P5MIN_202609150735_20260915073034.zip
2026-09-15 07:35:00,VIC1,,10.5,5520.09,0,PUBLIC_P5MIN_202609150735_20260915073034.zip
2026-09-15 07:35:00,VIC1,,8.94,5500.09,0,PUBLIC_P5MIN_202609150735_20260915073034.zip
2026-09-15 07:35:00,VIC1,,8.94,5476.09,0,PUBLIC_P5MIN_202609150735_20260915073034.zip
2026-09-15 07:35:00,VIC1,,7.18,5447.09,0,PUBLIC_P5MIN_202609150735_20260915073034.zip
2026-09-15 07:35:00,VIC1,,10.28492,5412.09,0,PUBLIC_P5MIN_202609150735_20260915073034.zip
2026-09-15 07:35:00,VIC1,,10.12444,5370.09,0,PUBLIC_P5MIN_202609150735_20260915073034.zip
2026-09-15 07:35:00,VIC1,,8.94,5325.09,0,PUBLIC_P5MIN_202609150735_20260915073034.zip
2026-09-15 07:35:00,VIC1,,1.86642,5276.09,0,PUBLIC_P5MIN_202609150735_20260915073034.zip
2026-09-15 07:35:00,VIC1,,0.01024,5223.09,0,PUBLIC_P5MIN_202609150735_20260915073034.zip
2026-09-15 07:35:00,VIC1,,0.01024,5168.09,0,PUBLIC_P5MIN_202609150735_20260915073034.zip
2026-09-15 07:40:00,NSW1,,26.23855,6920.11,0,PUBLIC_P5MIN_202609150740_20260915073534.zip
2026-09-15 07:40:00,NSW1,,24.99,6863.11,0,PUBLIC_P5MIN_202609150740_20260915073534.zip
2026-09-15 07:40:00,NSW1,,11.5,6801.11,0,PUBLIC_P5MIN_202609150740_20260915073534.zip
2026-09-15 07:40:00,NSW1,,9.7622,6734.11,0,PUBLIC_P5MIN_202609150740_20260915073534.zip
2026-09-15 07:40:00,NSW1,,8.39316,6662.11,0,PUBLIC_P5MIN_202609150740_20260915073534.zip
2026-09-15 07:40:00,NSW1,,11.5,6586.11,0,PUBLIC_P5MIN_202609150740_20260915073534.zip
2026-09-15 07:40:00,NSW1,,10.62262,6504.11,0,PUBLIC_P5MIN_202609150740_20260915073534.zip
2026-09-15 07:40:00,NSW1,,11.5,6423.11,0,PUBLIC_P5MIN_202609150740_20260915073534.zip
2026-09-15 07:40:00,NSW1,,8.79962,6343.11,0,PUBLIC_P5MIN_202609150740_20260915073534.zip
2026-09-15 07:40:00,NSW1,,2.12,6263.11,0,PUBLIC_P5MIN_202609150740_20260915073534.zip
2026-09-15 07:40:00,NSW1,,0.01127,6184.11,0,PUBLIC_P5MIN_202609150740_20260915073534.zip
2026-09-15 07:40:00,NSW1,,0.01163,6107.11,0,PUBLIC_P5MIN_202609150740_20260915073534.zip
2026-09-15 07:40:00,QLD1,,24.14131,5616.68,0,PUBLIC_P5MIN_202609150740_20260915073534.zip
2026-09-15 07:40:00,QLD1,,21.39652,5550.68,0,PUBLIC_P5MIN_202609150740_20260915073534.zip
2026-09-15 07:40:00,QLD1,,9.72221,5479.68,0,PUBLIC_P5MIN_202609150740_20260915073534.zip
2026-09-15 07:40:00,QLD1,,8.20089,5404.68,0,PUBLIC_P5MIN_202609150740_20260915073534.zip
2026-09-15 07:40:00,QLD1,,6.96197,5324.68,0,PUBLIC_P5MIN_202609150740_20260915073534.zip
2026-09-15 07:40:00,QLD1,,9.5997,5243.68,0,PUBLIC_P5MIN_202609150740_20260915073534.zip
2026-09-15 07:40:00,QLD1,,6.85,5163.68,0,PUBLIC_P5MIN_202609150740_20260915073534.zip
2026-09-15 07:40:00,QLD1,,5.3,5084.68,0,PUBLIC_P5MIN_202609150740_20260915073534.zip
2026-09-15 07:40:00,QLD1,,2.0,5006.68,0,PUBLIC_P5MIN_202609150740_20260915073534.zip
2026-09-15 07:40:00,QLD1,,0.41113,4926.68,0,PUBLIC_P5MIN_202609150740_20260915073534.zip
2026-09-15 07:40:00,QLD1,,0.00935,4848.68,0,PUBLIC_P5MIN_202609150740_20260915073534.zip
2026-09-15 07:40:00,QLD1,,0.00774,4773.68,0,PUBLIC_P5MIN_202609150740_20260915073534.zip
2026-09-15 07:40:00,SA1,,24.1753,1432.77,0,PUBLIC_P5MIN_202609150740_20260915073534.zip
2026-09-15 07:40:00,SA1,,22.16341,1425.77,0,PUBLIC_P5MIN_202609150740_20260915073534.zip
2026-09-15 07:40:00,SA1,,10.2001,1417.77,0,PUBLIC_P5MIN_202609150740_20260915073534.zip
2026-09-15 07:40:00,SA1,,8.86627,1407.77,0,PUBLIC_P5MIN_202609150740_20260915073534.zip
2026-09-15 07:40:00,SA1,,7.96,1396.77,0,PUBLIC_P5MIN_202609150740_20260915073534.zip
2026-09-15 07:40:00,SA1,,10.4433,1384.77,0,PUBLIC_P5MIN_202609150740_20260915073534.zip
2026-09-15 07:40:00,SA1,,9.57173,1369.77,0,PUBLIC_P5MIN_202609150740_20260915073534.zip
2026-09-15 07:40:00,SA1,,10.16048,1352.77,0,PUBLIC_P5MIN_202609150740_20260915073534.zip
2026-09-15 07:40:00,SA1,,7.96,1332.77,0,PUBLIC_P5MIN_202609150740_20260915073534.zip
2026-09-15 07:40:00,SA1,,1.87306,1311.77,0,PUBLIC_P5MIN_202609150740_20260915073534.zip
2026-09-15 07:40:00,SA1,,0.01008,1289.77,0,PUBLIC_P5MIN_202609150740_20260915073534.zip
2026-09-15 07:40:00,SA1,,0.01,1265.77,0,PUBLIC_P5MIN_202609150740_20260915073534.zip
2026-09-15 07:40:00,TAS1,,25.08,1048.25,0,PUBLIC_P5MIN_202609150740_20260915073534.zip
2026-09-15 07:40:00,TAS1,,22.82383,1046.25,0,PUBLIC_P5MIN_202609150740_20260915073534.zip
2026-09-15 07:40:00,TAS1,,10.58614,1043.25,0,PUBLIC_P5MIN_202609150740_20260915073534.zip
2026-09-15 07:40:00,TAS1,,9.28938,1039.25,0,PUBLIC_P5MIN_202609150740_20260915073534.zip
2026-09-15 07:40:00,TAS1,,8.17908,1035.25,0,PUBLIC_P5MIN_202609150740_20260915073534.zip
2026-09-15 07:40:00,TAS1,,10.8568,1030.25,0,PUBLIC_P5MIN_202609150740_20260915073534.zip
2026-09-15 07:40:00,TAS1,,10.06,1024.25,0,PUBLIC_P5MIN_202609150740_20260915073534.zip
2026-09-15 07:40:00,TAS1,,10.65328,1018.25,0,PUBLIC_P5MIN_202609150740_20260915073534.zip
2026-09-15 07:40:00,TAS1,,10.04,1011.25,0,PUBLIC_P5MIN_202609150740_20260915073534.zip
2026-09-15 07:40:00,TAS1,,1.98248,1004.25,0,PUBLIC_P5MIN_202609150740_20260915073534.zip
2026-09-15 07:40:00,TAS1,,0.01067,997.25,0,PUBLIC_P5MIN_202609150740_20260915073534.zip
2026-09-15 07:40:00,TAS1,,43.14,990.25,0,PUBLIC_P5MIN_202609150740_20260915073534.zip
2026-09-15 07:40:00,VIC1,,24.67387,5536.24,0,PUBLIC_P5MIN_202609150740_20260915073534.zip
2026-09-15 07:40:00,VIC1,,22.17439,5518.24,0,PUBLIC_P5MIN_202609150740_20260915073534.zip
2026-09-15 07:40:00,VIC1,,10.28492,5496.24,0,PUBLIC_P5MIN_202609150740_20260915073534.zip
2026-09-15 07:40:00,VIC1,,8.94,5469.24,0,PUBLIC_P5MIN_202609150740_20260915073534.zip
2026-09-15 07:40:00,VIC1,,7.87146,5438.24,0,PUBLIC_P5MIN_202609150740_20260915073534.zip
2026-09-15 07:40:00,VIC1,,10.44848,5402.24,0,PUBLIC_P5MIN_202609150740_20260915073534.zip
2026-09-15 07:40:00,VIC1,,9.65132,5359.24,0,PUBLIC_P5MIN_202609150740_20260915073534.zip
2026-09-15 07:40:00,VIC1,,10.28492,5314.24,0,PUBLIC_P5MIN_202609150740_20260915073534.zip
2026-09-15 07:40:00,VIC1,,7.99501,5266.24,0,PUBLIC_P5MIN_202609150740_20260915073534.zip
2026-09-15 07:40:00,VIC1,,1.896,5214.24,0,PUBLIC_P5MIN_202609150740_20260915073534.zip
2026-09-15 07:40:00,VIC1,,0.01024,5161.24,0,PUBLIC_P5MIN_202609150740_20260915073534.zip
2026-09-15 07:40:00,VIC1,,0.01024,5105.24,0,PUBLIC_P5MIN_202609150740_20260915073534.zip
2026-09-15 07:45:00,NSW1,,11.07266,6828.74,0,PUBLIC_P5MIN_202609150745_20260915074045.zip
2026-09-15 07:45:00,NSW1,,11.5,6765.74,0,PUBLIC_P5MIN_202609150745_20260915074045.zip
2026-09-15 07:45:00,NSW1,,8.64943,6697.74,0,PUBLIC_P5MIN_202609150745_20260915074045.zip
2026-09-15 07:45:00,NSW1,,2.12,6625.74,0,PUBLIC_P5MIN_202609150745_20260915074045.zip
2026-09-15 07:45:00,NSW1,,10.65599,6548.74,0,PUBLIC_P5MIN_202609150745_20260915074045.zip
2026-09-15 07:45:00,NSW1,,11.5,6466.74,0,PUBLIC_P5MIN_202609150745_20260915074045.zip
2026-09-15 07:45:00,NSW1,,8.86839,6385.74,0,PUBLIC_P5MIN_202609150745_20260915074045.zip
2026-09-15 07:45:00,NSW1,,2.12,6305.74,0,PUBLIC_P5MIN_202609150745_20260915074045.zip
2026-09-15 07:45:00,NSW1,,2.12,6225.74,0,PUBLIC_P5MIN_202609150745_20260915074045.zip
2026-09-15 07:45:00,NSW1,,0.01118,6146.74,0,PUBLIC_P5MIN_202609150745_20260915074045.zip
2026-09-15 07:45:00,NSW1,,0.0,6069.74,0,PUBLIC_P5MIN_202609150745_20260915074045.zip
2026-09-15 07:45:00,NSW1,,-1.1553,5993.74,0,PUBLIC_P5MIN_202609150745_20260915074045.zip
2026-09-15 07:45:00,QLD1,,9.8477,5440.68,0,PUBLIC_P5MIN_202609150745_20260915074045.zip
2026-09-15 07:45:00,QLD1,,9.47878,5366.68,0,PUBLIC_P5MIN_202609150745_20260915074045.zip
2026-09-15 07:45:00,QLD1,,7.03945,5289.68,0,PUBLIC_P5MIN_202609150745_20260915074045.zip
2026-09-15 07:45:00,QLD1,,1.74739,5207.68,0,PUBLIC_P5MIN_202609150745_20260915074045.zip
2026-09-15 07:45:00,QLD1,,6.85,5125.68,0,PUBLIC_P5MIN_202609150745_20260915074045.zip
2026-09-15 07:45:00,QLD1,,2.0,5043.68,0,PUBLIC_P5MIN_202609150745_20260915074045.zip
2026-09-15 07:45:00,QLD1,,0.68344,4963.68,0,PUBLIC_P5MIN_202609150745_20260915074045.zip
2026-09-15 07:45:00,QLD1,,0.01,4885.68,0,PUBLIC_P5MIN_202609150745_20260915074045.zip
2026-09-15 07:45:00,QLD1,,0.00047,4805.68,0,PUBLIC_P5MIN_202609150745_20260915074045.zip
2026-09-15 07:45:00,QLD1,,0.0,4728.68,0,PUBLIC_P5MIN_202609150745_20260915074045.zip
2026-09-15 07:45:00,QLD1,,0.0,4654.68,0,PUBLIC_P5MIN_202609150745_20260915074045.zip
2026-09-15 07:45:00,QLD1,,-0.92842,4580.68,0,PUBLIC_P5MIN_202609150745_20260915074045.zip
2026-09-15 07:45:00,SA1,,10.83531,1403.93,0,PUBLIC_P5MIN_202609150745_20260915074045.zip
2026-09-15 07:45:00,SA1,,10.4639,1393.93,0,PUBLIC_P5MIN_202609150745_20260915074045.zip
2026-09-15 07:45:00,SA1,,7.98,1382.93,0,PUBLIC_P5MIN_202609150745_20260915074045.zip
2026-09-15 07:45:00,SA1,,1.91796,1370.93,0,PUBLIC_P5MIN_202609150745_20260915074045.zip
2026-09-15 07:45:00,SA1,,9.6018,1357.93,0,PUBLIC_P5MIN_202609150745_20260915074045.zip
2026-09-15 07:45:00,SA1,,10.12817,1341.93,0,PUBLIC_P5MIN_202609150745_20260915074045.zip
2026-09-15 07:45:00,SA1,,7.96,1323.93,0,PUBLIC_P5MIN_202609150745_20260915074045.zip
2026-09-15 07:45:00,SA1,,1.88788,1303.93,0,PUBLIC_P5MIN_202609150745_20260915074045.zip
2026-09-15 07:45:00,SA1,,1.85116,1282.93,0,PUBLIC_P5MIN_202609150745_20260915074045.zip
2026-09-15 07:45:00,SA1,,0.01,1260.93,0,PUBLIC_P5MIN_202609150745_20260915074045.zip
2026-09-15 07:45:00,SA1,,0.0,1237.93,0,PUBLIC_P5MIN_202609150745_20260915074045.zip
2026-09-15 07:45:00,SA1,,-1.09995,1212.93,0,PUBLIC_P5MIN_202609150745_20260915074045.zip
2026-09-15 07:45:00,TAS1,,10.85999,1035.03,0,PUBLIC_P5MIN_202609150745_20260915074045.zip
2026-09-15 07:45:00,TAS1,,10.72039,1032.03,0,PUBLIC_P5MIN_202609150745_20260915074045.zip
2026-09-15 07:45:00,TAS1,,8.26991,1028.03,0,PUBLIC_P5MIN_202609150745_20260915074045.zip
2026-09-15 07:45:00,TAS1,,2.01098,1024.03,0,PUBLIC_P5MIN_202609150745_20260915074045.zip
2026-09-15 07:45:00,TAS1,,10.06,1019.03,0,PUBLIC_P5MIN_202609150745_20260915074045.zip
2026-09-15 07:45:00,TAS1,,10.65328,1013.03,0,PUBLIC_P5MIN_202609150745_20260915074045.zip
2026-09-15 07:45:00,TAS1,,8.42498,1007.03,0,PUBLIC_P5MIN_202609150745_20260915074045.zip
2026-09-15 07:45:00,TAS1,,1.99193,1000.03,0,PUBLIC_P5MIN_202609150745_20260915074045.zip
2026-09-15 07:45:00,TAS1,,1.9608,993.03,0,PUBLIC_P5MIN_202609150745_20260915074045.zip
2026-09-15 07:45:00,TAS1,,0.01064,986.03,0,PUBLIC_P5MIN_202609150745_20260915074045.zip
2026-09-15 07:45:00,TAS1,,13.14,978.03,0,PUBLIC_P5MIN_202609150745_20260915074045.zip
2026-09-15 07:45:00,TAS1,,88.22,970.03,0,PUBLIC_P5MIN_202609150745_20260915074045.zip
2026-09-15 07:45:00,VIC1,,10.65,5518.13,0,PUBLIC_P5MIN_202609150745_20260915074045.zip
2026-09-15 07:45:00,VIC1,,10.44848,5494.13,0,PUBLIC_P5MIN_202609150745_20260915074045.zip
2026-09-15 07:45:00,VIC1,,7.98396,5465.13,0,PUBLIC_P5MIN_202609150745_20260915074045.zip
2026-09-15 07:45:00,VIC1,,1.94145,5432.13,0,PUBLIC_P5MIN_202609150745_20260915074045.zip
2026-09-15 07:45:00,VIC1,,9.68164,5394.13,0,PUBLIC_P5MIN_202609150745_20260915074045.zip
2026-09-15 07:45:00,VIC1,,10.28492,5350.13,0,PUBLIC_P5MIN_202609150745_20260915074045.zip
2026-09-15 07:45:00,VIC1,,8.05749,5304.13,0,PUBLIC_P5MIN_202609150745_20260915074045.zip
2026-09-15 07:45:00,VIC1,,1.91101,5255.13,0,PUBLIC_P5MIN_202609150745_20260915074045.zip
2026-09-15 07:45:00,VIC1,,1.88114,5203.13,0,PUBLIC_P5MIN_202609150745_20260915074045.zip
2026-09-15 07:45:00,VIC1,,0.01024,5150.13,0,PUBLIC_P5MIN_202609150745_20260915074045.zip
2026-09-15 07:45:00,VIC1,,0.0,5094.13,0,PUBLIC_P5MIN_202609150745_20260915074045.zip
2026-09-15 07:45:00,VIC1,,-1.08349,5036.13,0,PUBLIC_P5MIN_202609150745_20260915074045.zip
2026-09-15 07:50:00,NSW1,,7.40744,6805.08,0,PUBLIC_P5MIN_202609150750_20260915074553.zip
2026-09-15 07:50:00,NSW1,,8.68435,6737.08,0,PUBLIC_P5MIN_202609150750_20260915074553.zip
2026-09-15 07:50:00,NSW1,,7.71698,6664.08,0,PUBLIC_P5MIN_202609150750_20260915074553.zip
2026-09-15 07:50:00,NSW1,,11.5,6587.08,0,PUBLIC_P5MIN_202609150750_20260915074553.zip
2026-09-15 07:50:00,NSW1,,11.5,6504.08,0,PUBLIC_P5MIN_202609150750_20260915074553.zip
2026-09-15 07:50:00,NSW1,,11.03169,6422.08,0,PUBLIC_P5MIN_202609150750_20260915074553.zip
2026-09-15 07:50:00,NSW1,,9.05591,6341.08,0,PUBLIC_P5MIN_202609150750_20260915074553.zip
2026-09-15 07:50:00,NSW1,,0.01145,6261.08,0,PUBLIC_P5MIN_202609150750_20260915074553.zip
2026-09-15 07:50:00,NSW1,,0.01145,6181.08,0,PUBLIC_P5MIN_202609150750_20260915074553.zip
2026-09-15 07:50:00,NSW1,,0.0,6103.08,0,PUBLIC_P5MIN_202609150750_20260915074553.zip
2026-09-15 07:50:00,NSW1,,-1.63013,6026.08,0,PUBLIC_P5MIN_202609150750_20260915074553.zip
2026-09-15 07:50:00,NSW1,,-3.68601,5949.08,0,PUBLIC_P5MIN_202609150750_20260915074553.zip
2026-09-15 07:50:00,QLD1,,6.54285,5403.2,0,PUBLIC_P5MIN_202609150750_20260915074553.zip
2026-09-15 07:50:00,QLD1,,5.27,5322.2,0,PUBLIC_P5MIN_202609150750_20260915074553.zip
2026-09-15 07:50:00,QLD1,,2.0,5237.2,0,PUBLIC_P5MIN_202609150750_20260915074553.zip
2026-09-15 07:50:00,QLD1,,2.0,5152.2,0,PUBLIC_P5MIN_202609150750_20260915074553.zip
2026-09-15 07:50:00,QLD1,,0.01,5068.2,0,PUBLIC_P5MIN_202609150750_20260915074553.zip
2026-09-15 07:50:00,QLD1,,0.01,4986.2,0,PUBLIC_P5MIN_202609150750_20260915074553.zip
2026-09-15 07:50:00,QLD1,,0.00046,4906.2,0,PUBLIC_P5MIN_202609150750_20260915074553.zip
2026-09-15 07:50:00,QLD1,,0.0,4825.2,0,PUBLIC_P5MIN_202609150750_20260915074553.zip
2026-09-15 07:50:00,QLD1,,0.0,4747.2,0,PUBLIC_P5MIN_202609150750_20260915074553.zip
2026-09-15 07:50:00,QLD1,,0.0,4673.2,0,PUBLIC_P5MIN_202609150750_20260915074553.zip
2026-09-15 07:50:00,QLD1,,-1.31,4600.2,0,PUBLIC_P5MIN_202609150750_20260915074553.zip
2026-09-15 07:50:00,QLD1,,-2.9999,4527.2,0,PUBLIC_P5MIN_202609150750_20260915074553.zip
2026-09-15 07:50:00,SA1,,7.30452,1407.58,0,PUBLIC_P5MIN_202609150750_20260915074553.zip
2026-09-15 07:50:00,SA1,,7.98,1395.58,0,PUBLIC_P5MIN_202609150750_20260915074553.zip
2026-09-15 07:50:00,SA1,,7.23254,1382.58,0,PUBLIC_P5MIN_202609150750_20260915074553.zip
2026-09-15 07:50:00,SA1,,10.12817,1368.58,0,PUBLIC_P5MIN_202609150750_20260915074553.zip
2026-09-15 07:50:00,SA1,,10.16048,1351.58,0,PUBLIC_P5MIN_202609150750_20260915074553.zip
2026-09-15 07:50:00,SA1,,9.55737,1333.58,0,PUBLIC_P5MIN_202609150750_20260915074553.zip
2026-09-15 07:50:00,SA1,,7.97,1313.58,0,PUBLIC_P5MIN_202609150750_20260915074553.zip
2026-09-15 07:50:00,SA1,,0.01004,1292.58,0,PUBLIC_P5MIN_202609150750_20260915074553.zip
2026-09-15 07:50:00,SA1,,0.00996,1270.58,0,PUBLIC_P5MIN_202609150750_20260915074553.zip
2026-09-15 07:50:00,SA1,,0.0,1247.58,0,PUBLIC_P5MIN_202609150750_20260915074553.zip
2026-09-15 07:50:00,SA1,,-1.56417,1223.58,0,PUBLIC_P5MIN_202609150750_20260915074553.zip
2026-09-15 07:50:00,SA1,,-3.55067,1197.58,0,PUBLIC_P5MIN_202609150750_20260915074553.zip
2026-09-15 07:50:00,TAS1,,7.36874,1031.36,0,PUBLIC_P5MIN_202609150750_20260915074553.zip
2026-09-15 07:50:00,TAS1,,8.26373,1028.36,0,PUBLIC_P5MIN_202609150750_20260915074553.zip
2026-09-15 07:50:00,TAS1,,7.43716,1024.36,0,PUBLIC_P5MIN_202609150750_20260915074553.zip
2026-09-15 07:50:00,TAS1,,10.65328,1019.36,0,PUBLIC_P5MIN_202609150750_20260915074553.zip
2026-09-15 07:50:00,TAS1,,10.65328,1014.36,0,PUBLIC_P5MIN_202609150750_20260915074553.zip
2026-09-15 07:50:00,TAS1,,10.06,1008.36,0,PUBLIC_P5MIN_202609150750_20260915074553.zip
2026-09-15 07:50:00,TAS1,,8.46846,1002.36,0,PUBLIC_P5MIN_202609150750_20260915074553.zip
2026-09-15 07:50:00,TAS1,,0.01067,995.36,0,PUBLIC_P5MIN_202609150750_20260915074553.zip
2026-09-15 07:50:00,TAS1,,0.01067,988.36,0,PUBLIC_P5MIN_202609150750_20260915074553.zip
2026-09-15 07:50:00,TAS1,,13.14,980.36,0,PUBLIC_P5MIN_202609150750_20260915074553.zip
2026-09-15 07:50:00,TAS1,,88.22,972.36,0,PUBLIC_P5MIN_202609150750_20260915074553.zip
2026-09-15 07:50:00,TAS1,,88.22,964.36,0,PUBLIC_P5MIN_202609150750_20260915074553.zip
2026-09-15 07:50:00,VIC1,,7.18,5484.8,0,PUBLIC_P5MIN_202609150750_20260915074553.zip
2026-09-15 07:50:00,VIC1,,7.95293,5456.8,0,PUBLIC_P5MIN_202609150750_20260915074553.zip
2026-09-15 07:50:00,VIC1,,7.18,5423.8,0,PUBLIC_P5MIN_202609150750_20260915074553.zip
2026-09-15 07:50:00,VIC1,,10.28492,5385.8,0,PUBLIC_P5MIN_202609150750_20260915074553.zip
2026-09-15 07:50:00,VIC1,,10.28492,5341.8,0,PUBLIC_P5MIN_202609150750_20260915074553.zip
2026-09-15 07:50:00,VIC1,,9.71215,5295.8,0,PUBLIC_P5MIN_202609150750_20260915074553.zip
2026-09-15 07:50:00,VIC1,,8.09907,5246.8,0,PUBLIC_P5MIN_202609150750_20260915074553.zip
2026-09-15 07:50:00,VIC1,,0.01024,5194.8,0,PUBLIC_P5MIN_202609150750_20260915074553.zip
2026-09-15 07:50:00,VIC1,,0.01024,5141.8,0,PUBLIC_P5MIN_202609150750_20260915074553.zip
2026-09-15 07:50:00,VIC1,,0.0,5085.8,0,PUBLIC_P5MIN_202609150750_20260915074553.zip
2026-09-15 07:50:00,VIC1,,-1.52881,5027.8,0,PUBLIC_P5MIN_202609150750_20260915074553.zip
2026-09-15 07:50:00,VIC1,,-3.4569,4968.8,0,PUBLIC_P5MIN_202609150750_20260915074553.zip
2026-09-15 07:55:00,NSW1,,2.12,6696.19,0,PUBLIC_P5MIN_202609150755_20260915075102.zip
2026-09-15 07:55:00,NSW1,,2.12,6625.19,0,PUBLIC_P5MIN_202609150755_20260915075102.zip
2026-09-15 07:55:00,NSW1,,7.90259,6550.19,0,PUBLIC_P5MIN_202609150755_20260915075102.zip
2026-09-15 07:55:00,NSW1,,9.99619,6469.19,0,PUBLIC_P5MIN_202609150755_20260915075102.zip
2026-09-15 07:55:00,NSW1,,2.12,6389.19,0,PUBLIC_P5MIN_202609150755_20260915075102.zip
2026-09-15 07:55:00,NSW1,,2.12,6310.19,0,PUBLIC_P5MIN_202609150755_20260915075102.zip
2026-09-15 07:55:00,NSW1,,0.01154,6230.19,0,PUBLIC_P5MIN_202609150755_20260915075102.zip
2026-09-15 07:55:00,NSW1,,0.00028,6151.19,0,PUBLIC_P5MIN_202609150755_20260915075102.zip
2026-09-15 07:55:00,NSW1,,0.0,6073.19,0,PUBLIC_P5MIN_202609150755_20260915075102.zip
2026-09-15 07:55:00,NSW1,,-3.21362,5996.19,0,PUBLIC_P5MIN_202609150755_20260915075102.zip
2026-09-15 07:55:00,NSW1,,-4.2342,5919.19,0,PUBLIC_P5MIN_202609150755_20260915075102.zip
2026-09-15 07:55:00,NSW1,,-5.53205,5843.19,0,PUBLIC_P5MIN_202609150755_20260915075102.zip
2026-09-15 07:55:00,QLD1,,0.01,5300.29,0,PUBLIC_P5MIN_202609150755_20260915075102.zip
2026-09-15 07:55:00,QLD1,,0.01,5215.29,0,PUBLIC_P5MIN_202609150755_20260915075102.zip
2026-09-15 07:55:00,QLD1,,1.47071,5131.29,0,PUBLIC_P5MIN_202609150755_20260915075102.zip
2026-09-15 07:55:00,QLD1,,0.01,5048.29,0,PUBLIC_P5MIN_202609150755_20260915075102.zip
2026-09-15 07:55:00,QLD1,,0.00046,4966.29,0,PUBLIC_P5MIN_202609150755_20260915075102.zip
2026-09-15 07:55:00,QLD1,,0.0,4887.29,0,PUBLIC_P5MIN_202609150755_20260915075102.zip
2026-09-15 07:55:00,QLD1,,0.0,4806.29,0,PUBLIC_P5MIN_202609150755_20260915075102.zip
2026-09-15 07:55:00,QLD1,,-1.31,4728.29,0,PUBLIC_P5MIN_202609150755_20260915075102.zip
2026-09-15 07:55:00,QLD1,,-1.31,4654.29,0,PUBLIC_P5MIN_202609150755_20260915075102.zip
2026-09-15 07:55:00,QLD1,,-2.98,4581.29,0,PUBLIC_P5MIN_202609150755_20260915075102.zip
2026-09-15 07:55:00,QLD1,,-3.49,4507.29,0,PUBLIC_P5MIN_202609150755_20260915075102.zip
2026-09-15 07:55:00,QLD1,,-4.58873,4436.29,0,PUBLIC_P5MIN_202609150755_20260915075102.zip
2026-09-15 07:55:00,SA1,,2.12705,1404.79,0,PUBLIC_P5MIN_202609150755_20260915075102.zip
2026-09-15 07:55:00,SA1,,1.94832,1391.79,0,PUBLIC_P5MIN_202609150755_20260915075102.zip
2026-09-15 07:55:00,SA1,,6.98356,1377.79,0,PUBLIC_P5MIN_202609150755_20260915075102.zip
2026-09-15 07:55:00,SA1,,8.72931,1360.79,0,PUBLIC_P5MIN_202609150755_20260915075102.zip
2026-09-15 07:55:00,SA1,,1.85132,1341.79,0,PUBLIC_P5MIN_202609150755_20260915075102.zip
2026-09-15 07:55:00,SA1,,1.81535,1320.79,0,PUBLIC_P5MIN_202609150755_20260915075102.zip
2026-09-15 07:55:00,SA1,,0.00992,1298.79,0,PUBLIC_P5MIN_202609150755_20260915075102.zip
2026-09-15 07:55:00,SA1,,0.00025,1276.79,0,PUBLIC_P5MIN_202609150755_20260915075102.zip
2026-09-15 07:55:00,SA1,,0.0,1253.79,0,PUBLIC_P5MIN_202609150755_20260915075102.zip
2026-09-15 07:55:00,SA1,,-3.05917,1228.79,0,PUBLIC_P5MIN_202609150755_20260915075102.zip
2026-09-15 07:55:00,SA1,,-3.9678,1202.79,0,PUBLIC_P5MIN_202609150755_20260915075102.zip
2026-09-15 07:55:00,SA1,,-4.98374,1176.79,0,PUBLIC_P5MIN_202609150755_20260915075102.zip
2026-09-15 07:55:00,TAS1,,2.17146,1060.8,0,PUBLIC_P5MIN_202609150755_20260915075102.zip
2026-09-15 07:55:00,TAS1,,2.04614,1057.8,0,PUBLIC_P5MIN_202609150755_20260915075102.zip
2026-09-15 07:55:00,TAS1,,7.60121,1053.8,0,PUBLIC_P5MIN_202609150755_20260915075102.zip
2026-09-15 07:55:00,TAS1,,10.06,1048.8,0,PUBLIC_P5MIN_202609150755_20260915075102.zip
2026-09-15 07:55:00,TAS1,,10.06,1042.8,0,PUBLIC_P5MIN_202609150755_20260915075102.zip
2026-09-15 07:55:00,TAS1,,10.06,1036.8,0,PUBLIC_P5MIN_202609150755_20260915075102.zip
2026-09-15 07:55:00,TAS1,,10.06,1030.8,0,PUBLIC_P5MIN_202609150755_20260915075102.zip
2026-09-15 07:55:00,TAS1,,10.06,1023.8,0,PUBLIC_P5MIN_202609150755_20260915075102.zip
2026-09-15 07:55:00,TAS1,,88.22,1015.8,0,PUBLIC_P5MIN_202609150755_20260915075102.zip
2026-09-15 07:55:00,TAS1,,320.06,1007.8,0,PUBLIC_P5MIN_202609150755_20260915075102.zip
2026-09-15 07:55:00,TAS1,,88.22,999.8,0,PUBLIC_P5MIN_202609150755_20260915075102.zip
2026-09-15 07:55:00,TAS1,,320.06,992.8,0,PUBLIC_P5MIN_202609150755_20260915075102.zip
2026-09-15 07:55:00,VIC1,,2.08894,5432.51,0,PUBLIC_P5MIN_202609150755_20260915075102.zip
2026-09-15 07:55:00,VIC1,,1.95689,5398.51,0,PUBLIC_P5MIN_202609150755_20260915075102.zip
2026-09-15 07:55:00,VIC1,,7.18,5360.51,0,PUBLIC_P5MIN_202609150755_20260915075102.zip
2026-09-15 07:55:00,VIC1,,8.94,5315.51,0,PUBLIC_P5MIN_202609150755_20260915075102.zip
2026-09-15 07:55:00,VIC1,,1.896,5269.51,0,PUBLIC_P5MIN_202609150755_20260915075102.zip
2026-09-15 07:55:00,VIC1,,1.86642,5220.51,0,PUBLIC_P5MIN_202609150755_20260915075102.zip
2026-09-15 07:55:00,VIC1,,0.01024,5168.51,0,PUBLIC_P5MIN_202609150755_20260915075102.zip
2026-09-15 07:55:00,VIC1,,0.00026,5115.51,0,PUBLIC_P5MIN_202609150755_20260915075102.zip
2026-09-15 07:55:00,VIC1,,0.0,5060.51,0,PUBLIC_P5MIN_202609150755_20260915075102.zip
2026-09-15 07:55:00,VIC1,,-2.99,5003.51,0,PUBLIC_P5MIN_202609150755_20260915075102.zip
2026-09-15 07:55:00,VIC1,,-3.90842,4945.51,0,PUBLIC_P5MIN_202609150755_20260915075102.zip
2026-09-15 07:55:00,VIC1,,-4.94753,4885.51,0,PUBLIC_P5MIN_202609150755_20260915075102.zip
2026-09-15 08:00:00,NSW1,,2.12,6703.49,0,PUBLIC_P5MIN_202609150800_20260915075616.zip
2026-09-15 08:00:00,NSW1,,9.06638,6628.49,0,PUBLIC_P5MIN_202609150800_20260915075616.zip
2026-09-15 08:00:00,NSW1,,2.12,6547.49,0,PUBLIC_P5MIN_202609150800_20260915075616.zip
2026-09-15 08:00:00,NSW1,,2.12,6467.49,0,PUBLIC_P5MIN_202609150800_20260915075616.zip
2026-09-15 08:00:00,NSW1,,2.12,6387.49,0,PUBLIC_P5MIN_202609150800_20260915075616.zip
2026-09-15 08:00:00,NSW1,,0.01216,6307.49,0,PUBLIC_P5MIN_202609150800_20260915075616.zip
2026-09-15 08:00:00,NSW1,,0.0,6228.49,0,PUBLIC_P5MIN_202609150800_20260915075616.zip
2026-09-15 08:00:00,NSW1,,-0.61984,6150.49,0,PUBLIC_P5MIN_202609150800_20260915075616.zip
2026-09-15 08:00:00,NSW1,,-3.70824,6073.49,0,PUBLIC_P5MIN_202609150800_20260915075616.zip
2026-09-15 08:00:00,NSW1,,-5.01,5995.49,0,PUBLIC_P5MIN_202609150800_20260915075616.zip
2026-09-15 08:00:00,NSW1,,-5.63488,5919.49,0,PUBLIC_P5MIN_202609150800_20260915075616.zip
2026-09-15 08:00:00,NSW1,,-5.56973,5844.49,0,PUBLIC_P5MIN_202609150800_20260915075616.zip
2026-09-15 08:00:00,QLD1,,0.01,5237.77,0,PUBLIC_P5MIN_202609150800_20260915075616.zip
2026-09-15 08:00:00,QLD1,,1.33527,5154.77,0,PUBLIC_P5MIN_202609150800_20260915075616.zip
2026-09-15 08:00:00,QLD1,,0.00054,5072.77,0,PUBLIC_P5MIN_202609150800_20260915075616.zip
2026-09-15 08:00:00,QLD1,,0.00053,4992.77,0,PUBLIC_P5MIN_202609150800_20260915075616.zip
2026-09-15 08:00:00,QLD1,,5e-05,4914.77,0,PUBLIC_P5MIN_202609150800_20260915075616.zip
2026-09-15 08:00:00,QLD1,,-1.31,4834.77,0,PUBLIC_P5MIN_202609150800_20260915075616.zip
2026-09-15 08:00:00,QLD1,,-2.05,4757.77,0,PUBLIC_P5MIN_202609150800_20260915075616.zip
2026-09-15 08:00:00,QLD1,,-2.05,4684.77,0,PUBLIC_P5MIN_202609150800_20260915075616.zip
2026-09-15 08:00:00,QLD1,,-2.98,4612.77,0,PUBLIC_P5MIN_202609150800_20260915075616.zip
2026-09-15 08:00:00,QLD1,,-4.1557,4539.77,0,PUBLIC_P5MIN_202609150800_20260915075616.zip
2026-09-15 08:00:00,QLD1,,-4.61516,4468.77,0,PUBLIC_P5MIN_202609150800_20260915075616.zip
2026-09-15 08:00:00,QLD1,,-4.53299,4400.77,0,PUBLIC_P5MIN_202609150800_20260915075616.zip
2026-09-15 08:00:00,SA1,,2.02066,1364.81,0,PUBLIC_P5MIN_202609150800_20260915075616.zip
2026-09-15 08:00:00,SA1,,7.98,1351.81,0,PUBLIC_P5MIN_202609150800_20260915075616.zip
2026-09-15 08:00:00,SA1,,1.82243,1335.81,0,PUBLIC_P5MIN_202609150800_20260915075616.zip
2026-09-15 08:00:00,SA1,,1.79417,1317.81,0,PUBLIC_P5MIN_202609150800_20260915075616.zip
2026-09-15 08:00:00,SA1,,1.75945,1297.81,0,PUBLIC_P5MIN_202609150800_20260915075616.zip
2026-09-15 08:00:00,SA1,,0.01013,1276.81,0,PUBLIC_P5MIN_202609150800_20260915075616.zip
2026-09-15 08:00:00,SA1,,0.0,1254.81,0,PUBLIC_P5MIN_202609150800_20260915075616.zip
2026-09-15 08:00:00,SA1,,-0.53287,1231.81,0,PUBLIC_P5MIN_202609150800_20260915075616.zip
2026-09-15 08:00:00,SA1,,-3.44752,1207.81,0,PUBLIC_P5MIN_202609150800_20260915075616.zip
2026-09-15 08:00:00,SA1,,-4.58521,1181.81,0,PUBLIC_P5MIN_202609150800_20260915075616.zip
2026-09-15 08:00:00,SA1,,-4.99752,1154.81,0,PUBLIC_P5MIN_202609150800_20260915075616.zip
2026-09-15 08:00:00,SA1,,-6.67632,1128.81,0,PUBLIC_P5MIN_202609150800_20260915075616.zip
2026-09-15 08:00:00,TAS1,,2.1285,1071.94,0,PUBLIC_P5MIN_202609150800_20260915075616.zip
2026-09-15 08:00:00,TAS1,,10.06,1067.94,0,PUBLIC_P5MIN_202609150800_20260915075616.zip
2026-09-15 08:00:00,TAS1,,40.12,1062.94,0,PUBLIC_P5MIN_202609150800_20260915075616.zip
2026-09-15 08:00:00,TAS1,,25.04,1056.94,0,PUBLIC_P5MIN_202609150800_20260915075616.zip
2026-09-15 08:00:00,TAS1,,10.06,1050.94,0,PUBLIC_P5MIN_202609150800_20260915075616.zip
2026-09-15 08:00:00,TAS1,,10.06,1043.94,0,PUBLIC_P5MIN_202609150800_20260915075616.zip
2026-09-15 08:00:00,TAS1,,10.06,1036.94,0,PUBLIC_P5MIN_202609150800_20260915075616.zip
2026-09-15 08:00:00,TAS1,,10.22,1028.94,0,PUBLIC_P5MIN_202609150800_20260915075616.zip
2026-09-15 08:00:00,TAS1,,88.22,1020.94,0,PUBLIC_P5MIN_202609150800_20260915075616.zip
2026-09-15 08:00:00,TAS1,,88.22,1012.94,0,PUBLIC_P5MIN_202609150800_20260915075616.zip
2026-09-15 08:00:00,TAS1,,88.22,1005.94,0,PUBLIC_P5MIN_202609150800_20260915075616.zip
2026-09-15 08:00:00,TAS1,,88.22,997.94,0,PUBLIC_P5MIN_202609150800_20260915075616.zip
2026-09-15 08:00:00,VIC1,,2.03452,5347.27,0,PUBLIC_P5MIN_202609150800_20260915075616.zip
2026-09-15 08:00:00,VIC1,,8.1726,5306.27,0,PUBLIC_P5MIN_202609150800_20260915075616.zip
2026-09-15 08:00:00,VIC1,,1.86642,5259.27,0,PUBLIC_P5MIN_202609150800_20260915075616.zip
2026-09-15 08:00:00,VIC1,,1.85184,5210.27,0,PUBLIC_P5MIN_202609150800_20260915075616.zip
2026-09-15 08:00:00,VIC1,,1.82307,5159.27,0,PUBLIC_P5MIN_202609150800_20260915075616.zip
2026-09-15 08:00:00,VIC1,,0.01054,5105.27,0,PUBLIC_P5MIN_202609150800_20260915075616.zip
2026-09-15 08:00:00,VIC1,,0.0,5051.27,0,PUBLIC_P5MIN_202609150800_20260915075616.zip
2026-09-15 08:00:00,VIC1,,-0.55,4995.27,0,PUBLIC_P5MIN_202609150800_20260915075616.zip
2026-09-15 08:00:00,VIC1,,-3.39592,4938.27,0,PUBLIC_P5MIN_202609150800_20260915075616.zip
2026-09-15 08:00:00,VIC1,,-4.5519,4881.27,0,PUBLIC_P5MIN_202609150800_20260915075616.zip
2026-09-15 08:00:00,VIC1,,-5.0,4823.27,0,PUBLIC_P5MIN_202609150800_20260915075616.zip
2026-09-15 08:00:00,VIC1,,-6.5,4764.27,0,PUBLIC_P5MIN_202609150800_20260915075616.zip
2026-09-15 08:05:00,NSW1,,2.12,6595.36,0,PUBLIC_P5MIN_202609150805_20260915080126.zip
2026-09-15 08:05:00,NSW1,,2.12,6516.36,0,PUBLIC_P5MIN_202609150805_20260915080126.zip
2026-09-15 08:05:00,NSW1,,2.12,6438.36,0,PUBLIC_P5MIN_202609150805_20260915080126.zip
2026-09-15 08:05:00,NSW1,,0.01216,6360.36,0,PUBLIC_P5MIN_202609150805_20260915080126.zip
2026-09-15 08:05:00,NSW1,,0.01172,6282.36,0,PUBLIC_P5MIN_202609150805_20260915080126.zip
2026-09-15 08:05:00,NSW1,,-1.18185,6204.36,0,PUBLIC_P5MIN_202609150805_20260915080126.zip
2026-09-15 08:05:00,NSW1,,-1.61984,6127.36,0,PUBLIC_P5MIN_202609150805_20260915080126.zip
2026-09-15 08:05:00,NSW1,,-1.25002,6051.36,0,PUBLIC_P5MIN_202609150805_20260915080126.zip
2026-09-15 08:05:00,NSW1,,-5.05,5974.36,0,PUBLIC_P5MIN_202609150805_20260915080126.zip
2026-09-15 08:05:00,NSW1,,-5.68204,5898.36,0,PUBLIC_P5MIN_202609150805_20260915080126.zip
2026-09-15 08:05:00,NSW1,,-6.51,5822.36,0,PUBLIC_P5MIN_202609150805_20260915080126.zip
2026-09-15 08:05:00,NSW1,,-6.79476,5749.36,0,PUBLIC_P5MIN_202609150805_20260915080126.zip
2026-09-15 08:05:00,QLD1,,0.13144,5139.99,0,PUBLIC_P5MIN_202609150805_20260915080126.zip
2026-09-15 08:05:00,QLD1,,0.00053,5055.99,0,PUBLIC_P5MIN_202609150805_20260915080126.zip
2026-09-15 08:05:00,QLD1,,5e-05,4973.99,0,PUBLIC_P5MIN_202609150805_20260915080126.zip
2026-09-15 08:05:00,QLD1,,0.0,4893.99,0,PUBLIC_P5MIN_202609150805_20260915080126.zip
2026-09-15 08:05:00,QLD1,,0.0,4812.99,0,PUBLIC_P5MIN_202609150805_20260915080126.zip
2026-09-15 08:05:00,QLD1,,-0.94975,4734.99,0,PUBLIC_P5MIN_202609150805_20260915080126.zip
2026-09-15 08:05:00,QLD1,,-1.31,4660.99,0,PUBLIC_P5MIN_202609150805_20260915080126.zip
2026-09-15 08:05:00,QLD1,,-1.31,4587.99,0,PUBLIC_P5MIN_202609150805_20260915080126.zip
2026-09-15 08:05:00,QLD1,,-4.21552,4513.99,0,PUBLIC_P5MIN_202609150805_20260915080126.zip
2026-09-15 08:05:00,QLD1,,-4.6244,4442.99,0,PUBLIC_P5MIN_202609150805_20260915080126.zip
2026-09-15 08:05:00,QLD1,,-5.26478,4374.99,0,PUBLIC_P5MIN_202609150805_20260915080126.zip
2026-09-15 08:05:00,QLD1,,-5.53,4308.99,0,PUBLIC_P5MIN_202609150805_20260915080126.zip
2026-09-15 08:05:00,SA1,,1.98777,1346.99,0,PUBLIC_P5MIN_202609150805_20260915080126.zip
2026-09-15 08:05:00,SA1,,1.79417,1329.99,0,PUBLIC_P5MIN_202609150805_20260915080126.zip
2026-09-15 08:05:00,SA1,,1.77326,1310.99,0,PUBLIC_P5MIN_202609150805_20260915080126.zip
2026-09-15 08:05:00,SA1,,0.01013,1289.99,0,PUBLIC_P5MIN_202609150805_20260915080126.zip
2026-09-15 08:05:00,SA1,,0.00977,1267.99,0,PUBLIC_P5MIN_202609150805_20260915080126.zip
2026-09-15 08:05:00,SA1,,-1.02,1245.99,0,PUBLIC_P5MIN_202609150805_20260915080126.zip
2026-09-15 08:05:00,SA1,,-1.48234,1222.99,0,PUBLIC_P5MIN_202609150805_20260915080126.zip
2026-09-15 08:05:00,SA1,,-1.09995,1197.99,0,PUBLIC_P5MIN_202609150805_20260915080126.zip
2026-09-15 08:05:00,SA1,,-4.53179,1171.99,0,PUBLIC_P5MIN_202609150805_20260915080126.zip
2026-09-15 08:05:00,SA1,,-5.22,1145.99,0,PUBLIC_P5MIN_202609150805_20260915080126.zip
2026-09-15 08:05:00,SA1,,-6.65036,1119.99,0,PUBLIC_P5MIN_202609150805_20260915080126.zip
2026-09-15 08:05:00,SA1,,-7.01,1093.99,0,PUBLIC_P5MIN_202609150805_20260915080126.zip
2026-09-15 08:05:00,TAS1,,25.04,1084.86,0,PUBLIC_P5MIN_202609150805_20260915080126.zip
2026-09-15 08:05:00,TAS1,,40.12,1079.86,0,PUBLIC_P5MIN_202609150805_20260915080126.zip
2026-09-15 08:05:00,TAS1,,40.12,1073.86,0,PUBLIC_P5MIN_202609150805_20260915080126.zip
2026-09-15 08:05:00,TAS1,,40.12,1067.86,0,PUBLIC_P5MIN_202609150805_20260915080126.zip
2026-09-15 08:05:00,TAS1,,40.12,1061.86,0,PUBLIC_P5MIN_202609150805_20260915080126.zip
2026-09-15 08:05:00,TAS1,,40.12,1054.86,0,PUBLIC_P5MIN_202609150805_20260915080126.zip
2026-09-15 08:05:00,TAS1,,88.22,1046.86,0,PUBLIC_P5MIN_202609150805_20260915080126.zip
2026-09-15 08:05:00,TAS1,,320.06,1038.86,0,PUBLIC_P5MIN_202609150805_20260915080126.zip
2026-09-15 08:05:00,TAS1,,10.22,1030.86,0,PUBLIC_P5MIN_202609150805_20260915080126.zip
2026-09-15 08:05:00,TAS1,,88.22,1023.86,0,PUBLIC_P5MIN_202609150805_20260915080126.zip
2026-09-15 08:05:00,TAS1,,88.22,1015.86,0,PUBLIC_P5MIN_202609150805_20260915080126.zip
2026-09-15 08:05:00,TAS1,,88.22,1007.86,0,PUBLIC_P5MIN_202609150805_20260915080126.zip
2026-09-15 08:05:00,VIC1,,2.01707,5289.81,0,PUBLIC_P5MIN_202609150805_20260915080126.zip
2026-09-15 08:05:00,VIC1,,1.85184,5237.81,0,PUBLIC_P5MIN_202609150805_20260915080126.zip
2026-09-15 08:05:00,VIC1,,1.83739,5184.81,0,PUBLIC_P5MIN_202609150805_20260915080126.zip
2026-09-15 08:05:00,VIC1,,0.01054,5129.81,0,PUBLIC_P5MIN_202609150805_20260915080126.zip
2026-09-15 08:05:00,VIC1,,0.01024,5073.81,0,PUBLIC_P5MIN_202609150805_20260915080126.zip
2026-09-15 08:05:00,VIC1,,-1.04869,5017.81,0,PUBLIC_P5MIN_202609150805_20260915080126.zip
2026-09-15 08:05:00,VIC1,,-1.46015,4960.81,0,PUBLIC_P5MIN_202609150805_20260915080126.zip
2026-09-15 08:05:00,VIC1,,-1.1005,4902.81,0,PUBLIC_P5MIN_202609150805_20260915080126.zip
2026-09-15 08:05:00,VIC1,,-4.51642,4845.81,0,PUBLIC_P5MIN_202609150805_20260915080126.zip
2026-09-15 08:05:00,VIC1,,-5.12189,4788.81,0,PUBLIC_P5MIN_202609150805_20260915080126.zip
2026-09-15 08:05:00,VIC1,,-6.5,4731.81,0,PUBLIC_P5MIN_202609150805_20260915080126.zip
2026-09-15 08:05:00,VIC1,,-6.74555,4672.81,0,PUBLIC_P5MIN_202609150805_20260915080126.zip
2026-09-15 08:10:00,NSW1,,9.6414,6609.36,0,PUBLIC_P5MIN_202609150810_20260915080632.zip
2026-09-15 08:10:00,NSW1,,9.61492,6529.36,0,PUBLIC_P5MIN_202609150810_20260915080632.zip
2026-09-15 08:10:00,NSW1,,2.12,6449.36,0,PUBLIC_P5MIN_202609150810_20260915080632.zip
2026-09-15 08:10:00,NSW1,,0.01265,6369.36,0,PUBLIC_P5MIN_202609150810_20260915080632.zip
2026-09-15 08:10:00,NSW1,,0.01191,6289.36,0,PUBLIC_P5MIN_202609150810_20260915080632.zip
2026-09-15 08:10:00,NSW1,,-0.62955,6211.36,0,PUBLIC_P5MIN_202609150810_20260915080632.zip
2026-09-15 08:10:00,NSW1,,-1.23106,6133.36,0,PUBLIC_P5MIN_202609150810_20260915080632.zip
2026-09-15 08:10:00,NSW1,,2.12,6055.36,0,PUBLIC_P5MIN_202609150810_20260915080632.zip
2026-09-15 08:10:00,NSW1,,-3.36966,5978.36,0,PUBLIC_P5MIN_202609150810_20260915080632.zip
2026-09-15 08:10:00,NSW1,,-5.54682,5902.36,0,PUBLIC_P5MIN_202609150810_20260915080632.zip
2026-09-15 08:10:00,NSW1,,-5.68434,5829.36,0,PUBLIC_P5MIN_202609150810_20260915080632.zip
2026-09-15 08:10:00,NSW1,,-6.35394,5757.36,0,PUBLIC_P5MIN_202609150810_20260915080632.zip
2026-09-15 08:10:00,QLD1,,7e-05,5052.1,0,PUBLIC_P5MIN_202609150810_20260915080632.zip
2026-09-15 08:10:00,QLD1,,0.0,4971.1,0,PUBLIC_P5MIN_202609150810_20260915080632.zip
2026-09-15 08:10:00,QLD1,,-1.31,4893.1,0,PUBLIC_P5MIN_202609150810_20260915080632.zip
2026-09-15 08:10:00,QLD1,,-1.31,4813.1,0,PUBLIC_P5MIN_202609150810_20260915080632.zip
2026-09-15 08:10:00,QLD1,,-1.31,4736.1,0,PUBLIC_P5MIN_202609150810_20260915080632.zip
2026-09-15 08:10:00,QLD1,,-2.98,4663.1,0,PUBLIC_P5MIN_202609150810_20260915080632.zip
2026-09-15 08:10:00,QLD1,,-1.31,4591.1,0,PUBLIC_P5MIN_202609150810_20260915080632.zip
2026-09-15 08:10:00,QLD1,,-2.98,4518.1,0,PUBLIC_P5MIN_202609150810_20260915080632.zip
2026-09-15 08:10:00,QLD1,,-3.0,4447.1,0,PUBLIC_P5MIN_202609150810_20260915080632.zip
2026-09-15 08:10:00,QLD1,,-5.49182,4379.1,0,PUBLIC_P5MIN_202609150810_20260915080632.zip
2026-09-15 08:10:00,QLD1,,-5.41838,4313.1,0,PUBLIC_P5MIN_202609150810_20260915080632.zip
2026-09-15 08:10:00,QLD1,,-5.53,4251.1,0,PUBLIC_P5MIN_202609150810_20260915080632.zip
2026-09-15 08:10:00,SA1,,8.76531,1324.12,0,PUBLIC_P5MIN_202609150810_20260915080632.zip
2026-09-15 08:10:00,SA1,,7.98,1304.12,0,PUBLIC_P5MIN_202609150810_20260915080632.zip
2026-09-15 08:10:00,SA1,,1.74581,1283.12,0,PUBLIC_P5MIN_202609150810_20260915080632.zip
2026-09-15 08:10:00,SA1,,0.01029,1261.12,0,PUBLIC_P5MIN_202609150810_20260915080632.zip
2026-09-15 08:10:00,SA1,,0.00969,1239.12,0,PUBLIC_P5MIN_202609150810_20260915080632.zip
2026-09-15 08:10:00,SA1,,-0.52661,1216.12,0,PUBLIC_P5MIN_202609150810_20260915080632.zip
2026-09-15 08:10:00,SA1,,-1.05,1191.12,0,PUBLIC_P5MIN_202609150810_20260915080632.zip
2026-09-15 08:10:00,SA1,,0.00958,1165.12,0,PUBLIC_P5MIN_202609150810_20260915080632.zip
2026-09-15 08:10:00,SA1,,-2.96534,1139.12,0,PUBLIC_P5MIN_202609150810_20260915080632.zip
2026-09-15 08:10:00,SA1,,-4.92032,1113.12,0,PUBLIC_P5MIN_202609150810_20260915080632.zip
2026-09-15 08:10:00,SA1,,-5.24305,1087.12,0,PUBLIC_P5MIN_202609150810_20260915080632.zip
2026-09-15 08:10:00,SA1,,-5.99996,1061.12,0,PUBLIC_P5MIN_202609150810_20260915080632.zip
2026-09-15 08:10:00,TAS1,,40.12,1088.47,0,PUBLIC_P5MIN_202609150810_20260915080632.zip
2026-09-15 08:10:00,TAS1,,40.12,1082.47,0,PUBLIC_P5MIN_202609150810_20260915080632.zip
2026-09-15 08:10:00,TAS1,,40.12,1076.47,0,PUBLIC_P5MIN_202609150810_20260915080632.zip
2026-09-15 08:10:00,TAS1,,40.12,1069.47,0,PUBLIC_P5MIN_202609150810_20260915080632.zip
2026-09-15 08:10:00,TAS1,,40.12,1062.47,0,PUBLIC_P5MIN_202609150810_20260915080632.zip
2026-09-15 08:10:00,TAS1,,88.22,1054.47,0,PUBLIC_P5MIN_202609150810_20260915080632.zip
2026-09-15 08:10:00,TAS1,,320.06,1046.47,0,PUBLIC_P5MIN_202609150810_20260915080632.zip
2026-09-15 08:10:00,TAS1,,88.22,1038.47,0,PUBLIC_P5MIN_202609150810_20260915080632.zip
2026-09-15 08:10:00,TAS1,,320.06,1030.47,0,PUBLIC_P5MIN_202609150810_20260915080632.zip
2026-09-15 08:10:00,TAS1,,10.22,1022.47,0,PUBLIC_P5MIN_202609150810_20260915080632.zip
2026-09-15 08:10:00,TAS1,,88.22,1014.47,0,PUBLIC_P5MIN_202609150810_20260915080632.zip
2026-09-15 08:10:00,TAS1,,320.04,1006.47,0,PUBLIC_P5MIN_202609150810_20260915080632.zip
2026-09-15 08:10:00,VIC1,,8.94,5248.64,0,PUBLIC_P5MIN_202609150810_20260915080632.zip
2026-09-15 08:10:00,VIC1,,8.33318,5193.64,0,PUBLIC_P5MIN_202609150810_20260915080632.zip
2026-09-15 08:10:00,VIC1,,1.82307,5136.64,0,PUBLIC_P5MIN_202609150810_20260915080632.zip
2026-09-15 08:10:00,VIC1,,0.01079,5078.64,0,PUBLIC_P5MIN_202609150810_20260915080632.zip
2026-09-15 08:10:00,VIC1,,0.01024,5020.64,0,PUBLIC_P5MIN_202609150810_20260915080632.zip
2026-09-15 08:10:00,VIC1,,-0.54992,4961.64,0,PUBLIC_P5MIN_202609150810_20260915080632.zip
2026-09-15 08:10:00,VIC1,,-1.07534,4902.64,0,PUBLIC_P5MIN_202609150810_20260915080632.zip
2026-09-15 08:10:00,VIC1,,0.01024,4844.64,0,PUBLIC_P5MIN_202609150810_20260915080632.zip
2026-09-15 08:10:00,VIC1,,-2.99,4787.64,0,PUBLIC_P5MIN_202609150810_20260915080632.zip
2026-09-15 08:10:00,VIC1,,-5.0,4730.64,0,PUBLIC_P5MIN_202609150810_20260915080632.zip
2026-09-15 08:10:00,VIC1,,-5.16458,4671.64,0,PUBLIC_P5MIN_202609150810_20260915080632.zip
2026-09-15 08:10:00,VIC1,,-5.81879,4612.64,0,PUBLIC_P5MIN_202609150810_20260915080632.zip
2026-09-15 08:15:00,NSW1,,2.12,6489.34,0,PUBLIC_P5MIN_202609150815_20260915081137.zip
2026-09-15 08:15:00,NSW1,,2.12,6413.34,0,PUBLIC_P5MIN_202609150815_20260915081137.zip
2026-09-15 08:15:00,NSW1,,0.01255,6337.34,0,PUBLIC_P5MIN_202609150815_20260915081137.zip
2026-09-15 08:15:00,NSW1,,0.01172,6260.34,0,PUBLIC_P5MIN_202609150815_20260915081137.zip
2026-09-15 08:15:00,NSW1,,6e-05,6184.34,0,PUBLIC_P5MIN_202609150815_20260915081137.zip
2026-09-15 08:15:00,NSW1,,-1.25959,6109.34,0,PUBLIC_P5MIN_202609150815_20260915081137.zip
2026-09-15 08:15:00,NSW1,,-3.317,6033.34,0,PUBLIC_P5MIN_202609150815_20260915081137.zip
2026-09-15 08:15:00,NSW1,,-5.05736,5957.34,0,PUBLIC_P5MIN_202609150815_20260915081137.zip
2026-09-15 08:15:00,NSW1,,-5.54682,5881.34,0,PUBLIC_P5MIN_202609150815_20260915081137.zip
2026-09-15 08:15:00,NSW1,,-5.79296,5808.34,0,PUBLIC_P5MIN_202609150815_20260915081137.zip
2026-09-15 08:15:00,NSW1,,-5.68434,5735.34,0,PUBLIC_P5MIN_202609150815_20260915081137.zip
2026-09-15 08:15:00,NSW1,,-7.03212,5666.34,0,PUBLIC_P5MIN_202609150815_20260915081137.zip
2026-09-15 08:15:00,QLD1,,0.0,5026.32,0,PUBLIC_P5MIN_202609150815_20260915081137.zip
2026-09-15 08:15:00,QLD1,,-1.31,4946.32,0,PUBLIC_P5MIN_202609150815_20260915081137.zip
2026-09-15 08:15:00,QLD1,,-2.98,4864.32,0,PUBLIC_P5MIN_202609150815_20260915081137.zip
2026-09-15 08:15:00,QLD1,,-3.0,4786.32,0,PUBLIC_P5MIN_202609150815_20260915081137.zip
2026-09-15 08:15:00,QLD1,,-3.0,4712.32,0,PUBLIC_P5MIN_202609150815_20260915081137.zip
2026-09-15 08:15:00,QLD1,,-3.0,4639.32,0,PUBLIC_P5MIN_202609150815_20260915081137.zip
2026-09-15 08:15:00,QLD1,,-3.49,4565.32,0,PUBLIC_P5MIN_202609150815_20260915081137.zip
2026-09-15 08:15:00,QLD1,,-4.09,4494.32,0,PUBLIC_P5MIN_202609150815_20260915081137.zip
2026-09-15 08:15:00,QLD1,,-4.45751,4426.32,0,PUBLIC_P5MIN_202609150815_20260915081137.zip
2026-09-15 08:15:00,QLD1,,-4.65532,4360.32,0,PUBLIC_P5MIN_202609150815_20260915081137.zip
2026-09-15 08:15:00,QLD1,,-5.44994,4298.32,0,PUBLIC_P5MIN_202609150815_20260915081137.zip
2026-09-15 08:15:00,QLD1,,-5.68704,4238.32,0,PUBLIC_P5MIN_202609150815_20260915081137.zip
2026-09-15 08:15:00,SA1,,1.9235,1304.07,0,PUBLIC_P5MIN_202609150815_20260915081137.zip
2026-09-15 08:15:00,SA1,,1.75268,1282.07,0,PUBLIC_P5MIN_202609150815_20260915081137.zip
2026-09-15 08:15:00,SA1,,0.01028,1259.07,0,PUBLIC_P5MIN_202609150815_20260915081137.zip
2026-09-15 08:15:00,SA1,,0.00965,1236.07,0,PUBLIC_P5MIN_202609150815_20260915081137.zip
2026-09-15 08:15:00,SA1,,5e-05,1212.07,0,PUBLIC_P5MIN_202609150815_20260915081137.zip
2026-09-15 08:15:00,SA1,,-1.09995,1187.07,0,PUBLIC_P5MIN_202609150815_20260915081137.zip
2026-09-15 08:15:00,SA1,,-2.96534,1161.07,0,PUBLIC_P5MIN_202609150815_20260915081137.zip
2026-09-15 08:15:00,SA1,,-4.45092,1135.07,0,PUBLIC_P5MIN_202609150815_20260915081137.zip
2026-09-15 08:15:00,SA1,,-4.9012,1109.07,0,PUBLIC_P5MIN_202609150815_20260915081137.zip
2026-09-15 08:15:00,SA1,,-5.21987,1083.07,0,PUBLIC_P5MIN_202609150815_20260915081137.zip
2026-09-15 08:15:00,SA1,,-5.43226,1057.07,0,PUBLIC_P5MIN_202609150815_20260915081137.zip
2026-09-15 08:15:00,SA1,,-6.66716,1031.07,0,PUBLIC_P5MIN_202609150815_20260915081137.zip
2026-09-15 08:15:00,TAS1,,10.06,1072.11,0,PUBLIC_P5MIN_202609150815_20260915081137.zip
2026-09-15 08:15:00,TAS1,,10.06,1066.11,0,PUBLIC_P5MIN_202609150815_20260915081137.zip
2026-09-15 08:15:00,TAS1,,10.06,1060.11,0,PUBLIC_P5MIN_202609150815_20260915081137.zip
2026-09-15 08:15:00,TAS1,,10.04,1053.11,0,PUBLIC_P5MIN_202609150815_20260915081137.zip
2026-09-15 08:15:00,TAS1,,2.14,1045.11,0,PUBLIC_P5MIN_202609150815_20260915081137.zip
2026-09-15 08:15:00,TAS1,,88.22,1037.11,0,PUBLIC_P5MIN_202609150815_20260915081137.zip
2026-09-15 08:15:00,TAS1,,10.22,1029.11,0,PUBLIC_P5MIN_202609150815_20260915081137.zip
2026-09-15 08:15:00,TAS1,,10.22,1021.11,0,PUBLIC_P5MIN_202609150815_20260915081137.zip
2026-09-15 08:15:00,TAS1,,10.22,1013.11,0,PUBLIC_P5MIN_202609150815_20260915081137.zip
2026-09-15 08:15:00,TAS1,,10.22,1005.11,0,PUBLIC_P5MIN_202609150815_20260915081137.zip
2026-09-15 08:15:00,TAS1,,320.04,997.11,0,PUBLIC_P5MIN_202609150815_20260915081137.zip
2026-09-15 08:15:00,TAS1,,320.04,989.11,0,PUBLIC_P5MIN_202609150815_20260915081137.zip
2026-09-15 08:15:00,VIC1,,1.97861,5182.13,0,PUBLIC_P5MIN_202609150815_20260915081137.zip
2026-09-15 08:15:00,VIC1,,1.83739,5125.13,0,PUBLIC_P5MIN_202609150815_20260915081137.zip
2026-09-15 08:15:00,VIC1,,0.01079,5067.13,0,PUBLIC_P5MIN_202609150815_20260915081137.zip
2026-09-15 08:15:00,VIC1,,0.01024,5009.13,0,PUBLIC_P5MIN_202609150815_20260915081137.zip
2026-09-15 08:15:00,VIC1,,5e-05,4950.13,0,PUBLIC_P5MIN_202609150815_20260915081137.zip
2026-09-15 08:15:00,VIC1,,-1.1265,4891.13,0,PUBLIC_P5MIN_202609150815_20260915081137.zip
2026-09-15 08:15:00,VIC1,,-2.99,4833.13,0,PUBLIC_P5MIN_202609150815_20260915081137.zip
2026-09-15 08:15:00,VIC1,,-4.523,4776.13,0,PUBLIC_P5MIN_202609150815_20260915081137.zip
2026-09-15 08:15:00,VIC1,,-5.0,4719.13,0,PUBLIC_P5MIN_202609150815_20260915081137.zip
2026-09-15 08:15:00,VIC1,,-5.26327,4660.13,0,PUBLIC_P5MIN_202609150815_20260915081137.zip
2026-09-15 08:15:00,VIC1,,-5.2888,4601.13,0,PUBLIC_P5MIN_202609150815_20260915081137.zip
2026-09-15 08:15:00,VIC1,,-6.49108,4543.13,0,PUBLIC_P5MIN_202609150815_20260915081137.zip
2026-09-15 08:20:00,NSW1,,2.12,6378.64,0,PUBLIC_P5MIN_202609150820_20260915081646.zip
2026-09-15 08:20:00,NSW1,,0.01207,6302.64,0,PUBLIC_P5MIN_202609150820_20260915081646.zip
2026-09-15 08:20:00,NSW1,,0.01163,6225.64,0,PUBLIC_P5MIN_202609150820_20260915081646.zip
2026-09-15 08:20:00,NSW1,,-0.61498,6150.64,0,PUBLIC_P5MIN_202609150820_20260915081646.zip
2026-09-15 08:20:00,NSW1,,-1.23519,6075.64,0,PUBLIC_P5MIN_202609150820_20260915081646.zip
2026-09-15 08:20:00,NSW1,,-4.34287,5999.64,0,PUBLIC_P5MIN_202609150820_20260915081646.zip
2026-09-15 08:20:00,NSW1,,-5.17,5923.64,0,PUBLIC_P5MIN_202609150820_20260915081646.zip
2026-09-15 08:20:00,NSW1,,-5.54682,5848.64,0,PUBLIC_P5MIN_202609150820_20260915081646.zip
2026-09-15 08:20:00,NSW1,,-5.74747,5775.64,0,PUBLIC_P5MIN_202609150820_20260915081646.zip
2026-09-15 08:20:00,NSW1,,-6.27844,5702.64,0,PUBLIC_P5MIN_202609150820_20260915081646.zip
2026-09-15 08:20:00,NSW1,,-7.04179,5633.64,0,PUBLIC_P5MIN_202609150820_20260915081646.zip
2026-09-15 08:20:00,NSW1,,-7.14432,5566.64,0,PUBLIC_P5MIN_202609150820_20260915081646.zip
2026-09-15 08:20:00,QLD1,,0.0,5000.99,0,PUBLIC_P5MIN_202609150820_20260915081646.zip
2026-09-15 08:20:00,QLD1,,-1.31,4920.99,0,PUBLIC_P5MIN_202609150820_20260915081646.zip
2026-09-15 08:20:00,QLD1,,-2.98,4843.99,0,PUBLIC_P5MIN_202609150820_20260915081646.zip
2026-09-15 08:20:00,QLD1,,-2.98,4770.99,0,PUBLIC_P5MIN_202609150820_20260915081646.zip
2026-09-15 08:20:00,QLD1,,-3.0,4698.99,0,PUBLIC_P5MIN_202609150820_20260915081646.zip
2026-09-15 08:20:00,QLD1,,-3.49,4625.99,0,PUBLIC_P5MIN_202609150820_20260915081646.zip
2026-09-15 08:20:00,QLD1,,-4.1811,4554.99,0,PUBLIC_P5MIN_202609150820_20260915081646.zip
2026-09-15 08:20:00,QLD1,,-4.51434,4486.99,0,PUBLIC_P5MIN_202609150820_20260915081646.zip
2026-09-15 08:20:00,QLD1,,-4.64811,4419.99,0,PUBLIC_P5MIN_202609150820_20260915081646.zip
2026-09-15 08:20:00,QLD1,,-5.04546,4356.99,0,PUBLIC_P5MIN_202609150820_20260915081646.zip
2026-09-15 08:20:00,QLD1,,-5.73104,4295.99,0,PUBLIC_P5MIN_202609150820_20260915081646.zip
2026-09-15 08:20:00,QLD1,,-5.77778,4238.99,0,PUBLIC_P5MIN_202609150820_20260915081646.zip
2026-09-15 08:20:00,SA1,,1.90991,1262.91,0,PUBLIC_P5MIN_202609150820_20260915081646.zip
2026-09-15 08:20:00,SA1,,0.00998,1239.91,0,PUBLIC_P5MIN_202609150820_20260915081646.zip
2026-09-15 08:20:00,SA1,,0.00962,1216.91,0,PUBLIC_P5MIN_202609150820_20260915081646.zip
2026-09-15 08:20:00,SA1,,-0.52261,1192.91,0,PUBLIC_P5MIN_202609150820_20260915081646.zip
2026-09-15 08:20:00,SA1,,-1.09995,1167.91,0,PUBLIC_P5MIN_202609150820_20260915081646.zip
2026-09-15 08:20:00,SA1,,-3.9443,1141.91,0,PUBLIC_P5MIN_202609150820_20260915081646.zip
2026-09-15 08:20:00,SA1,,-4.58606,1115.91,0,PUBLIC_P5MIN_202609150820_20260915081646.zip
2026-09-15 08:20:00,SA1,,-4.8632,1089.91,0,PUBLIC_P5MIN_202609150820_20260915081646.zip
2026-09-15 08:20:00,SA1,,-5.22,1063.91,0,PUBLIC_P5MIN_202609150820_20260915081646.zip
2026-09-15 08:20:00,SA1,,-6.00002,1037.91,0,PUBLIC_P5MIN_202609150820_20260915081646.zip
2026-09-15 08:20:00,SA1,,-6.67632,1011.91,0,PUBLIC_P5MIN_202609150820_20260915081646.zip
2026-09-15 08:20:00,SA1,,-7.1,985.91,0,PUBLIC_P5MIN_202609150820_20260915081646.zip
2026-09-15 08:20:00,TAS1,,2.06694,1026.84,0,PUBLIC_P5MIN_202609150820_20260915081646.zip
2026-09-15 08:20:00,TAS1,,0.01109,1020.84,0,PUBLIC_P5MIN_202609150820_20260915081646.zip
2026-09-15 08:20:00,TAS1,,0.01074,1013.84,0,PUBLIC_P5MIN_202609150820_20260915081646.zip
2026-09-15 08:20:00,TAS1,,-0.57867,1006.84,0,PUBLIC_P5MIN_202609150820_20260915081646.zip
2026-09-15 08:20:00,TAS1,,10.22,999.84,0,PUBLIC_P5MIN_202609150820_20260915081646.zip
2026-09-15 08:20:00,TAS1,,2.14,992.84,0,PUBLIC_P5MIN_202609150820_20260915081646.zip
2026-09-15 08:20:00,TAS1,,2.14,985.84,0,PUBLIC_P5MIN_202609150820_20260915081646.zip
2026-09-15 08:20:00,TAS1,,0.22,977.84,0,PUBLIC_P5MIN_202609150820_20260915081646.zip
2026-09-15 08:20:00,TAS1,,0.22,969.84,0,PUBLIC_P5MIN_202609150820_20260915081646.zip
2026-09-15 08:20:00,TAS1,,88.22,961.84,0,PUBLIC_P5MIN_202609150820_20260915081646.zip
2026-09-15 08:20:00,TAS1,,88.22,953.84,0,PUBLIC_P5MIN_202609150820_20260915081646.zip
2026-09-15 08:20:00,TAS1,,88.22,945.84,0,PUBLIC_P5MIN_202609150820_20260915081646.zip
2026-09-15 08:20:00,VIC1,,1.97513,5099.35,0,PUBLIC_P5MIN_202609150820_20260915081646.zip
2026-09-15 08:20:00,VIC1,,0.01054,5040.35,0,PUBLIC_P5MIN_202609150820_20260915081646.zip
2026-09-15 08:20:00,VIC1,,0.01024,4981.35,0,PUBLIC_P5MIN_202609150820_20260915081646.zip
2026-09-15 08:20:00,VIC1,,-0.55,4922.35,0,PUBLIC_P5MIN_202609150820_20260915081646.zip
2026-09-15 08:20:00,VIC1,,-1.11342,4863.35,0,PUBLIC_P5MIN_202609150820_20260915081646.zip
2026-09-15 08:20:00,VIC1,,-3.9771,4805.35,0,PUBLIC_P5MIN_202609150820_20260915081646.zip
2026-09-15 08:20:00,VIC1,,-4.66033,4748.35,0,PUBLIC_P5MIN_202609150820_20260915081646.zip
2026-09-15 08:20:00,VIC1,,-5.0,4691.35,0,PUBLIC_P5MIN_202609150820_20260915081646.zip
2026-09-15 08:20:00,VIC1,,-5.26341,4633.35,0,PUBLIC_P5MIN_202609150820_20260915081646.zip
2026-09-15 08:20:00,VIC1,,-5.84156,4574.35,0,PUBLIC_P5MIN_202609150820_20260915081646.zip
2026-09-15 08:20:00,VIC1,,-6.5,4517.35,0,PUBLIC_P5MIN_202609150820_20260915081646.zip
2026-09-15 08:20:00,VIC1,,-6.70025,4461.35,0,PUBLIC_P5MIN_202609150820_20260915081646.zip
2026-09-15 08:25:00,NSW1,,0.06,6358.59,0,PUBLIC_P5MIN_202609150825_20260915082155.zip
2026-09-15 08:25:00,NSW1,,0.01172,6279.59,0,PUBLIC_P5MIN_202609150825_20260915082155.zip
2026-09-15 08:25:00,NSW1,,-1.19573,6202.59,0,PUBLIC_P5MIN_202609150825_20260915082155.zip
2026-09-15 08:25:00,NSW1,,-1.22561,6125.59,0,PUBLIC_P5MIN_202609150825_20260915082155.zip
2026-09-15 08:25:00,NSW1,,-3.73313,6047.59,0,PUBLIC_P5MIN_202609150825_20260915082155.zip
2026-09-15 08:25:00,NSW1,,-5.17,5970.59,0,PUBLIC_P5MIN_202609150825_20260915082155.zip
2026-09-15 08:25:00,NSW1,,-5.17,5894.59,0,PUBLIC_P5MIN_202609150825_20260915082155.zip
2026-09-15 08:25:00,NSW1,,-5.17,5820.59,0,PUBLIC_P5MIN_202609150825_20260915082155.zip
2026-09-15 08:25:00,NSW1,,-5.17,5747.59,0,PUBLIC_P5MIN_202609150825_20260915082155.zip
2026-09-15 08:25:00,NSW1,,-6.51,5678.59,0,PUBLIC_P5MIN_202609150825_20260915082155.zip
2026-09-15 08:25:00,NSW1,,-6.51,5612.59,0,PUBLIC_P5MIN_202609150825_20260915082155.zip
2026-09-15 08:25:00,NSW1,,-6.88797,5547.59,0,PUBLIC_P5MIN_202609150825_20260915082155.zip
2026-09-15 08:25:00,QLD1,,-2.96,4938.99,0,PUBLIC_P5MIN_202609150825_20260915082155.zip
2026-09-15 08:25:00,QLD1,,-2.96,4864.99,0,PUBLIC_P5MIN_202609150825_20260915082155.zip
2026-09-15 08:25:00,QLD1,,-2.96,4793.99,0,PUBLIC_P5MIN_202609150825_20260915082155.zip
2026-09-15 08:25:00,QLD1,,-2.98,4723.99,0,PUBLIC_P5MIN_202609150825_20260915082155.zip
2026-09-15 08:25:00,QLD1,,-3.0,4652.99,0,PUBLIC_P5MIN_202609150825_20260915082155.zip
2026-09-15 08:25:00,QLD1,,-4.23441,4583.99,0,PUBLIC_P5MIN_202609150825_20260915082155.zip
2026-09-15 08:25:00,QLD1,,-4.26133,4516.99,0,PUBLIC_P5MIN_202609150825_20260915082155.zip
2026-09-15 08:25:00,QLD1,,-4.23441,4450.99,0,PUBLIC_P5MIN_202609150825_20260915082155.zip
2026-09-15 08:25:00,QLD1,,-4.26133,4387.99,0,PUBLIC_P5MIN_202609150825_20260915082155.zip
2026-09-15 08:25:00,QLD1,,-5.36581,4325.99,0,PUBLIC_P5MIN_202609150825_20260915082155.zip
2026-09-15 08:25:00,QLD1,,-5.33192,4267.99,0,PUBLIC_P5MIN_202609150825_20260915082155.zip
2026-09-15 08:25:00,QLD1,,-5.71344,4214.99,0,PUBLIC_P5MIN_202609150825_20260915082155.zip
2026-09-15 08:25:00,SA1,,0.05225,1239.62,0,PUBLIC_P5MIN_202609150825_20260915082155.zip
2026-09-15 08:25:00,SA1,,0.00965,1216.62,0,PUBLIC_P5MIN_202609150825_20260915082155.zip
2026-09-15 08:25:00,SA1,,-1.02,1192.62,0,PUBLIC_P5MIN_202609150825_20260915082155.zip
2026-09-15 08:25:00,SA1,,-1.09995,1167.62,0,PUBLIC_P5MIN_202609150825_20260915082155.zip
2026-09-15 08:25:00,SA1,,-3.33736,1141.62,0,PUBLIC_P5MIN_202609150825_20260915082155.zip
2026-09-15 08:25:00,SA1,,-4.55005,1114.62,0,PUBLIC_P5MIN_202609150825_20260915082155.zip
2026-09-15 08:25:00,SA1,,-4.88217,1088.62,0,PUBLIC_P5MIN_202609150825_20260915082155.zip
2026-09-15 08:25:00,SA1,,-5.17,1062.62,0,PUBLIC_P5MIN_202609150825_20260915082155.zip
2026-09-15 08:25:00,SA1,,-5.22,1036.62,0,PUBLIC_P5MIN_202609150825_20260915082155.zip
2026-09-15 08:25:00,SA1,,-6.09962,1010.62,0,PUBLIC_P5MIN_202609150825_20260915082155.zip
2026-09-15 08:25:00,SA1,,-7.09993,985.62,0,PUBLIC_P5MIN_202609150825_20260915082155.zip
2026-09-15 08:25:00,SA1,,-7.15,960.62,0,PUBLIC_P5MIN_202609150825_20260915082155.zip
2026-09-15 08:25:00,TAS1,,0.05597,1002.38,0,PUBLIC_P5MIN_202609150825_20260915082155.zip
2026-09-15 08:25:00,TAS1,,0.01057,995.38,0,PUBLIC_P5MIN_202609150825_20260915082155.zip
2026-09-15 08:25:00,TAS1,,-1.09901,988.38,0,PUBLIC_P5MIN_202609150825_20260915082155.zip
2026-09-15 08:25:00,TAS1,,-1.14436,981.38,0,PUBLIC_P5MIN_202609150825_20260915082155.zip
2026-09-15 08:25:00,TAS1,,-3.48563,974.38,0,PUBLIC_P5MIN_202609150825_20260915082155.zip
2026-09-15 08:25:00,TAS1,,-4.77425,967.38,0,PUBLIC_P5MIN_202609150825_20260915082155.zip
2026-09-15 08:25:00,TAS1,,-5.16276,959.38,0,PUBLIC_P5MIN_202609150825_20260915082155.zip
2026-09-15 08:25:00,TAS1,,-5.49244,951.38,0,PUBLIC_P5MIN_202609150825_20260915082155.zip
2026-09-15 08:25:00,TAS1,,3.14,943.38,0,PUBLIC_P5MIN_202609150825_20260915082155.zip
2026-09-15 08:25:00,TAS1,,10.22,935.38,0,PUBLIC_P5MIN_202609150825_20260915082155.zip
2026-09-15 08:25:00,TAS1,,10.22,927.38,0,PUBLIC_P5MIN_202609150825_20260915082155.zip
2026-09-15 08:25:00,TAS1,,10.22,919.38,0,PUBLIC_P5MIN_202609150825_20260915082155.zip
2026-09-15 08:25:00,VIC1,,0.0545,5034.67,0,PUBLIC_P5MIN_202609150825_20260915082155.zip
2026-09-15 08:25:00,VIC1,,0.01024,4975.67,0,PUBLIC_P5MIN_202609150825_20260915082155.zip
2026-09-15 08:25:00,VIC1,,-1.06101,4915.67,0,PUBLIC_P5MIN_202609150825_20260915082155.zip
2026-09-15 08:25:00,VIC1,,-1.10479,4855.67,0,PUBLIC_P5MIN_202609150825_20260915082155.zip
2026-09-15 08:25:00,VIC1,,-3.36511,4797.67,0,PUBLIC_P5MIN_202609150825_20260915082155.zip
2026-09-15 08:25:00,VIC1,,-4.62374,4740.67,0,PUBLIC_P5MIN_202609150825_20260915082155.zip
2026-09-15 08:25:00,VIC1,,-5.0,4683.67,0,PUBLIC_P5MIN_202609150825_20260915082155.zip
2026-09-15 08:25:00,VIC1,,-5.33615,4625.67,0,PUBLIC_P5MIN_202609150825_20260915082155.zip
2026-09-15 08:25:00,VIC1,,-5.16194,4567.67,0,PUBLIC_P5MIN_202609150825_20260915082155.zip
2026-09-15 08:25:00,VIC1,,-5.96171,4511.67,0,PUBLIC_P5MIN_202609150825_20260915082155.zip
2026-09-15 08:25:00,VIC1,,-6.83209,4456.67,0,PUBLIC_P5MIN_202609150825_20260915082155.zip
2026-09-15 08:25:00,VIC1,,-6.69499,4403.67,0,PUBLIC_P5MIN_202609150825_20260915082155.zip
2026-09-15 08:30:00,NSW1,,0.0112,6199.04,0,PUBLIC_P5MIN_202609150830_20260915082651.zip
2026-09-15 08:30:00,NSW1,,-1.19573,6124.04,0,PUBLIC_P5MIN_202609150830_20260915082651.zip
2026-09-15 08:30:00,NSW1,,-3.34324,6049.04,0,PUBLIC_P5MIN_202609150830_20260915082651.zip
2026-09-15 08:30:00,NSW1,,-3.68613,5973.04,0,PUBLIC_P5MIN_202609150830_20260915082651.zip
2026-09-15 08:30:00,NSW1,,-5.17,5898.04,0,PUBLIC_P5MIN_202609150830_20260915082651.zip
2026-09-15 08:30:00,NSW1,,-4.55414,5823.04,0,PUBLIC_P5MIN_202609150830_20260915082651.zip
2026-09-15 08:30:00,NSW1,,-5.50213,5750.04,0,PUBLIC_P5MIN_202609150830_20260915082651.zip
2026-09-15 08:30:00,NSW1,,-5.17,5678.04,0,PUBLIC_P5MIN_202609150830_20260915082651.zip
2026-09-15 08:30:00,NSW1,,-5.82619,5610.04,0,PUBLIC_P5MIN_202609150830_20260915082651.zip
2026-09-15 08:30:00,NSW1,,-6.51,5544.04,0,PUBLIC_P5MIN_202609150830_20260915082651.zip
2026-09-15 08:30:00,NSW1,,-7.1877,5478.04,0,PUBLIC_P5MIN_202609150830_20260915082651.zip
2026-09-15 08:30:00,NSW1,,-7.09715,5416.04,0,PUBLIC_P5MIN_202609150830_20260915082651.zip
2026-09-15 08:30:00,QLD1,,-2.96,4879.93,0,PUBLIC_P5MIN_202609150830_20260915082651.zip
2026-09-15 08:30:00,QLD1,,-0.95484,4810.93,0,PUBLIC_P5MIN_202609150830_20260915082651.zip
2026-09-15 08:30:00,QLD1,,-2.96,4741.93,0,PUBLIC_P5MIN_202609150830_20260915082651.zip
2026-09-15 08:30:00,QLD1,,-3.0,4671.93,0,PUBLIC_P5MIN_202609150830_20260915082651.zip
2026-09-15 08:30:00,QLD1,,-4.26133,4602.93,0,PUBLIC_P5MIN_202609150830_20260915082651.zip
2026-09-15 08:30:00,QLD1,,-3.73,4536.93,0,PUBLIC_P5MIN_202609150830_20260915082651.zip
2026-09-15 08:30:00,QLD1,,-4.53509,4470.93,0,PUBLIC_P5MIN_202609150830_20260915082651.zip
2026-09-15 08:30:00,QLD1,,-4.28842,4407.93,0,PUBLIC_P5MIN_202609150830_20260915082651.zip
2026-09-15 08:30:00,QLD1,,-4.83272,4345.93,0,PUBLIC_P5MIN_202609150830_20260915082651.zip
2026-09-15 08:30:00,QLD1,,-5.36581,4286.93,0,PUBLIC_P5MIN_202609150830_20260915082651.zip
2026-09-15 08:30:00,QLD1,,-5.99997,4232.93,0,PUBLIC_P5MIN_202609150830_20260915082651.zip
2026-09-15 08:30:00,QLD1,,-6.0,4182.93,0,PUBLIC_P5MIN_202609150830_20260915082651.zip
2026-09-15 08:30:00,SA1,,0.00974,1219.34,0,PUBLIC_P5MIN_202609150830_20260915082651.zip
2026-09-15 08:30:00,SA1,,-1.02,1194.34,0,PUBLIC_P5MIN_202609150830_20260915082651.zip
2026-09-15 08:30:00,SA1,,-2.97691,1168.34,0,PUBLIC_P5MIN_202609150830_20260915082651.zip
2026-09-15 08:30:00,SA1,,-3.25677,1141.34,0,PUBLIC_P5MIN_202609150830_20260915082651.zip
2026-09-15 08:30:00,SA1,,-4.46166,1114.34,0,PUBLIC_P5MIN_202609150830_20260915082651.zip
2026-09-15 08:30:00,SA1,,-4.8632,1088.34,0,PUBLIC_P5MIN_202609150830_20260915082651.zip
2026-09-15 08:30:00,SA1,,-5.17,1062.34,0,PUBLIC_P5MIN_202609150830_20260915082651.zip
2026-09-15 08:30:00,SA1,,-6.32624,1036.34,0,PUBLIC_P5MIN_202609150830_20260915082651.zip
2026-09-15 08:30:00,SA1,,-6.57311,1010.34,0,PUBLIC_P5MIN_202609150830_20260915082651.zip
2026-09-15 08:30:00,SA1,,-7.15,985.34,0,PUBLIC_P5MIN_202609150830_20260915082651.zip
2026-09-15 08:30:00,SA1,,-7.25,960.34,0,PUBLIC_P5MIN_202609150830_20260915082651.zip
2026-09-15 08:30:00,SA1,,-8.0,936.34,0,PUBLIC_P5MIN_202609150830_20260915082651.zip
2026-09-15 08:30:00,TAS1,,0.01055,1000.05,0,PUBLIC_P5MIN_202609150830_20260915082651.zip
2026-09-15 08:30:00,TAS1,,-1.10247,993.05,0,PUBLIC_P5MIN_202609150830_20260915082651.zip
2026-09-15 08:30:00,TAS1,,-3.10685,986.05,0,PUBLIC_P5MIN_202609150830_20260915082651.zip
2026-09-15 08:30:00,TAS1,,-3.41473,979.05,0,PUBLIC_P5MIN_202609150830_20260915082651.zip
2026-09-15 08:30:00,TAS1,,-4.71462,972.05,0,PUBLIC_P5MIN_202609150830_20260915082651.zip
2026-09-15 08:30:00,TAS1,,-5.16276,965.05,0,PUBLIC_P5MIN_202609150830_20260915082651.zip
2026-09-15 08:30:00,TAS1,,-5.48845,958.05,0,PUBLIC_P5MIN_202609150830_20260915082651.zip
2026-09-15 08:30:00,TAS1,,10.22,950.05,0,PUBLIC_P5MIN_202609150830_20260915082651.zip
2026-09-15 08:30:00,TAS1,,10.22,942.05,0,PUBLIC_P5MIN_202609150830_20260915082651.zip
2026-09-15 08:30:00,TAS1,,10.22,934.05,0,PUBLIC_P5MIN_202609150830_20260915082651.zip
2026-09-15 08:30:00,TAS1,,10.22,926.05,0,PUBLIC_P5MIN_202609150830_20260915082651.zip
2026-09-15 08:30:00,TAS1,,10.22,918.05,0,PUBLIC_P5MIN_202609150830_20260915082651.zip
2026-09-15 08:30:00,VIC1,,0.01024,4872.75,0,PUBLIC_P5MIN_202609150830_20260915082651.zip
2026-09-15 08:30:00,VIC1,,-1.06101,4808.75,0,PUBLIC_P5MIN_202609150830_20260915082651.zip
2026-09-15 08:30:00,VIC1,,-2.99,4745.75,0,PUBLIC_P5MIN_202609150830_20260915082651.zip
2026-09-15 08:30:00,VIC1,,-3.29665,4683.75,0,PUBLIC_P5MIN_202609150830_20260915082651.zip
2026-09-15 08:30:00,VIC1,,-4.5516,4623.75,0,PUBLIC_P5MIN_202609150830_20260915082651.zip
2026-09-15 08:30:00,VIC1,,-5.0,4564.75,0,PUBLIC_P5MIN_202609150830_20260915082651.zip
2026-09-15 08:30:00,VIC1,,-5.31543,4504.75,0,PUBLIC_P5MIN_202609150830_20260915082651.zip
2026-09-15 08:30:00,VIC1,,-6.23157,4445.75,0,PUBLIC_P5MIN_202609150830_20260915082651.zip
2026-09-15 08:30:00,VIC1,,-6.5,4389.75,0,PUBLIC_P5MIN_202609150830_20260915082651.zip
2026-09-15 08:30:00,VIC1,,-6.72117,4335.75,0,PUBLIC_P5MIN_202609150830_20260915082651.zip
2026-09-15 08:30:00,VIC1,,-7.0408,4283.75,0,PUBLIC_P5MIN_202609150830_20260915082651.zip
2026-09-15 08:30:00,VIC1,,-7.51,4231.75,0,PUBLIC_P5MIN_202609150830_20260915082651.zip
2026-09-15 08:35:00,NSW1,,6e-05,6148.82,0,PUBLIC_P5MIN_202609150835_20260915083150.zip
2026-09-15 08:35:00,NSW1,,-3.36966,6073.82,0,PUBLIC_P5MIN_202609150835_20260915083150.zip
2026-09-15 08:35:00,NSW1,,-5.01,5997.82,0,PUBLIC_P5MIN_202609150835_20260915083150.zip
2026-09-15 08:35:00,NSW1,,-5.72405,5922.82,0,PUBLIC_P5MIN_202609150835_20260915083150.zip
2026-09-15 08:35:00,NSW1,,-5.17,5847.82,0,PUBLIC_P5MIN_202609150835_20260915083150.zip
2026-09-15 08:35:00,NSW1,,-6.83794,5774.82,0,PUBLIC_P5MIN_202609150835_20260915083150.zip
2026-09-15 08:35:00,NSW1,,-5.17,5702.82,0,PUBLIC_P5MIN_202609150835_20260915083150.zip
2026-09-15 08:35:00,NSW1,,-6.38907,5634.82,0,PUBLIC_P5MIN_202609150835_20260915083150.zip
2026-09-15 08:35:00,NSW1,,-7.32566,5568.82,0,PUBLIC_P5MIN_202609150835_20260915083150.zip
2026-09-15 08:35:00,NSW1,,-7.23343,5503.82,0,PUBLIC_P5MIN_202609150835_20260915083150.zip
2026-09-15 08:35:00,NSW1,,-7.18773,5442.82,0,PUBLIC_P5MIN_202609150835_20260915083150.zip
2026-09-15 08:35:00,NSW1,,-7.56829,5384.82,0,PUBLIC_P5MIN_202609150835_20260915083150.zip
2026-09-15 08:35:00,QLD1,,-2.96,4767.92,0,PUBLIC_P5MIN_202609150835_20260915083150.zip
2026-09-15 08:35:00,QLD1,,-2.98,4701.92,0,PUBLIC_P5MIN_202609150835_20260915083150.zip
2026-09-15 08:35:00,QLD1,,-4.07745,4634.92,0,PUBLIC_P5MIN_202609150835_20260915083150.zip
2026-09-15 08:35:00,QLD1,,-4.62917,4568.92,0,PUBLIC_P5MIN_202609150835_20260915083150.zip
2026-09-15 08:35:00,QLD1,,-4.15469,4505.92,0,PUBLIC_P5MIN_202609150835_20260915083150.zip
2026-09-15 08:35:00,QLD1,,-5.53,4442.92,0,PUBLIC_P5MIN_202609150835_20260915083150.zip
2026-09-15 08:35:00,QLD1,,-4.1811,4381.92,0,PUBLIC_P5MIN_202609150835_20260915083150.zip
2026-09-15 08:35:00,QLD1,,-5.16699,4321.92,0,PUBLIC_P5MIN_202609150835_20260915083150.zip
2026-09-15 08:35:00,QLD1,,-5.99997,4263.92,0,PUBLIC_P5MIN_202609150835_20260915083150.zip
2026-09-15 08:35:00,QLD1,,-6.0,4209.92,0,PUBLIC_P5MIN_202609150835_20260915083150.zip
2026-09-15 08:35:00,QLD1,,-6.0,4159.92,0,PUBLIC_P5MIN_202609150835_20260915083150.zip
2026-09-15 08:35:00,QLD1,,-6.48,4113.92,0,PUBLIC_P5MIN_202609150835_20260915083150.zip
2026-09-15 08:35:00,SA1,,5e-05,1166.76,0,PUBLIC_P5MIN_202609150835_20260915083150.zip
2026-09-15 08:35:00,SA1,,-2.91954,1139.76,0,PUBLIC_P5MIN_202609150835_20260915083150.zip
2026-09-15 08:35:00,SA1,,-4.2898,1112.76,0,PUBLIC_P5MIN_202609150835_20260915083150.zip
2026-09-15 08:35:00,SA1,,-4.84431,1084.76,0,PUBLIC_P5MIN_202609150835_20260915083150.zip
2026-09-15 08:35:00,SA1,,-6.09699,1057.76,0,PUBLIC_P5MIN_202609150835_20260915083150.zip
2026-09-15 08:35:00,SA1,,-6.91513,1030.76,0,PUBLIC_P5MIN_202609150835_20260915083150.zip
2026-09-15 08:35:00,SA1,,-7.01,1004.76,0,PUBLIC_P5MIN_202609150835_20260915083150.zip
2026-09-15 08:35:00,SA1,,-8.0,978.76,0,PUBLIC_P5MIN_202609150835_20260915083150.zip
2026-09-15 08:35:00,SA1,,-7.44963,953.76,0,PUBLIC_P5MIN_202609150835_20260915083150.zip
2026-09-15 08:35:00,SA1,,-8.0,929.76,0,PUBLIC_P5MIN_202609150835_20260915083150.zip
2026-09-15 08:35:00,SA1,,-12.66295,905.76,0,PUBLIC_P5MIN_202609150835_20260915083150.zip
2026-09-15 08:35:00,SA1,,-15.3105,882.76,0,PUBLIC_P5MIN_202609150835_20260915083150.zip
2026-09-15 08:35:00,TAS1,,6e-05,1005.82,0,PUBLIC_P5MIN_202609150835_20260915083150.zip
2026-09-15 08:35:00,TAS1,,2.02,998.82,0,PUBLIC_P5MIN_202609150835_20260915083150.zip
2026-09-15 08:35:00,TAS1,,1.02,991.82,0,PUBLIC_P5MIN_202609150835_20260915083150.zip
2026-09-15 08:35:00,TAS1,,0.02,984.82,0,PUBLIC_P5MIN_202609150835_20260915083150.zip
2026-09-15 08:35:00,TAS1,,-6.37822,977.82,0,PUBLIC_P5MIN_202609150835_20260915083150.zip
2026-09-15 08:35:00,TAS1,,-7.23964,970.82,0,PUBLIC_P5MIN_202609150835_20260915083150.zip
2026-09-15 08:35:00,TAS1,,12.14,962.82,0,PUBLIC_P5MIN_202609150835_20260915083150.zip
2026-09-15 08:35:00,TAS1,,88.22,954.82,0,PUBLIC_P5MIN_202609150835_20260915083150.zip
2026-09-15 08:35:00,TAS1,,13.14,946.82,0,PUBLIC_P5MIN_202609150835_20260915083150.zip
2026-09-15 08:35:00,TAS1,,13.14,938.82,0,PUBLIC_P5MIN_202609150835_20260915083150.zip
2026-09-15 08:35:00,TAS1,,12.14,930.82,0,PUBLIC_P5MIN_202609150835_20260915083150.zip
2026-09-15 08:35:00,TAS1,,12.14,922.82,0,PUBLIC_P5MIN_202609150835_20260915083150.zip
2026-09-15 08:35:00,VIC1,,5e-05,4819.49,0,PUBLIC_P5MIN_202609150835_20260915083150.zip
2026-09-15 08:35:00,VIC1,,-2.99,4753.49,0,PUBLIC_P5MIN_202609150835_20260915083150.zip
2026-09-15 08:35:00,VIC1,,-4.37627,4689.49,0,PUBLIC_P5MIN_202609150835_20260915083150.zip
2026-09-15 08:35:00,VIC1,,-5.0,4627.49,0,PUBLIC_P5MIN_202609150835_20260915083150.zip
2026-09-15 08:35:00,VIC1,,-6.10001,4565.49,0,PUBLIC_P5MIN_202609150835_20260915083150.zip
2026-09-15 08:35:00,VIC1,,-6.94554,4503.49,0,PUBLIC_P5MIN_202609150835_20260915083150.zip
2026-09-15 08:35:00,VIC1,,-6.87825,4443.49,0,PUBLIC_P5MIN_202609150835_20260915083150.zip
2026-09-15 08:35:00,VIC1,,-7.4909,4386.49,0,PUBLIC_P5MIN_202609150835_20260915083150.zip
2026-09-15 08:35:00,VIC1,,-7.99987,4332.49,0,PUBLIC_P5MIN_202609150835_20260915083150.zip
2026-09-15 08:35:00,VIC1,,-8.16015,4281.49,0,PUBLIC_P5MIN_202609150835_20260915083150.zip
2026-09-15 08:35:00,VIC1,,-11.95,4230.49,0,PUBLIC_P5MIN_202609150835_20260915083150.zip
2026-09-15 08:35:00,VIC1,,-14.44849,4179.49,0,PUBLIC_P5MIN_202609150835_20260915083150.zip
2026-09-15 08:40:00,NSW1,,-1.17561,6070.48,0,PUBLIC_P5MIN_202609150840_20260915083657.zip
2026-09-15 08:40:00,NSW1,,-4.31545,5992.48,0,PUBLIC_P5MIN_202609150840_20260915083657.zip
2026-09-15 08:40:00,NSW1,,-5.17,5914.48,0,PUBLIC_P5MIN_202609150840_20260915083657.zip
2026-09-15 08:40:00,NSW1,,-5.17,5837.48,0,PUBLIC_P5MIN_202609150840_20260915083657.zip
2026-09-15 08:40:00,NSW1,,-6.71217,5762.48,0,PUBLIC_P5MIN_202609150840_20260915083657.zip
2026-09-15 08:40:00,NSW1,,-6.50908,5688.48,0,PUBLIC_P5MIN_202609150840_20260915083657.zip
2026-09-15 08:40:00,NSW1,,-7.28139,5619.48,0,PUBLIC_P5MIN_202609150840_20260915083657.zip
2026-09-15 08:40:00,NSW1,,-7.49663,5552.48,0,PUBLIC_P5MIN_202609150840_20260915083657.zip
2026-09-15 08:40:00,NSW1,,-7.63126,5486.48,0,PUBLIC_P5MIN_202609150840_20260915083657.zip
2026-09-15 08:40:00,NSW1,,-7.54427,5424.48,0,PUBLIC_P5MIN_202609150840_20260915083657.zip
2026-09-15 08:40:00,NSW1,,-8.01,5365.48,0,PUBLIC_P5MIN_202609150840_20260915083657.zip
2026-09-15 08:40:00,NSW1,,-8.01,5308.48,0,PUBLIC_P5MIN_202609150840_20260915083657.zip
2026-09-15 08:40:00,QLD1,,-3.0,4676.81,0,PUBLIC_P5MIN_202609150840_20260915083657.zip
2026-09-15 08:40:00,QLD1,,-3.49,4606.81,0,PUBLIC_P5MIN_202609150840_20260915083657.zip
2026-09-15 08:40:00,QLD1,,-4.1811,4538.81,0,PUBLIC_P5MIN_202609150840_20260915083657.zip
2026-09-15 08:40:00,QLD1,,-5.99993,4472.81,0,PUBLIC_P5MIN_202609150840_20260915083657.zip
2026-09-15 08:40:00,QLD1,,-5.394,4407.81,0,PUBLIC_P5MIN_202609150840_20260915083657.zip
2026-09-15 08:40:00,QLD1,,-5.2308,4345.81,0,PUBLIC_P5MIN_202609150840_20260915083657.zip
2026-09-15 08:40:00,QLD1,,-5.99997,4284.81,0,PUBLIC_P5MIN_202609150840_20260915083657.zip
2026-09-15 08:40:00,QLD1,,-6.14,4226.81,0,PUBLIC_P5MIN_202609150840_20260915083657.zip
2026-09-15 08:40:00,QLD1,,-6.29,4172.81,0,PUBLIC_P5MIN_202609150840_20260915083657.zip
2026-09-15 08:40:00,QLD1,,-6.14,4123.81,0,PUBLIC_P5MIN_202609150840_20260915083657.zip
2026-09-15 08:40:00,QLD1,,-6.72892,4079.81,0,PUBLIC_P5MIN_202609150840_20260915083657.zip
2026-09-15 08:40:00,QLD1,,-6.72892,4036.81,0,PUBLIC_P5MIN_202609150840_20260915083657.zip
2026-09-15 08:40:00,SA1,,-1.05,1149.38,0,PUBLIC_P5MIN_202609150840_20260915083657.zip
2026-09-15 08:40:00,SA1,,-3.78322,1121.38,0,PUBLIC_P5MIN_202609150840_20260915083657.zip
2026-09-15 08:40:00,SA1,,-4.42707,1093.38,0,PUBLIC_P5MIN_202609150840_20260915083657.zip
2026-09-15 08:40:00,SA1,,-5.22,1066.38,0,PUBLIC_P5MIN_202609150840_20260915083657.zip
2026-09-15 08:40:00,SA1,,-5.99999,1039.38,0,PUBLIC_P5MIN_202609150840_20260915083657.zip
2026-09-15 08:40:00,SA1,,-7.0,1012.38,0,PUBLIC_P5MIN_202609150840_20260915083657.zip
2026-09-15 08:40:00,SA1,,-7.15,986.38,0,PUBLIC_P5MIN_202609150840_20260915083657.zip
2026-09-15 08:40:00,SA1,,-7.30326,960.38,0,PUBLIC_P5MIN_202609150840_20260915083657.zip
2026-09-15 08:40:00,SA1,,-8.08028,935.38,0,PUBLIC_P5MIN_202609150840_20260915083657.zip
2026-09-15 08:40:00,SA1,,-8.70959,911.38,0,PUBLIC_P5MIN_202609150840_20260915083657.zip
2026-09-15 08:40:00,SA1,,-12.56456,888.38,0,PUBLIC_P5MIN_202609150840_20260915083657.zip
2026-09-15 08:40:00,SA1,,-8.89424,866.38,0,PUBLIC_P5MIN_202609150840_20260915083657.zip
2026-09-15 08:40:00,TAS1,,10.04,1006.68,0,PUBLIC_P5MIN_202609150840_20260915083657.zip
2026-09-15 08:40:00,TAS1,,10.04,1000.68,0,PUBLIC_P5MIN_202609150840_20260915083657.zip
2026-09-15 08:40:00,TAS1,,2.02,993.68,0,PUBLIC_P5MIN_202609150840_20260915083657.zip
2026-09-15 08:40:00,TAS1,,1.02,986.68,0,PUBLIC_P5MIN_202609150840_20260915083657.zip
2026-09-15 08:40:00,TAS1,,0.02,979.68,0,PUBLIC_P5MIN_202609150840_20260915083657.zip
2026-09-15 08:40:00,TAS1,,13.14,971.68,0,PUBLIC_P5MIN_202609150840_20260915083657.zip
2026-09-15 08:40:00,TAS1,,88.22,963.68,0,PUBLIC_P5MIN_202609150840_20260915083657.zip
2026-09-15 08:40:00,TAS1,,88.22,955.68,0,PUBLIC_P5MIN_202609150840_20260915083657.zip
2026-09-15 08:40:00,TAS1,,13.14,947.68,0,PUBLIC_P5MIN_202609150840_20260915083657.zip
2026-09-15 08:40:00,TAS1,,13.14,939.68,0,PUBLIC_P5MIN_202609150840_20260915083657.zip
2026-09-15 08:40:00,TAS1,,12.14,931.68,0,PUBLIC_P5MIN_202609150840_20260915083657.zip
2026-09-15 08:40:00,TAS1,,2.14,924.68,0,PUBLIC_P5MIN_202609150840_20260915083657.zip
2026-09-15 08:40:00,VIC1,,-1.07985,4704.13,0,PUBLIC_P5MIN_202609150840_20260915083657.zip
2026-09-15 08:40:00,VIC1,,-3.85948,4638.13,0,PUBLIC_P5MIN_202609150840_20260915083657.zip
2026-09-15 08:40:00,VIC1,,-4.5516,4574.13,0,PUBLIC_P5MIN_202609150840_20260915083657.zip
2026-09-15 08:40:00,VIC1,,-5.26341,4511.13,0,PUBLIC_P5MIN_202609150840_20260915083657.zip
2026-09-15 08:40:00,VIC1,,-6.00296,4449.13,0,PUBLIC_P5MIN_202609150840_20260915083657.zip
2026-09-15 08:40:00,VIC1,,-6.92214,4388.13,0,PUBLIC_P5MIN_202609150840_20260915083657.zip
2026-09-15 08:40:00,VIC1,,-6.72117,4330.13,0,PUBLIC_P5MIN_202609150840_20260915083657.zip
2026-09-15 08:40:00,VIC1,,-6.86524,4276.13,0,PUBLIC_P5MIN_202609150840_20260915083657.zip
2026-09-15 08:40:00,VIC1,,-7.59565,4225.13,0,PUBLIC_P5MIN_202609150840_20260915083657.zip
2026-09-15 08:40:00,VIC1,,-8.21923,4174.13,0,PUBLIC_P5MIN_202609150840_20260915083657.zip
2026-09-15 08:40:00,VIC1,,-11.95,4123.13,0,PUBLIC_P5MIN_202609150840_20260915083657.zip
2026-09-15 08:40:00,VIC1,,-8.4592,4073.13,0,PUBLIC_P5MIN_202609150840_20260915083657.zip
2026-09-15 08:45:00,NSW1,,-3.232,5988.72,0,PUBLIC_P5MIN_202609150845_20260915084151.zip
2026-09-15 08:45:00,NSW1,,-5.04,5916.72,0,PUBLIC_P5MIN_202609150845_20260915084151.zip
2026-09-15 08:45:00,NSW1,,-5.17,5844.72,0,PUBLIC_P5MIN_202609150845_20260915084151.zip
2026-09-15 08:45:00,NSW1,,-5.17,5773.72,0,PUBLIC_P5MIN_202609150845_20260915084151.zip
2026-09-15 08:45:00,NSW1,,-5.17,5703.72,0,PUBLIC_P5MIN_202609150845_20260915084151.zip
2026-09-15 08:45:00,NSW1,,-6.79864,5637.72,0,PUBLIC_P5MIN_202609150845_20260915084151.zip
2026-09-15 08:45:00,NSW1,,-5.17,5572.72,0,PUBLIC_P5MIN_202609150845_20260915084151.zip
2026-09-15 08:45:00,NSW1,,-7.41911,5507.72,0,PUBLIC_P5MIN_202609150845_20260915084151.zip
2026-09-15 08:45:00,NSW1,,-7.41911,5446.72,0,PUBLIC_P5MIN_202609150845_20260915084151.zip
2026-09-15 08:45:00,NSW1,,-7.76274,5387.72,0,PUBLIC_P5MIN_202609150845_20260915084151.zip
2026-09-15 08:45:00,NSW1,,-7.86177,5328.72,0,PUBLIC_P5MIN_202609150845_20260915084151.zip
2026-09-15 08:45:00,NSW1,,-8.29184,5274.72,0,PUBLIC_P5MIN_202609150845_20260915084151.zip
2026-09-15 08:45:00,QLD1,,-2.98,4568.04,0,PUBLIC_P5MIN_202609150845_20260915084151.zip
2026-09-15 08:45:00,QLD1,,-4.15418,4498.04,0,PUBLIC_P5MIN_202609150845_20260915084151.zip
2026-09-15 08:45:00,QLD1,,-4.23441,4430.04,0,PUBLIC_P5MIN_202609150845_20260915084151.zip
2026-09-15 08:45:00,QLD1,,-4.1811,4363.04,0,PUBLIC_P5MIN_202609150845_20260915084151.zip
2026-09-15 08:45:00,QLD1,,-4.1811,4298.04,0,PUBLIC_P5MIN_202609150845_20260915084151.zip
2026-09-15 08:45:00,QLD1,,-5.4635,4235.04,0,PUBLIC_P5MIN_202609150845_20260915084151.zip
2026-09-15 08:45:00,QLD1,,-5.99997,4175.04,0,PUBLIC_P5MIN_202609150845_20260915084151.zip
2026-09-15 08:45:00,QLD1,,-6.0,4120.04,0,PUBLIC_P5MIN_202609150845_20260915084151.zip
2026-09-15 08:45:00,QLD1,,-6.0,4069.04,0,PUBLIC_P5MIN_202609150845_20260915084151.zip
2026-09-15 08:45:00,QLD1,,-6.48,4024.04,0,PUBLIC_P5MIN_202609150845_20260915084151.zip
2026-09-15 08:45:00,QLD1,,-6.48,3980.04,0,PUBLIC_P5MIN_202609150845_20260915084151.zip
2026-09-15 08:45:00,QLD1,,-7.01,3937.04,0,PUBLIC_P5MIN_202609150845_20260915084151.zip
2026-09-15 08:45:00,SA1,,-2.96388,1131.76,0,PUBLIC_P5MIN_202609150845_20260915084151.zip
2026-09-15 08:45:00,SA1,,-4.40087,1104.76,0,PUBLIC_P5MIN_202609150845_20260915084151.zip
2026-09-15 08:45:00,SA1,,-4.8632,1078.76,0,PUBLIC_P5MIN_202609150845_20260915084151.zip
2026-09-15 08:45:00,SA1,,-6.16436,1052.76,0,PUBLIC_P5MIN_202609150845_20260915084151.zip
2026-09-15 08:45:00,SA1,,-5.19,1026.76,0,PUBLIC_P5MIN_202609150845_20260915084151.zip
2026-09-15 08:45:00,SA1,,-7.0,1000.76,0,PUBLIC_P5MIN_202609150845_20260915084151.zip
2026-09-15 08:45:00,SA1,,-7.14,975.76,0,PUBLIC_P5MIN_202609150845_20260915084151.zip
2026-09-15 08:45:00,SA1,,-7.89506,950.76,0,PUBLIC_P5MIN_202609150845_20260915084151.zip
2026-09-15 08:45:00,SA1,,-8.52098,926.76,0,PUBLIC_P5MIN_202609150845_20260915084151.zip
2026-09-15 08:45:00,SA1,,-12.61366,903.76,0,PUBLIC_P5MIN_202609150845_20260915084151.zip
2026-09-15 08:45:00,SA1,,-10.36277,880.76,0,PUBLIC_P5MIN_202609150845_20260915084151.zip
2026-09-15 08:45:00,SA1,,-10.41888,859.76,0,PUBLIC_P5MIN_202609150845_20260915084151.zip
2026-09-15 08:45:00,TAS1,,-3.13105,1008.15,0,PUBLIC_P5MIN_202609150845_20260915084151.zip
2026-09-15 08:45:00,TAS1,,-4.70531,1002.15,0,PUBLIC_P5MIN_202609150845_20260915084151.zip
2026-09-15 08:45:00,TAS1,,-5.24436,995.15,0,PUBLIC_P5MIN_202609150845_20260915084151.zip
2026-09-15 08:45:00,TAS1,,-6.44369,988.15,0,PUBLIC_P5MIN_202609150845_20260915084151.zip
2026-09-15 08:45:00,TAS1,,-5.52746,980.15,0,PUBLIC_P5MIN_202609150845_20260915084151.zip
2026-09-15 08:45:00,TAS1,,13.14,972.15,0,PUBLIC_P5MIN_202609150845_20260915084151.zip
2026-09-15 08:45:00,TAS1,,12.14,964.15,0,PUBLIC_P5MIN_202609150845_20260915084151.zip
2026-09-15 08:45:00,TAS1,,-7.76002,956.15,0,PUBLIC_P5MIN_202609150845_20260915084151.zip
2026-09-15 08:45:00,TAS1,,-8.3491,948.15,0,PUBLIC_P5MIN_202609150845_20260915084151.zip
2026-09-15 08:45:00,TAS1,,-12.45601,940.15,0,PUBLIC_P5MIN_202609150845_20260915084151.zip
2026-09-15 08:45:00,TAS1,,-10.28108,932.15,0,PUBLIC_P5MIN_202609150845_20260915084151.zip
2026-09-15 08:45:00,TAS1,,-10.34453,924.15,0,PUBLIC_P5MIN_202609150845_20260915084151.zip
2026-09-15 08:45:00,VIC1,,-2.99,4640.27,0,PUBLIC_P5MIN_202609150845_20260915084151.zip
2026-09-15 08:45:00,VIC1,,-4.47215,4577.27,0,PUBLIC_P5MIN_202609150845_20260915084151.zip
2026-09-15 08:45:00,VIC1,,-5.0,4515.27,0,PUBLIC_P5MIN_202609150845_20260915084151.zip
2026-09-15 08:45:00,VIC1,,-6.14345,4453.27,0,PUBLIC_P5MIN_202609150845_20260915084151.zip
2026-09-15 08:45:00,VIC1,,-5.25356,4392.27,0,PUBLIC_P5MIN_202609150845_20260915084151.zip
2026-09-15 08:45:00,VIC1,,-6.97626,4335.27,0,PUBLIC_P5MIN_202609150845_20260915084151.zip
2026-09-15 08:45:00,VIC1,,-6.84392,4281.27,0,PUBLIC_P5MIN_202609150845_20260915084151.zip
2026-09-15 08:45:00,VIC1,,-7.42154,4230.27,0,PUBLIC_P5MIN_202609150845_20260915084151.zip
2026-09-15 08:45:00,VIC1,,-8.00992,4179.27,0,PUBLIC_P5MIN_202609150845_20260915084151.zip
2026-09-15 08:45:00,VIC1,,-11.95,4128.27,0,PUBLIC_P5MIN_202609150845_20260915084151.zip
2026-09-15 08:45:00,VIC1,,-9.89441,4077.27,0,PUBLIC_P5MIN_202609150845_20260915084151.zip
2026-09-15 08:45:00,VIC1,,-9.98684,4027.27,0,PUBLIC_P5MIN_202609150845_20260915084151.zip
2026-09-15 08:50:00,NSW1,,-3.45137,5939.77,0,PUBLIC_P5MIN_202609150850_20260915084650.zip
2026-09-15 08:50:00,NSW1,,-3.59375,5867.77,0,PUBLIC_P5MIN_202609150850_20260915084650.zip
2026-09-15 08:50:00,NSW1,,-5.17,5797.77,0,PUBLIC_P5MIN_202609150850_20260915084650.zip
2026-09-15 08:50:00,NSW1,,-7.32566,5727.77,0,PUBLIC_P5MIN_202609150850_20260915084650.zip
2026-09-15 08:50:00,NSW1,,-7.37217,5661.77,0,PUBLIC_P5MIN_202609150850_20260915084650.zip
2026-09-15 08:50:00,NSW1,,-7.40221,5597.77,0,PUBLIC_P5MIN_202609150850_20260915084650.zip
2026-09-15 08:50:00,NSW1,,-7.71368,5533.77,0,PUBLIC_P5MIN_202609150850_20260915084650.zip
2026-09-15 08:50:00,NSW1,,-7.46947,5472.77,0,PUBLIC_P5MIN_202609150850_20260915084650.zip
2026-09-15 08:50:00,NSW1,,-7.81211,5413.77,0,PUBLIC_P5MIN_202609150850_20260915084650.zip
2026-09-15 08:50:00,NSW1,,-7.81211,5354.77,0,PUBLIC_P5MIN_202609150850_20260915084650.zip
2026-09-15 08:50:00,NSW1,,-7.86177,5300.77,0,PUBLIC_P5MIN_202609150850_20260915084650.zip
2026-09-15 08:50:00,NSW1,,-8.63,5248.77,0,PUBLIC_P5MIN_202609150850_20260915084650.zip
2026-09-15 08:50:00,QLD1,,-2.96,4582.75,0,PUBLIC_P5MIN_202609150850_20260915084650.zip
2026-09-15 08:50:00,QLD1,,-2.9999,4518.75,0,PUBLIC_P5MIN_202609150850_20260915084650.zip
2026-09-15 08:50:00,QLD1,,-4.26133,4455.75,0,PUBLIC_P5MIN_202609150850_20260915084650.zip
2026-09-15 08:50:00,QLD1,,-5.99997,4394.75,0,PUBLIC_P5MIN_202609150850_20260915084650.zip
2026-09-15 08:50:00,QLD1,,-5.99993,4334.75,0,PUBLIC_P5MIN_202609150850_20260915084650.zip
2026-09-15 08:50:00,QLD1,,-6.14,4277.75,0,PUBLIC_P5MIN_202609150850_20260915084650.zip
2026-09-15 08:50:00,QLD1,,-6.48,4224.75,0,PUBLIC_P5MIN_202609150850_20260915084650.zip
2026-09-15 08:50:00,QLD1,,-6.15664,4175.75,0,PUBLIC_P5MIN_202609150850_20260915084650.zip
2026-09-15 08:50:00,QLD1,,-6.48,4131.75,0,PUBLIC_P5MIN_202609150850_20260915084650.zip
2026-09-15 08:50:00,QLD1,,-6.48,4088.75,0,PUBLIC_P5MIN_202609150850_20260915084650.zip
2026-09-15 08:50:00,QLD1,,-6.48,4045.75,0,PUBLIC_P5MIN_202609150850_20260915084650.zip
2026-09-15 08:50:00,QLD1,,-7.29588,4005.75,0,PUBLIC_P5MIN_202609150850_20260915084650.zip
2026-09-15 08:50:00,SA1,,-3.04072,1080.74,0,PUBLIC_P5MIN_202609150850_20260915084650.zip
2026-09-15 08:50:00,SA1,,-4.81689,1054.74,0,PUBLIC_P5MIN_202609150850_20260915084650.zip
2026-09-15 08:50:00,SA1,,-5.69262,1028.74,0,PUBLIC_P5MIN_202609150850_20260915084650.zip
2026-09-15 08:50:00,SA1,,-6.92688,1002.74,0,PUBLIC_P5MIN_202609150850_20260915084650.zip
2026-09-15 08:50:00,SA1,,-7.10011,977.74,0,PUBLIC_P5MIN_202609150850_20260915084650.zip
2026-09-15 08:50:00,SA1,,-7.15,952.74,0,PUBLIC_P5MIN_202609150850_20260915084650.zip
2026-09-15 08:50:00,SA1,,-7.89622,928.74,0,PUBLIC_P5MIN_202609150850_20260915084650.zip
2026-09-15 08:50:00,SA1,,-8.47716,904.74,0,PUBLIC_P5MIN_202609150850_20260915084650.zip
2026-09-15 08:50:00,SA1,,-8.42186,881.74,0,PUBLIC_P5MIN_202609150850_20260915084650.zip
2026-09-15 08:50:00,SA1,,-10.26288,858.74,0,PUBLIC_P5MIN_202609150850_20260915084650.zip
2026-09-15 08:50:00,SA1,,-10.14027,837.74,0,PUBLIC_P5MIN_202609150850_20260915084650.zip
2026-09-15 08:50:00,SA1,,-10.45513,818.74,0,PUBLIC_P5MIN_202609150850_20260915084650.zip
2026-09-15 08:50:00,TAS1,,-3.27286,1001.94,0,PUBLIC_P5MIN_202609150850_20260915084650.zip
2026-09-15 08:50:00,TAS1,,-5.38375,995.94,0,PUBLIC_P5MIN_202609150850_20260915084650.zip
2026-09-15 08:50:00,TAS1,,-6.28867,989.94,0,PUBLIC_P5MIN_202609150850_20260915084650.zip
2026-09-15 08:50:00,TAS1,,-7.5575,982.94,0,PUBLIC_P5MIN_202609150850_20260915084650.zip
2026-09-15 08:50:00,TAS1,,-7.47986,975.94,0,PUBLIC_P5MIN_202609150850_20260915084650.zip
2026-09-15 08:50:00,TAS1,,-7.22216,968.94,0,PUBLIC_P5MIN_202609150850_20260915084650.zip
2026-09-15 08:50:00,TAS1,,-7.85252,960.94,0,PUBLIC_P5MIN_202609150850_20260915084650.zip
2026-09-15 08:50:00,TAS1,,-8.33862,952.94,0,PUBLIC_P5MIN_202609150850_20260915084650.zip
2026-09-15 08:50:00,TAS1,,-8.3491,944.94,0,PUBLIC_P5MIN_202609150850_20260915084650.zip
2026-09-15 08:50:00,TAS1,,-10.18197,936.94,0,PUBLIC_P5MIN_202609150850_20260915084650.zip
2026-09-15 08:50:00,TAS1,,-10.10722,928.94,0,PUBLIC_P5MIN_202609150850_20260915084650.zip
2026-09-15 08:50:00,TAS1,,-10.46174,921.94,0,PUBLIC_P5MIN_202609150850_20260915084650.zip
2026-09-15 08:50:00,VIC1,,-3.13488,4568.03,0,PUBLIC_P5MIN_202609150850_20260915084650.zip
2026-09-15 08:50:00,VIC1,,-5.14892,4507.03,0,PUBLIC_P5MIN_202609150850_20260915084650.zip
2026-09-15 08:50:00,VIC1,,-6.01437,4446.03,0,PUBLIC_P5MIN_202609150850_20260915084650.zip
2026-09-15 08:50:00,VIC1,,-7.20536,4387.03,0,PUBLIC_P5MIN_202609150850_20260915084650.zip
2026-09-15 08:50:00,VIC1,,-7.13134,4331.03,0,PUBLIC_P5MIN_202609150850_20260915084650.zip
2026-09-15 08:50:00,VIC1,,-6.90714,4278.03,0,PUBLIC_P5MIN_202609150850_20260915084650.zip
2026-09-15 08:50:00,VIC1,,-7.51,4228.03,0,PUBLIC_P5MIN_202609150850_20260915084650.zip
2026-09-15 08:50:00,VIC1,,-7.99987,4178.03,0,PUBLIC_P5MIN_202609150850_20260915084650.zip
2026-09-15 08:50:00,VIC1,,-8.00992,4128.03,0,PUBLIC_P5MIN_202609150850_20260915084650.zip
2026-09-15 08:50:00,VIC1,,-9.79903,4078.03,0,PUBLIC_P5MIN_202609150850_20260915084650.zip
2026-09-15 08:50:00,VIC1,,-9.75773,4028.03,0,PUBLIC_P5MIN_202609150850_20260915084650.zip
2026-09-15 08:50:00,VIC1,,-10.1,3979.03,0,PUBLIC_P5MIN_202609150850_20260915084650.zip
2026-09-15 08:55:00,NSW1,,-5.17,5821.97,0,PUBLIC_P5MIN_202609150855_20260915085201.zip
2026-09-15 08:55:00,NSW1,,-5.17,5749.97,0,PUBLIC_P5MIN_202609150855_20260915085201.zip
2026-09-15 08:55:00,NSW1,,-5.17,5678.97,0,PUBLIC_P5MIN_202609150855_20260915085201.zip
2026-09-15 08:55:00,NSW1,,-7.34415,5611.97,0,PUBLIC_P5MIN_202609150855_20260915085201.zip
2026-09-15 08:55:00,NSW1,,-7.21036,5546.97,0,PUBLIC_P5MIN_202609150855_20260915085201.zip
2026-09-15 08:55:00,NSW1,,-7.32569,5481.97,0,PUBLIC_P5MIN_202609150855_20260915085201.zip
2026-09-15 08:55:00,NSW1,,-7.27942,5419.97,0,PUBLIC_P5MIN_202609150855_20260915085201.zip
2026-09-15 08:55:00,NSW1,,-7.37225,5359.97,0,PUBLIC_P5MIN_202609150855_20260915085201.zip
2026-09-15 08:55:00,NSW1,,-7.63126,5300.97,0,PUBLIC_P5MIN_202609150855_20260915085201.zip
2026-09-15 08:55:00,NSW1,,-8.01,5246.97,0,PUBLIC_P5MIN_202609150855_20260915085201.zip
2026-09-15 08:55:00,NSW1,,-7.86,5194.97,0,PUBLIC_P5MIN_202609150855_20260915085201.zip
2026-09-15 08:55:00,NSW1,,-8.63,5143.97,0,PUBLIC_P5MIN_202609150855_20260915085201.zip
2026-09-15 08:55:00,QLD1,,-4.48542,4488.82,0,PUBLIC_P5MIN_202609150855_20260915085201.zip
2026-09-15 08:55:00,QLD1,,-4.26133,4423.82,0,PUBLIC_P5MIN_202609150855_20260915085201.zip
2026-09-15 08:55:00,QLD1,,-4.23441,4360.82,0,PUBLIC_P5MIN_202609150855_20260915085201.zip
2026-09-15 08:55:00,QLD1,,-5.97713,4298.82,0,PUBLIC_P5MIN_202609150855_20260915085201.zip
2026-09-15 08:55:00,QLD1,,-5.83118,4239.82,0,PUBLIC_P5MIN_202609150855_20260915085201.zip
2026-09-15 08:55:00,QLD1,,-6.0,4185.82,0,PUBLIC_P5MIN_202609150855_20260915085201.zip
2026-09-15 08:55:00,QLD1,,-6.0,4135.82,0,PUBLIC_P5MIN_202609150855_20260915085201.zip
2026-09-15 08:55:00,QLD1,,-6.0,4090.82,0,PUBLIC_P5MIN_202609150855_20260915085201.zip
2026-09-15 08:55:00,QLD1,,-6.29,4046.82,0,PUBLIC_P5MIN_202609150855_20260915085201.zip
2026-09-15 08:55:00,QLD1,,-6.72892,4002.82,0,PUBLIC_P5MIN_202609150855_20260915085201.zip
2026-09-15 08:55:00,QLD1,,-6.47854,3962.82,0,PUBLIC_P5MIN_202609150855_20260915085201.zip
2026-09-15 08:55:00,QLD1,,-7.15843,3923.82,0,PUBLIC_P5MIN_202609150855_20260915085201.zip
2026-09-15 08:55:00,SA1,,-5.17,1089.84,0,PUBLIC_P5MIN_202609150855_20260915085201.zip
2026-09-15 08:55:00,SA1,,-6.77927,1063.84,0,PUBLIC_P5MIN_202609150855_20260915085201.zip
2026-09-15 08:55:00,SA1,,-6.62451,1037.84,0,PUBLIC_P5MIN_202609150855_20260915085201.zip
2026-09-15 08:55:00,SA1,,-7.1,1012.84,0,PUBLIC_P5MIN_202609150855_20260915085201.zip
2026-09-15 08:55:00,SA1,,-7.25,987.84,0,PUBLIC_P5MIN_202609150855_20260915085201.zip
2026-09-15 08:55:00,SA1,,-7.36597,963.84,0,PUBLIC_P5MIN_202609150855_20260915085201.zip
2026-09-15 08:55:00,SA1,,-7.25,939.84,0,PUBLIC_P5MIN_202609150855_20260915085201.zip
2026-09-15 08:55:00,SA1,,-7.25,916.84,0,PUBLIC_P5MIN_202609150855_20260915085201.zip
2026-09-15 08:55:00,SA1,,-7.89622,893.84,0,PUBLIC_P5MIN_202609150855_20260915085201.zip
2026-09-15 08:55:00,SA1,,-8.97179,872.84,0,PUBLIC_P5MIN_202609150855_20260915085201.zip
2026-09-15 08:55:00,SA1,,-8.38908,853.84,0,PUBLIC_P5MIN_202609150855_20260915085201.zip
2026-09-15 08:55:00,SA1,,-10.53694,835.84,0,PUBLIC_P5MIN_202609150855_20260915085201.zip
2026-09-15 08:55:00,TAS1,,-5.44157,1005.17,0,PUBLIC_P5MIN_202609150855_20260915085201.zip
2026-09-15 08:55:00,TAS1,,-7.06442,1000.17,0,PUBLIC_P5MIN_202609150855_20260915085201.zip
2026-09-15 08:55:00,TAS1,,-6.81767,994.17,0,PUBLIC_P5MIN_202609150855_20260915085201.zip
2026-09-15 08:55:00,TAS1,,-7.08828,987.17,0,PUBLIC_P5MIN_202609150855_20260915085201.zip
2026-09-15 08:55:00,TAS1,,-7.0706,980.17,0,PUBLIC_P5MIN_202609150855_20260915085201.zip
2026-09-15 08:55:00,TAS1,,-7.16127,973.17,0,PUBLIC_P5MIN_202609150855_20260915085201.zip
2026-09-15 08:55:00,TAS1,,-7.13152,966.17,0,PUBLIC_P5MIN_202609150855_20260915085201.zip
2026-09-15 08:55:00,TAS1,,-7.13697,958.17,0,PUBLIC_P5MIN_202609150855_20260915085201.zip
2026-09-15 08:55:00,TAS1,,-7.80349,950.17,0,PUBLIC_P5MIN_202609150855_20260915085201.zip
2026-09-15 08:55:00,TAS1,,-8.83858,942.17,0,PUBLIC_P5MIN_202609150855_20260915085201.zip
2026-09-15 08:55:00,TAS1,,-8.29681,934.17,0,PUBLIC_P5MIN_202609150855_20260915085201.zip
2026-09-15 08:55:00,TAS1,,-10.42878,926.17,0,PUBLIC_P5MIN_202609150855_20260915085201.zip
2026-09-15 08:55:00,VIC1,,-5.22871,4592.82,0,PUBLIC_P5MIN_202609150855_20260915085201.zip
2026-09-15 08:55:00,VIC1,,-6.75628,4529.82,0,PUBLIC_P5MIN_202609150855_20260915085201.zip
2026-09-15 08:55:00,VIC1,,-6.5,4468.82,0,PUBLIC_P5MIN_202609150855_20260915085201.zip
2026-09-15 08:55:00,VIC1,,-6.7791,4410.82,0,PUBLIC_P5MIN_202609150855_20260915085201.zip
2026-09-15 08:55:00,VIC1,,-6.76219,4355.82,0,PUBLIC_P5MIN_202609150855_20260915085201.zip
2026-09-15 08:55:00,VIC1,,-6.87035,4303.82,0,PUBLIC_P5MIN_202609150855_20260915085201.zip
2026-09-15 08:55:00,VIC1,,-6.84181,4252.82,0,PUBLIC_P5MIN_202609150855_20260915085201.zip
2026-09-15 08:55:00,VIC1,,-6.86855,4201.82,0,PUBLIC_P5MIN_202609150855_20260915085201.zip
2026-09-15 08:55:00,VIC1,,-7.51,4150.82,0,PUBLIC_P5MIN_202609150855_20260915085201.zip
2026-09-15 08:55:00,VIC1,,-8.53296,4100.82,0,PUBLIC_P5MIN_202609150855_20260915085201.zip
2026-09-15 08:55:00,VIC1,,-8.00992,4052.82,0,PUBLIC_P5MIN_202609150855_20260915085201.zip
2026-09-15 08:55:00,VIC1,,-10.1,4003.82,0,PUBLIC_P5MIN_202609150855_20260915085201.zip
2026-09-15 09:00:00,NSW1,,-5.87012,5751.26,0,PUBLIC_P5MIN_202609150900_20260915085648.zip
2026-09-15 09:00:00,NSW1,,-5.05,5679.26,0,PUBLIC_P5MIN_202609150900_20260915085648.zip
2026-09-15 09:00:00,NSW1,,-7.2334,5611.26,0,PUBLIC_P5MIN_202609150900_20260915085648.zip
2026-09-15 09:00:00,NSW1,,-7.41907,5545.26,0,PUBLIC_P5MIN_202609150900_20260915085648.zip
2026-09-15 09:00:00,NSW1,,-7.37222,5479.26,0,PUBLIC_P5MIN_202609150900_20260915085648.zip
2026-09-15 09:00:00,NSW1,,-6.51,5417.26,0,PUBLIC_P5MIN_202609150900_20260915085648.zip
2026-09-15 09:00:00,NSW1,,-7.20031,5357.26,0,PUBLIC_P5MIN_202609150900_20260915085648.zip
2026-09-15 09:00:00,NSW1,,-7.63126,5298.26,0,PUBLIC_P5MIN_202609150900_20260915085648.zip
2026-09-15 09:00:00,NSW1,,-7.76274,5244.26,0,PUBLIC_P5MIN_202609150900_20260915085648.zip
2026-09-15 09:00:00,NSW1,,-7.81211,5192.26,0,PUBLIC_P5MIN_202609150900_20260915085648.zip
2026-09-15 09:00:00,NSW1,,-8.63,5141.26,0,PUBLIC_P5MIN_202609150900_20260915085648.zip
2026-09-15 09:00:00,NSW1,,-9.47205,5092.26,0,PUBLIC_P5MIN_202609150900_20260915085648.zip
2026-09-15 09:00:00,QLD1,,-5.08716,4400.59,0,PUBLIC_P5MIN_202609150900_20260915085648.zip
2026-09-15 09:00:00,QLD1,,-4.13613,4339.59,0,PUBLIC_P5MIN_202609150900_20260915085648.zip
2026-09-15 09:00:00,QLD1,,-5.99997,4279.59,0,PUBLIC_P5MIN_202609150900_20260915085648.zip
2026-09-15 09:00:00,QLD1,,-5.99997,4222.59,0,PUBLIC_P5MIN_202609150900_20260915085648.zip
2026-09-15 09:00:00,QLD1,,-5.99997,4169.59,0,PUBLIC_P5MIN_202609150900_20260915085648.zip
2026-09-15 09:00:00,QLD1,,-5.16569,4120.59,0,PUBLIC_P5MIN_202609150900_20260915085648.zip
2026-09-15 09:00:00,QLD1,,-5.71344,4076.59,0,PUBLIC_P5MIN_202609150900_20260915085648.zip
2026-09-15 09:00:00,QLD1,,-6.29,4033.59,0,PUBLIC_P5MIN_202609150900_20260915085648.zip
2026-09-15 09:00:00,QLD1,,-6.48,3990.59,0,PUBLIC_P5MIN_202609150900_20260915085648.zip
2026-09-15 09:00:00,QLD1,,-6.48,3951.59,0,PUBLIC_P5MIN_202609150900_20260915085648.zip
2026-09-15 09:00:00,QLD1,,-7.1132,3912.59,0,PUBLIC_P5MIN_202609150900_20260915085648.zip
2026-09-15 09:00:00,QLD1,,-8.11,3876.59,0,PUBLIC_P5MIN_202609150900_20260915085648.zip
2026-09-15 09:00:00,SA1,,-5.17,1051.48,0,PUBLIC_P5MIN_202609150900_20260915085648.zip
2026-09-15 09:00:00,SA1,,-7.09993,1025.48,0,PUBLIC_P5MIN_202609150900_20260915085648.zip
2026-09-15 09:00:00,SA1,,-6.62451,999.48,0,PUBLIC_P5MIN_202609150900_20260915085648.zip
2026-09-15 09:00:00,SA1,,-7.15,974.48,0,PUBLIC_P5MIN_202609150900_20260915085648.zip
2026-09-15 09:00:00,SA1,,-7.25,950.48,0,PUBLIC_P5MIN_202609150900_20260915085648.zip
2026-09-15 09:00:00,SA1,,-8.0,926.48,0,PUBLIC_P5MIN_202609150900_20260915085648.zip
2026-09-15 09:00:00,SA1,,-8.5543,903.48,0,PUBLIC_P5MIN_202609150900_20260915085648.zip
2026-09-15 09:00:00,SA1,,-8.71484,880.48,0,PUBLIC_P5MIN_202609150900_20260915085648.zip
2026-09-15 09:00:00,SA1,,-10.20409,859.48,0,PUBLIC_P5MIN_202609150900_20260915085648.zip
2026-09-15 09:00:00,SA1,,-10.05199,840.48,0,PUBLIC_P5MIN_202609150900_20260915085648.zip
2026-09-15 09:00:00,SA1,,-20.93625,822.48,0,PUBLIC_P5MIN_202609150900_20260915085648.zip
2026-09-15 09:00:00,SA1,,-16.66103,805.48,0,PUBLIC_P5MIN_202609150900_20260915085648.zip
2026-09-15 09:00:00,TAS1,,-5.45301,995.74,0,PUBLIC_P5MIN_202609150900_20260915085648.zip
2026-09-15 09:00:00,TAS1,,-7.13811,990.74,0,PUBLIC_P5MIN_202609150900_20260915085648.zip
2026-09-15 09:00:00,TAS1,,-6.81767,984.74,0,PUBLIC_P5MIN_202609150900_20260915085648.zip
2026-09-15 09:00:00,TAS1,,-7.04964,978.74,0,PUBLIC_P5MIN_202609150900_20260915085648.zip
2026-09-15 09:00:00,TAS1,,-7.126,971.74,0,PUBLIC_P5MIN_202609150900_20260915085648.zip
2026-09-15 09:00:00,TAS1,,-7.85252,964.74,0,PUBLIC_P5MIN_202609150900_20260915085648.zip
2026-09-15 09:00:00,TAS1,,-8.3491,956.74,0,PUBLIC_P5MIN_202609150900_20260915085648.zip
2026-09-15 09:00:00,TAS1,,-8.57242,948.74,0,PUBLIC_P5MIN_202609150900_20260915085648.zip
2026-09-15 09:00:00,TAS1,,-10.08425,940.74,0,PUBLIC_P5MIN_202609150900_20260915085648.zip
2026-09-15 09:00:00,TAS1,,-9.97275,932.74,0,PUBLIC_P5MIN_202609150900_20260915085648.zip
2026-09-15 09:00:00,TAS1,,-20.9017,924.74,0,PUBLIC_P5MIN_202609150900_20260915085648.zip
2026-09-15 09:00:00,TAS1,,-17.24037,917.74,0,PUBLIC_P5MIN_202609150900_20260915085648.zip
2026-09-15 09:00:00,VIC1,,-5.23897,4496.19,0,PUBLIC_P5MIN_202609150900_20260915085648.zip
2026-09-15 09:00:00,VIC1,,-6.80551,4437.19,0,PUBLIC_P5MIN_202609150900_20260915085648.zip
2026-09-15 09:00:00,VIC1,,-6.5,4382.19,0,PUBLIC_P5MIN_202609150900_20260915085648.zip
2026-09-15 09:00:00,VIC1,,-6.72117,4329.19,0,PUBLIC_P5MIN_202609150900_20260915085648.zip
2026-09-15 09:00:00,VIC1,,-6.81517,4279.19,0,PUBLIC_P5MIN_202609150900_20260915085648.zip
2026-09-15 09:00:00,VIC1,,-7.51,4229.19,0,PUBLIC_P5MIN_202609150900_20260915085648.zip
2026-09-15 09:00:00,VIC1,,-8.00992,4179.19,0,PUBLIC_P5MIN_202609150900_20260915085648.zip
2026-09-15 09:00:00,VIC1,,-8.22418,4129.19,0,PUBLIC_P5MIN_202609150900_20260915085648.zip
2026-09-15 09:00:00,VIC1,,-9.70498,4079.19,0,PUBLIC_P5MIN_202609150900_20260915085648.zip
2026-09-15 09:00:00,VIC1,,-9.59767,4030.19,0,PUBLIC_P5MIN_202609150900_20260915085648.zip
2026-09-15 09:00:00,VIC1,,-19.99,3980.19,0,PUBLIC_P5MIN_202609150900_20260915085648.zip
2026-09-15 09:00:00,VIC1,,-16.54,3932.19,0,PUBLIC_P5MIN_202609150900_20260915085648.zip
2026-09-15 09:05:00,NSW1,,-5.3521,5666.76,0,PUBLIC_P5MIN_202609150905_20260915090159.zip
2026-09-15 09:05:00,NSW1,,-7.25273,5599.76,0,PUBLIC_P5MIN_202609150905_20260915090159.zip
2026-09-15 09:05:00,NSW1,,-7.34585,5534.76,0,PUBLIC_P5MIN_202609150905_20260915090159.zip
2026-09-15 09:05:00,NSW1,,-7.67977,5469.76,0,PUBLIC_P5MIN_202609150905_20260915090159.zip
2026-09-15 09:05:00,NSW1,,-8.94499,5408.76,0,PUBLIC_P5MIN_202609150905_20260915090159.zip
2026-09-15 09:05:00,NSW1,,-9.54567,5349.76,0,PUBLIC_P5MIN_202609150905_20260915090159.zip
2026-09-15 09:05:00,NSW1,,-9.81386,5291.76,0,PUBLIC_P5MIN_202609150905_20260915090159.zip
2026-09-15 09:05:00,NSW1,,-9.68999,5238.76,0,PUBLIC_P5MIN_202609150905_20260915090159.zip
2026-09-15 09:05:00,NSW1,,-9.24753,5187.76,0,PUBLIC_P5MIN_202609150905_20260915090159.zip
2026-09-15 09:05:00,NSW1,,-10.5,5137.76,0,PUBLIC_P5MIN_202609150905_20260915090159.zip
2026-09-15 09:05:00,NSW1,,-9.5676,5089.76,0,PUBLIC_P5MIN_202609150905_20260915090159.zip
2026-09-15 09:05:00,NSW1,,-9.19866,5044.76,0,PUBLIC_P5MIN_202609150905_20260915090159.zip
2026-09-15 09:05:00,QLD1,,-4.54842,4356.64,0,PUBLIC_P5MIN_202609150905_20260915090159.zip
2026-09-15 09:05:00,QLD1,,-5.82841,4295.64,0,PUBLIC_P5MIN_202609150905_20260915090159.zip
2026-09-15 09:05:00,QLD1,,-6.01651,4237.64,0,PUBLIC_P5MIN_202609150905_20260915090159.zip
2026-09-15 09:05:00,QLD1,,-6.29,4183.64,0,PUBLIC_P5MIN_202609150905_20260915090159.zip
2026-09-15 09:05:00,QLD1,,-7.46689,4133.64,0,PUBLIC_P5MIN_202609150905_20260915090159.zip
2026-09-15 09:05:00,QLD1,,-8.07,4088.64,0,PUBLIC_P5MIN_202609150905_20260915090159.zip
2026-09-15 09:05:00,QLD1,,-8.51,4044.64,0,PUBLIC_P5MIN_202609150905_20260915090159.zip
2026-09-15 09:05:00,QLD1,,-8.51,4000.64,0,PUBLIC_P5MIN_202609150905_20260915090159.zip
2026-09-15 09:05:00,QLD1,,-8.07,3960.64,0,PUBLIC_P5MIN_202609150905_20260915090159.zip
2026-09-15 09:05:00,QLD1,,-9.33933,3921.64,0,PUBLIC_P5MIN_202609150905_20260915090159.zip
2026-09-15 09:05:00,QLD1,,-8.51,3885.64,0,PUBLIC_P5MIN_202609150905_20260915090159.zip
2026-09-15 09:05:00,QLD1,,-8.13,3850.64,0,PUBLIC_P5MIN_202609150905_20260915090159.zip
2026-09-15 09:05:00,SA1,,-5.22,1052.51,0,PUBLIC_P5MIN_202609150905_20260915090159.zip
2026-09-15 09:05:00,SA1,,-7.01,1026.51,0,PUBLIC_P5MIN_202609150905_20260915090159.zip
2026-09-15 09:05:00,SA1,,-7.1,1001.51,0,PUBLIC_P5MIN_202609150905_20260915090159.zip
2026-09-15 09:05:00,SA1,,-7.1,976.51,0,PUBLIC_P5MIN_202609150905_20260915090159.zip
2026-09-15 09:05:00,SA1,,-7.1,952.51,0,PUBLIC_P5MIN_202609150905_20260915090159.zip
2026-09-15 09:05:00,SA1,,-7.14,929.51,0,PUBLIC_P5MIN_202609150905_20260915090159.zip
2026-09-15 09:05:00,SA1,,-7.15,906.51,0,PUBLIC_P5MIN_202609150905_20260915090159.zip
2026-09-15 09:05:00,SA1,,-8.0,885.51,0,PUBLIC_P5MIN_202609150905_20260915090159.zip
2026-09-15 09:05:00,SA1,,-14.01798,866.51,0,PUBLIC_P5MIN_202609150905_20260915090159.zip
2026-09-15 09:05:00,SA1,,-17.25554,848.51,0,PUBLIC_P5MIN_202609150905_20260915090159.zip
2026-09-15 09:05:00,SA1,,-15.33186,831.51,0,PUBLIC_P5MIN_202609150905_20260915090159.zip
2026-09-15 09:05:00,SA1,,-20.6227,815.51,0,PUBLIC_P5MIN_202609150905_20260915090159.zip
2026-09-15 09:05:00,TAS1,,-5.22864,986.73,0,PUBLIC_P5MIN_202609150905_20260915090159.zip
2026-09-15 09:05:00,TAS1,,-6.91161,981.73,0,PUBLIC_P5MIN_202609150905_20260915090159.zip
2026-09-15 09:05:00,TAS1,,-6.97856,976.73,0,PUBLIC_P5MIN_202609150905_20260915090159.zip
2026-09-15 09:05:00,TAS1,,-7.23841,970.73,0,PUBLIC_P5MIN_202609150905_20260915090159.zip
2026-09-15 09:05:00,TAS1,,-8.36473,964.73,0,PUBLIC_P5MIN_202609150905_20260915090159.zip
2026-09-15 09:05:00,TAS1,,-8.89858,957.73,0,PUBLIC_P5MIN_202609150905_20260915090159.zip
2026-09-15 09:05:00,TAS1,,-9.11993,949.73,0,PUBLIC_P5MIN_202609150905_20260915090159.zip
2026-09-15 09:05:00,TAS1,,-9.98835,941.73,0,PUBLIC_P5MIN_202609150905_20260915090159.zip
2026-09-15 09:05:00,TAS1,,-15.01,933.73,0,PUBLIC_P5MIN_202609150905_20260915090159.zip
2026-09-15 09:05:00,TAS1,,-17.29436,925.73,0,PUBLIC_P5MIN_202609150905_20260915090159.zip
2026-09-15 09:05:00,TAS1,,-15.72982,918.73,0,PUBLIC_P5MIN_202609150905_20260915090159.zip
2026-09-15 09:05:00,TAS1,,-20.84688,911.73,0,PUBLIC_P5MIN_202609150905_20260915090159.zip
2026-09-15 09:05:00,VIC1,,-5.00743,4455.35,0,PUBLIC_P5MIN_202609150905_20260915090159.zip
2026-09-15 09:05:00,VIC1,,-6.58956,4401.35,0,PUBLIC_P5MIN_202609150905_20260915090159.zip
2026-09-15 09:05:00,VIC1,,-6.67417,4349.35,0,PUBLIC_P5MIN_202609150905_20260915090159.zip
2026-09-15 09:05:00,VIC1,,-6.92268,4300.35,0,PUBLIC_P5MIN_202609150905_20260915090159.zip
2026-09-15 09:05:00,VIC1,,-7.99987,4251.35,0,PUBLIC_P5MIN_202609150905_20260915090159.zip
2026-09-15 09:05:00,VIC1,,-8.53708,4202.35,0,PUBLIC_P5MIN_202609150905_20260915090159.zip
2026-09-15 09:05:00,VIC1,,-8.77693,4153.35,0,PUBLIC_P5MIN_202609150905_20260915090159.zip
2026-09-15 09:05:00,VIC1,,-9.61269,4104.35,0,PUBLIC_P5MIN_202609150905_20260915090159.zip
2026-09-15 09:05:00,VIC1,,-14.35528,4056.35,0,PUBLIC_P5MIN_202609150905_20260915090159.zip
2026-09-15 09:05:00,VIC1,,-16.54,4006.35,0,PUBLIC_P5MIN_202609150905_20260915090159.zip
2026-09-15 09:05:00,VIC1,,-15.04371,3958.35,0,PUBLIC_P5MIN_202609150905_20260915090159.zip
2026-09-15 09:05:00,VIC1,,-20.0,3912.35,0,PUBLIC_P5MIN_202609150905_20260915090159.zip
2026-09-15 09:10:00,NSW1,,-5.17,5669.12,0,PUBLIC_P5MIN_202609150910_20260915090654.zip
2026-09-15 09:10:00,NSW1,,-5.17,5600.12,0,PUBLIC_P5MIN_202609150910_20260915090654.zip
2026-09-15 09:10:00,NSW1,,-3.80461,5532.12,0,PUBLIC_P5MIN_202609150910_20260915090654.zip
2026-09-15 09:10:00,NSW1,,-0.15351,5468.12,0,PUBLIC_P5MIN_202609150910_20260915090654.zip
2026-09-15 09:10:00,NSW1,,-7.41911,5406.12,0,PUBLIC_P5MIN_202609150910_20260915090654.zip
2026-09-15 09:10:00,NSW1,,-7.63126,5345.12,0,PUBLIC_P5MIN_202609150910_20260915090654.zip
2026-09-15 09:10:00,NSW1,,-7.86177,5289.12,0,PUBLIC_P5MIN_202609150910_20260915090654.zip
2026-09-15 09:10:00,NSW1,,-8.98466,5236.12,0,PUBLIC_P5MIN_202609150910_20260915090654.zip
2026-09-15 09:10:00,NSW1,,-8.81535,5184.12,0,PUBLIC_P5MIN_202609150910_20260915090654.zip
2026-09-15 09:10:00,NSW1,,-8.01,5135.12,0,PUBLIC_P5MIN_202609150910_20260915090654.zip
2026-09-15 09:10:00,NSW1,,-8.63,5090.12,0,PUBLIC_P5MIN_202609150910_20260915090654.zip
2026-09-15 09:10:00,NSW1,,-7.66493,5046.12,0,PUBLIC_P5MIN_202609150910_20260915090654.zip
2026-09-15 09:10:00,QLD1,,-4.4204,4332.09,0,PUBLIC_P5MIN_202609150910_20260915090654.zip
2026-09-15 09:10:00,QLD1,,-4.15469,4275.09,0,PUBLIC_P5MIN_202609150910_20260915090654.zip
2026-09-15 09:10:00,QLD1,,-2.9999,4222.09,0,PUBLIC_P5MIN_202609150910_20260915090654.zip
2026-09-15 09:10:00,QLD1,,-2.9999,4173.09,0,PUBLIC_P5MIN_202609150910_20260915090654.zip
2026-09-15 09:10:00,QLD1,,-6.0,4129.09,0,PUBLIC_P5MIN_202609150910_20260915090654.zip
2026-09-15 09:10:00,QLD1,,-6.29,4086.09,0,PUBLIC_P5MIN_202609150910_20260915090654.zip
2026-09-15 09:10:00,QLD1,,-6.48,4042.09,0,PUBLIC_P5MIN_202609150910_20260915090654.zip
2026-09-15 09:10:00,QLD1,,-7.5,4002.09,0,PUBLIC_P5MIN_202609150910_20260915090654.zip
2026-09-15 09:10:00,QLD1,,-7.5,3963.09,0,PUBLIC_P5MIN_202609150910_20260915090654.zip
2026-09-15 09:10:00,QLD1,,-6.6864,3926.09,0,PUBLIC_P5MIN_202609150910_20260915090654.zip
2026-09-15 09:10:00,QLD1,,-7.29588,3890.09,0,PUBLIC_P5MIN_202609150910_20260915090654.zip
2026-09-15 09:10:00,QLD1,,-6.48,3857.09,0,PUBLIC_P5MIN_202609150910_20260915090654.zip
2026-09-15 09:10:00,SA1,,-4.65136,1025.1,0,PUBLIC_P5MIN_202609150910_20260915090654.zip
2026-09-15 09:10:00,SA1,,-6.08654,1001.1,0,PUBLIC_P5MIN_202609150910_20260915090654.zip
2026-09-15 09:10:00,SA1,,-5.22,977.1,0,PUBLIC_P5MIN_202609150910_20260915090654.zip
2026-09-15 09:10:00,SA1,,-5.22,953.1,0,PUBLIC_P5MIN_202609150910_20260915090654.zip
2026-09-15 09:10:00,SA1,,-7.59857,930.1,0,PUBLIC_P5MIN_202609150910_20260915090654.zip
2026-09-15 09:10:00,SA1,,-7.15,908.1,0,PUBLIC_P5MIN_202609150910_20260915090654.zip
2026-09-15 09:10:00,SA1,,-7.25,887.1,0,PUBLIC_P5MIN_202609150910_20260915090654.zip
2026-09-15 09:10:00,SA1,,-8.0,868.1,0,PUBLIC_P5MIN_202609150910_20260915090654.zip
2026-09-15 09:10:00,SA1,,-8.80522,850.1,0,PUBLIC_P5MIN_202609150910_20260915090654.zip
2026-09-15 09:10:00,SA1,,-14.90301,833.1,0,PUBLIC_P5MIN_202609150910_20260915090654.zip
2026-09-15 09:10:00,SA1,,-20.0,816.1,0,PUBLIC_P5MIN_202609150910_20260915090654.zip
2026-09-15 09:10:00,SA1,,-17.18842,801.1,0,PUBLIC_P5MIN_202609150910_20260915090654.zip
2026-09-15 09:10:00,TAS1,,-4.84033,974.54,0,PUBLIC_P5MIN_202609150910_20260915090654.zip
2026-09-15 09:10:00,TAS1,,-6.20554,968.54,0,PUBLIC_P5MIN_202609150910_20260915090654.zip
2026-09-15 09:10:00,TAS1,,-5.49453,962.54,0,PUBLIC_P5MIN_202609150910_20260915090654.zip
2026-09-15 09:10:00,TAS1,,-5.67245,955.54,0,PUBLIC_P5MIN_202609150910_20260915090654.zip
2026-09-15 09:10:00,TAS1,,-7.4913,948.54,0,PUBLIC_P5MIN_202609150910_20260915090654.zip
2026-09-15 09:10:00,TAS1,,-7.52678,940.54,0,PUBLIC_P5MIN_202609150910_20260915090654.zip
2026-09-15 09:10:00,TAS1,,-7.72995,932.54,0,PUBLIC_P5MIN_202609150910_20260915090654.zip
2026-09-15 09:10:00,TAS1,,-8.93574,924.54,0,PUBLIC_P5MIN_202609150910_20260915090654.zip
2026-09-15 09:10:00,TAS1,,-10.31215,916.54,0,PUBLIC_P5MIN_202609150910_20260915090654.zip
2026-09-15 09:10:00,TAS1,,-14.38404,909.54,0,PUBLIC_P5MIN_202609150910_20260915090654.zip
2026-09-15 09:10:00,TAS1,,-20.7816,902.54,0,PUBLIC_P5MIN_202609150910_20260915090654.zip
2026-09-15 09:10:00,TAS1,,-17.18638,895.54,0,PUBLIC_P5MIN_202609150910_20260915090654.zip
2026-09-15 09:10:00,VIC1,,-4.67901,4392.28,0,PUBLIC_P5MIN_202609150910_20260915090654.zip
2026-09-15 09:10:00,VIC1,,-5.97215,4338.28,0,PUBLIC_P5MIN_202609150910_20260915090654.zip
2026-09-15 09:10:00,VIC1,,-5.30454,4287.28,0,PUBLIC_P5MIN_202609150910_20260915090654.zip
2026-09-15 09:10:00,VIC1,,-5.49362,4236.28,0,PUBLIC_P5MIN_202609150910_20260915090654.zip
2026-09-15 09:10:00,VIC1,,-7.25514,4184.28,0,PUBLIC_P5MIN_202609150910_20260915090654.zip
2026-09-15 09:10:00,VIC1,,-7.31261,4133.28,0,PUBLIC_P5MIN_202609150910_20260915090654.zip
2026-09-15 09:10:00,VIC1,,-7.51,4082.28,0,PUBLIC_P5MIN_202609150910_20260915090654.zip
2026-09-15 09:10:00,VIC1,,-8.70909,4032.28,0,PUBLIC_P5MIN_202609150910_20260915090654.zip
2026-09-15 09:10:00,VIC1,,-10.05059,3981.28,0,PUBLIC_P5MIN_202609150910_20260915090654.zip
2026-09-15 09:10:00,VIC1,,-14.06394,3933.28,0,PUBLIC_P5MIN_202609150910_20260915090654.zip
2026-09-15 09:10:00,VIC1,,-20.0,3887.28,0,PUBLIC_P5MIN_202609150910_20260915090654.zip
2026-09-15 09:10:00,VIC1,,-16.54,3841.28,0,PUBLIC_P5MIN_202609150910_20260915090654.zip
2026-09-15 09:15:00,NSW1,,-2.51271,5566.12,0,PUBLIC_P5MIN_202609150915_20260915091147.zip
2026-09-15 09:15:00,NSW1,,0.9,5502.12,0,PUBLIC_P5MIN_202609150915_20260915091147.zip
2026-09-15 09:15:00,NSW1,,0.9,5442.12,0,PUBLIC_P5MIN_202609150915_20260915091147.zip
2026-09-15 09:15:00,NSW1,,0.9,5384.12,0,PUBLIC_P5MIN_202609150915_20260915091147.zip
2026-09-15 09:15:00,NSW1,,-5.17,5327.12,0,PUBLIC_P5MIN_202609150915_20260915091147.zip
2026-09-15 09:15:00,NSW1,,-8.87144,5274.12,0,PUBLIC_P5MIN_202609150915_20260915091147.zip
2026-09-15 09:15:00,NSW1,,-9.42533,5223.12,0,PUBLIC_P5MIN_202609150915_20260915091147.zip
2026-09-15 09:15:00,NSW1,,-9.87635,5173.12,0,PUBLIC_P5MIN_202609150915_20260915091147.zip
2026-09-15 09:15:00,NSW1,,-5.17,5125.12,0,PUBLIC_P5MIN_202609150915_20260915091147.zip
2026-09-15 09:15:00,NSW1,,-9.50709,5080.12,0,PUBLIC_P5MIN_202609150915_20260915091147.zip
2026-09-15 09:15:00,NSW1,,-7.61845,5035.12,0,PUBLIC_P5MIN_202609150915_20260915091147.zip
2026-09-15 09:15:00,NSW1,,-8.63,4995.12,0,PUBLIC_P5MIN_202609150915_20260915091147.zip
2026-09-15 09:15:00,QLD1,,-2.96,4272.51,0,PUBLIC_P5MIN_202609150915_20260915091147.zip
2026-09-15 09:15:00,QLD1,,-2.96,4222.51,0,PUBLIC_P5MIN_202609150915_20260915091147.zip
2026-09-15 09:15:00,QLD1,,-2.9999,4176.51,0,PUBLIC_P5MIN_202609150915_20260915091147.zip
2026-09-15 09:15:00,QLD1,,-3.49,4134.51,0,PUBLIC_P5MIN_202609150915_20260915091147.zip
2026-09-15 09:15:00,QLD1,,-4.12846,4093.51,0,PUBLIC_P5MIN_202609150915_20260915091147.zip
2026-09-15 09:15:00,QLD1,,-7.5,4051.51,0,PUBLIC_P5MIN_202609150915_20260915091147.zip
2026-09-15 09:15:00,QLD1,,-8.07,4013.51,0,PUBLIC_P5MIN_202609150915_20260915091147.zip
2026-09-15 09:15:00,QLD1,,-8.51,3975.51,0,PUBLIC_P5MIN_202609150915_20260915091147.zip
2026-09-15 09:15:00,QLD1,,-5.99997,3939.51,0,PUBLIC_P5MIN_202609150915_20260915091147.zip
2026-09-15 09:15:00,QLD1,,-8.14,3903.51,0,PUBLIC_P5MIN_202609150915_20260915091147.zip
2026-09-15 09:15:00,QLD1,,-6.4,3869.51,0,PUBLIC_P5MIN_202609150915_20260915091147.zip
2026-09-15 09:15:00,QLD1,,-7.38904,3840.51,0,PUBLIC_P5MIN_202609150915_20260915091147.zip
2026-09-15 09:15:00,SA1,,-5.17,997.86,0,PUBLIC_P5MIN_202609150915_20260915091147.zip
2026-09-15 09:15:00,SA1,,-6.34682,974.86,0,PUBLIC_P5MIN_202609150915_20260915091147.zip
2026-09-15 09:15:00,SA1,,-5.99998,951.86,0,PUBLIC_P5MIN_202609150915_20260915091147.zip
2026-09-15 09:15:00,SA1,,-7.1,929.86,0,PUBLIC_P5MIN_202609150915_20260915091147.zip
2026-09-15 09:15:00,SA1,,-7.01,907.86,0,PUBLIC_P5MIN_202609150915_20260915091147.zip
2026-09-15 09:15:00,SA1,,-8.05672,887.86,0,PUBLIC_P5MIN_202609150915_20260915091147.zip
2026-09-15 09:15:00,SA1,,-14.90951,868.86,0,PUBLIC_P5MIN_202609150915_20260915091147.zip
2026-09-15 09:15:00,SA1,,-15.59445,850.86,0,PUBLIC_P5MIN_202609150915_20260915091147.zip
2026-09-15 09:15:00,SA1,,-16.7913,833.86,0,PUBLIC_P5MIN_202609150915_20260915091147.zip
2026-09-15 09:15:00,SA1,,-14.68665,816.86,0,PUBLIC_P5MIN_202609150915_20260915091147.zip
2026-09-15 09:15:00,SA1,,-20.37478,800.86,0,PUBLIC_P5MIN_202609150915_20260915091147.zip
2026-09-15 09:15:00,SA1,,-20.5058,785.86,0,PUBLIC_P5MIN_202609150915_20260915091147.zip
2026-09-15 09:15:00,TAS1,,-5.47156,961.53,0,PUBLIC_P5MIN_202609150915_20260915091147.zip
2026-09-15 09:15:00,TAS1,,-6.71159,954.53,0,PUBLIC_P5MIN_202609150915_20260915091147.zip
2026-09-15 09:15:00,TAS1,,-6.39904,947.53,0,PUBLIC_P5MIN_202609150915_20260915091147.zip
2026-09-15 09:15:00,TAS1,,-7.36871,939.53,0,PUBLIC_P5MIN_202609150915_20260915091147.zip
2026-09-15 09:15:00,TAS1,,-7.42358,931.53,0,PUBLIC_P5MIN_202609150915_20260915091147.zip
2026-09-15 09:15:00,TAS1,,-8.11103,923.53,0,PUBLIC_P5MIN_202609150915_20260915091147.zip
2026-09-15 09:15:00,TAS1,,-15.01,915.53,0,PUBLIC_P5MIN_202609150915_20260915091147.zip
2026-09-15 09:15:00,TAS1,,-15.89933,907.53,0,PUBLIC_P5MIN_202609150915_20260915091147.zip
2026-09-15 09:15:00,TAS1,,-17.18638,900.53,0,PUBLIC_P5MIN_202609150915_20260915091147.zip
2026-09-15 09:15:00,TAS1,,-15.16107,893.53,0,PUBLIC_P5MIN_202609150915_20260915091147.zip
2026-09-15 09:15:00,TAS1,,-20.21416,886.53,0,PUBLIC_P5MIN_202609150915_20260915091147.zip
2026-09-15 09:15:00,TAS1,,-20.43897,879.53,0,PUBLIC_P5MIN_202609150915_20260915091147.zip
2026-09-15 09:15:00,VIC1,,-5.30592,4365.11,0,PUBLIC_P5MIN_202609150915_20260915091147.zip
2026-09-15 09:15:00,VIC1,,-6.5,4316.11,0,PUBLIC_P5MIN_202609150915_20260915091147.zip
2026-09-15 09:15:00,VIC1,,-6.21696,4267.11,0,PUBLIC_P5MIN_202609150915_20260915091147.zip
2026-09-15 09:15:00,VIC1,,-7.15904,4217.11,0,PUBLIC_P5MIN_202609150915_20260915091147.zip
2026-09-15 09:15:00,VIC1,,-7.23529,4167.11,0,PUBLIC_P5MIN_202609150915_20260915091147.zip
2026-09-15 09:15:00,VIC1,,-7.9053,4118.11,0,PUBLIC_P5MIN_202609150915_20260915091147.zip
2026-09-15 09:15:00,VIC1,,-14.62929,4069.11,0,PUBLIC_P5MIN_202609150915_20260915091147.zip
2026-09-15 09:15:00,VIC1,,-15.30135,4019.11,0,PUBLIC_P5MIN_202609150915_20260915091147.zip
2026-09-15 09:15:00,VIC1,,-16.54,3972.11,0,PUBLIC_P5MIN_202609150915_20260915091147.zip
2026-09-15 09:15:00,VIC1,,-14.63684,3926.11,0,PUBLIC_P5MIN_202609150915_20260915091147.zip
2026-09-15 09:15:00,VIC1,,-19.4539,3879.11,0,PUBLIC_P5MIN_202609150915_20260915091147.zip
2026-09-15 09:15:00,VIC1,,-19.73224,3835.11,0,PUBLIC_P5MIN_202609150915_20260915091147.zip
2026-09-15 09:20:00,NSW1,,-7.18132,5499.41,0,PUBLIC_P5MIN_202609150920_20260915091652.zip
2026-09-15 09:20:00,NSW1,,-7.66493,5439.41,0,PUBLIC_P5MIN_202609150920_20260915091652.zip
2026-09-15 09:20:00,NSW1,,-4.39823,5380.41,0,PUBLIC_P5MIN_202609150920_20260915091652.zip
2026-09-15 09:20:00,NSW1,,-5.17,5322.41,0,PUBLIC_P5MIN_202609150920_20260915091652.zip
2026-09-15 09:20:00,NSW1,,0.9,5269.41,0,PUBLIC_P5MIN_202609150920_20260915091652.zip
2026-09-15 09:20:00,NSW1,,-9.75174,5218.41,0,PUBLIC_P5MIN_202609150920_20260915091652.zip
2026-09-15 09:20:00,NSW1,,-9.68999,5168.41,0,PUBLIC_P5MIN_202609150920_20260915091652.zip
2026-09-15 09:20:00,NSW1,,-8.63,5120.41,0,PUBLIC_P5MIN_202609150920_20260915091652.zip
2026-09-15 09:20:00,NSW1,,-9.60639,5075.41,0,PUBLIC_P5MIN_202609150920_20260915091652.zip
2026-09-15 09:20:00,NSW1,,-8.63,5030.41,0,PUBLIC_P5MIN_202609150920_20260915091652.zip
2026-09-15 09:20:00,NSW1,,-7.66691,4990.41,0,PUBLIC_P5MIN_202609150920_20260915091652.zip
2026-09-15 09:20:00,NSW1,,-9.28447,4952.41,0,PUBLIC_P5MIN_202609150920_20260915091652.zip
2026-09-15 09:20:00,QLD1,,-6.29,4198.05,0,PUBLIC_P5MIN_202609150920_20260915091652.zip
2026-09-15 09:20:00,QLD1,,-6.48,4151.05,0,PUBLIC_P5MIN_202609150920_20260915091652.zip
2026-09-15 09:20:00,QLD1,,-3.49,4109.05,0,PUBLIC_P5MIN_202609150920_20260915091652.zip
2026-09-15 09:20:00,QLD1,,-5.99997,4067.05,0,PUBLIC_P5MIN_202609150920_20260915091652.zip
2026-09-15 09:20:00,QLD1,,-5.99997,4025.05,0,PUBLIC_P5MIN_202609150920_20260915091652.zip
2026-09-15 09:20:00,QLD1,,-8.51,3987.05,0,PUBLIC_P5MIN_202609150920_20260915091652.zip
2026-09-15 09:20:00,QLD1,,-8.51,3949.05,0,PUBLIC_P5MIN_202609150920_20260915091652.zip
2026-09-15 09:20:00,QLD1,,-7.1132,3913.05,0,PUBLIC_P5MIN_202609150920_20260915091652.zip
2026-09-15 09:20:00,QLD1,,-8.07,3878.05,0,PUBLIC_P5MIN_202609150920_20260915091652.zip
2026-09-15 09:20:00,QLD1,,-7.34231,3845.05,0,PUBLIC_P5MIN_202609150920_20260915091652.zip
2026-09-15 09:20:00,QLD1,,-6.4,3817.05,0,PUBLIC_P5MIN_202609150920_20260915091652.zip
2026-09-15 09:20:00,QLD1,,-8.0,3791.05,0,PUBLIC_P5MIN_202609150920_20260915091652.zip
2026-09-15 09:20:00,SA1,,-7.1,987.33,0,PUBLIC_P5MIN_202609150920_20260915091652.zip
2026-09-15 09:20:00,SA1,,-7.15,964.33,0,PUBLIC_P5MIN_202609150920_20260915091652.zip
2026-09-15 09:20:00,SA1,,-7.25,942.33,0,PUBLIC_P5MIN_202609150920_20260915091652.zip
2026-09-15 09:20:00,SA1,,-7.1,920.33,0,PUBLIC_P5MIN_202609150920_20260915091652.zip
2026-09-15 09:20:00,SA1,,-8.31349,900.33,0,PUBLIC_P5MIN_202609150920_20260915091652.zip
2026-09-15 09:20:00,SA1,,-14.99,881.33,0,PUBLIC_P5MIN_202609150920_20260915091652.zip
2026-09-15 09:20:00,SA1,,-15.8427,863.33,0,PUBLIC_P5MIN_202609150920_20260915091652.zip
2026-09-15 09:20:00,SA1,,-17.45857,846.33,0,PUBLIC_P5MIN_202609150920_20260915091652.zip
2026-09-15 09:20:00,SA1,,-21.01804,829.33,0,PUBLIC_P5MIN_202609150920_20260915091652.zip
2026-09-15 09:20:00,SA1,,-14.99,813.33,0,PUBLIC_P5MIN_202609150920_20260915091652.zip
2026-09-15 09:20:00,SA1,,-22.86246,798.33,0,PUBLIC_P5MIN_202609150920_20260915091652.zip
2026-09-15 09:20:00,SA1,,-20.88448,783.33,0,PUBLIC_P5MIN_202609150920_20260915091652.zip
2026-09-15 09:20:00,TAS1,,-7.00453,958.28,0,PUBLIC_P5MIN_202609150920_20260915091652.zip
2026-09-15 09:20:00,TAS1,,-7.67474,951.28,0,PUBLIC_P5MIN_202609150920_20260915091652.zip
2026-09-15 09:20:00,TAS1,,-7.77898,943.28,0,PUBLIC_P5MIN_202609150920_20260915091652.zip
2026-09-15 09:20:00,TAS1,,-7.16007,935.28,0,PUBLIC_P5MIN_202609150920_20260915091652.zip
2026-09-15 09:20:00,TAS1,,-8.26028,926.28,0,PUBLIC_P5MIN_202609150920_20260915091652.zip
2026-09-15 09:20:00,TAS1,,-14.66359,918.28,0,PUBLIC_P5MIN_202609150920_20260915091652.zip
2026-09-15 09:20:00,TAS1,,-17.29436,910.28,0,PUBLIC_P5MIN_202609150920_20260915091652.zip
2026-09-15 09:20:00,TAS1,,-17.29436,903.28,0,PUBLIC_P5MIN_202609150920_20260915091652.zip
2026-09-15 09:20:00,TAS1,,-20.83646,896.28,0,PUBLIC_P5MIN_202609150920_20260915091652.zip
2026-09-15 09:20:00,TAS1,,-15.25973,889.28,0,PUBLIC_P5MIN_202609150920_20260915091652.zip
2026-09-15 09:20:00,TAS1,,-22.93157,882.28,0,PUBLIC_P5MIN_202609150920_20260915091652.zip
2026-09-15 09:20:00,TAS1,,-21.0294,875.28,0,PUBLIC_P5MIN_202609150920_20260915091652.zip
2026-09-15 09:20:00,VIC1,,-6.77137,4339.25,0,PUBLIC_P5MIN_202609150920_20260915091652.zip
2026-09-15 09:20:00,VIC1,,-7.38609,4290.25,0,PUBLIC_P5MIN_202609150920_20260915091652.zip
2026-09-15 09:20:00,VIC1,,-7.51,4240.25,0,PUBLIC_P5MIN_202609150920_20260915091652.zip
2026-09-15 09:20:00,VIC1,,-6.91249,4190.25,0,PUBLIC_P5MIN_202609150920_20260915091652.zip
2026-09-15 09:20:00,VIC1,,-7.99987,4140.25,0,PUBLIC_P5MIN_202609150920_20260915091652.zip
2026-09-15 09:20:00,VIC1,,-14.20131,4091.25,0,PUBLIC_P5MIN_202609150920_20260915091652.zip
2026-09-15 09:20:00,VIC1,,-16.54,4041.25,0,PUBLIC_P5MIN_202609150920_20260915091652.zip
2026-09-15 09:20:00,VIC1,,-16.54,3993.25,0,PUBLIC_P5MIN_202609150920_20260915091652.zip
2026-09-15 09:20:00,VIC1,,-19.99,3946.25,0,PUBLIC_P5MIN_202609150920_20260915091652.zip
2026-09-15 09:20:00,VIC1,,-14.59413,3898.25,0,PUBLIC_P5MIN_202609150920_20260915091652.zip
2026-09-15 09:20:00,VIC1,,-22.0,3853.25,0,PUBLIC_P5MIN_202609150920_20260915091652.zip
2026-09-15 09:20:00,VIC1,,-20.1751,3810.25,0,PUBLIC_P5MIN_202609150920_20260915091652.zip
2026-09-15 09:25:00,NSW1,,-7.90182,5538.2,0,PUBLIC_P5MIN_202609150925_20260915092151.zip
2026-09-15 09:25:00,NSW1,,-8.7596,5480.2,0,PUBLIC_P5MIN_202609150925_20260915092151.zip
2026-09-15 09:25:00,NSW1,,-7.81211,5423.2,0,PUBLIC_P5MIN_202609150925_20260915092151.zip
2026-09-15 09:25:00,NSW1,,-7.63126,5370.2,0,PUBLIC_P5MIN_202609150925_20260915092151.zip
2026-09-15 09:25:00,NSW1,,-9.52293,5319.2,0,PUBLIC_P5MIN_202609150925_20260915092151.zip
2026-09-15 09:25:00,NSW1,,-10.00248,5269.2,0,PUBLIC_P5MIN_202609150925_20260915092151.zip
2026-09-15 09:25:00,NSW1,,-9.04179,5220.2,0,PUBLIC_P5MIN_202609150925_20260915092151.zip
2026-09-15 09:25:00,NSW1,,-9.37563,5174.2,0,PUBLIC_P5MIN_202609150925_20260915092151.zip
2026-09-15 09:25:00,NSW1,,-7.81407,5128.2,0,PUBLIC_P5MIN_202609150925_20260915092151.zip
2026-09-15 09:25:00,NSW1,,-7.86,5087.2,0,PUBLIC_P5MIN_202609150925_20260915092151.zip
2026-09-15 09:25:00,NSW1,,-8.63,5048.2,0,PUBLIC_P5MIN_202609150925_20260915092151.zip
2026-09-15 09:25:00,NSW1,,-8.63,5011.2,0,PUBLIC_P5MIN_202609150925_20260915092151.zip
2026-09-15 09:25:00,QLD1,,-7.09451,4182.15,0,PUBLIC_P5MIN_202609150925_20260915092151.zip
2026-09-15 09:25:00,QLD1,,-7.5,4137.15,0,PUBLIC_P5MIN_202609150925_20260915092151.zip
2026-09-15 09:25:00,QLD1,,-6.48,4093.15,0,PUBLIC_P5MIN_202609150925_20260915092151.zip
2026-09-15 09:25:00,QLD1,,-6.29,4049.15,0,PUBLIC_P5MIN_202609150925_20260915092151.zip
2026-09-15 09:25:00,QLD1,,-7.99988,4009.15,0,PUBLIC_P5MIN_202609150925_20260915092151.zip
2026-09-15 09:25:00,QLD1,,-8.51,3969.15,0,PUBLIC_P5MIN_202609150925_20260915092151.zip
2026-09-15 09:25:00,QLD1,,-7.5,3931.15,0,PUBLIC_P5MIN_202609150925_20260915092151.zip
2026-09-15 09:25:00,QLD1,,-8.13,3894.15,0,PUBLIC_P5MIN_202609150925_20260915092151.zip
2026-09-15 09:25:00,QLD1,,-6.4,3860.15,0,PUBLIC_P5MIN_202609150925_20260915092151.zip
2026-09-15 09:25:00,QLD1,,-6.72976,3831.15,0,PUBLIC_P5MIN_202609150925_20260915092151.zip
2026-09-15 09:25:00,QLD1,,-7.38904,3805.15,0,PUBLIC_P5MIN_202609150925_20260915092151.zip
2026-09-15 09:25:00,QLD1,,-7.43608,3781.15,0,PUBLIC_P5MIN_202609150925_20260915092151.zip
2026-09-15 09:25:00,SA1,,-7.15,959.79,0,PUBLIC_P5MIN_202609150925_20260915092151.zip
2026-09-15 09:25:00,SA1,,-7.15,939.79,0,PUBLIC_P5MIN_202609150925_20260915092151.zip
2026-09-15 09:25:00,SA1,,-8.0,919.79,0,PUBLIC_P5MIN_202609150925_20260915092151.zip
2026-09-15 09:25:00,SA1,,-14.13824,900.79,0,PUBLIC_P5MIN_202609150925_20260915092151.zip
2026-09-15 09:25:00,SA1,,-14.21512,883.79,0,PUBLIC_P5MIN_202609150925_20260915092151.zip
2026-09-15 09:25:00,SA1,,-15.93371,866.79,0,PUBLIC_P5MIN_202609150925_20260915092151.zip
2026-09-15 09:25:00,SA1,,-17.05498,849.79,0,PUBLIC_P5MIN_202609150925_20260915092151.zip
2026-09-15 09:25:00,SA1,,-14.99,832.79,0,PUBLIC_P5MIN_202609150925_20260915092151.zip
2026-09-15 09:25:00,SA1,,-23.0414,816.79,0,PUBLIC_P5MIN_202609150925_20260915092151.zip
2026-09-15 09:25:00,SA1,,-20.30501,800.79,0,PUBLIC_P5MIN_202609150925_20260915092151.zip
2026-09-15 09:25:00,SA1,,-22.77354,784.79,0,PUBLIC_P5MIN_202609150925_20260915092151.zip
2026-09-15 09:25:00,SA1,,-22.77354,769.79,0,PUBLIC_P5MIN_202609150925_20260915092151.zip
2026-09-15 09:25:00,TAS1,,-8.35526,968.62,0,PUBLIC_P5MIN_202609150925_20260915092151.zip
2026-09-15 09:25:00,TAS1,,-8.37524,960.62,0,PUBLIC_P5MIN_202609150925_20260915092151.zip
2026-09-15 09:25:00,TAS1,,-8.37524,952.62,0,PUBLIC_P5MIN_202609150925_20260915092151.zip
2026-09-15 09:25:00,TAS1,,-14.90978,943.62,0,PUBLIC_P5MIN_202609150925_20260915092151.zip
2026-09-15 09:25:00,TAS1,,-16.21007,935.62,0,PUBLIC_P5MIN_202609150925_20260915092151.zip
2026-09-15 09:25:00,TAS1,,-17.45632,927.62,0,PUBLIC_P5MIN_202609150925_20260915092151.zip
2026-09-15 09:25:00,TAS1,,-17.45632,920.62,0,PUBLIC_P5MIN_202609150925_20260915092151.zip
2026-09-15 09:25:00,TAS1,,-15.70552,913.62,0,PUBLIC_P5MIN_202609150925_20260915092151.zip
2026-09-15 09:25:00,TAS1,,-23.2188,906.62,0,PUBLIC_P5MIN_202609150925_20260915092151.zip
2026-09-15 09:25:00,TAS1,,-20.54127,899.62,0,PUBLIC_P5MIN_202609150925_20260915092151.zip
2026-09-15 09:25:00,TAS1,,-23.14699,892.62,0,PUBLIC_P5MIN_202609150925_20260915092151.zip
2026-09-15 09:25:00,TAS1,,-23.14699,885.62,0,PUBLIC_P5MIN_202609150925_20260915092151.zip
2026-09-15 09:25:00,VIC1,,-7.99987,4248.96,0,PUBLIC_P5MIN_202609150925_20260915092151.zip
2026-09-15 09:25:00,VIC1,,-8.00992,4202.96,0,PUBLIC_P5MIN_202609150925_20260915092151.zip
2026-09-15 09:25:00,VIC1,,-8.00992,4156.96,0,PUBLIC_P5MIN_202609150925_20260915092151.zip
2026-09-15 09:25:00,VIC1,,-14.30409,4110.96,0,PUBLIC_P5MIN_202609150925_20260915092151.zip
2026-09-15 09:25:00,VIC1,,-15.31182,4064.96,0,PUBLIC_P5MIN_202609150925_20260915092151.zip
2026-09-15 09:25:00,VIC1,,-16.54,4016.96,0,PUBLIC_P5MIN_202609150925_20260915092151.zip
2026-09-15 09:25:00,VIC1,,-16.54,3970.96,0,PUBLIC_P5MIN_202609150925_20260915092151.zip
2026-09-15 09:25:00,VIC1,,-14.8811,3925.96,0,PUBLIC_P5MIN_202609150925_20260915092151.zip
2026-09-15 09:25:00,VIC1,,-22.0,3878.96,0,PUBLIC_P5MIN_202609150925_20260915092151.zip
2026-09-15 09:25:00,VIC1,,-19.46302,3832.96,0,PUBLIC_P5MIN_202609150925_20260915092151.zip
2026-09-15 09:25:00,VIC1,,-22.0,3787.96,0,PUBLIC_P5MIN_202609150925_20260915092151.zip
2026-09-15 09:25:00,VIC1,,-22.0,3747.96,0,PUBLIC_P5MIN_202609150925_20260915092151.zip
2026-09-15 09:30:00,NSW1,,-8.12942,5446.36,0,PUBLIC_P5MIN_202609150930_20260915092644.zip
2026-09-15 09:30:00,NSW1,,0.9,5393.36,0,PUBLIC_P5MIN_202609150930_20260915092644.zip
2026-09-15 09:30:00,NSW1,,0.9,5345.36,0,PUBLIC_P5MIN_202609150930_20260915092644.zip
2026-09-15 09:30:00,NSW1,,0.9,5298.36,0,PUBLIC_P5MIN_202609150930_20260915092644.zip
2026-09-15 09:30:00,NSW1,,-5.01,5251.36,0,PUBLIC_P5MIN_202609150930_20260915092644.zip
2026-09-15 09:30:00,NSW1,,-7.66493,5205.36,0,PUBLIC_P5MIN_202609150930_20260915092644.zip
2026-09-15 09:30:00,NSW1,,-7.66493,5162.36,0,PUBLIC_P5MIN_202609150930_20260915092644.zip
2026-09-15 09:30:00,NSW1,,-5.50213,5118.36,0,PUBLIC_P5MIN_202609150930_20260915092644.zip
2026-09-15 09:30:00,NSW1,,-7.81407,5078.36,0,PUBLIC_P5MIN_202609150930_20260915092644.zip
2026-09-15 09:30:00,NSW1,,-7.66691,5038.36,0,PUBLIC_P5MIN_202609150930_20260915092644.zip
2026-09-15 09:30:00,NSW1,,-8.46761,5000.36,0,PUBLIC_P5MIN_202609150930_20260915092644.zip
2026-09-15 09:30:00,NSW1,,-8.63,4967.36,0,PUBLIC_P5MIN_202609150930_20260915092644.zip
2026-09-15 09:30:00,QLD1,,-7.24554,4106.64,0,PUBLIC_P5MIN_202609150930_20260915092644.zip
2026-09-15 09:30:00,QLD1,,-2.98,4064.64,0,PUBLIC_P5MIN_202609150930_20260915092644.zip
2026-09-15 09:30:00,QLD1,,-2.9999,4022.64,0,PUBLIC_P5MIN_202609150930_20260915092644.zip
2026-09-15 09:30:00,QLD1,,-2.9999,3983.64,0,PUBLIC_P5MIN_202609150930_20260915092644.zip
2026-09-15 09:30:00,QLD1,,-3.97544,3945.64,0,PUBLIC_P5MIN_202609150930_20260915092644.zip
2026-09-15 09:30:00,QLD1,,-6.48,3909.64,0,PUBLIC_P5MIN_202609150930_20260915092644.zip
2026-09-15 09:30:00,QLD1,,-6.48,3874.64,0,PUBLIC_P5MIN_202609150930_20260915092644.zip
2026-09-15 09:30:00,QLD1,,-5.99997,3841.64,0,PUBLIC_P5MIN_202609150930_20260915092644.zip
2026-09-15 09:30:00,QLD1,,-6.4,3813.64,0,PUBLIC_P5MIN_202609150930_20260915092644.zip
2026-09-15 09:30:00,QLD1,,-6.4,3788.64,0,PUBLIC_P5MIN_202609150930_20260915092644.zip
2026-09-15 09:30:00,QLD1,,-7.25,3764.64,0,PUBLIC_P5MIN_202609150930_20260915092644.zip
2026-09-15 09:30:00,QLD1,,-7.38904,3745.64,0,PUBLIC_P5MIN_202609150930_20260915092644.zip
2026-09-15 09:30:00,SA1,,-7.25,971.68,0,PUBLIC_P5MIN_202609150930_20260915092644.zip
2026-09-15 09:30:00,SA1,,-7.15,951.68,0,PUBLIC_P5MIN_202609150930_20260915092644.zip
2026-09-15 09:30:00,SA1,,-7.59447,932.68,0,PUBLIC_P5MIN_202609150930_20260915092644.zip
2026-09-15 09:30:00,SA1,,-8.0271,915.68,0,PUBLIC_P5MIN_202609150930_20260915092644.zip
2026-09-15 09:30:00,SA1,,-12.6806,898.68,0,PUBLIC_P5MIN_202609150930_20260915092644.zip
2026-09-15 09:30:00,SA1,,-9.22336,881.68,0,PUBLIC_P5MIN_202609150930_20260915092644.zip
2026-09-15 09:30:00,SA1,,-14.99,864.68,0,PUBLIC_P5MIN_202609150930_20260915092644.zip
2026-09-15 09:30:00,SA1,,-16.92261,848.68,0,PUBLIC_P5MIN_202609150930_20260915092644.zip
2026-09-15 09:30:00,SA1,,-20.69287,832.68,0,PUBLIC_P5MIN_202609150930_20260915092644.zip
2026-09-15 09:30:00,SA1,,-22.68497,816.68,0,PUBLIC_P5MIN_202609150930_20260915092644.zip
2026-09-15 09:30:00,SA1,,-22.59676,801.68,0,PUBLIC_P5MIN_202609150930_20260915092644.zip
2026-09-15 09:30:00,SA1,,-22.95175,786.68,0,PUBLIC_P5MIN_202609150930_20260915092644.zip
2026-09-15 09:30:00,TAS1,,-8.31408,958.96,0,PUBLIC_P5MIN_202609150930_20260915092644.zip
2026-09-15 09:30:00,TAS1,,-7.22772,950.96,0,PUBLIC_P5MIN_202609150930_20260915092644.zip
2026-09-15 09:30:00,TAS1,,-7.80349,942.96,0,PUBLIC_P5MIN_202609150930_20260915092644.zip
2026-09-15 09:30:00,TAS1,,-8.31251,934.96,0,PUBLIC_P5MIN_202609150930_20260915092644.zip
2026-09-15 09:30:00,TAS1,,-13.18269,926.96,0,PUBLIC_P5MIN_202609150930_20260915092644.zip
2026-09-15 09:30:00,TAS1,,-9.62596,919.96,0,PUBLIC_P5MIN_202609150930_20260915092644.zip
2026-09-15 09:30:00,TAS1,,-15.84088,912.96,0,PUBLIC_P5MIN_202609150930_20260915092644.zip
2026-09-15 09:30:00,TAS1,,-17.45632,905.96,0,PUBLIC_P5MIN_202609150930_20260915092644.zip
2026-09-15 09:30:00,TAS1,,-21.0322,898.96,0,PUBLIC_P5MIN_202609150930_20260915092644.zip
2026-09-15 09:30:00,TAS1,,-23.14699,891.96,0,PUBLIC_P5MIN_202609150930_20260915092644.zip
2026-09-15 09:30:00,TAS1,,-23.07518,884.96,0,PUBLIC_P5MIN_202609150930_20260915092644.zip
2026-09-15 09:30:00,TAS1,,-23.07518,878.96,0,PUBLIC_P5MIN_202609150930_20260915092644.zip
2026-09-15 09:30:00,VIC1,,-8.00992,4193.91,0,PUBLIC_P5MIN_202609150930_20260915092644.zip
2026-09-15 09:30:00,VIC1,,-6.93411,4148.91,0,PUBLIC_P5MIN_202609150930_20260915092644.zip
2026-09-15 09:30:00,VIC1,,-7.51,4103.91,0,PUBLIC_P5MIN_202609150930_20260915092644.zip
2026-09-15 09:30:00,VIC1,,-7.99987,4058.91,0,PUBLIC_P5MIN_202609150930_20260915092644.zip
2026-09-15 09:30:00,VIC1,,-12.68689,4011.91,0,PUBLIC_P5MIN_202609150930_20260915092644.zip
2026-09-15 09:30:00,VIC1,,-9.26393,3965.91,0,PUBLIC_P5MIN_202609150930_20260915092644.zip
2026-09-15 09:30:00,VIC1,,-15.05593,3920.91,0,PUBLIC_P5MIN_202609150930_20260915092644.zip
2026-09-15 09:30:00,VIC1,,-16.54,3873.91,0,PUBLIC_P5MIN_202609150930_20260915092644.zip
2026-09-15 09:30:00,VIC1,,-19.99,3828.91,0,PUBLIC_P5MIN_202609150930_20260915092644.zip
2026-09-15 09:30:00,VIC1,,-22.0,3783.91,0,PUBLIC_P5MIN_202609150930_20260915092644.zip
2026-09-15 09:30:00,VIC1,,-22.0,3743.91,0,PUBLIC_P5MIN_202609150930_20260915092644.zip
2026-09-15 09:30:00,VIC1,,-22.0,3705.91,0,PUBLIC_P5MIN_202609150930_20260915092644.zip
2026-09-15 09:35:00,NSW1,,-3.61325,5404.03,0,PUBLIC_P5MIN_202609150935_20260915093144.zip
2026-09-15 09:35:00,NSW1,,0.9,5354.03,0,PUBLIC_P5MIN_202609150935_20260915093144.zip
2026-09-15 09:35:00,NSW1,,-5.17,5306.03,0,PUBLIC_P5MIN_202609150935_20260915093144.zip
2026-09-15 09:35:00,NSW1,,-5.17,5258.03,0,PUBLIC_P5MIN_202609150935_20260915093144.zip
2026-09-15 09:35:00,NSW1,,-7.63126,5211.03,0,PUBLIC_P5MIN_202609150935_20260915093144.zip
2026-09-15 09:35:00,NSW1,,-7.81211,5167.03,0,PUBLIC_P5MIN_202609150935_20260915093144.zip
2026-09-15 09:35:00,NSW1,,-7.46625,5122.03,0,PUBLIC_P5MIN_202609150935_20260915093144.zip
2026-09-15 09:35:00,NSW1,,-7.91371,5081.03,0,PUBLIC_P5MIN_202609150935_20260915093144.zip
2026-09-15 09:35:00,NSW1,,-8.92788,5041.03,0,PUBLIC_P5MIN_202609150935_20260915093144.zip
2026-09-15 09:35:00,NSW1,,-9.28447,5003.03,0,PUBLIC_P5MIN_202609150935_20260915093144.zip
2026-09-15 09:35:00,NSW1,,-8.63,4970.03,0,PUBLIC_P5MIN_202609150935_20260915093144.zip
2026-09-15 09:35:00,NSW1,,-8.81535,4939.03,0,PUBLIC_P5MIN_202609150935_20260915093144.zip
2026-09-15 09:35:00,QLD1,,-2.9999,4019.4,0,PUBLIC_P5MIN_202609150935_20260915093144.zip
2026-09-15 09:35:00,QLD1,,-2.9999,3974.4,0,PUBLIC_P5MIN_202609150935_20260915093144.zip
2026-09-15 09:35:00,QLD1,,-4.1024,3933.4,0,PUBLIC_P5MIN_202609150935_20260915093144.zip
2026-09-15 09:35:00,QLD1,,-4.12846,3893.4,0,PUBLIC_P5MIN_202609150935_20260915093144.zip
2026-09-15 09:35:00,QLD1,,-6.29,3855.4,0,PUBLIC_P5MIN_202609150935_20260915093144.zip
2026-09-15 09:35:00,QLD1,,-6.48,3818.4,0,PUBLIC_P5MIN_202609150935_20260915093144.zip
2026-09-15 09:35:00,QLD1,,-6.0,3784.4,0,PUBLIC_P5MIN_202609150935_20260915093144.zip
2026-09-15 09:35:00,QLD1,,-6.4,3756.4,0,PUBLIC_P5MIN_202609150935_20260915093144.zip
2026-09-15 09:35:00,QLD1,,-7.5,3731.4,0,PUBLIC_P5MIN_202609150935_20260915093144.zip
2026-09-15 09:35:00,QLD1,,-8.0,3708.4,0,PUBLIC_P5MIN_202609150935_20260915093144.zip
2026-09-15 09:35:00,QLD1,,-7.34231,3690.4,0,PUBLIC_P5MIN_202609150935_20260915093144.zip
2026-09-15 09:35:00,QLD1,,-7.5,3674.4,0,PUBLIC_P5MIN_202609150935_20260915093144.zip
2026-09-15 09:35:00,SA1,,-7.1,952.66,0,PUBLIC_P5MIN_202609150935_20260915093144.zip
2026-09-15 09:35:00,SA1,,-7.59447,935.66,0,PUBLIC_P5MIN_202609150935_20260915093144.zip
2026-09-15 09:35:00,SA1,,-7.9339,919.66,0,PUBLIC_P5MIN_202609150935_20260915093144.zip
2026-09-15 09:35:00,SA1,,-12.7633,903.66,0,PUBLIC_P5MIN_202609150935_20260915093144.zip
2026-09-15 09:35:00,SA1,,-14.28148,887.66,0,PUBLIC_P5MIN_202609150935_20260915093144.zip
2026-09-15 09:35:00,SA1,,-19.85,871.66,0,PUBLIC_P5MIN_202609150935_20260915093144.zip
2026-09-15 09:35:00,SA1,,-16.92261,855.66,0,PUBLIC_P5MIN_202609150935_20260915093144.zip
2026-09-15 09:35:00,SA1,,-21.59346,839.66,0,PUBLIC_P5MIN_202609150935_20260915093144.zip
2026-09-15 09:35:00,SA1,,-20.86457,823.66,0,PUBLIC_P5MIN_202609150935_20260915093144.zip
2026-09-15 09:35:00,SA1,,-20.54251,807.66,0,PUBLIC_P5MIN_202609150935_20260915093144.zip
2026-09-15 09:35:00,SA1,,-22.50891,791.66,0,PUBLIC_P5MIN_202609150935_20260915093144.zip
2026-09-15 09:35:00,SA1,,-24.08172,775.66,0,PUBLIC_P5MIN_202609150935_20260915093144.zip
2026-09-15 09:35:00,TAS1,,-7.27528,951.61,0,PUBLIC_P5MIN_202609150935_20260915093144.zip
2026-09-15 09:35:00,TAS1,,-7.828,943.61,0,PUBLIC_P5MIN_202609150935_20260915093144.zip
2026-09-15 09:35:00,TAS1,,-8.31251,935.61,0,PUBLIC_P5MIN_202609150935_20260915093144.zip
2026-09-15 09:35:00,TAS1,,-13.26866,928.61,0,PUBLIC_P5MIN_202609150935_20260915093144.zip
2026-09-15 09:35:00,TAS1,,-15.01,921.61,0,PUBLIC_P5MIN_202609150935_20260915093144.zip
2026-09-15 09:35:00,TAS1,,-20.87863,915.61,0,PUBLIC_P5MIN_202609150935_20260915093144.zip
2026-09-15 09:35:00,TAS1,,-17.45632,909.61,0,PUBLIC_P5MIN_202609150935_20260915093144.zip
2026-09-15 09:35:00,TAS1,,-22.01564,902.61,0,PUBLIC_P5MIN_202609150935_20260915093144.zip
2026-09-15 09:35:00,TAS1,,-21.28951,895.61,0,PUBLIC_P5MIN_202609150935_20260915093144.zip
2026-09-15 09:35:00,TAS1,,-21.04272,888.61,0,PUBLIC_P5MIN_202609150935_20260915093144.zip
2026-09-15 09:35:00,TAS1,,-23.07518,881.61,0,PUBLIC_P5MIN_202609150935_20260915093144.zip
2026-09-15 09:35:00,TAS1,,-24.61074,875.61,0,PUBLIC_P5MIN_202609150935_20260915093144.zip
2026-09-15 09:35:00,VIC1,,-7.00878,4145.25,0,PUBLIC_P5MIN_202609150935_20260915093144.zip
2026-09-15 09:35:00,VIC1,,-7.51,4098.25,0,PUBLIC_P5MIN_202609150935_20260915093144.zip
2026-09-15 09:35:00,VIC1,,-7.99987,4051.25,0,PUBLIC_P5MIN_202609150935_20260915093144.zip
2026-09-15 09:35:00,VIC1,,-12.76963,4002.25,0,PUBLIC_P5MIN_202609150935_20260915093144.zip
2026-09-15 09:35:00,VIC1,,-14.40024,3955.25,0,PUBLIC_P5MIN_202609150935_20260915093144.zip
2026-09-15 09:35:00,VIC1,,-19.78267,3909.25,0,PUBLIC_P5MIN_202609150935_20260915093144.zip
2026-09-15 09:35:00,VIC1,,-16.54,3861.25,0,PUBLIC_P5MIN_202609150935_20260915093144.zip
2026-09-15 09:35:00,VIC1,,-20.86,3815.25,0,PUBLIC_P5MIN_202609150935_20260915093144.zip
2026-09-15 09:35:00,VIC1,,-20.23456,3770.25,0,PUBLIC_P5MIN_202609150935_20260915093144.zip
2026-09-15 09:35:00,VIC1,,-20.0,3730.25,0,PUBLIC_P5MIN_202609150935_20260915093144.zip
2026-09-15 09:35:00,VIC1,,-22.0,3693.25,0,PUBLIC_P5MIN_202609150935_20260915093144.zip
2026-09-15 09:35:00,VIC1,,-23.53725,3656.25,0,PUBLIC_P5MIN_202609150935_20260915093144.zip
2026-09-15 09:40:00,NSW1,,-8.377,5382.26,0,PUBLIC_P5MIN_202609150940_20260915093647.zip
2026-09-15 09:40:00,NSW1,,-9.42533,5334.26,0,PUBLIC_P5MIN_202609150940_20260915093647.zip
2026-09-15 09:40:00,NSW1,,-6.33,5286.26,0,PUBLIC_P5MIN_202609150940_20260915093647.zip
2026-09-15 09:40:00,NSW1,,-7.71368,5239.26,0,PUBLIC_P5MIN_202609150940_20260915093647.zip
2026-09-15 09:40:00,NSW1,,-9.87635,5195.26,0,PUBLIC_P5MIN_202609150940_20260915093647.zip
2026-09-15 09:40:00,NSW1,,-7.48751,5150.26,0,PUBLIC_P5MIN_202609150940_20260915093647.zip
2026-09-15 09:40:00,NSW1,,-7.72858,5109.26,0,PUBLIC_P5MIN_202609150940_20260915093647.zip
2026-09-15 09:40:00,NSW1,,-10.25942,5069.26,0,PUBLIC_P5MIN_202609150940_20260915093647.zip
2026-09-15 09:40:00,NSW1,,-9.93923,5031.26,0,PUBLIC_P5MIN_202609150940_20260915093647.zip
2026-09-15 09:40:00,NSW1,,-10.01,4998.26,0,PUBLIC_P5MIN_202609150940_20260915093647.zip
2026-09-15 09:40:00,NSW1,,-9.85306,4966.26,0,PUBLIC_P5MIN_202609150940_20260915093647.zip
2026-09-15 09:40:00,NSW1,,-8.63,4936.26,0,PUBLIC_P5MIN_202609150940_20260915093647.zip
2026-09-15 09:40:00,QLD1,,-7.5,3953.02,0,PUBLIC_P5MIN_202609150940_20260915093647.zip
2026-09-15 09:40:00,QLD1,,-8.07,3910.02,0,PUBLIC_P5MIN_202609150940_20260915093647.zip
2026-09-15 09:40:00,QLD1,,-6.0,3867.02,0,PUBLIC_P5MIN_202609150940_20260915093647.zip
2026-09-15 09:40:00,QLD1,,-6.48,3827.02,0,PUBLIC_P5MIN_202609150940_20260915093647.zip
2026-09-15 09:40:00,QLD1,,-8.51,3789.02,0,PUBLIC_P5MIN_202609150940_20260915093647.zip
2026-09-15 09:40:00,QLD1,,-6.29,3754.02,0,PUBLIC_P5MIN_202609150940_20260915093647.zip
2026-09-15 09:40:00,QLD1,,-6.29,3725.02,0,PUBLIC_P5MIN_202609150940_20260915093647.zip
2026-09-15 09:40:00,QLD1,,-8.51,3699.02,0,PUBLIC_P5MIN_202609150940_20260915093647.zip
2026-09-15 09:40:00,QLD1,,-8.51,3676.02,0,PUBLIC_P5MIN_202609150940_20260915093647.zip
2026-09-15 09:40:00,QLD1,,-8.40905,3659.02,0,PUBLIC_P5MIN_202609150940_20260915093647.zip
2026-09-15 09:40:00,QLD1,,-8.07,3644.02,0,PUBLIC_P5MIN_202609150940_20260915093647.zip
2026-09-15 09:40:00,QLD1,,-6.80467,3631.02,0,PUBLIC_P5MIN_202609150940_20260915093647.zip
2026-09-15 09:40:00,SA1,,-14.47312,904.4,0,PUBLIC_P5MIN_202609150940_20260915093647.zip
2026-09-15 09:40:00,SA1,,-13.26535,890.4,0,PUBLIC_P5MIN_202609150940_20260915093647.zip
2026-09-15 09:40:00,SA1,,-17.18842,876.4,0,PUBLIC_P5MIN_202609150940_20260915093647.zip
2026-09-15 09:40:00,SA1,,-16.7913,862.4,0,PUBLIC_P5MIN_202609150940_20260915093647.zip
2026-09-15 09:40:00,SA1,,-19.85,848.4,0,PUBLIC_P5MIN_202609150940_20260915093647.zip
2026-09-15 09:40:00,SA1,,-19.72273,834.4,0,PUBLIC_P5MIN_202609150940_20260915093647.zip
2026-09-15 09:40:00,SA1,,-20.69287,819.4,0,PUBLIC_P5MIN_202609150940_20260915093647.zip
2026-09-15 09:40:00,SA1,,-22.68497,803.4,0,PUBLIC_P5MIN_202609150940_20260915093647.zip
2026-09-15 09:40:00,SA1,,-22.59676,788.4,0,PUBLIC_P5MIN_202609150940_20260915093647.zip
2026-09-15 09:40:00,SA1,,-20.27694,771.4,0,PUBLIC_P5MIN_202609150940_20260915093647.zip
2026-09-15 09:40:00,SA1,,-24.83244,755.4,0,PUBLIC_P5MIN_202609150940_20260915093647.zip
2026-09-15 09:40:00,SA1,,-24.55818,740.4,0,PUBLIC_P5MIN_202609150940_20260915093647.zip
2026-09-15 09:40:00,TAS1,,-15.01,954.27,0,PUBLIC_P5MIN_202609150940_20260915093647.zip
2026-09-15 09:40:00,TAS1,,-15.01,946.27,0,PUBLIC_P5MIN_202609150940_20260915093647.zip
2026-09-15 09:40:00,TAS1,,-15.01,938.27,0,PUBLIC_P5MIN_202609150940_20260915093647.zip
2026-09-15 09:40:00,TAS1,,-15.01,931.27,0,PUBLIC_P5MIN_202609150940_20260915093647.zip
2026-09-15 09:40:00,TAS1,,-20.3149,924.27,0,PUBLIC_P5MIN_202609150940_20260915093647.zip
2026-09-15 09:40:00,TAS1,,-15.01,917.27,0,PUBLIC_P5MIN_202609150940_20260915093647.zip
2026-09-15 09:40:00,TAS1,,-21.16269,910.27,0,PUBLIC_P5MIN_202609150940_20260915093647.zip
2026-09-15 09:40:00,TAS1,,-23.2188,903.27,0,PUBLIC_P5MIN_202609150940_20260915093647.zip
2026-09-15 09:40:00,TAS1,,-23.2188,896.27,0,PUBLIC_P5MIN_202609150940_20260915093647.zip
2026-09-15 09:40:00,TAS1,,-20.85175,889.27,0,PUBLIC_P5MIN_202609150940_20260915093647.zip
2026-09-15 09:40:00,TAS1,,-25.55652,883.27,0,PUBLIC_P5MIN_202609150940_20260915093647.zip
2026-09-15 09:40:00,TAS1,,-25.17601,877.27,0,PUBLIC_P5MIN_202609150940_20260915093647.zip
2026-09-15 09:40:00,VIC1,,-15.15481,4018.28,0,PUBLIC_P5MIN_202609150940_20260915093647.zip
2026-09-15 09:40:00,VIC1,,-14.35528,3973.28,0,PUBLIC_P5MIN_202609150940_20260915093647.zip
2026-09-15 09:40:00,VIC1,,-16.54,3926.28,0,PUBLIC_P5MIN_202609150940_20260915093647.zip
2026-09-15 09:40:00,VIC1,,-16.54,3880.28,0,PUBLIC_P5MIN_202609150940_20260915093647.zip
2026-09-15 09:40:00,VIC1,,-19.85984,3835.28,0,PUBLIC_P5MIN_202609150940_20260915093647.zip
2026-09-15 09:40:00,VIC1,,-19.27681,3788.28,0,PUBLIC_P5MIN_202609150940_20260915093647.zip
2026-09-15 09:40:00,VIC1,,-19.99,3743.28,0,PUBLIC_P5MIN_202609150940_20260915093647.zip
2026-09-15 09:40:00,VIC1,,-22.0,3699.28,0,PUBLIC_P5MIN_202609150940_20260915093647.zip
2026-09-15 09:40:00,VIC1,,-22.0,3659.28,0,PUBLIC_P5MIN_202609150940_20260915093647.zip
2026-09-15 09:40:00,VIC1,,-19.81849,3622.28,0,PUBLIC_P5MIN_202609150940_20260915093647.zip
2026-09-15 09:40:00,VIC1,,-24.36572,3585.28,0,PUBLIC_P5MIN_202609150940_20260915093647.zip
2026-09-15 09:40:00,VIC1,,-24.00294,3550.28,0,PUBLIC_P5MIN_202609150940_20260915093647.zip
2026-09-15 09:45:00,NSW1,,-6.33,5356.44,0,PUBLIC_P5MIN_202609150945_20260915094145.zip
2026-09-15 09:45:00,NSW1,,-6.33,5311.44,0,PUBLIC_P5MIN_202609150945_20260915094145.zip
2026-09-15 09:45:00,NSW1,,-6.33,5267.44,0,PUBLIC_P5MIN_202609150945_20260915094145.zip
2026-09-15 09:45:00,NSW1,,-6.33,5225.44,0,PUBLIC_P5MIN_202609150945_20260915094145.zip
2026-09-15 09:45:00,NSW1,,-6.33,5181.44,0,PUBLIC_P5MIN_202609150945_20260915094145.zip
2026-09-15 09:45:00,NSW1,,-7.82712,5141.44,0,PUBLIC_P5MIN_202609150945_20260915094145.zip
2026-09-15 09:45:00,NSW1,,-7.72858,5101.44,0,PUBLIC_P5MIN_202609150945_20260915094145.zip
2026-09-15 09:45:00,NSW1,,-7.49,5062.44,0,PUBLIC_P5MIN_202609150945_20260915094145.zip
2026-09-15 09:45:00,NSW1,,-7.49,5028.44,0,PUBLIC_P5MIN_202609150945_20260915094145.zip
2026-09-15 09:45:00,NSW1,,-7.9269,4994.44,0,PUBLIC_P5MIN_202609150945_20260915094145.zip
2026-09-15 09:45:00,NSW1,,-9.34295,4962.44,0,PUBLIC_P5MIN_202609150945_20260915094145.zip
2026-09-15 09:45:00,NSW1,,-9.72897,4932.44,0,PUBLIC_P5MIN_202609150945_20260915094145.zip
2026-09-15 09:45:00,QLD1,,-6.29,3891.71,0,PUBLIC_P5MIN_202609150945_20260915094145.zip
2026-09-15 09:45:00,QLD1,,-6.14,3846.71,0,PUBLIC_P5MIN_202609150945_20260915094145.zip
2026-09-15 09:45:00,QLD1,,-5.99997,3804.71,0,PUBLIC_P5MIN_202609150945_20260915094145.zip
2026-09-15 09:45:00,QLD1,,-5.99997,3764.71,0,PUBLIC_P5MIN_202609150945_20260915094145.zip
2026-09-15 09:45:00,QLD1,,-6.29,3728.71,0,PUBLIC_P5MIN_202609150945_20260915094145.zip
2026-09-15 09:45:00,QLD1,,-6.29,3698.71,0,PUBLIC_P5MIN_202609150945_20260915094145.zip
2026-09-15 09:45:00,QLD1,,-6.29,3672.71,0,PUBLIC_P5MIN_202609150945_20260915094145.zip
2026-09-15 09:45:00,QLD1,,-6.48,3649.71,0,PUBLIC_P5MIN_202609150945_20260915094145.zip
2026-09-15 09:45:00,QLD1,,-6.29,3632.71,0,PUBLIC_P5MIN_202609150945_20260915094145.zip
2026-09-15 09:45:00,QLD1,,-6.29,3618.71,0,PUBLIC_P5MIN_202609150945_20260915094145.zip
2026-09-15 09:45:00,QLD1,,-7.50814,3607.71,0,PUBLIC_P5MIN_202609150945_20260915094145.zip
2026-09-15 09:45:00,QLD1,,-8.07,3597.71,0,PUBLIC_P5MIN_202609150945_20260915094145.zip
2026-09-15 09:45:00,SA1,,-8.0,909.08,0,PUBLIC_P5MIN_202609150945_20260915094145.zip
2026-09-15 09:45:00,SA1,,-13.67681,894.08,0,PUBLIC_P5MIN_202609150945_20260915094145.zip
2026-09-15 09:45:00,SA1,,-16.85682,879.08,0,PUBLIC_P5MIN_202609150945_20260915094145.zip
2026-09-15 09:45:00,SA1,,-18.58488,864.08,0,PUBLIC_P5MIN_202609150945_20260915094145.zip
2026-09-15 09:45:00,SA1,,-19.09846,849.08,0,PUBLIC_P5MIN_202609150945_20260915094145.zip
2026-09-15 09:45:00,SA1,,-20.77367,834.08,0,PUBLIC_P5MIN_202609150945_20260915094145.zip
2026-09-15 09:45:00,SA1,,-22.77354,818.08,0,PUBLIC_P5MIN_202609150945_20260915094145.zip
2026-09-15 09:45:00,SA1,,-21.50948,802.08,0,PUBLIC_P5MIN_202609150945_20260915094145.zip
2026-09-15 09:45:00,SA1,,-20.53224,786.08,0,PUBLIC_P5MIN_202609150945_20260915094145.zip
2026-09-15 09:45:00,SA1,,-22.59676,770.08,0,PUBLIC_P5MIN_202609150945_20260915094145.zip
2026-09-15 09:45:00,SA1,,-21.25957,755.08,0,PUBLIC_P5MIN_202609150945_20260915094145.zip
2026-09-15 09:45:00,SA1,,-21.17693,739.08,0,PUBLIC_P5MIN_202609150945_20260915094145.zip
2026-09-15 09:45:00,TAS1,,-8.25376,941.74,0,PUBLIC_P5MIN_202609150945_20260915094145.zip
2026-09-15 09:45:00,TAS1,,-13.68547,933.74,0,PUBLIC_P5MIN_202609150945_20260915094145.zip
2026-09-15 09:45:00,TAS1,,-17.34834,926.74,0,PUBLIC_P5MIN_202609150945_20260915094145.zip
2026-09-15 09:45:00,TAS1,,-19.50282,920.74,0,PUBLIC_P5MIN_202609150945_20260915094145.zip
2026-09-15 09:45:00,TAS1,,-19.50282,913.74,0,PUBLIC_P5MIN_202609150945_20260915094145.zip
2026-09-15 09:45:00,TAS1,,-20.96695,906.74,0,PUBLIC_P5MIN_202609150945_20260915094145.zip
2026-09-15 09:45:00,TAS1,,-23.07518,899.74,0,PUBLIC_P5MIN_202609150945_20260915094145.zip
2026-09-15 09:45:00,TAS1,,-21.81138,892.74,0,PUBLIC_P5MIN_202609150945_20260915094145.zip
2026-09-15 09:45:00,TAS1,,-20.9017,885.74,0,PUBLIC_P5MIN_202609150945_20260915094145.zip
2026-09-15 09:45:00,TAS1,,-22.93157,879.74,0,PUBLIC_P5MIN_202609150945_20260915094145.zip
2026-09-15 09:45:00,TAS1,,-21.7433,873.74,0,PUBLIC_P5MIN_202609150945_20260915094145.zip
2026-09-15 09:45:00,TAS1,,-21.7433,867.74,0,PUBLIC_P5MIN_202609150945_20260915094145.zip
2026-09-15 09:45:00,VIC1,,-7.99987,3960.73,0,PUBLIC_P5MIN_202609150945_20260915094145.zip
2026-09-15 09:45:00,VIC1,,-13.21226,3912.73,0,PUBLIC_P5MIN_202609150945_20260915094145.zip
2026-09-15 09:45:00,VIC1,,-16.54,3865.73,0,PUBLIC_P5MIN_202609150945_20260915094145.zip
2026-09-15 09:45:00,VIC1,,-18.59409,3820.73,0,PUBLIC_P5MIN_202609150945_20260915094145.zip
2026-09-15 09:45:00,VIC1,,-18.59409,3773.73,0,PUBLIC_P5MIN_202609150945_20260915094145.zip
2026-09-15 09:45:00,VIC1,,-19.99,3727.73,0,PUBLIC_P5MIN_202609150945_20260915094145.zip
2026-09-15 09:45:00,VIC1,,-22.0,3682.73,0,PUBLIC_P5MIN_202609150945_20260915094145.zip
2026-09-15 09:45:00,VIC1,,-20.86,3642.73,0,PUBLIC_P5MIN_202609150945_20260915094145.zip
2026-09-15 09:45:00,VIC1,,-19.99,3605.73,0,PUBLIC_P5MIN_202609150945_20260915094145.zip
2026-09-15 09:45:00,VIC1,,-22.0,3568.73,0,PUBLIC_P5MIN_202609150945_20260915094145.zip
2026-09-15 09:45:00,VIC1,,-20.86,3534.73,0,PUBLIC_P5MIN_202609150945_20260915094145.zip
2026-09-15 09:45:00,VIC1,,-20.86,3500.73,0,PUBLIC_P5MIN_202609150945_20260915094145.zip
2026-09-15 09:50:00,NSW1,,-5.17,5301.85,0,PUBLIC_P5MIN_202609150950_20260915094644.zip
2026-09-15 09:50:00,NSW1,,-6.33,5263.85,0,PUBLIC_P5MIN_202609150950_20260915094644.zip
2026-09-15 09:50:00,NSW1,,-6.33,5226.85,0,PUBLIC_P5MIN_202609150950_20260915094644.zip
2026-09-15 09:50:00,NSW1,,-6.33,5188.85,0,PUBLIC_P5MIN_202609150950_20260915094644.zip
2026-09-15 09:50:00,NSW1,,-5.17,5153.85,0,PUBLIC_P5MIN_202609150950_20260915094644.zip
2026-09-15 09:50:00,NSW1,,-7.46622,5118.85,0,PUBLIC_P5MIN_202609150950_20260915094644.zip
2026-09-15 09:50:00,NSW1,,-7.51366,5083.85,0,PUBLIC_P5MIN_202609150950_20260915094644.zip
2026-09-15 09:50:00,NSW1,,-6.33,5051.85,0,PUBLIC_P5MIN_202609150950_20260915094644.zip
2026-09-15 09:50:00,NSW1,,-6.33,5019.85,0,PUBLIC_P5MIN_202609150950_20260915094644.zip
2026-09-15 09:50:00,NSW1,,-10.01,4987.85,0,PUBLIC_P5MIN_202609150950_20260915094644.zip
2026-09-15 09:50:00,NSW1,,-10.25942,4956.85,0,PUBLIC_P5MIN_202609150950_20260915094644.zip
2026-09-15 09:50:00,NSW1,,-9.81386,4929.85,0,PUBLIC_P5MIN_202609150950_20260915094644.zip
2026-09-15 09:50:00,QLD1,,-5.99997,3871.3,0,PUBLIC_P5MIN_202609150950_20260915094644.zip
2026-09-15 09:50:00,QLD1,,-5.99997,3825.3,0,PUBLIC_P5MIN_202609150950_20260915094644.zip
2026-09-15 09:50:00,QLD1,,-6.0,3781.3,0,PUBLIC_P5MIN_202609150950_20260915094644.zip
2026-09-15 09:50:00,QLD1,,-4.99114,3742.3,0,PUBLIC_P5MIN_202609150950_20260915094644.zip
2026-09-15 09:50:00,QLD1,,-4.12846,3709.3,0,PUBLIC_P5MIN_202609150950_20260915094644.zip
2026-09-15 09:50:00,QLD1,,-5.99997,3680.3,0,PUBLIC_P5MIN_202609150950_20260915094644.zip
2026-09-15 09:50:00,QLD1,,-5.99997,3655.3,0,PUBLIC_P5MIN_202609150950_20260915094644.zip
2026-09-15 09:50:00,QLD1,,-5.99997,3637.3,0,PUBLIC_P5MIN_202609150950_20260915094644.zip
2026-09-15 09:50:00,QLD1,,-6.29,3623.3,0,PUBLIC_P5MIN_202609150950_20260915094644.zip
2026-09-15 09:50:00,QLD1,,-8.30311,3612.3,0,PUBLIC_P5MIN_202609150950_20260915094644.zip
2026-09-15 09:50:00,QLD1,,-8.51,3604.3,0,PUBLIC_P5MIN_202609150950_20260915094644.zip
2026-09-15 09:50:00,QLD1,,-8.51,3597.3,0,PUBLIC_P5MIN_202609150950_20260915094644.zip
2026-09-15 09:50:00,SA1,,-15.1,874.04,0,PUBLIC_P5MIN_202609150950_20260915094644.zip
2026-09-15 09:50:00,SA1,,-14.65398,859.04,0,PUBLIC_P5MIN_202609150950_20260915094644.zip
2026-09-15 09:50:00,SA1,,-16.72604,843.04,0,PUBLIC_P5MIN_202609150950_20260915094644.zip
2026-09-15 09:50:00,SA1,,-19.85,828.04,0,PUBLIC_P5MIN_202609150950_20260915094644.zip
2026-09-15 09:50:00,SA1,,-20.69287,812.04,0,PUBLIC_P5MIN_202609150950_20260915094644.zip
2026-09-15 09:50:00,SA1,,-21.50948,796.04,0,PUBLIC_P5MIN_202609150950_20260915094644.zip
2026-09-15 09:50:00,SA1,,-21.42584,780.04,0,PUBLIC_P5MIN_202609150950_20260915094644.zip
2026-09-15 09:50:00,SA1,,-20.46264,763.04,0,PUBLIC_P5MIN_202609150950_20260915094644.zip
2026-09-15 09:50:00,SA1,,-22.50891,747.04,0,PUBLIC_P5MIN_202609150950_20260915094644.zip
2026-09-15 09:50:00,SA1,,-20.47968,732.04,0,PUBLIC_P5MIN_202609150950_20260915094644.zip
2026-09-15 09:50:00,SA1,,-22.24745,717.04,0,PUBLIC_P5MIN_202609150950_20260915094644.zip
2026-09-15 09:50:00,SA1,,-21.42584,701.04,0,PUBLIC_P5MIN_202609150950_20260915094644.zip
2026-09-15 09:50:00,TAS1,,-14.89397,924.73,0,PUBLIC_P5MIN_202609150950_20260915094644.zip
2026-09-15 09:50:00,TAS1,,-15.01,918.73,0,PUBLIC_P5MIN_202609150950_20260915094644.zip
2026-09-15 09:50:00,TAS1,,-17.34834,913.73,0,PUBLIC_P5MIN_202609150950_20260915094644.zip
2026-09-15 09:50:00,TAS1,,-20.27027,907.73,0,PUBLIC_P5MIN_202609150950_20260915094644.zip
2026-09-15 09:50:00,TAS1,,-20.9017,901.73,0,PUBLIC_P5MIN_202609150950_20260915094644.zip
2026-09-15 09:50:00,TAS1,,-21.81138,895.73,0,PUBLIC_P5MIN_202609150950_20260915094644.zip
2026-09-15 09:50:00,TAS1,,-21.81138,889.73,0,PUBLIC_P5MIN_202609150950_20260915094644.zip
2026-09-15 09:50:00,TAS1,,-20.84688,883.73,0,PUBLIC_P5MIN_202609150950_20260915094644.zip
2026-09-15 09:50:00,TAS1,,-22.93157,877.73,0,PUBLIC_P5MIN_202609150950_20260915094644.zip
2026-09-15 09:50:00,TAS1,,-21.02739,871.73,0,PUBLIC_P5MIN_202609150950_20260915094644.zip
2026-09-15 09:50:00,TAS1,,-22.85976,865.73,0,PUBLIC_P5MIN_202609150950_20260915094644.zip
2026-09-15 09:50:00,TAS1,,-21.67521,859.73,0,PUBLIC_P5MIN_202609150950_20260915094644.zip
2026-09-15 09:50:00,VIC1,,-14.43484,3886.25,0,PUBLIC_P5MIN_202609150950_20260915094644.zip
2026-09-15 09:50:00,VIC1,,-14.49099,3838.25,0,PUBLIC_P5MIN_202609150950_20260915094644.zip
2026-09-15 09:50:00,VIC1,,-16.54,3792.25,0,PUBLIC_P5MIN_202609150950_20260915094644.zip
2026-09-15 09:50:00,VIC1,,-19.32578,3744.25,0,PUBLIC_P5MIN_202609150950_20260915094644.zip
2026-09-15 09:50:00,VIC1,,-19.99,3698.25,0,PUBLIC_P5MIN_202609150950_20260915094644.zip
2026-09-15 09:50:00,VIC1,,-20.86,3653.25,0,PUBLIC_P5MIN_202609150950_20260915094644.zip
2026-09-15 09:50:00,VIC1,,-20.86,3613.25,0,PUBLIC_P5MIN_202609150950_20260915094644.zip
2026-09-15 09:50:00,VIC1,,-20.0,3576.25,0,PUBLIC_P5MIN_202609150950_20260915094644.zip
2026-09-15 09:50:00,VIC1,,-22.0,3540.25,0,PUBLIC_P5MIN_202609150950_20260915094644.zip
2026-09-15 09:50:00,VIC1,,-20.17318,3506.25,0,PUBLIC_P5MIN_202609150950_20260915094644.zip
2026-09-15 09:50:00,VIC1,,-22.0,3473.25,0,PUBLIC_P5MIN_202609150950_20260915094644.zip
2026-09-15 09:50:00,VIC1,,-20.86,3441.25,0,PUBLIC_P5MIN_202609150950_20260915094644.zip
2026-09-15 09:55:00,NSW1,,0.9,5229.24,0,PUBLIC_P5MIN_202609150955_20260915095144.zip
2026-09-15 09:55:00,NSW1,,-7.49,5189.24,0,PUBLIC_P5MIN_202609150955_20260915095144.zip
2026-09-15 09:55:00,NSW1,,-5.17,5148.24,0,PUBLIC_P5MIN_202609150955_20260915095144.zip
2026-09-15 09:55:00,NSW1,,-6.33,5110.24,0,PUBLIC_P5MIN_202609150955_20260915095144.zip
2026-09-15 09:55:00,NSW1,,-6.33,5072.24,0,PUBLIC_P5MIN_202609150955_20260915095144.zip
2026-09-15 09:55:00,NSW1,,-7.58305,5035.24,0,PUBLIC_P5MIN_202609150955_20260915095144.zip
2026-09-15 09:55:00,NSW1,,-6.33,5002.24,0,PUBLIC_P5MIN_202609150955_20260915095144.zip
2026-09-15 09:55:00,NSW1,,-6.33,4969.24,0,PUBLIC_P5MIN_202609150955_20260915095144.zip
2026-09-15 09:55:00,NSW1,,-10.08176,4937.24,0,PUBLIC_P5MIN_202609150955_20260915095144.zip
2026-09-15 09:55:00,NSW1,,-10.00248,4905.24,0,PUBLIC_P5MIN_202609150955_20260915095144.zip
2026-09-15 09:55:00,NSW1,,-9.93923,4878.24,0,PUBLIC_P5MIN_202609150955_20260915095144.zip
2026-09-15 09:55:00,NSW1,,-9.81386,4850.24,0,PUBLIC_P5MIN_202609150955_20260915095144.zip
2026-09-15 09:55:00,QLD1,,-5.99997,3806.13,0,PUBLIC_P5MIN_202609150955_20260915095144.zip
2026-09-15 09:55:00,QLD1,,-5.99997,3763.13,0,PUBLIC_P5MIN_202609150955_20260915095144.zip
2026-09-15 09:55:00,QLD1,,-4.15469,3724.13,0,PUBLIC_P5MIN_202609150955_20260915095144.zip
2026-09-15 09:55:00,QLD1,,-6.0,3691.13,0,PUBLIC_P5MIN_202609150955_20260915095144.zip
2026-09-15 09:55:00,QLD1,,-5.99997,3663.13,0,PUBLIC_P5MIN_202609150955_20260915095144.zip
2026-09-15 09:55:00,QLD1,,-6.29,3638.13,0,PUBLIC_P5MIN_202609150955_20260915095144.zip
2026-09-15 09:55:00,QLD1,,-5.25332,3620.13,0,PUBLIC_P5MIN_202609150955_20260915095144.zip
2026-09-15 09:55:00,QLD1,,-6.29,3606.13,0,PUBLIC_P5MIN_202609150955_20260915095144.zip
2026-09-15 09:55:00,QLD1,,-7.99988,3595.13,0,PUBLIC_P5MIN_202609150955_20260915095144.zip
2026-09-15 09:55:00,QLD1,,-8.51,3587.13,0,PUBLIC_P5MIN_202609150955_20260915095144.zip
2026-09-15 09:55:00,QLD1,,-8.51,3579.13,0,PUBLIC_P5MIN_202609150955_20260915095144.zip
2026-09-15 09:55:00,QLD1,,-8.51,3574.13,0,PUBLIC_P5MIN_202609150955_20260915095144.zip
2026-09-15 09:55:00,SA1,,-17.56,832.52,0,PUBLIC_P5MIN_202609150955_20260915095144.zip
2026-09-15 09:55:00,SA1,,-16.0,816.52,0,PUBLIC_P5MIN_202609150955_20260915095144.zip
2026-09-15 09:55:00,SA1,,-18.60977,801.52,0,PUBLIC_P5MIN_202609150955_20260915095144.zip
2026-09-15 09:55:00,SA1,,-20.54251,786.52,0,PUBLIC_P5MIN_202609150955_20260915095144.zip
2026-09-15 09:55:00,SA1,,-22.50891,770.52,0,PUBLIC_P5MIN_202609150955_20260915095144.zip
2026-09-15 09:55:00,SA1,,-22.42141,754.52,0,PUBLIC_P5MIN_202609150955_20260915095144.zip
2026-09-15 09:55:00,SA1,,-22.28879,737.52,0,PUBLIC_P5MIN_202609150955_20260915095144.zip
2026-09-15 09:55:00,SA1,,-21.96868,721.52,0,PUBLIC_P5MIN_202609150955_20260915095144.zip
2026-09-15 09:55:00,SA1,,-24.56079,706.52,0,PUBLIC_P5MIN_202609150955_20260915095144.zip
2026-09-15 09:55:00,SA1,,-22.24745,691.52,0,PUBLIC_P5MIN_202609150955_20260915095144.zip
2026-09-15 09:55:00,SA1,,-22.42141,675.52,0,PUBLIC_P5MIN_202609150955_20260915095144.zip
2026-09-15 09:55:00,SA1,,-22.33425,659.52,0,PUBLIC_P5MIN_202609150955_20260915095144.zip
2026-09-15 09:55:00,TAS1,,-20.82236,910.9,0,PUBLIC_P5MIN_202609150955_20260915095144.zip
2026-09-15 09:55:00,TAS1,,-16.60819,904.9,0,PUBLIC_P5MIN_202609150955_20260915095144.zip
2026-09-15 09:55:00,TAS1,,-18.94464,898.9,0,PUBLIC_P5MIN_202609150955_20260915095144.zip
2026-09-15 09:55:00,TAS1,,-20.84688,892.9,0,PUBLIC_P5MIN_202609150955_20260915095144.zip
2026-09-15 09:55:00,TAS1,,-22.93157,886.9,0,PUBLIC_P5MIN_202609150955_20260915095144.zip
2026-09-15 09:55:00,TAS1,,-22.93157,879.9,0,PUBLIC_P5MIN_202609150955_20260915095144.zip
2026-09-15 09:55:00,TAS1,,-22.81323,873.9,0,PUBLIC_P5MIN_202609150955_20260915095144.zip
2026-09-15 09:55:00,TAS1,,-22.57332,867.9,0,PUBLIC_P5MIN_202609150955_20260915095144.zip
2026-09-15 09:55:00,TAS1,,-25.25565,861.9,0,PUBLIC_P5MIN_202609150955_20260915095144.zip
2026-09-15 09:55:00,TAS1,,-22.78795,855.9,0,PUBLIC_P5MIN_202609150955_20260915095144.zip
2026-09-15 09:55:00,TAS1,,-22.78795,849.9,0,PUBLIC_P5MIN_202609150955_20260915095144.zip
2026-09-15 09:55:00,TAS1,,-22.71614,843.9,0,PUBLIC_P5MIN_202609150955_20260915095144.zip
2026-09-15 09:55:00,VIC1,,-19.99,3817.23,0,PUBLIC_P5MIN_202609150955_20260915095144.zip
2026-09-15 09:55:00,VIC1,,-15.88377,3768.23,0,PUBLIC_P5MIN_202609150955_20260915095144.zip
2026-09-15 09:55:00,VIC1,,-18.1183,3718.23,0,PUBLIC_P5MIN_202609150955_20260915095144.zip
2026-09-15 09:55:00,VIC1,,-20.0,3670.23,0,PUBLIC_P5MIN_202609150955_20260915095144.zip
2026-09-15 09:55:00,VIC1,,-22.0,3623.23,0,PUBLIC_P5MIN_202609150955_20260915095144.zip
2026-09-15 09:55:00,VIC1,,-22.0,3581.23,0,PUBLIC_P5MIN_202609150955_20260915095144.zip
2026-09-15 09:55:00,VIC1,,-21.95522,3543.23,0,PUBLIC_P5MIN_202609150955_20260915095144.zip
2026-09-15 09:55:00,VIC1,,-21.72433,3506.23,0,PUBLIC_P5MIN_202609150955_20260915095144.zip
2026-09-15 09:55:00,VIC1,,-24.38237,3472.23,0,PUBLIC_P5MIN_202609150955_20260915095144.zip
2026-09-15 09:55:00,VIC1,,-22.0,3440.23,0,PUBLIC_P5MIN_202609150955_20260915095144.zip
2026-09-15 09:55:00,VIC1,,-22.0,3409.23,0,PUBLIC_P5MIN_202609150955_20260915095144.zip
2026-09-15 09:55:00,VIC1,,-22.0,3377.23,0,PUBLIC_P5MIN_202609150955_20260915095144.zip
2026-09-15 10:00:00,NSW1,,-7.35897,5228.41,0,PUBLIC_P5MIN_202609151000_20260915095647.zip
2026-09-15 10:00:00,NSW1,,-7.49,5189.41,0,PUBLIC_P5MIN_202609151000_20260915095647.zip
2026-09-15 10:00:00,NSW1,,-6.33,5153.41,0,PUBLIC_P5MIN_202609151000_20260915095647.zip
2026-09-15 10:00:00,NSW1,,-7.63126,5117.41,0,PUBLIC_P5MIN_202609151000_20260915095647.zip
2026-09-15 10:00:00,NSW1,,-9.24753,5081.41,0,PUBLIC_P5MIN_202609151000_20260915095647.zip
2026-09-15 10:00:00,NSW1,,-7.37225,5049.41,0,PUBLIC_P5MIN_202609151000_20260915095647.zip
2026-09-15 10:00:00,NSW1,,-7.65779,5017.41,0,PUBLIC_P5MIN_202609151000_20260915095647.zip
2026-09-15 10:00:00,NSW1,,-6.51,4986.41,0,PUBLIC_P5MIN_202609151000_20260915095647.zip
2026-09-15 10:00:00,NSW1,,-7.72858,4955.41,0,PUBLIC_P5MIN_202609151000_20260915095647.zip
2026-09-15 10:00:00,NSW1,,-8.98466,4928.41,0,PUBLIC_P5MIN_202609151000_20260915095647.zip
2026-09-15 10:00:00,NSW1,,-9.50709,4900.41,0,PUBLIC_P5MIN_202609151000_20260915095647.zip
2026-09-15 10:00:00,NSW1,,-9.87635,4875.41,0,PUBLIC_P5MIN_202609151000_20260915095647.zip
2026-09-15 10:00:00,QLD1,,-6.29,3788.82,0,PUBLIC_P5MIN_202609151000_20260915095647.zip
2026-09-15 10:00:00,QLD1,,-5.99997,3750.82,0,PUBLIC_P5MIN_202609151000_20260915095647.zip
2026-09-15 10:00:00,QLD1,,-5.08689,3718.82,0,PUBLIC_P5MIN_202609151000_20260915095647.zip
2026-09-15 10:00:00,QLD1,,-6.29,3691.82,0,PUBLIC_P5MIN_202609151000_20260915095647.zip
2026-09-15 10:00:00,QLD1,,-8.07,3667.82,0,PUBLIC_P5MIN_202609151000_20260915095647.zip
2026-09-15 10:00:00,QLD1,,-6.0,3650.82,0,PUBLIC_P5MIN_202609151000_20260915095647.zip
2026-09-15 10:00:00,QLD1,,-5.99997,3636.82,0,PUBLIC_P5MIN_202609151000_20260915095647.zip
2026-09-15 10:00:00,QLD1,,-5.99997,3625.82,0,PUBLIC_P5MIN_202609151000_20260915095647.zip
2026-09-15 10:00:00,QLD1,,-6.29,3617.82,0,PUBLIC_P5MIN_202609151000_20260915095647.zip
2026-09-15 10:00:00,QLD1,,-7.5,3609.82,0,PUBLIC_P5MIN_202609151000_20260915095647.zip
2026-09-15 10:00:00,QLD1,,-8.14,3604.82,0,PUBLIC_P5MIN_202609151000_20260915095647.zip
2026-09-15 10:00:00,QLD1,,-8.51,3602.82,0,PUBLIC_P5MIN_202609151000_20260915095647.zip
2026-09-15 10:00:00,SA1,,-20.89688,790.73,0,PUBLIC_P5MIN_202609151000_20260915095647.zip
2026-09-15 10:00:00,SA1,,-19.85,774.73,0,PUBLIC_P5MIN_202609151000_20260915095647.zip
2026-09-15 10:00:00,SA1,,-20.0,758.73,0,PUBLIC_P5MIN_202609151000_20260915095647.zip
2026-09-15 10:00:00,SA1,,-22.59676,741.73,0,PUBLIC_P5MIN_202609151000_20260915095647.zip
2026-09-15 10:00:00,SA1,,-22.50891,725.73,0,PUBLIC_P5MIN_202609151000_20260915095647.zip
2026-09-15 10:00:00,SA1,,-21.25952,708.73,0,PUBLIC_P5MIN_202609151000_20260915095647.zip
2026-09-15 10:00:00,SA1,,-23.11478,692.73,0,PUBLIC_P5MIN_202609151000_20260915095647.zip
2026-09-15 10:00:00,SA1,,-22.24745,677.73,0,PUBLIC_P5MIN_202609151000_20260915095647.zip
2026-09-15 10:00:00,SA1,,-22.16099,662.73,0,PUBLIC_P5MIN_202609151000_20260915095647.zip
2026-09-15 10:00:00,SA1,,-22.42141,647.73,0,PUBLIC_P5MIN_202609151000_20260915095647.zip
2026-09-15 10:00:00,SA1,,-24.20523,632.73,0,PUBLIC_P5MIN_202609151000_20260915095647.zip
2026-09-15 10:00:00,SA1,,-24.13492,616.73,0,PUBLIC_P5MIN_202609151000_20260915095647.zip
2026-09-15 10:00:00,TAS1,,-20.94758,893.62,0,PUBLIC_P5MIN_202609151000_20260915095647.zip
2026-09-15 10:00:00,TAS1,,-19.92515,887.62,0,PUBLIC_P5MIN_202609151000_20260915095647.zip
2026-09-15 10:00:00,TAS1,,-20.7816,881.62,0,PUBLIC_P5MIN_202609151000_20260915095647.zip
2026-09-15 10:00:00,TAS1,,-22.78795,874.62,0,PUBLIC_P5MIN_202609151000_20260915095647.zip
2026-09-15 10:00:00,TAS1,,-22.78795,867.62,0,PUBLIC_P5MIN_202609151000_20260915095647.zip
2026-09-15 10:00:00,TAS1,,-21.53898,860.62,0,PUBLIC_P5MIN_202609151000_20260915095647.zip
2026-09-15 10:00:00,TAS1,,-23.51002,854.62,0,PUBLIC_P5MIN_202609151000_20260915095647.zip
2026-09-15 10:00:00,TAS1,,-22.71614,848.62,0,PUBLIC_P5MIN_202609151000_20260915095647.zip
2026-09-15 10:00:00,TAS1,,-22.64434,842.62,0,PUBLIC_P5MIN_202609151000_20260915095647.zip
2026-09-15 10:00:00,TAS1,,-22.64434,837.62,0,PUBLIC_P5MIN_202609151000_20260915095647.zip
2026-09-15 10:00:00,TAS1,,-24.54129,832.62,0,PUBLIC_P5MIN_202609151000_20260915095647.zip
2026-09-15 10:00:00,TAS1,,-24.56548,827.62,0,PUBLIC_P5MIN_202609151000_20260915095647.zip
2026-09-15 10:00:00,VIC1,,-20.23749,3851.58,0,PUBLIC_P5MIN_202609151000_20260915095647.zip
2026-09-15 10:00:00,VIC1,,-19.17576,3800.58,0,PUBLIC_P5MIN_202609151000_20260915095647.zip
2026-09-15 10:00:00,VIC1,,-20.0,3751.58,0,PUBLIC_P5MIN_202609151000_20260915095647.zip
2026-09-15 10:00:00,VIC1,,-22.0,3704.58,0,PUBLIC_P5MIN_202609151000_20260915095647.zip
2026-09-15 10:00:00,VIC1,,-22.0,3662.58,0,PUBLIC_P5MIN_202609151000_20260915095647.zip
2026-09-15 10:00:00,VIC1,,-20.85995,3624.58,0,PUBLIC_P5MIN_202609151000_20260915095647.zip
2026-09-15 10:00:00,VIC1,,-22.76885,3587.58,0,PUBLIC_P5MIN_202609151000_20260915095647.zip
2026-09-15 10:00:00,VIC1,,-22.0,3553.58,0,PUBLIC_P5MIN_202609151000_20260915095647.zip
2026-09-15 10:00:00,VIC1,,-22.0,3520.58,0,PUBLIC_P5MIN_202609151000_20260915095647.zip
2026-09-15 10:00:00,VIC1,,-22.0,3488.58,0,PUBLIC_P5MIN_202609151000_20260915095647.zip
2026-09-15 10:00:00,VIC1,,-23.84298,3456.58,0,PUBLIC_P5MIN_202609151000_20260915095647.zip
2026-09-15 10:00:00,VIC1,,-23.86647,3425.58,0,PUBLIC_P5MIN_202609151000_20260915095647.zip
2026-09-15 10:05:00,NSW1,,-6.33,5091.84,0,PUBLIC_P5MIN_202609151005_20260915100146.zip
2026-09-15 10:05:00,NSW1,,-7.49,5054.84,0,PUBLIC_P5MIN_202609151005_20260915100146.zip
2026-09-15 10:05:00,NSW1,,-6.79476,5016.84,0,PUBLIC_P5MIN_202609151005_20260915100146.zip
2026-09-15 10:05:00,NSW1,,-6.33,4979.84,0,PUBLIC_P5MIN_202609151005_20260915100146.zip
2026-09-15 10:05:00,NSW1,,-7.53513,4946.84,0,PUBLIC_P5MIN_202609151005_20260915100146.zip
2026-09-15 10:05:00,NSW1,,-9.52307,4913.84,0,PUBLIC_P5MIN_202609151005_20260915100146.zip
2026-09-15 10:05:00,NSW1,,-9.68999,4881.84,0,PUBLIC_P5MIN_202609151005_20260915100146.zip
2026-09-15 10:05:00,NSW1,,-13.75098,4850.84,0,PUBLIC_P5MIN_202609151005_20260915100146.zip
2026-09-15 10:05:00,NSW1,,-9.42533,4824.84,0,PUBLIC_P5MIN_202609151005_20260915100146.zip
2026-09-15 10:05:00,NSW1,,-10.5,4797.84,0,PUBLIC_P5MIN_202609151005_20260915100146.zip
2026-09-15 10:05:00,NSW1,,-9.62861,4774.84,0,PUBLIC_P5MIN_202609151005_20260915100146.zip
2026-09-15 10:05:00,NSW1,,-9.60734,4751.84,0,PUBLIC_P5MIN_202609151005_20260915100146.zip
2026-09-15 10:05:00,QLD1,,-5.99997,3776.46,0,PUBLIC_P5MIN_202609151005_20260915100146.zip
2026-09-15 10:05:00,QLD1,,-5.98108,3745.46,0,PUBLIC_P5MIN_202609151005_20260915100146.zip
2026-09-15 10:05:00,QLD1,,-5.53,3718.46,0,PUBLIC_P5MIN_202609151005_20260915100146.zip
2026-09-15 10:05:00,QLD1,,-5.15175,3695.46,0,PUBLIC_P5MIN_202609151005_20260915100146.zip
2026-09-15 10:05:00,QLD1,,-6.29,3679.46,0,PUBLIC_P5MIN_202609151005_20260915100146.zip
2026-09-15 10:05:00,QLD1,,-8.0,3666.46,0,PUBLIC_P5MIN_202609151005_20260915100146.zip
2026-09-15 10:05:00,QLD1,,-8.51,3656.46,0,PUBLIC_P5MIN_202609151005_20260915100146.zip
2026-09-15 10:05:00,QLD1,,-12.0,3648.46,0,PUBLIC_P5MIN_202609151005_20260915100146.zip
2026-09-15 10:05:00,QLD1,,-8.07,3640.46,0,PUBLIC_P5MIN_202609151005_20260915100146.zip
2026-09-15 10:05:00,QLD1,,-9.04737,3635.46,0,PUBLIC_P5MIN_202609151005_20260915100146.zip
2026-09-15 10:05:00,QLD1,,-8.51,3633.46,0,PUBLIC_P5MIN_202609151005_20260915100146.zip
2026-09-15 10:05:00,QLD1,,-8.71,3634.46,0,PUBLIC_P5MIN_202609151005_20260915100146.zip
2026-09-15 10:05:00,SA1,,-16.15,792.29,0,PUBLIC_P5MIN_202609151005_20260915100146.zip
2026-09-15 10:05:00,SA1,,-19.85,773.29,0,PUBLIC_P5MIN_202609151005_20260915100146.zip
2026-09-15 10:05:00,SA1,,-20.0,753.29,0,PUBLIC_P5MIN_202609151005_20260915100146.zip
2026-09-15 10:05:00,SA1,,-22.86246,734.29,0,PUBLIC_P5MIN_202609151005_20260915100146.zip
2026-09-15 10:05:00,SA1,,-20.0,715.29,0,PUBLIC_P5MIN_202609151005_20260915100146.zip
2026-09-15 10:05:00,SA1,,-20.0,697.29,0,PUBLIC_P5MIN_202609151005_20260915100146.zip
2026-09-15 10:05:00,SA1,,-20.0,681.29,0,PUBLIC_P5MIN_202609151005_20260915100146.zip
2026-09-15 10:05:00,SA1,,-24.19861,665.29,0,PUBLIC_P5MIN_202609151005_20260915100146.zip
2026-09-15 10:05:00,SA1,,-20.0,649.29,0,PUBLIC_P5MIN_202609151005_20260915100146.zip
2026-09-15 10:05:00,SA1,,-25.18638,634.29,0,PUBLIC_P5MIN_202609151005_20260915100146.zip
2026-09-15 10:05:00,SA1,,-22.59676,619.29,0,PUBLIC_P5MIN_202609151005_20260915100146.zip
2026-09-15 10:05:00,SA1,,-21.34254,603.29,0,PUBLIC_P5MIN_202609151005_20260915100146.zip
2026-09-15 10:05:00,TAS1,,-19.96983,879.08,0,PUBLIC_P5MIN_202609151005_20260915100146.zip
2026-09-15 10:05:00,TAS1,,-19.96852,872.08,0,PUBLIC_P5MIN_202609151005_20260915100146.zip
2026-09-15 10:05:00,TAS1,,-20.71632,865.08,0,PUBLIC_P5MIN_202609151005_20260915100146.zip
2026-09-15 10:05:00,TAS1,,-22.71614,858.08,0,PUBLIC_P5MIN_202609151005_20260915100146.zip
2026-09-15 10:05:00,TAS1,,-22.71614,851.08,0,PUBLIC_P5MIN_202609151005_20260915100146.zip
2026-09-15 10:05:00,TAS1,,-22.64434,844.08,0,PUBLIC_P5MIN_202609151005_20260915100146.zip
2026-09-15 10:05:00,TAS1,,-21.47095,837.08,0,PUBLIC_P5MIN_202609151005_20260915100146.zip
2026-09-15 10:05:00,TAS1,,-23.96774,831.08,0,PUBLIC_P5MIN_202609151005_20260915100146.zip
2026-09-15 10:05:00,TAS1,,-22.57253,826.08,0,PUBLIC_P5MIN_202609151005_20260915100146.zip
2026-09-15 10:05:00,TAS1,,-25.06154,821.08,0,PUBLIC_P5MIN_202609151005_20260915100146.zip
2026-09-15 10:05:00,TAS1,,-22.57253,816.08,0,PUBLIC_P5MIN_202609151005_20260915100146.zip
2026-09-15 10:05:00,TAS1,,-21.40286,811.08,0,PUBLIC_P5MIN_202609151005_20260915100146.zip
2026-09-15 10:05:00,VIC1,,-19.35421,3829.69,0,PUBLIC_P5MIN_202609151005_20260915100146.zip
2026-09-15 10:05:00,VIC1,,-19.27806,3782.69,0,PUBLIC_P5MIN_202609151005_20260915100146.zip
2026-09-15 10:05:00,VIC1,,-20.0,3736.69,0,PUBLIC_P5MIN_202609151005_20260915100146.zip
2026-09-15 10:05:00,VIC1,,-22.0,3695.69,0,PUBLIC_P5MIN_202609151005_20260915100146.zip
2026-09-15 10:05:00,VIC1,,-22.0,3657.69,0,PUBLIC_P5MIN_202609151005_20260915100146.zip
2026-09-15 10:05:00,VIC1,,-22.0,3620.69,0,PUBLIC_P5MIN_202609151005_20260915100146.zip
2026-09-15 10:05:00,VIC1,,-20.86,3586.69,0,PUBLIC_P5MIN_202609151005_20260915100146.zip
2026-09-15 10:05:00,VIC1,,-23.28574,3554.69,0,PUBLIC_P5MIN_202609151005_20260915100146.zip
2026-09-15 10:05:00,VIC1,,-22.0,3522.69,0,PUBLIC_P5MIN_202609151005_20260915100146.zip
2026-09-15 10:05:00,VIC1,,-24.42588,3490.69,0,PUBLIC_P5MIN_202609151005_20260915100146.zip
2026-09-15 10:05:00,VIC1,,-22.0,3458.69,0,PUBLIC_P5MIN_202609151005_20260915100146.zip
2026-09-15 10:05:00,VIC1,,-20.86,3428.69,0,PUBLIC_P5MIN_202609151005_20260915100146.zip
2026-09-15 10:10:00,NSW1,,-6.33,5093.72,0,PUBLIC_P5MIN_202609151010_20260915100638.zip
2026-09-15 10:10:00,NSW1,,-7.49,5050.72,0,PUBLIC_P5MIN_202609151010_20260915100638.zip
2026-09-15 10:10:00,NSW1,,-7.49,5008.72,0,PUBLIC_P5MIN_202609151010_20260915100638.zip
2026-09-15 10:10:00,NSW1,,-7.7777,4970.72,0,PUBLIC_P5MIN_202609151010_20260915100638.zip
2026-09-15 10:10:00,NSW1,,-7.58305,4933.72,0,PUBLIC_P5MIN_202609151010_20260915100638.zip
2026-09-15 10:10:00,NSW1,,-7.42553,4898.72,0,PUBLIC_P5MIN_202609151010_20260915100638.zip
2026-09-15 10:10:00,NSW1,,-9.18898,4865.72,0,PUBLIC_P5MIN_202609151010_20260915100638.zip
2026-09-15 10:10:00,NSW1,,-8.59436,4837.72,0,PUBLIC_P5MIN_202609151010_20260915100638.zip
2026-09-15 10:10:00,NSW1,,-8.25528,4810.72,0,PUBLIC_P5MIN_202609151010_20260915100638.zip
2026-09-15 10:10:00,NSW1,,-9.20998,4787.72,0,PUBLIC_P5MIN_202609151010_20260915100638.zip
2026-09-15 10:10:00,NSW1,,-9.2573,4766.72,0,PUBLIC_P5MIN_202609151010_20260915100638.zip
2026-09-15 10:10:00,NSW1,,-8.23941,4744.72,0,PUBLIC_P5MIN_202609151010_20260915100638.zip
2026-09-15 10:10:00,QLD1,,-6.01,3735.94,0,PUBLIC_P5MIN_202609151010_20260915100638.zip
2026-09-15 10:10:00,QLD1,,-6.05733,3705.94,0,PUBLIC_P5MIN_202609151010_20260915100638.zip
2026-09-15 10:10:00,QLD1,,-5.94332,3679.94,0,PUBLIC_P5MIN_202609151010_20260915100638.zip
2026-09-15 10:10:00,QLD1,,-6.29,3660.94,0,PUBLIC_P5MIN_202609151010_20260915100638.zip
2026-09-15 10:10:00,QLD1,,-6.29,3645.94,0,PUBLIC_P5MIN_202609151010_20260915100638.zip
2026-09-15 10:10:00,QLD1,,-6.48,3633.94,0,PUBLIC_P5MIN_202609151010_20260915100638.zip
2026-09-15 10:10:00,QLD1,,-8.07,3624.94,0,PUBLIC_P5MIN_202609151010_20260915100638.zip
2026-09-15 10:10:00,QLD1,,-7.5,3616.94,0,PUBLIC_P5MIN_202609151010_20260915100638.zip
2026-09-15 10:10:00,QLD1,,-7.25,3611.94,0,PUBLIC_P5MIN_202609151010_20260915100638.zip
2026-09-15 10:10:00,QLD1,,-8.14,3610.94,0,PUBLIC_P5MIN_202609151010_20260915100638.zip
2026-09-15 10:10:00,QLD1,,-8.13,3612.94,0,PUBLIC_P5MIN_202609151010_20260915100638.zip
2026-09-15 10:10:00,QLD1,,-7.01,3614.94,0,PUBLIC_P5MIN_202609151010_20260915100638.zip
2026-09-15 10:10:00,SA1,,-16.97,793.29,0,PUBLIC_P5MIN_202609151010_20260915100638.zip
2026-09-15 10:10:00,SA1,,-20.0,773.29,0,PUBLIC_P5MIN_202609151010_20260915100638.zip
2026-09-15 10:10:00,SA1,,-15.46,754.29,0,PUBLIC_P5MIN_202609151010_20260915100638.zip
2026-09-15 10:10:00,SA1,,-20.0,735.29,0,PUBLIC_P5MIN_202609151010_20260915100638.zip
2026-09-15 10:10:00,SA1,,-16.97,717.29,0,PUBLIC_P5MIN_202609151010_20260915100638.zip
2026-09-15 10:10:00,SA1,,-16.97,701.29,0,PUBLIC_P5MIN_202609151010_20260915100638.zip
2026-09-15 10:10:00,SA1,,-20.0,685.29,0,PUBLIC_P5MIN_202609151010_20260915100638.zip
2026-09-15 10:10:00,SA1,,-20.0,669.29,0,PUBLIC_P5MIN_202609151010_20260915100638.zip
2026-09-15 10:10:00,SA1,,-20.0,654.29,0,PUBLIC_P5MIN_202609151010_20260915100638.zip
2026-09-15 10:10:00,SA1,,-21.59346,639.29,0,PUBLIC_P5MIN_202609151010_20260915100638.zip
2026-09-15 10:10:00,SA1,,-24.33052,622.29,0,PUBLIC_P5MIN_202609151010_20260915100638.zip
2026-09-15 10:10:00,SA1,,-20.6227,606.29,0,PUBLIC_P5MIN_202609151010_20260915100638.zip
2026-09-15 10:10:00,TAS1,,-20.57073,857.51,0,PUBLIC_P5MIN_202609151010_20260915100638.zip
2026-09-15 10:10:00,TAS1,,-20.58576,849.51,0,PUBLIC_P5MIN_202609151010_20260915100638.zip
2026-09-15 10:10:00,TAS1,,-22.64434,841.51,0,PUBLIC_P5MIN_202609151010_20260915100638.zip
2026-09-15 10:10:00,TAS1,,-22.64434,834.51,0,PUBLIC_P5MIN_202609151010_20260915100638.zip
2026-09-15 10:10:00,TAS1,,-22.57253,827.51,0,PUBLIC_P5MIN_202609151010_20260915100638.zip
2026-09-15 10:10:00,TAS1,,-22.57253,820.51,0,PUBLIC_P5MIN_202609151010_20260915100638.zip
2026-09-15 10:10:00,TAS1,,-22.57253,814.51,0,PUBLIC_P5MIN_202609151010_20260915100638.zip
2026-09-15 10:10:00,TAS1,,-22.50072,809.51,0,PUBLIC_P5MIN_202609151010_20260915100638.zip
2026-09-15 10:10:00,TAS1,,-23.95595,804.51,0,PUBLIC_P5MIN_202609151010_20260915100638.zip
2026-09-15 10:10:00,TAS1,,-21.33477,799.51,0,PUBLIC_P5MIN_202609151010_20260915100638.zip
2026-09-15 10:10:00,TAS1,,-24.05588,794.51,0,PUBLIC_P5MIN_202609151010_20260915100638.zip
2026-09-15 10:10:00,TAS1,,-20.38992,789.51,0,PUBLIC_P5MIN_202609151010_20260915100638.zip
2026-09-15 10:10:00,VIC1,,-20.0,3782.05,0,PUBLIC_P5MIN_202609151010_20260915100638.zip
2026-09-15 10:10:00,VIC1,,-20.0,3737.05,0,PUBLIC_P5MIN_202609151010_20260915100638.zip
2026-09-15 10:10:00,VIC1,,-22.0,3697.05,0,PUBLIC_P5MIN_202609151010_20260915100638.zip
2026-09-15 10:10:00,VIC1,,-22.0,3660.05,0,PUBLIC_P5MIN_202609151010_20260915100638.zip
2026-09-15 10:10:00,VIC1,,-22.0,3624.05,0,PUBLIC_P5MIN_202609151010_20260915100638.zip
2026-09-15 10:10:00,VIC1,,-22.0,3591.05,0,PUBLIC_P5MIN_202609151010_20260915100638.zip
2026-09-15 10:10:00,VIC1,,-22.0,3559.05,0,PUBLIC_P5MIN_202609151010_20260915100638.zip
2026-09-15 10:10:00,VIC1,,-22.0,3527.05,0,PUBLIC_P5MIN_202609151010_20260915100638.zip
2026-09-15 10:10:00,VIC1,,-23.42285,3494.05,0,PUBLIC_P5MIN_202609151010_20260915100638.zip
2026-09-15 10:10:00,VIC1,,-20.86,3462.05,0,PUBLIC_P5MIN_202609151010_20260915100638.zip
2026-09-15 10:10:00,VIC1,,-23.59586,3431.05,0,PUBLIC_P5MIN_202609151010_20260915100638.zip
2026-09-15 10:10:00,VIC1,,-20.0,3402.05,0,PUBLIC_P5MIN_202609151010_20260915100638.zip
2026-09-15 10:15:00,NSW1,,-6.33,5095.36,0,PUBLIC_P5MIN_202609151015_20260915101135.zip
2026-09-15 10:15:00,NSW1,,-6.51,5053.36,0,PUBLIC_P5MIN_202609151015_20260915101135.zip
2026-09-15 10:15:00,NSW1,,-6.5,5015.36,0,PUBLIC_P5MIN_202609151015_20260915101135.zip
2026-09-15 10:15:00,NSW1,,-6.5,4978.36,0,PUBLIC_P5MIN_202609151015_20260915101135.zip
2026-09-15 10:15:00,NSW1,,-7.02016,4942.36,0,PUBLIC_P5MIN_202609151015_20260915101135.zip
2026-09-15 10:15:00,NSW1,,-7.53513,4909.36,0,PUBLIC_P5MIN_202609151015_20260915101135.zip
2026-09-15 10:15:00,NSW1,,-7.61646,4881.36,0,PUBLIC_P5MIN_202609151015_20260915101135.zip
2026-09-15 10:15:00,NSW1,,-7.52042,4853.36,0,PUBLIC_P5MIN_202609151015_20260915101135.zip
2026-09-15 10:15:00,NSW1,,-8.01,4829.36,0,PUBLIC_P5MIN_202609151015_20260915101135.zip
2026-09-15 10:15:00,NSW1,,-9.22572,4807.36,0,PUBLIC_P5MIN_202609151015_20260915101135.zip
2026-09-15 10:15:00,NSW1,,-8.63,4784.36,0,PUBLIC_P5MIN_202609151015_20260915101135.zip
2026-09-15 10:15:00,NSW1,,-9.10927,4763.36,0,PUBLIC_P5MIN_202609151015_20260915101135.zip
2026-09-15 10:15:00,QLD1,,-5.20293,3710.72,0,PUBLIC_P5MIN_202609151015_20260915101135.zip
2026-09-15 10:15:00,QLD1,,-5.23154,3684.72,0,PUBLIC_P5MIN_202609151015_20260915101135.zip
2026-09-15 10:15:00,QLD1,,-5.2235,3665.72,0,PUBLIC_P5MIN_202609151015_20260915101135.zip
2026-09-15 10:15:00,QLD1,,-5.2901,3650.72,0,PUBLIC_P5MIN_202609151015_20260915101135.zip
2026-09-15 10:15:00,QLD1,,-5.71344,3638.72,0,PUBLIC_P5MIN_202609151015_20260915101135.zip
2026-09-15 10:15:00,QLD1,,-6.29,3629.72,0,PUBLIC_P5MIN_202609151015_20260915101135.zip
2026-09-15 10:15:00,QLD1,,-6.48,3621.72,0,PUBLIC_P5MIN_202609151015_20260915101135.zip
2026-09-15 10:15:00,QLD1,,-6.48,3616.72,0,PUBLIC_P5MIN_202609151015_20260915101135.zip
2026-09-15 10:15:00,QLD1,,-7.12458,3615.72,0,PUBLIC_P5MIN_202609151015_20260915101135.zip
2026-09-15 10:15:00,QLD1,,-8.0,3617.72,0,PUBLIC_P5MIN_202609151015_20260915101135.zip
2026-09-15 10:15:00,QLD1,,-7.43608,3620.72,0,PUBLIC_P5MIN_202609151015_20260915101135.zip
2026-09-15 10:15:00,QLD1,,-8.0,3624.72,0,PUBLIC_P5MIN_202609151015_20260915101135.zip
2026-09-15 10:15:00,SA1,,-7.15,791.51,0,PUBLIC_P5MIN_202609151015_20260915101135.zip
2026-09-15 10:15:00,SA1,,-7.15,773.51,0,PUBLIC_P5MIN_202609151015_20260915101135.zip
2026-09-15 10:15:00,SA1,,-7.25,755.51,0,PUBLIC_P5MIN_202609151015_20260915101135.zip
2026-09-15 10:15:00,SA1,,-14.99,738.51,0,PUBLIC_P5MIN_202609151015_20260915101135.zip
2026-09-15 10:15:00,SA1,,-14.92,723.51,0,PUBLIC_P5MIN_202609151015_20260915101135.zip
2026-09-15 10:15:00,SA1,,-14.99,708.51,0,PUBLIC_P5MIN_202609151015_20260915101135.zip
2026-09-15 10:15:00,SA1,,-14.99,693.51,0,PUBLIC_P5MIN_202609151015_20260915101135.zip
2026-09-15 10:15:00,SA1,,-16.0,678.51,0,PUBLIC_P5MIN_202609151015_20260915101135.zip
2026-09-15 10:15:00,SA1,,-18.55,663.51,0,PUBLIC_P5MIN_202609151015_20260915101135.zip
2026-09-15 10:15:00,SA1,,-19.85,646.51,0,PUBLIC_P5MIN_202609151015_20260915101135.zip
2026-09-15 10:15:00,SA1,,-20.0,629.51,0,PUBLIC_P5MIN_202609151015_20260915101135.zip
2026-09-15 10:15:00,SA1,,-21.08092,613.51,0,PUBLIC_P5MIN_202609151015_20260915101135.zip
2026-09-15 10:15:00,TAS1,,-36.61321,851.5,0,PUBLIC_P5MIN_202609151015_20260915101135.zip
2026-09-15 10:15:00,TAS1,,-21.47095,843.5,0,PUBLIC_P5MIN_202609151015_20260915101135.zip
2026-09-15 10:15:00,TAS1,,-40.65391,835.5,0,PUBLIC_P5MIN_202609151015_20260915101135.zip
2026-09-15 10:15:00,TAS1,,-22.85222,828.5,0,PUBLIC_P5MIN_202609151015_20260915101135.zip
2026-09-15 10:15:00,TAS1,,-23.73074,821.5,0,PUBLIC_P5MIN_202609151015_20260915101135.zip
2026-09-15 10:15:00,TAS1,,-23.97205,814.5,0,PUBLIC_P5MIN_202609151015_20260915101135.zip
2026-09-15 10:15:00,TAS1,,-23.79826,808.5,0,PUBLIC_P5MIN_202609151015_20260915101135.zip
2026-09-15 10:15:00,TAS1,,-23.62012,803.5,0,PUBLIC_P5MIN_202609151015_20260915101135.zip
2026-09-15 10:15:00,TAS1,,-21.33477,798.5,0,PUBLIC_P5MIN_202609151015_20260915101135.zip
2026-09-15 10:15:00,TAS1,,-21.26669,793.5,0,PUBLIC_P5MIN_202609151015_20260915101135.zip
2026-09-15 10:15:00,TAS1,,-21.26669,788.5,0,PUBLIC_P5MIN_202609151015_20260915101135.zip
2026-09-15 10:15:00,TAS1,,-20.6007,783.5,0,PUBLIC_P5MIN_202609151015_20260915101135.zip
2026-09-15 10:15:00,VIC1,,-35.71,3773.71,0,PUBLIC_P5MIN_202609151015_20260915101135.zip
2026-09-15 10:15:00,VIC1,,-20.86,3735.71,0,PUBLIC_P5MIN_202609151015_20260915101135.zip
2026-09-15 10:15:00,VIC1,,-39.49712,3700.71,0,PUBLIC_P5MIN_202609151015_20260915101135.zip
2026-09-15 10:15:00,VIC1,,-22.2726,3666.71,0,PUBLIC_P5MIN_202609151015_20260915101135.zip
2026-09-15 10:15:00,VIC1,,-23.12883,3635.71,0,PUBLIC_P5MIN_202609151015_20260915101135.zip
2026-09-15 10:15:00,VIC1,,-23.36403,3605.71,0,PUBLIC_P5MIN_202609151015_20260915101135.zip
2026-09-15 10:15:00,VIC1,,-23.26866,3575.71,0,PUBLIC_P5MIN_202609151015_20260915101135.zip
2026-09-15 10:15:00,VIC1,,-23.09449,3543.71,0,PUBLIC_P5MIN_202609151015_20260915101135.zip
2026-09-15 10:15:00,VIC1,,-20.86,3511.71,0,PUBLIC_P5MIN_202609151015_20260915101135.zip
2026-09-15 10:15:00,VIC1,,-20.86,3480.71,0,PUBLIC_P5MIN_202609151015_20260915101135.zip
2026-09-15 10:15:00,VIC1,,-20.86,3451.71,0,PUBLIC_P5MIN_202609151015_20260915101135.zip
2026-09-15 10:15:00,VIC1,,-20.20675,3425.71,0,PUBLIC_P5MIN_202609151015_20260915101135.zip
2026-09-15 10:20:00,NSW1,,-6.33,5057.91,0,PUBLIC_P5MIN_202609151020_20260915101633.zip
2026-09-15 10:20:00,NSW1,,-7.82712,5024.91,0,PUBLIC_P5MIN_202609151020_20260915101633.zip
2026-09-15 10:20:00,NSW1,,-6.51,4991.91,0,PUBLIC_P5MIN_202609151020_20260915101633.zip
2026-09-15 10:20:00,NSW1,,-7.71368,4959.91,0,PUBLIC_P5MIN_202609151020_20260915101633.zip
2026-09-15 10:20:00,NSW1,,-7.71368,4928.91,0,PUBLIC_P5MIN_202609151020_20260915101633.zip
2026-09-15 10:20:00,NSW1,,-8.63,4903.91,0,PUBLIC_P5MIN_202609151020_20260915101633.zip
2026-09-15 10:20:00,NSW1,,-8.64911,4877.91,0,PUBLIC_P5MIN_202609151020_20260915101633.zip
2026-09-15 10:20:00,NSW1,,-8.63,4855.91,0,PUBLIC_P5MIN_202609151020_20260915101633.zip
2026-09-15 10:20:00,NSW1,,-8.25528,4833.91,0,PUBLIC_P5MIN_202609151020_20260915101633.zip
2026-09-15 10:20:00,NSW1,,-8.13551,4809.91,0,PUBLIC_P5MIN_202609151020_20260915101633.zip
2026-09-15 10:20:00,NSW1,,-9.22572,4786.91,0,PUBLIC_P5MIN_202609151020_20260915101633.zip
2026-09-15 10:20:00,NSW1,,-9.16732,4767.91,0,PUBLIC_P5MIN_202609151020_20260915101633.zip
2026-09-15 10:20:00,QLD1,,-6.29,3595.25,0,PUBLIC_P5MIN_202609151020_20260915101633.zip
2026-09-15 10:20:00,QLD1,,-6.29,3574.25,0,PUBLIC_P5MIN_202609151020_20260915101633.zip
2026-09-15 10:20:00,QLD1,,-5.13307,3557.25,0,PUBLIC_P5MIN_202609151020_20260915101633.zip
2026-09-15 10:20:00,QLD1,,-6.48,3544.25,0,PUBLIC_P5MIN_202609151020_20260915101633.zip
2026-09-15 10:20:00,QLD1,,-6.48,3533.25,0,PUBLIC_P5MIN_202609151020_20260915101633.zip
2026-09-15 10:20:00,QLD1,,-7.43608,3523.25,0,PUBLIC_P5MIN_202609151020_20260915101633.zip
2026-09-15 10:20:00,QLD1,,-7.5,3517.25,0,PUBLIC_P5MIN_202609151020_20260915101633.zip
2026-09-15 10:20:00,QLD1,,-7.6274,3515.25,0,PUBLIC_P5MIN_202609151020_20260915101633.zip
2026-09-15 10:20:00,QLD1,,-7.25,3517.25,0,PUBLIC_P5MIN_202609151020_20260915101633.zip
2026-09-15 10:20:00,QLD1,,-7.01,3520.25,0,PUBLIC_P5MIN_202609151020_20260915101633.zip
2026-09-15 10:20:00,QLD1,,-8.0,3525.25,0,PUBLIC_P5MIN_202609151020_20260915101633.zip
2026-09-15 10:20:00,QLD1,,-8.0,3530.25,0,PUBLIC_P5MIN_202609151020_20260915101633.zip
2026-09-15 10:20:00,SA1,,-8.0,804.76,0,PUBLIC_P5MIN_202609151020_20260915101633.zip
2026-09-15 10:20:00,SA1,,-8.0,787.76,0,PUBLIC_P5MIN_202609151020_20260915101633.zip
2026-09-15 10:20:00,SA1,,-15.97,771.76,0,PUBLIC_P5MIN_202609151020_20260915101633.zip
2026-09-15 10:20:00,SA1,,-8.0,757.76,0,PUBLIC_P5MIN_202609151020_20260915101633.zip
2026-09-15 10:20:00,SA1,,-8.0,743.76,0,PUBLIC_P5MIN_202609151020_20260915101633.zip
2026-09-15 10:20:00,SA1,,-8.0,728.76,0,PUBLIC_P5MIN_202609151020_20260915101633.zip
2026-09-15 10:20:00,SA1,,-14.88,714.76,0,PUBLIC_P5MIN_202609151020_20260915101633.zip
2026-09-15 10:20:00,SA1,,-7.15,699.76,0,PUBLIC_P5MIN_202609151020_20260915101633.zip
2026-09-15 10:20:00,SA1,,-7.25,682.76,0,PUBLIC_P5MIN_202609151020_20260915101633.zip
2026-09-15 10:20:00,SA1,,-8.0,665.76,0,PUBLIC_P5MIN_202609151020_20260915101633.zip
2026-09-15 10:20:00,SA1,,-14.91,649.76,0,PUBLIC_P5MIN_202609151020_20260915101633.zip
2026-09-15 10:20:00,SA1,,-16.0,634.76,0,PUBLIC_P5MIN_202609151020_20260915101633.zip
2026-09-15 10:20:00,TAS1,,-22.62811,853.17,0,PUBLIC_P5MIN_202609151020_20260915101633.zip
2026-09-15 10:20:00,TAS1,,-20.65104,845.17,0,PUBLIC_P5MIN_202609151020_20260915101633.zip
2026-09-15 10:20:00,TAS1,,-35.91186,837.17,0,PUBLIC_P5MIN_202609151020_20260915101633.zip
2026-09-15 10:20:00,TAS1,,-21.47095,829.17,0,PUBLIC_P5MIN_202609151020_20260915101633.zip
2026-09-15 10:20:00,TAS1,,-22.64434,822.17,0,PUBLIC_P5MIN_202609151020_20260915101633.zip
2026-09-15 10:20:00,TAS1,,-22.57253,816.17,0,PUBLIC_P5MIN_202609151020_20260915101633.zip
2026-09-15 10:20:00,TAS1,,-22.57253,811.17,0,PUBLIC_P5MIN_202609151020_20260915101633.zip
2026-09-15 10:20:00,TAS1,,-20.4552,806.17,0,PUBLIC_P5MIN_202609151020_20260915101633.zip
2026-09-15 10:20:00,TAS1,,-20.4552,801.17,0,PUBLIC_P5MIN_202609151020_20260915101633.zip
2026-09-15 10:20:00,TAS1,,-20.44497,796.17,0,PUBLIC_P5MIN_202609151020_20260915101633.zip
2026-09-15 10:20:00,TAS1,,-20.37973,791.17,0,PUBLIC_P5MIN_202609151020_20260915101633.zip
2026-09-15 10:20:00,TAS1,,-20.38992,786.17,0,PUBLIC_P5MIN_202609151020_20260915101633.zip
2026-09-15 10:20:00,VIC1,,-22.0,3757.33,0,PUBLIC_P5MIN_202609151020_20260915101633.zip
2026-09-15 10:20:00,VIC1,,-20.0,3721.33,0,PUBLIC_P5MIN_202609151020_20260915101633.zip
2026-09-15 10:20:00,VIC1,,-34.89,3685.33,0,PUBLIC_P5MIN_202609151020_20260915101633.zip
2026-09-15 10:20:00,VIC1,,-20.86,3652.33,0,PUBLIC_P5MIN_202609151020_20260915101633.zip
2026-09-15 10:20:00,VIC1,,-22.0,3620.33,0,PUBLIC_P5MIN_202609151020_20260915101633.zip
2026-09-15 10:20:00,VIC1,,-22.0,3589.33,0,PUBLIC_P5MIN_202609151020_20260915101633.zip
2026-09-15 10:20:00,VIC1,,-22.0,3557.33,0,PUBLIC_P5MIN_202609151020_20260915101633.zip
2026-09-15 10:20:00,VIC1,,-20.0,3525.33,0,PUBLIC_P5MIN_202609151020_20260915101633.zip
2026-09-15 10:20:00,VIC1,,-20.0,3494.33,0,PUBLIC_P5MIN_202609151020_20260915101633.zip
2026-09-15 10:20:00,VIC1,,-19.99,3465.33,0,PUBLIC_P5MIN_202609151020_20260915101633.zip
2026-09-15 10:20:00,VIC1,,-19.99,3440.33,0,PUBLIC_P5MIN_202609151020_20260915101633.zip
2026-09-15 10:20:00,VIC1,,-20.0,3416.33,0,PUBLIC_P5MIN_202609151020_20260915101633.zip
2026-09-15 10:25:00,NSW1,,-6.33,5011.09,0,PUBLIC_P5MIN_202609151025_20260915102134.zip
2026-09-15 10:25:00,NSW1,,-7.56829,4979.09,0,PUBLIC_P5MIN_202609151025_20260915102134.zip
2026-09-15 10:25:00,NSW1,,-6.51,4948.09,0,PUBLIC_P5MIN_202609151025_20260915102134.zip
2026-09-15 10:25:00,NSW1,,-7.56829,4919.09,0,PUBLIC_P5MIN_202609151025_20260915102134.zip
2026-09-15 10:25:00,NSW1,,-8.57273,4895.09,0,PUBLIC_P5MIN_202609151025_20260915102134.zip
2026-09-15 10:25:00,NSW1,,-8.63,4870.09,0,PUBLIC_P5MIN_202609151025_20260915102134.zip
2026-09-15 10:25:00,NSW1,,-8.53994,4849.09,0,PUBLIC_P5MIN_202609151025_20260915102134.zip
2026-09-15 10:25:00,NSW1,,-8.61325,4829.09,0,PUBLIC_P5MIN_202609151025_20260915102134.zip
2026-09-15 10:25:00,NSW1,,-7.81407,4806.09,0,PUBLIC_P5MIN_202609151025_20260915102134.zip
2026-09-15 10:25:00,NSW1,,-7.81407,4784.09,0,PUBLIC_P5MIN_202609151025_20260915102134.zip
2026-09-15 10:25:00,NSW1,,-9.02484,4766.09,0,PUBLIC_P5MIN_202609151025_20260915102134.zip
2026-09-15 10:25:00,NSW1,,-9.07292,4751.09,0,PUBLIC_P5MIN_202609151025_20260915102134.zip
2026-09-15 10:25:00,QLD1,,-5.22838,3581.21,0,PUBLIC_P5MIN_202609151025_20260915102134.zip
2026-09-15 10:25:00,QLD1,,-6.48,3563.21,0,PUBLIC_P5MIN_202609151025_20260915102134.zip
2026-09-15 10:25:00,QLD1,,-5.26478,3549.21,0,PUBLIC_P5MIN_202609151025_20260915102134.zip
2026-09-15 10:25:00,QLD1,,-6.48,3538.21,0,PUBLIC_P5MIN_202609151025_20260915102134.zip
2026-09-15 10:25:00,QLD1,,-7.34,3528.21,0,PUBLIC_P5MIN_202609151025_20260915102134.zip
2026-09-15 10:25:00,QLD1,,-7.43608,3522.21,0,PUBLIC_P5MIN_202609151025_20260915102134.zip
2026-09-15 10:25:00,QLD1,,-7.5,3520.21,0,PUBLIC_P5MIN_202609151025_20260915102134.zip
2026-09-15 10:25:00,QLD1,,-7.01,3522.21,0,PUBLIC_P5MIN_202609151025_20260915102134.zip
2026-09-15 10:25:00,QLD1,,-6.4,3525.21,0,PUBLIC_P5MIN_202609151025_20260915102134.zip
2026-09-15 10:25:00,QLD1,,-6.4,3531.21,0,PUBLIC_P5MIN_202609151025_20260915102134.zip
2026-09-15 10:25:00,QLD1,,-8.13,3537.21,0,PUBLIC_P5MIN_202609151025_20260915102134.zip
2026-09-15 10:25:00,QLD1,,-8.07,3544.21,0,PUBLIC_P5MIN_202609151025_20260915102134.zip
2026-09-15 10:25:00,SA1,,-8.0,755.68,0,PUBLIC_P5MIN_202609151025_20260915102134.zip
2026-09-15 10:25:00,SA1,,-14.99,740.68,0,PUBLIC_P5MIN_202609151025_20260915102134.zip
2026-09-15 10:25:00,SA1,,-15.97,727.68,0,PUBLIC_P5MIN_202609151025_20260915102134.zip
2026-09-15 10:25:00,SA1,,-16.1,713.68,0,PUBLIC_P5MIN_202609151025_20260915102134.zip
2026-09-15 10:25:00,SA1,,-8.0,699.68,0,PUBLIC_P5MIN_202609151025_20260915102134.zip
2026-09-15 10:25:00,SA1,,-14.99,685.68,0,PUBLIC_P5MIN_202609151025_20260915102134.zip
2026-09-15 10:25:00,SA1,,-14.99,671.68,0,PUBLIC_P5MIN_202609151025_20260915102134.zip
2026-09-15 10:25:00,SA1,,-8.0,654.68,0,PUBLIC_P5MIN_202609151025_20260915102134.zip
2026-09-15 10:25:00,SA1,,-8.0,637.68,0,PUBLIC_P5MIN_202609151025_20260915102134.zip
2026-09-15 10:25:00,SA1,,-8.0,621.68,0,PUBLIC_P5MIN_202609151025_20260915102134.zip
2026-09-15 10:25:00,SA1,,-8.0,606.68,0,PUBLIC_P5MIN_202609151025_20260915102134.zip
2026-09-15 10:25:00,SA1,,-8.0,592.68,0,PUBLIC_P5MIN_202609151025_20260915102134.zip
2026-09-15 10:25:00,TAS1,,-22.69934,847.45,0,PUBLIC_P5MIN_202609151025_20260915102134.zip
2026-09-15 10:25:00,TAS1,,-22.71614,839.45,0,PUBLIC_P5MIN_202609151025_20260915102134.zip
2026-09-15 10:25:00,TAS1,,-22.71614,832.45,0,PUBLIC_P5MIN_202609151025_20260915102134.zip
2026-09-15 10:25:00,TAS1,,-22.64434,825.45,0,PUBLIC_P5MIN_202609151025_20260915102134.zip
2026-09-15 10:25:00,TAS1,,-24.53608,819.45,0,PUBLIC_P5MIN_202609151025_20260915102134.zip
2026-09-15 10:25:00,TAS1,,-24.34399,814.45,0,PUBLIC_P5MIN_202609151025_20260915102134.zip
2026-09-15 10:25:00,TAS1,,-22.57253,809.45,0,PUBLIC_P5MIN_202609151025_20260915102134.zip
2026-09-15 10:25:00,TAS1,,-21.40286,804.45,0,PUBLIC_P5MIN_202609151025_20260915102134.zip
2026-09-15 10:25:00,TAS1,,-20.51022,799.45,0,PUBLIC_P5MIN_202609151025_20260915102134.zip
2026-09-15 10:25:00,TAS1,,-20.4552,794.45,0,PUBLIC_P5MIN_202609151025_20260915102134.zip
2026-09-15 10:25:00,TAS1,,-21.33477,789.45,0,PUBLIC_P5MIN_202609151025_20260915102134.zip
2026-09-15 10:25:00,TAS1,,-20.4552,784.45,0,PUBLIC_P5MIN_202609151025_20260915102134.zip
2026-09-15 10:25:00,VIC1,,-22.0,3761.18,0,PUBLIC_P5MIN_202609151025_20260915102134.zip
2026-09-15 10:25:00,VIC1,,-22.0,3725.18,0,PUBLIC_P5MIN_202609151025_20260915102134.zip
2026-09-15 10:25:00,VIC1,,-22.0,3692.18,0,PUBLIC_P5MIN_202609151025_20260915102134.zip
2026-09-15 10:25:00,VIC1,,-22.0,3660.18,0,PUBLIC_P5MIN_202609151025_20260915102134.zip
2026-09-15 10:25:00,VIC1,,-23.83792,3628.18,0,PUBLIC_P5MIN_202609151025_20260915102134.zip
2026-09-15 10:25:00,VIC1,,-23.72653,3595.18,0,PUBLIC_P5MIN_202609151025_20260915102134.zip
2026-09-15 10:25:00,VIC1,,-22.0,3562.18,0,PUBLIC_P5MIN_202609151025_20260915102134.zip
2026-09-15 10:25:00,VIC1,,-20.86,3531.18,0,PUBLIC_P5MIN_202609151025_20260915102134.zip
2026-09-15 10:25:00,VIC1,,-19.99,3501.18,0,PUBLIC_P5MIN_202609151025_20260915102134.zip
2026-09-15 10:25:00,VIC1,,-20.0,3475.18,0,PUBLIC_P5MIN_202609151025_20260915102134.zip
2026-09-15 10:25:00,VIC1,,-20.86,3450.18,0,PUBLIC_P5MIN_202609151025_20260915102134.zip
2026-09-15 10:25:00,VIC1,,-20.0,3427.18,0,PUBLIC_P5MIN_202609151025_20260915102134.zip
2026-09-15 10:30:00,NSW1,,-7.33732,4936.5,0,PUBLIC_P5MIN_202609151030_20260915102628.zip
2026-09-15 10:30:00,NSW1,,-7.67977,4901.5,0,PUBLIC_P5MIN_202609151030_20260915102628.zip
2026-09-15 10:30:00,NSW1,,-7.58305,4868.5,0,PUBLIC_P5MIN_202609151030_20260915102628.zip
2026-09-15 10:30:00,NSW1,,-9.22572,4840.5,0,PUBLIC_P5MIN_202609151030_20260915102628.zip
2026-09-15 10:30:00,NSW1,,-9.10927,4812.5,0,PUBLIC_P5MIN_202609151030_20260915102628.zip
2026-09-15 10:30:00,NSW1,,-8.63,4788.5,0,PUBLIC_P5MIN_202609151030_20260915102628.zip
2026-09-15 10:30:00,NSW1,,-7.48751,4765.5,0,PUBLIC_P5MIN_202609151030_20260915102628.zip
2026-09-15 10:30:00,NSW1,,-7.7359,4741.5,0,PUBLIC_P5MIN_202609151030_20260915102628.zip
2026-09-15 10:30:00,NSW1,,-7.76471,4718.5,0,PUBLIC_P5MIN_202609151030_20260915102628.zip
2026-09-15 10:30:00,NSW1,,-8.01,4700.5,0,PUBLIC_P5MIN_202609151030_20260915102628.zip
2026-09-15 10:30:00,NSW1,,-9.07292,4687.5,0,PUBLIC_P5MIN_202609151030_20260915102628.zip
2026-09-15 10:30:00,NSW1,,-9.08243,4674.5,0,PUBLIC_P5MIN_202609151030_20260915102628.zip
2026-09-15 10:30:00,QLD1,,-6.29,3529.94,0,PUBLIC_P5MIN_202609151030_20260915102628.zip
2026-09-15 10:30:00,QLD1,,-6.29,3513.94,0,PUBLIC_P5MIN_202609151030_20260915102628.zip
2026-09-15 10:30:00,QLD1,,-6.29,3500.94,0,PUBLIC_P5MIN_202609151030_20260915102628.zip
2026-09-15 10:30:00,QLD1,,-8.0,3489.94,0,PUBLIC_P5MIN_202609151030_20260915102628.zip
2026-09-15 10:30:00,QLD1,,-8.0,3482.94,0,PUBLIC_P5MIN_202609151030_20260915102628.zip
2026-09-15 10:30:00,QLD1,,-7.57909,3479.94,0,PUBLIC_P5MIN_202609151030_20260915102628.zip
2026-09-15 10:30:00,QLD1,,-6.29,3480.94,0,PUBLIC_P5MIN_202609151030_20260915102628.zip
2026-09-15 10:30:00,QLD1,,-6.54,3483.94,0,PUBLIC_P5MIN_202609151030_20260915102628.zip
2026-09-15 10:30:00,QLD1,,-6.4,3489.94,0,PUBLIC_P5MIN_202609151030_20260915102628.zip
2026-09-15 10:30:00,QLD1,,-6.64415,3495.94,0,PUBLIC_P5MIN_202609151030_20260915102628.zip
2026-09-15 10:30:00,QLD1,,-8.07,3502.94,0,PUBLIC_P5MIN_202609151030_20260915102628.zip
2026-09-15 10:30:00,QLD1,,-8.13,3509.94,0,PUBLIC_P5MIN_202609151030_20260915102628.zip
2026-09-15 10:30:00,SA1,,-14.99,738.97,0,PUBLIC_P5MIN_202609151030_20260915102628.zip
2026-09-15 10:30:00,SA1,,-7.25,723.97,0,PUBLIC_P5MIN_202609151030_20260915102628.zip
2026-09-15 10:30:00,SA1,,-8.0,708.97,0,PUBLIC_P5MIN_202609151030_20260915102628.zip
2026-09-15 10:30:00,SA1,,-8.0,693.97,0,PUBLIC_P5MIN_202609151030_20260915102628.zip
2026-09-15 10:30:00,SA1,,-8.0,678.97,0,PUBLIC_P5MIN_202609151030_20260915102628.zip
2026-09-15 10:30:00,SA1,,-14.99,663.97,0,PUBLIC_P5MIN_202609151030_20260915102628.zip
2026-09-15 10:30:00,SA1,,-8.0,646.97,0,PUBLIC_P5MIN_202609151030_20260915102628.zip
2026-09-15 10:30:00,SA1,,-8.0,629.97,0,PUBLIC_P5MIN_202609151030_20260915102628.zip
2026-09-15 10:30:00,SA1,,-15.46,613.97,0,PUBLIC_P5MIN_202609151030_20260915102628.zip
2026-09-15 10:30:00,SA1,,-18.55,598.97,0,PUBLIC_P5MIN_202609151030_20260915102628.zip
2026-09-15 10:30:00,SA1,,-8.0,585.97,0,PUBLIC_P5MIN_202609151030_20260915102628.zip
2026-09-15 10:30:00,SA1,,-14.88,572.97,0,PUBLIC_P5MIN_202609151030_20260915102628.zip
2026-09-15 10:30:00,TAS1,,-35.99669,847.08,0,PUBLIC_P5MIN_202609151030_20260915102628.zip
2026-09-15 10:30:00,TAS1,,-21.53903,839.08,0,PUBLIC_P5MIN_202609151030_20260915102628.zip
2026-09-15 10:30:00,TAS1,,-22.71614,832.08,0,PUBLIC_P5MIN_202609151030_20260915102628.zip
2026-09-15 10:30:00,TAS1,,-24.98905,826.08,0,PUBLIC_P5MIN_202609151030_20260915102628.zip
2026-09-15 10:30:00,TAS1,,-24.78831,821.08,0,PUBLIC_P5MIN_202609151030_20260915102628.zip
2026-09-15 10:30:00,TAS1,,-22.64434,816.08,0,PUBLIC_P5MIN_202609151030_20260915102628.zip
2026-09-15 10:30:00,TAS1,,-21.40286,811.08,0,PUBLIC_P5MIN_202609151030_20260915102628.zip
2026-09-15 10:30:00,TAS1,,-16.97044,806.08,0,PUBLIC_P5MIN_202609151030_20260915102628.zip
2026-09-15 10:30:00,TAS1,,-20.51022,801.08,0,PUBLIC_P5MIN_202609151030_20260915102628.zip
2026-09-15 10:30:00,TAS1,,-21.33477,796.08,0,PUBLIC_P5MIN_202609151030_20260915102628.zip
2026-09-15 10:30:00,TAS1,,-20.4552,791.08,0,PUBLIC_P5MIN_202609151030_20260915102628.zip
2026-09-15 10:30:00,TAS1,,-20.4552,787.08,0,PUBLIC_P5MIN_202609151030_20260915102628.zip
2026-09-15 10:30:00,VIC1,,-34.89,3803.75,0,PUBLIC_P5MIN_202609151030_20260915102628.zip
2026-09-15 10:30:00,VIC1,,-20.86,3772.75,0,PUBLIC_P5MIN_202609151030_20260915102628.zip
2026-09-15 10:30:00,VIC1,,-22.0,3742.75,0,PUBLIC_P5MIN_202609151030_20260915102628.zip
2026-09-15 10:30:00,VIC1,,-24.27799,3712.75,0,PUBLIC_P5MIN_202609151030_20260915102628.zip
2026-09-15 10:30:00,VIC1,,-24.08297,3681.75,0,PUBLIC_P5MIN_202609151030_20260915102628.zip
2026-09-15 10:30:00,VIC1,,-22.0,3650.75,0,PUBLIC_P5MIN_202609151030_20260915102628.zip
2026-09-15 10:30:00,VIC1,,-20.86,3620.75,0,PUBLIC_P5MIN_202609151030_20260915102628.zip
2026-09-15 10:30:00,VIC1,,-16.54,3591.75,0,PUBLIC_P5MIN_202609151030_20260915102628.zip
2026-09-15 10:30:00,VIC1,,-19.99,3565.75,0,PUBLIC_P5MIN_202609151030_20260915102628.zip
2026-09-15 10:30:00,VIC1,,-20.86,3539.75,0,PUBLIC_P5MIN_202609151030_20260915102628.zip
2026-09-15 10:30:00,VIC1,,-20.0,3514.75,0,PUBLIC_P5MIN_202609151030_20260915102628.zip
2026-09-15 10:30:00,VIC1,,-20.0,3492.75,0,PUBLIC_P5MIN_202609151030_20260915102628.zip
2026-09-15 10:35:00,NSW1,,-8.57125,4936.21,0,PUBLIC_P5MIN_202609151035_20260915103137.zip
2026-09-15 10:35:00,NSW1,,-10.34,4902.21,0,PUBLIC_P5MIN_202609151035_20260915103137.zip
2026-09-15 10:35:00,NSW1,,-9.18898,4874.21,0,PUBLIC_P5MIN_202609151035_20260915103137.zip
2026-09-15 10:35:00,NSW1,,-10.5,4846.21,0,PUBLIC_P5MIN_202609151035_20260915103137.zip
2026-09-15 10:35:00,NSW1,,-10.5,4822.21,0,PUBLIC_P5MIN_202609151035_20260915103137.zip
2026-09-15 10:35:00,NSW1,,-10.5,4799.21,0,PUBLIC_P5MIN_202609151035_20260915103137.zip
2026-09-15 10:35:00,NSW1,,-9.10927,4775.21,0,PUBLIC_P5MIN_202609151035_20260915103137.zip
2026-09-15 10:35:00,NSW1,,-9.75174,4753.21,0,PUBLIC_P5MIN_202609151035_20260915103137.zip
2026-09-15 10:35:00,NSW1,,-9.75174,4736.21,0,PUBLIC_P5MIN_202609151035_20260915103137.zip
2026-09-15 10:35:00,NSW1,,-9.75174,4723.21,0,PUBLIC_P5MIN_202609151035_20260915103137.zip
2026-09-15 10:35:00,NSW1,,-9.03594,4711.21,0,PUBLIC_P5MIN_202609151035_20260915103137.zip
2026-09-15 10:35:00,NSW1,,-9.38673,4701.21,0,PUBLIC_P5MIN_202609151035_20260915103137.zip
2026-09-15 10:35:00,QLD1,,-7.25,3484.92,0,PUBLIC_P5MIN_202609151035_20260915103137.zip
2026-09-15 10:35:00,QLD1,,-9.19702,3471.92,0,PUBLIC_P5MIN_202609151035_20260915103137.zip
2026-09-15 10:35:00,QLD1,,-8.07,3460.92,0,PUBLIC_P5MIN_202609151035_20260915103137.zip
2026-09-15 10:35:00,QLD1,,-9.22137,3453.92,0,PUBLIC_P5MIN_202609151035_20260915103137.zip
2026-09-15 10:35:00,QLD1,,-9.22137,3451.92,0,PUBLIC_P5MIN_202609151035_20260915103137.zip
2026-09-15 10:35:00,QLD1,,-9.16298,3453.92,0,PUBLIC_P5MIN_202609151035_20260915103137.zip
2026-09-15 10:35:00,QLD1,,-8.0,3457.92,0,PUBLIC_P5MIN_202609151035_20260915103137.zip
2026-09-15 10:35:00,QLD1,,-8.51,3463.92,0,PUBLIC_P5MIN_202609151035_20260915103137.zip
2026-09-15 10:35:00,QLD1,,-8.51,3470.92,0,PUBLIC_P5MIN_202609151035_20260915103137.zip
2026-09-15 10:35:00,QLD1,,-8.51,3479.92,0,PUBLIC_P5MIN_202609151035_20260915103137.zip
2026-09-15 10:35:00,QLD1,,-8.14,3488.92,0,PUBLIC_P5MIN_202609151035_20260915103137.zip
2026-09-15 10:35:00,QLD1,,-8.51,3496.92,0,PUBLIC_P5MIN_202609151035_20260915103137.zip
2026-09-15 10:35:00,SA1,,-8.0,706.56,0,PUBLIC_P5MIN_202609151035_20260915103137.zip
2026-09-15 10:35:00,SA1,,-14.99,689.56,0,PUBLIC_P5MIN_202609151035_20260915103137.zip
2026-09-15 10:35:00,SA1,,-15.46,673.56,0,PUBLIC_P5MIN_202609151035_20260915103137.zip
2026-09-15 10:35:00,SA1,,-18.55,657.56,0,PUBLIC_P5MIN_202609151035_20260915103137.zip
2026-09-15 10:35:00,SA1,,-18.55,641.56,0,PUBLIC_P5MIN_202609151035_20260915103137.zip
2026-09-15 10:35:00,SA1,,-14.99,623.56,0,PUBLIC_P5MIN_202609151035_20260915103137.zip
2026-09-15 10:35:00,SA1,,-14.99,605.56,0,PUBLIC_P5MIN_202609151035_20260915103137.zip
2026-09-15 10:35:00,SA1,,-18.55,589.56,0,PUBLIC_P5MIN_202609151035_20260915103137.zip
2026-09-15 10:35:00,SA1,,-19.85,574.56,0,PUBLIC_P5MIN_202609151035_20260915103137.zip
2026-09-15 10:35:00,SA1,,-20.0,561.56,0,PUBLIC_P5MIN_202609151035_20260915103137.zip
2026-09-15 10:35:00,SA1,,-14.91,548.56,0,PUBLIC_P5MIN_202609151035_20260915103137.zip
2026-09-15 10:35:00,SA1,,-18.02,535.56,0,PUBLIC_P5MIN_202609151035_20260915103137.zip
2026-09-15 10:35:00,TAS1,,-36.00002,843.56,0,PUBLIC_P5MIN_202609151035_20260915103137.zip
2026-09-15 10:35:00,TAS1,,-21.53903,836.56,0,PUBLIC_P5MIN_202609151035_20260915103137.zip
2026-09-15 10:35:00,TAS1,,-42.36719,831.56,0,PUBLIC_P5MIN_202609151035_20260915103137.zip
2026-09-15 10:35:00,TAS1,,-25.14126,826.56,0,PUBLIC_P5MIN_202609151035_20260915103137.zip
2026-09-15 10:35:00,TAS1,,-25.29096,821.56,0,PUBLIC_P5MIN_202609151035_20260915103137.zip
2026-09-15 10:35:00,TAS1,,-21.47095,816.56,0,PUBLIC_P5MIN_202609151035_20260915103137.zip
2026-09-15 10:35:00,TAS1,,-16.97044,811.56,0,PUBLIC_P5MIN_202609151035_20260915103137.zip
2026-09-15 10:35:00,TAS1,,-20.51022,806.56,0,PUBLIC_P5MIN_202609151035_20260915103137.zip
2026-09-15 10:35:00,TAS1,,-19.75161,801.56,0,PUBLIC_P5MIN_202609151035_20260915103137.zip
2026-09-15 10:35:00,TAS1,,-20.4552,796.56,0,PUBLIC_P5MIN_202609151035_20260915103137.zip
2026-09-15 10:35:00,TAS1,,-16.91645,791.56,0,PUBLIC_P5MIN_202609151035_20260915103137.zip
2026-09-15 10:35:00,TAS1,,-20.44497,787.56,0,PUBLIC_P5MIN_202609151035_20260915103137.zip
2026-09-15 10:35:00,VIC1,,-34.89,3731.62,0,PUBLIC_P5MIN_202609151035_20260915103137.zip
2026-09-15 10:35:00,VIC1,,-20.86,3704.62,0,PUBLIC_P5MIN_202609151035_20260915103137.zip
2026-09-15 10:35:00,VIC1,,-41.03153,3677.62,0,PUBLIC_P5MIN_202609151035_20260915103137.zip
2026-09-15 10:35:00,VIC1,,-24.42588,3648.62,0,PUBLIC_P5MIN_202609151035_20260915103137.zip
2026-09-15 10:35:00,VIC1,,-24.57131,3619.62,0,PUBLIC_P5MIN_202609151035_20260915103137.zip
2026-09-15 10:35:00,VIC1,,-20.86,3590.62,0,PUBLIC_P5MIN_202609151035_20260915103137.zip
2026-09-15 10:35:00,VIC1,,-16.54,3562.62,0,PUBLIC_P5MIN_202609151035_20260915103137.zip
2026-09-15 10:35:00,VIC1,,-19.99,3536.62,0,PUBLIC_P5MIN_202609151035_20260915103137.zip
2026-09-15 10:35:00,VIC1,,-19.25063,3510.62,0,PUBLIC_P5MIN_202609151035_20260915103137.zip
2026-09-15 10:35:00,VIC1,,-20.0,3484.62,0,PUBLIC_P5MIN_202609151035_20260915103137.zip
2026-09-15 10:35:00,VIC1,,-16.54,3460.62,0,PUBLIC_P5MIN_202609151035_20260915103137.zip
2026-09-15 10:35:00,VIC1,,-19.99,3439.62,0,PUBLIC_P5MIN_202609151035_20260915103137.zip
2026-09-15 10:40:00,NSW1,,-8.87473,4820.24,0,PUBLIC_P5MIN_202609151040_20260915103636.zip
2026-09-15 10:40:00,NSW1,,-9.60734,4789.24,0,PUBLIC_P5MIN_202609151040_20260915103636.zip
2026-09-15 10:40:00,NSW1,,-9.55636,4758.24,0,PUBLIC_P5MIN_202609151040_20260915103636.zip
2026-09-15 10:40:00,NSW1,,-10.5,4731.24,0,PUBLIC_P5MIN_202609151040_20260915103636.zip
2026-09-15 10:40:00,NSW1,,-10.34,4706.24,0,PUBLIC_P5MIN_202609151040_20260915103636.zip
2026-09-15 10:40:00,NSW1,,-8.63,4680.24,0,PUBLIC_P5MIN_202609151040_20260915103636.zip
2026-09-15 10:40:00,NSW1,,-9.13078,4656.24,0,PUBLIC_P5MIN_202609151040_20260915103636.zip
2026-09-15 10:40:00,NSW1,,-9.50695,4638.24,0,PUBLIC_P5MIN_202609151040_20260915103636.zip
2026-09-15 10:40:00,NSW1,,-9.5676,4625.24,0,PUBLIC_P5MIN_202609151040_20260915103636.zip
2026-09-15 10:40:00,NSW1,,-8.75012,4613.24,0,PUBLIC_P5MIN_202609151040_20260915103636.zip
2026-09-15 10:40:00,NSW1,,-8.97692,4604.24,0,PUBLIC_P5MIN_202609151040_20260915103636.zip
2026-09-15 10:40:00,NSW1,,-9.02484,4596.24,0,PUBLIC_P5MIN_202609151040_20260915103636.zip
2026-09-15 10:40:00,QLD1,,-8.0,3479.22,0,PUBLIC_P5MIN_202609151040_20260915103636.zip
2026-09-15 10:40:00,QLD1,,-8.71,3463.22,0,PUBLIC_P5MIN_202609151040_20260915103636.zip
2026-09-15 10:40:00,QLD1,,-8.5,3451.22,0,PUBLIC_P5MIN_202609151040_20260915103636.zip
2026-09-15 10:40:00,QLD1,,-9.4589,3445.22,0,PUBLIC_P5MIN_202609151040_20260915103636.zip
2026-09-15 10:40:00,QLD1,,-9.25569,3443.22,0,PUBLIC_P5MIN_202609151040_20260915103636.zip
2026-09-15 10:40:00,QLD1,,-7.67604,3444.22,0,PUBLIC_P5MIN_202609151040_20260915103636.zip
2026-09-15 10:40:00,QLD1,,-8.07,3448.22,0,PUBLIC_P5MIN_202609151040_20260915103636.zip
2026-09-15 10:40:00,QLD1,,-8.51,3454.22,0,PUBLIC_P5MIN_202609151040_20260915103636.zip
2026-09-15 10:40:00,QLD1,,-8.51,3462.22,0,PUBLIC_P5MIN_202609151040_20260915103636.zip
2026-09-15 10:40:00,QLD1,,-8.51,3471.22,0,PUBLIC_P5MIN_202609151040_20260915103636.zip
2026-09-15 10:40:00,QLD1,,-8.51,3481.22,0,PUBLIC_P5MIN_202609151040_20260915103636.zip
2026-09-15 10:40:00,QLD1,,-8.13,3488.22,0,PUBLIC_P5MIN_202609151040_20260915103636.zip
2026-09-15 10:40:00,SA1,,-7.15,727.81,0,PUBLIC_P5MIN_202609151040_20260915103636.zip
2026-09-15 10:40:00,SA1,,-7.25,709.81,0,PUBLIC_P5MIN_202609151040_20260915103636.zip
2026-09-15 10:40:00,SA1,,-7.15,692.81,0,PUBLIC_P5MIN_202609151040_20260915103636.zip
2026-09-15 10:40:00,SA1,,-7.25,675.81,0,PUBLIC_P5MIN_202609151040_20260915103636.zip
2026-09-15 10:40:00,SA1,,-7.15,656.81,0,PUBLIC_P5MIN_202609151040_20260915103636.zip
2026-09-15 10:40:00,SA1,,-7.25,637.81,0,PUBLIC_P5MIN_202609151040_20260915103636.zip
2026-09-15 10:40:00,SA1,,-8.0,620.81,0,PUBLIC_P5MIN_202609151040_20260915103636.zip
2026-09-15 10:40:00,SA1,,-14.99,605.81,0,PUBLIC_P5MIN_202609151040_20260915103636.zip
2026-09-15 10:40:00,SA1,,-14.99,592.81,0,PUBLIC_P5MIN_202609151040_20260915103636.zip
2026-09-15 10:40:00,SA1,,-9.92752,579.81,0,PUBLIC_P5MIN_202609151040_20260915103636.zip
2026-09-15 10:40:00,SA1,,-7.25,566.81,0,PUBLIC_P5MIN_202609151040_20260915103636.zip
2026-09-15 10:40:00,SA1,,-7.25,553.81,0,PUBLIC_P5MIN_202609151040_20260915103636.zip
2026-09-15 10:40:00,TAS1,,-20.6345,839.24,0,PUBLIC_P5MIN_202609151040_20260915103636.zip
2026-09-15 10:40:00,TAS1,,-17.07841,834.24,0,PUBLIC_P5MIN_202609151040_20260915103636.zip
2026-09-15 10:40:00,TAS1,,-20.65104,830.24,0,PUBLIC_P5MIN_202609151040_20260915103636.zip
2026-09-15 10:40:00,TAS1,,-20.65104,826.24,0,PUBLIC_P5MIN_202609151040_20260915103636.zip
2026-09-15 10:40:00,TAS1,,-21.53903,822.24,0,PUBLIC_P5MIN_202609151040_20260915103636.zip
2026-09-15 10:40:00,TAS1,,-10.027,818.24,0,PUBLIC_P5MIN_202609151040_20260915103636.zip
2026-09-15 10:40:00,TAS1,,-17.02442,813.24,0,PUBLIC_P5MIN_202609151040_20260915103636.zip
2026-09-15 10:40:00,TAS1,,-17.02442,808.24,0,PUBLIC_P5MIN_202609151040_20260915103636.zip
2026-09-15 10:40:00,TAS1,,-20.57547,803.24,0,PUBLIC_P5MIN_202609151040_20260915103636.zip
2026-09-15 10:40:00,TAS1,,-9.84689,798.24,0,PUBLIC_P5MIN_202609151040_20260915103636.zip
2026-09-15 10:40:00,TAS1,,-16.97044,794.24,0,PUBLIC_P5MIN_202609151040_20260915103636.zip
2026-09-15 10:40:00,TAS1,,-10.50472,790.24,0,PUBLIC_P5MIN_202609151040_20260915103636.zip
2026-09-15 10:40:00,VIC1,,-20.0,3823.46,0,PUBLIC_P5MIN_202609151040_20260915103636.zip
2026-09-15 10:40:00,VIC1,,-16.54,3799.46,0,PUBLIC_P5MIN_202609151040_20260915103636.zip
2026-09-15 10:40:00,VIC1,,-20.0,3773.46,0,PUBLIC_P5MIN_202609151040_20260915103636.zip
2026-09-15 10:40:00,VIC1,,-20.0,3746.46,0,PUBLIC_P5MIN_202609151040_20260915103636.zip
2026-09-15 10:40:00,VIC1,,-20.86,3719.46,0,PUBLIC_P5MIN_202609151040_20260915103636.zip
2026-09-15 10:40:00,VIC1,,-9.77267,3692.46,0,PUBLIC_P5MIN_202609151040_20260915103636.zip
2026-09-15 10:40:00,VIC1,,-16.54,3667.46,0,PUBLIC_P5MIN_202609151040_20260915103636.zip
2026-09-15 10:40:00,VIC1,,-16.54,3641.46,0,PUBLIC_P5MIN_202609151040_20260915103636.zip
2026-09-15 10:40:00,VIC1,,-19.99,3615.46,0,PUBLIC_P5MIN_202609151040_20260915103636.zip
2026-09-15 10:40:00,VIC1,,-9.62776,3590.46,0,PUBLIC_P5MIN_202609151040_20260915103636.zip
2026-09-15 10:40:00,VIC1,,-16.54,3567.46,0,PUBLIC_P5MIN_202609151040_20260915103636.zip
2026-09-15 10:40:00,VIC1,,-10.30384,3546.46,0,PUBLIC_P5MIN_202609151040_20260915103636.zip
2026-09-15 10:45:00,NSW1,,-9.32845,4844.2,0,PUBLIC_P5MIN_202609151045_20260915104127.zip
2026-09-15 10:45:00,NSW1,,-10.34,4814.2,0,PUBLIC_P5MIN_202609151045_20260915104127.zip
2026-09-15 10:45:00,NSW1,,-9.8549,4788.2,0,PUBLIC_P5MIN_202609151045_20260915104127.zip
2026-09-15 10:45:00,NSW1,,-9.98092,4764.2,0,PUBLIC_P5MIN_202609151045_20260915104127.zip
2026-09-15 10:45:00,NSW1,,-9.10927,4739.2,0,PUBLIC_P5MIN_202609151045_20260915104127.zip
2026-09-15 10:45:00,NSW1,,-9.16732,4716.2,0,PUBLIC_P5MIN_202609151045_20260915104127.zip
2026-09-15 10:45:00,NSW1,,-9.10927,4699.2,0,PUBLIC_P5MIN_202609151045_20260915104127.zip
2026-09-15 10:45:00,NSW1,,-8.99422,4686.2,0,PUBLIC_P5MIN_202609151045_20260915104127.zip
2026-09-15 10:45:00,NSW1,,-8.9014,4674.2,0,PUBLIC_P5MIN_202609151045_20260915104127.zip
2026-09-15 10:45:00,NSW1,,-8.99422,4665.2,0,PUBLIC_P5MIN_202609151045_20260915104127.zip
2026-09-15 10:45:00,NSW1,,-8.88053,4657.2,0,PUBLIC_P5MIN_202609151045_20260915104127.zip
2026-09-15 10:45:00,NSW1,,-8.79783,4650.2,0,PUBLIC_P5MIN_202609151045_20260915104127.zip
2026-09-15 10:45:00,QLD1,,-8.51,3418.57,0,PUBLIC_P5MIN_202609151045_20260915104127.zip
2026-09-15 10:45:00,QLD1,,-9.19702,3406.57,0,PUBLIC_P5MIN_202609151045_20260915104127.zip
2026-09-15 10:45:00,QLD1,,-8.71,3399.57,0,PUBLIC_P5MIN_202609151045_20260915104127.zip
2026-09-15 10:45:00,QLD1,,-8.71,3397.57,0,PUBLIC_P5MIN_202609151045_20260915104127.zip
2026-09-15 10:45:00,QLD1,,-8.0,3398.57,0,PUBLIC_P5MIN_202609151045_20260915104127.zip
2026-09-15 10:45:00,QLD1,,-8.0,3402.57,0,PUBLIC_P5MIN_202609151045_20260915104127.zip
2026-09-15 10:45:00,QLD1,,-8.0,3408.57,0,PUBLIC_P5MIN_202609151045_20260915104127.zip
2026-09-15 10:45:00,QLD1,,-8.0,3416.57,0,PUBLIC_P5MIN_202609151045_20260915104127.zip
2026-09-15 10:45:00,QLD1,,-8.07,3425.57,0,PUBLIC_P5MIN_202609151045_20260915104127.zip
2026-09-15 10:45:00,QLD1,,-8.0,3436.57,0,PUBLIC_P5MIN_202609151045_20260915104127.zip
2026-09-15 10:45:00,QLD1,,-8.0,3444.57,0,PUBLIC_P5MIN_202609151045_20260915104127.zip
2026-09-15 10:45:00,QLD1,,-8.13,3452.57,0,PUBLIC_P5MIN_202609151045_20260915104127.zip
2026-09-15 10:45:00,SA1,,-7.14,726.71,0,PUBLIC_P5MIN_202609151045_20260915104127.zip
2026-09-15 10:45:00,SA1,,-7.1,711.71,0,PUBLIC_P5MIN_202609151045_20260915104127.zip
2026-09-15 10:45:00,SA1,,-7.14,696.71,0,PUBLIC_P5MIN_202609151045_20260915104127.zip
2026-09-15 10:45:00,SA1,,-7.14,679.71,0,PUBLIC_P5MIN_202609151045_20260915104127.zip
2026-09-15 10:45:00,SA1,,-7.15,662.71,0,PUBLIC_P5MIN_202609151045_20260915104127.zip
2026-09-15 10:45:00,SA1,,-7.15,646.71,0,PUBLIC_P5MIN_202609151045_20260915104127.zip
2026-09-15 10:45:00,SA1,,-8.0,631.71,0,PUBLIC_P5MIN_202609151045_20260915104127.zip
2026-09-15 10:45:00,SA1,,-8.0,618.71,0,PUBLIC_P5MIN_202609151045_20260915104127.zip
2026-09-15 10:45:00,SA1,,-7.15,605.71,0,PUBLIC_P5MIN_202609151045_20260915104127.zip
2026-09-15 10:45:00,SA1,,-10.38538,591.71,0,PUBLIC_P5MIN_202609151045_20260915104127.zip
2026-09-15 10:45:00,SA1,,-7.25,577.71,0,PUBLIC_P5MIN_202609151045_20260915104127.zip
2026-09-15 10:45:00,SA1,,-8.0,565.71,0,PUBLIC_P5MIN_202609151045_20260915104127.zip
2026-09-15 10:45:00,TAS1,,-10.7947,831.46,0,PUBLIC_P5MIN_202609151045_20260915104127.zip
2026-09-15 10:45:00,TAS1,,-17.07841,827.46,0,PUBLIC_P5MIN_202609151045_20260915104127.zip
2026-09-15 10:45:00,TAS1,,-17.61534,823.46,0,PUBLIC_P5MIN_202609151045_20260915104127.zip
2026-09-15 10:45:00,TAS1,,-20.58576,819.46,0,PUBLIC_P5MIN_202609151045_20260915104127.zip
2026-09-15 10:45:00,TAS1,,-10.28379,815.46,0,PUBLIC_P5MIN_202609151045_20260915104127.zip
2026-09-15 10:45:00,TAS1,,-15.01,811.46,0,PUBLIC_P5MIN_202609151045_20260915104127.zip
2026-09-15 10:45:00,TAS1,,-13.28565,806.46,0,PUBLIC_P5MIN_202609151045_20260915104127.zip
2026-09-15 10:45:00,TAS1,,-17.02442,801.46,0,PUBLIC_P5MIN_202609151045_20260915104127.zip
2026-09-15 10:45:00,TAS1,,-10.32486,796.46,0,PUBLIC_P5MIN_202609151045_20260915104127.zip
2026-09-15 10:45:00,TAS1,,-10.26815,791.46,0,PUBLIC_P5MIN_202609151045_20260915104127.zip
2026-09-15 10:45:00,TAS1,,-16.97044,787.46,0,PUBLIC_P5MIN_202609151045_20260915104127.zip
2026-09-15 10:45:00,TAS1,,-15.01,784.46,0,PUBLIC_P5MIN_202609151045_20260915104127.zip
2026-09-15 10:45:00,VIC1,,-10.49674,3858.98,0,PUBLIC_P5MIN_202609151045_20260915104127.zip
2026-09-15 10:45:00,VIC1,,-16.54,3836.98,0,PUBLIC_P5MIN_202609151045_20260915104127.zip
2026-09-15 10:45:00,VIC1,,-17.06,3813.98,0,PUBLIC_P5MIN_202609151045_20260915104127.zip
2026-09-15 10:45:00,VIC1,,-20.0,3789.98,0,PUBLIC_P5MIN_202609151045_20260915104127.zip
2026-09-15 10:45:00,VIC1,,-10.02295,3765.98,0,PUBLIC_P5MIN_202609151045_20260915104127.zip
2026-09-15 10:45:00,VIC1,,-14.62929,3743.98,0,PUBLIC_P5MIN_202609151045_20260915104127.zip
2026-09-15 10:45:00,VIC1,,-12.99,3719.98,0,PUBLIC_P5MIN_202609151045_20260915104127.zip
2026-09-15 10:45:00,VIC1,,-16.54,3694.98,0,PUBLIC_P5MIN_202609151045_20260915104127.zip
2026-09-15 10:45:00,VIC1,,-10.09509,3669.98,0,PUBLIC_P5MIN_202609151045_20260915104127.zip
2026-09-15 10:45:00,VIC1,,-10.07179,3645.98,0,PUBLIC_P5MIN_202609151045_20260915104127.zip
2026-09-15 10:45:00,VIC1,,-16.54,3622.98,0,PUBLIC_P5MIN_202609151045_20260915104127.zip
2026-09-15 10:45:00,VIC1,,-14.72296,3602.98,0,PUBLIC_P5MIN_202609151045_20260915104127.zip
2026-09-15 10:50:00,NSW1,,-9.15303,4725.5,0,PUBLIC_P5MIN_202609151050_20260915104625.zip
2026-09-15 10:50:00,NSW1,,-9.49578,4699.5,0,PUBLIC_P5MIN_202609151050_20260915104625.zip
2026-09-15 10:50:00,NSW1,,-9.42533,4675.5,0,PUBLIC_P5MIN_202609151050_20260915104625.zip
2026-09-15 10:50:00,NSW1,,-9.75174,4650.5,0,PUBLIC_P5MIN_202609151050_20260915104625.zip
2026-09-15 10:50:00,NSW1,,-9.2573,4627.5,0,PUBLIC_P5MIN_202609151050_20260915104625.zip
2026-09-15 10:50:00,NSW1,,-9.19866,4609.5,0,PUBLIC_P5MIN_202609151050_20260915104625.zip
2026-09-15 10:50:00,NSW1,,-9.55636,4596.5,0,PUBLIC_P5MIN_202609151050_20260915104625.zip
2026-09-15 10:50:00,NSW1,,-10.34,4584.5,0,PUBLIC_P5MIN_202609151050_20260915104625.zip
2026-09-15 10:50:00,NSW1,,-9.09361,4575.5,0,PUBLIC_P5MIN_202609151050_20260915104625.zip
2026-09-15 10:50:00,NSW1,,-9.03594,4567.5,0,PUBLIC_P5MIN_202609151050_20260915104625.zip
2026-09-15 10:50:00,NSW1,,-10.5,4561.5,0,PUBLIC_P5MIN_202609151050_20260915104625.zip
2026-09-15 10:50:00,NSW1,,-10.5,4556.5,0,PUBLIC_P5MIN_202609151050_20260915104625.zip
2026-09-15 10:50:00,QLD1,,-8.51,3399.49,0,PUBLIC_P5MIN_202609151050_20260915104625.zip
2026-09-15 10:50:00,QLD1,,-8.5,3390.49,0,PUBLIC_P5MIN_202609151050_20260915104625.zip
2026-09-15 10:50:00,QLD1,,-8.07,3386.49,0,PUBLIC_P5MIN_202609151050_20260915104625.zip
2026-09-15 10:50:00,QLD1,,-8.51001,3385.49,0,PUBLIC_P5MIN_202609151050_20260915104625.zip
2026-09-15 10:50:00,QLD1,,-8.13,3388.49,0,PUBLIC_P5MIN_202609151050_20260915104625.zip
2026-09-15 10:50:00,QLD1,,-8.13,3393.49,0,PUBLIC_P5MIN_202609151050_20260915104625.zip
2026-09-15 10:50:00,QLD1,,-8.5,3400.49,0,PUBLIC_P5MIN_202609151050_20260915104625.zip
2026-09-15 10:50:00,QLD1,,-9.43411,3409.49,0,PUBLIC_P5MIN_202609151050_20260915104625.zip
2026-09-15 10:50:00,QLD1,,-8.14,3420.49,0,PUBLIC_P5MIN_202609151050_20260915104625.zip
2026-09-15 10:50:00,QLD1,,-8.14,3429.49,0,PUBLIC_P5MIN_202609151050_20260915104625.zip
2026-09-15 10:50:00,QLD1,,-9.64132,3438.49,0,PUBLIC_P5MIN_202609151050_20260915104625.zip
2026-09-15 10:50:00,QLD1,,-9.39891,3445.49,0,PUBLIC_P5MIN_202609151050_20260915104625.zip
2026-09-15 10:50:00,SA1,,-7.14,738.46,0,PUBLIC_P5MIN_202609151050_20260915104625.zip
2026-09-15 10:50:00,SA1,,-7.14,725.46,0,PUBLIC_P5MIN_202609151050_20260915104625.zip
2026-09-15 10:50:00,SA1,,-7.14,709.46,0,PUBLIC_P5MIN_202609151050_20260915104625.zip
2026-09-15 10:50:00,SA1,,-7.14,693.46,0,PUBLIC_P5MIN_202609151050_20260915104625.zip
2026-09-15 10:50:00,SA1,,-7.15,678.46,0,PUBLIC_P5MIN_202609151050_20260915104625.zip
2026-09-15 10:50:00,SA1,,-7.25,665.46,0,PUBLIC_P5MIN_202609151050_20260915104625.zip
2026-09-15 10:50:00,SA1,,-7.25,653.46,0,PUBLIC_P5MIN_202609151050_20260915104625.zip
2026-09-15 10:50:00,SA1,,-7.15,640.46,0,PUBLIC_P5MIN_202609151050_20260915104625.zip
2026-09-15 10:50:00,SA1,,-8.0,626.46,0,PUBLIC_P5MIN_202609151050_20260915104625.zip
2026-09-15 10:50:00,SA1,,-14.99,612.46,0,PUBLIC_P5MIN_202609151050_20260915104625.zip
2026-09-15 10:50:00,SA1,,-14.99,599.46,0,PUBLIC_P5MIN_202609151050_20260915104625.zip
2026-09-15 10:50:00,SA1,,-14.99,587.46,0,PUBLIC_P5MIN_202609151050_20260915104625.zip
2026-09-15 10:50:00,TAS1,,-17.01021,828.16,0,PUBLIC_P5MIN_202609151050_20260915104625.zip
2026-09-15 10:50:00,TAS1,,-20.64071,825.16,0,PUBLIC_P5MIN_202609151050_20260915104625.zip
2026-09-15 10:50:00,TAS1,,-20.65104,821.16,0,PUBLIC_P5MIN_202609151050_20260915104625.zip
2026-09-15 10:50:00,TAS1,,-10.59421,817.16,0,PUBLIC_P5MIN_202609151050_20260915104625.zip
2026-09-15 10:50:00,TAS1,,-17.07841,813.16,0,PUBLIC_P5MIN_202609151050_20260915104625.zip
2026-09-15 10:50:00,TAS1,,-17.02442,809.16,0,PUBLIC_P5MIN_202609151050_20260915104625.zip
2026-09-15 10:50:00,TAS1,,-17.02442,804.16,0,PUBLIC_P5MIN_202609151050_20260915104625.zip
2026-09-15 10:50:00,TAS1,,-10.97064,799.16,0,PUBLIC_P5MIN_202609151050_20260915104625.zip
2026-09-15 10:50:00,TAS1,,-15.01,795.16,0,PUBLIC_P5MIN_202609151050_20260915104625.zip
2026-09-15 10:50:00,TAS1,,-16.97044,791.16,0,PUBLIC_P5MIN_202609151050_20260915104625.zip
2026-09-15 10:50:00,TAS1,,-15.01,788.16,0,PUBLIC_P5MIN_202609151050_20260915104625.zip
2026-09-15 10:50:00,TAS1,,-16.97044,786.16,0,PUBLIC_P5MIN_202609151050_20260915104625.zip
2026-09-15 10:50:00,VIC1,,-16.54,3822.4,0,PUBLIC_P5MIN_202609151050_20260915104625.zip
2026-09-15 10:50:00,VIC1,,-19.99,3803.4,0,PUBLIC_P5MIN_202609151050_20260915104625.zip
2026-09-15 10:50:00,VIC1,,-20.0,3783.4,0,PUBLIC_P5MIN_202609151050_20260915104625.zip
2026-09-15 10:50:00,VIC1,,-10.35845,3762.4,0,PUBLIC_P5MIN_202609151050_20260915104625.zip
2026-09-15 10:50:00,VIC1,,-16.54,3742.4,0,PUBLIC_P5MIN_202609151050_20260915104625.zip
2026-09-15 10:50:00,VIC1,,-16.54,3720.4,0,PUBLIC_P5MIN_202609151050_20260915104625.zip
2026-09-15 10:50:00,VIC1,,-16.54,3696.4,0,PUBLIC_P5MIN_202609151050_20260915104625.zip
2026-09-15 10:50:00,VIC1,,-10.76085,3672.4,0,PUBLIC_P5MIN_202609151050_20260915104625.zip
2026-09-15 10:50:00,VIC1,,-14.62929,3648.4,0,PUBLIC_P5MIN_202609151050_20260915104625.zip
2026-09-15 10:50:00,VIC1,,-16.54,3625.4,0,PUBLIC_P5MIN_202609151050_20260915104625.zip
2026-09-15 10:50:00,VIC1,,-14.72296,3604.4,0,PUBLIC_P5MIN_202609151050_20260915104625.zip
2026-09-15 10:50:00,VIC1,,-16.54,3586.4,0,PUBLIC_P5MIN_202609151050_20260915104625.zip
2026-09-15 10:55:00,NSW1,,-9.03907,4725.96,0,PUBLIC_P5MIN_202609151055_20260915105131.zip
2026-09-15 10:55:00,NSW1,,-9.42533,4697.96,0,PUBLIC_P5MIN_202609151055_20260915105131.zip
2026-09-15 10:55:00,NSW1,,-8.72307,4668.96,0,PUBLIC_P5MIN_202609151055_20260915105131.zip
2026-09-15 10:55:00,NSW1,,-9.64458,4642.96,0,PUBLIC_P5MIN_202609151055_20260915105131.zip
2026-09-15 10:55:00,NSW1,,-9.72897,4622.96,0,PUBLIC_P5MIN_202609151055_20260915105131.zip
2026-09-15 10:55:00,NSW1,,-9.5,4607.96,0,PUBLIC_P5MIN_202609151055_20260915105131.zip
2026-09-15 10:55:00,NSW1,,-9.28447,4594.96,0,PUBLIC_P5MIN_202609151055_20260915105131.zip
2026-09-15 10:55:00,NSW1,,-9.28447,4584.96,0,PUBLIC_P5MIN_202609151055_20260915105131.zip
2026-09-15 10:55:00,NSW1,,-9.18898,4576.96,0,PUBLIC_P5MIN_202609151055_20260915105131.zip
2026-09-15 10:55:00,NSW1,,-9.02484,4571.96,0,PUBLIC_P5MIN_202609151055_20260915105131.zip
2026-09-15 10:55:00,NSW1,,-9.48573,4567.96,0,PUBLIC_P5MIN_202609151055_20260915105131.zip
2026-09-15 10:55:00,NSW1,,-10.5,4562.96,0,PUBLIC_P5MIN_202609151055_20260915105131.zip
2026-09-15 10:55:00,QLD1,,-8.51,3381.59,0,PUBLIC_P5MIN_202609151055_20260915105131.zip
2026-09-15 10:55:00,QLD1,,-8.07,3374.59,0,PUBLIC_P5MIN_202609151055_20260915105131.zip
2026-09-15 10:55:00,QLD1,,-7.01,3370.59,0,PUBLIC_P5MIN_202609151055_20260915105131.zip
2026-09-15 10:55:00,QLD1,,-8.0,3370.59,0,PUBLIC_P5MIN_202609151055_20260915105131.zip
2026-09-15 10:55:00,QLD1,,-8.07,3372.59,0,PUBLIC_P5MIN_202609151055_20260915105131.zip
2026-09-15 10:55:00,QLD1,,-8.03139,3377.59,0,PUBLIC_P5MIN_202609151055_20260915105131.zip
2026-09-15 10:55:00,QLD1,,-8.0,3385.59,0,PUBLIC_P5MIN_202609151055_20260915105131.zip
2026-09-15 10:55:00,QLD1,,-8.0,3395.59,0,PUBLIC_P5MIN_202609151055_20260915105131.zip
2026-09-15 10:55:00,QLD1,,-8.07,3404.59,0,PUBLIC_P5MIN_202609151055_20260915105131.zip
2026-09-15 10:55:00,QLD1,,-8.13,3413.59,0,PUBLIC_P5MIN_202609151055_20260915105131.zip
2026-09-15 10:55:00,QLD1,,-8.71,3421.59,0,PUBLIC_P5MIN_202609151055_20260915105131.zip
2026-09-15 10:55:00,QLD1,,-9.39891,3427.59,0,PUBLIC_P5MIN_202609151055_20260915105131.zip
2026-09-15 10:55:00,SA1,,-7.14,744.47,0,PUBLIC_P5MIN_202609151055_20260915105131.zip
2026-09-15 10:55:00,SA1,,-7.1,730.47,0,PUBLIC_P5MIN_202609151055_20260915105131.zip
2026-09-15 10:55:00,SA1,,-7.14,715.47,0,PUBLIC_P5MIN_202609151055_20260915105131.zip
2026-09-15 10:55:00,SA1,,-7.15,701.47,0,PUBLIC_P5MIN_202609151055_20260915105131.zip
2026-09-15 10:55:00,SA1,,-7.25,688.47,0,PUBLIC_P5MIN_202609151055_20260915105131.zip
2026-09-15 10:55:00,SA1,,-7.25,677.47,0,PUBLIC_P5MIN_202609151055_20260915105131.zip
2026-09-15 10:55:00,SA1,,-7.25,665.47,0,PUBLIC_P5MIN_202609151055_20260915105131.zip
2026-09-15 10:55:00,SA1,,-8.0,652.47,0,PUBLIC_P5MIN_202609151055_20260915105131.zip
2026-09-15 10:55:00,SA1,,-8.0,637.47,0,PUBLIC_P5MIN_202609151055_20260915105131.zip
2026-09-15 10:55:00,SA1,,-8.52109,623.47,0,PUBLIC_P5MIN_202609151055_20260915105131.zip
2026-09-15 10:55:00,SA1,,-8.99751,610.47,0,PUBLIC_P5MIN_202609151055_20260915105131.zip
2026-09-15 10:55:00,SA1,,-9.95376,598.47,0,PUBLIC_P5MIN_202609151055_20260915105131.zip
2026-09-15 10:55:00,TAS1,,-10.51084,814.37,0,PUBLIC_P5MIN_202609151055_20260915105131.zip
2026-09-15 10:55:00,TAS1,,-10.38662,810.37,0,PUBLIC_P5MIN_202609151055_20260915105131.zip
2026-09-15 10:55:00,TAS1,,-8.98783,806.37,0,PUBLIC_P5MIN_202609151055_20260915105131.zip
2026-09-15 10:55:00,TAS1,,-9.93192,802.37,0,PUBLIC_P5MIN_202609151055_20260915105131.zip
2026-09-15 10:55:00,TAS1,,-10.01235,797.37,0,PUBLIC_P5MIN_202609151055_20260915105131.zip
2026-09-15 10:55:00,TAS1,,-9.69528,792.37,0,PUBLIC_P5MIN_202609151055_20260915105131.zip
2026-09-15 10:55:00,TAS1,,-9.42291,787.37,0,PUBLIC_P5MIN_202609151055_20260915105131.zip
2026-09-15 10:55:00,TAS1,,-9.39823,782.37,0,PUBLIC_P5MIN_202609151055_20260915105131.zip
2026-09-15 10:55:00,TAS1,,-9.24157,778.37,0,PUBLIC_P5MIN_202609151055_20260915105131.zip
2026-09-15 10:55:00,TAS1,,-15.01,775.37,0,PUBLIC_P5MIN_202609151055_20260915105131.zip
2026-09-15 10:55:00,TAS1,,-15.01,773.37,0,PUBLIC_P5MIN_202609151055_20260915105131.zip
2026-09-15 10:55:00,TAS1,,-15.01,771.37,0,PUBLIC_P5MIN_202609151055_20260915105131.zip
2026-09-15 10:55:00,VIC1,,-10.35098,3772.58,0,PUBLIC_P5MIN_202609151055_20260915105131.zip
2026-09-15 10:55:00,VIC1,,-10.18799,3752.58,0,PUBLIC_P5MIN_202609151055_20260915105131.zip
2026-09-15 10:55:00,VIC1,,-8.11609,3732.58,0,PUBLIC_P5MIN_202609151055_20260915105131.zip
2026-09-15 10:55:00,VIC1,,-9.0451,3713.58,0,PUBLIC_P5MIN_202609151055_20260915105131.zip
2026-09-15 10:55:00,VIC1,,-9.12424,3692.58,0,PUBLIC_P5MIN_202609151055_20260915105131.zip
2026-09-15 10:55:00,VIC1,,-8.83895,3669.58,0,PUBLIC_P5MIN_202609151055_20260915105131.zip
2026-09-15 10:55:00,VIC1,,-8.57013,3646.58,0,PUBLIC_P5MIN_202609151055_20260915105131.zip
2026-09-15 10:55:00,VIC1,,-8.57013,3623.58,0,PUBLIC_P5MIN_202609151055_20260915105131.zip
2026-09-15 10:55:00,VIC1,,-8.41506,3600.58,0,PUBLIC_P5MIN_202609151055_20260915105131.zip
2026-09-15 10:55:00,VIC1,,-8.19964,3580.58,0,PUBLIC_P5MIN_202609151055_20260915105131.zip
2026-09-15 10:55:00,VIC1,,-8.6919,3562.58,0,PUBLIC_P5MIN_202609151055_20260915105131.zip
2026-09-15 10:55:00,VIC1,,-9.61566,3545.58,0,PUBLIC_P5MIN_202609151055_20260915105131.zip
2026-09-15 11:00:00,NSW1,,-9.0292,4629.11,0,PUBLIC_P5MIN_202609151100_20260915105636.zip
2026-09-15 11:00:00,NSW1,,-8.63,4600.11,0,PUBLIC_P5MIN_202609151100_20260915105636.zip
2026-09-15 11:00:00,NSW1,,-9.22547,4573.11,0,PUBLIC_P5MIN_202609151100_20260915105636.zip
2026-09-15 11:00:00,NSW1,,-9.22547,4553.11,0,PUBLIC_P5MIN_202609151100_20260915105636.zip
2026-09-15 11:00:00,NSW1,,-9.34357,4538.11,0,PUBLIC_P5MIN_202609151100_20260915105636.zip
2026-09-15 11:00:00,NSW1,,-9.22572,4525.11,0,PUBLIC_P5MIN_202609151100_20260915105636.zip
2026-09-15 11:00:00,NSW1,,-9.18898,4515.11,0,PUBLIC_P5MIN_202609151100_20260915105636.zip
2026-09-15 11:00:00,NSW1,,-8.96758,4507.11,0,PUBLIC_P5MIN_202609151100_20260915105636.zip
2026-09-15 11:00:00,NSW1,,-8.92162,4502.11,0,PUBLIC_P5MIN_202609151100_20260915105636.zip
2026-09-15 11:00:00,NSW1,,-9.32715,4499.11,0,PUBLIC_P5MIN_202609151100_20260915105636.zip
2026-09-15 11:00:00,NSW1,,-10.0,4495.11,0,PUBLIC_P5MIN_202609151100_20260915105636.zip
2026-09-15 11:00:00,NSW1,,-10.5,4491.11,0,PUBLIC_P5MIN_202609151100_20260915105636.zip
2026-09-15 11:00:00,QLD1,,-8.13,3381.55,0,PUBLIC_P5MIN_202609151100_20260915105636.zip
2026-09-15 11:00:00,QLD1,,-7.20395,3375.55,0,PUBLIC_P5MIN_202609151100_20260915105636.zip
2026-09-15 11:00:00,QLD1,,-7.75,3374.55,0,PUBLIC_P5MIN_202609151100_20260915105636.zip
2026-09-15 11:00:00,QLD1,,-7.75,3375.55,0,PUBLIC_P5MIN_202609151100_20260915105636.zip
2026-09-15 11:00:00,QLD1,,-8.0,3379.55,0,PUBLIC_P5MIN_202609151100_20260915105636.zip
2026-09-15 11:00:00,QLD1,,-8.0,3386.55,0,PUBLIC_P5MIN_202609151100_20260915105636.zip
2026-09-15 11:00:00,QLD1,,-8.07,3395.55,0,PUBLIC_P5MIN_202609151100_20260915105636.zip
2026-09-15 11:00:00,QLD1,,-8.13,3403.55,0,PUBLIC_P5MIN_202609151100_20260915105636.zip
2026-09-15 11:00:00,QLD1,,-8.14,3412.55,0,PUBLIC_P5MIN_202609151100_20260915105636.zip
2026-09-15 11:00:00,QLD1,,-8.51,3420.55,0,PUBLIC_P5MIN_202609151100_20260915105636.zip
2026-09-15 11:00:00,QLD1,,-9.30004,3426.55,0,PUBLIC_P5MIN_202609151100_20260915105636.zip
2026-09-15 11:00:00,QLD1,,-9.51929,3430.55,0,PUBLIC_P5MIN_202609151100_20260915105636.zip
2026-09-15 11:00:00,SA1,,-7.15,716.75,0,PUBLIC_P5MIN_202609151100_20260915105636.zip
2026-09-15 11:00:00,SA1,,-7.15,704.75,0,PUBLIC_P5MIN_202609151100_20260915105636.zip
2026-09-15 11:00:00,SA1,,-7.25,692.75,0,PUBLIC_P5MIN_202609151100_20260915105636.zip
2026-09-15 11:00:00,SA1,,-8.0,681.75,0,PUBLIC_P5MIN_202609151100_20260915105636.zip
2026-09-15 11:00:00,SA1,,-8.0,671.75,0,PUBLIC_P5MIN_202609151100_20260915105636.zip
2026-09-15 11:00:00,SA1,,-8.0,660.75,0,PUBLIC_P5MIN_202609151100_20260915105636.zip
2026-09-15 11:00:00,SA1,,-8.74495,647.75,0,PUBLIC_P5MIN_202609151100_20260915105636.zip
2026-09-15 11:00:00,SA1,,-8.43409,633.75,0,PUBLIC_P5MIN_202609151100_20260915105636.zip
2026-09-15 11:00:00,SA1,,-8.2925,619.75,0,PUBLIC_P5MIN_202609151100_20260915105636.zip
2026-09-15 11:00:00,SA1,,-8.73229,606.75,0,PUBLIC_P5MIN_202609151100_20260915105636.zip
2026-09-15 11:00:00,SA1,,-11.13241,593.75,0,PUBLIC_P5MIN_202609151100_20260915105636.zip
2026-09-15 11:00:00,SA1,,-10.33364,582.75,0,PUBLIC_P5MIN_202609151100_20260915105636.zip
2026-09-15 11:00:00,TAS1,,-10.4197,808.96,0,PUBLIC_P5MIN_202609151100_20260915105636.zip
2026-09-15 11:00:00,TAS1,,-8.70817,804.96,0,PUBLIC_P5MIN_202609151100_20260915105636.zip
2026-09-15 11:00:00,TAS1,,-9.53249,800.96,0,PUBLIC_P5MIN_202609151100_20260915105636.zip
2026-09-15 11:00:00,TAS1,,-9.50591,795.96,0,PUBLIC_P5MIN_202609151100_20260915105636.zip
2026-09-15 11:00:00,TAS1,,-9.54782,790.96,0,PUBLIC_P5MIN_202609151100_20260915105636.zip
2026-09-15 11:00:00,TAS1,,-9.34345,785.96,0,PUBLIC_P5MIN_202609151100_20260915105636.zip
2026-09-15 11:00:00,TAS1,,-9.24157,780.96,0,PUBLIC_P5MIN_202609151100_20260915105636.zip
2026-09-15 11:00:00,TAS1,,-15.01,776.96,0,PUBLIC_P5MIN_202609151100_20260915105636.zip
2026-09-15 11:00:00,TAS1,,-15.01,773.96,0,PUBLIC_P5MIN_202609151100_20260915105636.zip
2026-09-15 11:00:00,TAS1,,-15.01,771.96,0,PUBLIC_P5MIN_202609151100_20260915105636.zip
2026-09-15 11:00:00,TAS1,,-15.01,769.96,0,PUBLIC_P5MIN_202609151100_20260915105636.zip
2026-09-15 11:00:00,TAS1,,-15.01,767.96,0,PUBLIC_P5MIN_202609151100_20260915105636.zip
2026-09-15 11:00:00,VIC1,,-10.26063,3731.49,0,PUBLIC_P5MIN_202609151100_20260915105636.zip
2026-09-15 11:00:00,VIC1,,-7.8409,3708.49,0,PUBLIC_P5MIN_202609151100_20260915105636.zip
2026-09-15 11:00:00,VIC1,,-8.65205,3687.49,0,PUBLIC_P5MIN_202609151100_20260915105636.zip
2026-09-15 11:00:00,VIC1,,-8.65205,3664.49,0,PUBLIC_P5MIN_202609151100_20260915105636.zip
2026-09-15 11:00:00,VIC1,,-8.69341,3639.49,0,PUBLIC_P5MIN_202609151100_20260915105636.zip
2026-09-15 11:00:00,VIC1,,-8.5159,3614.49,0,PUBLIC_P5MIN_202609151100_20260915105636.zip
2026-09-15 11:00:00,VIC1,,-8.41506,3590.49,0,PUBLIC_P5MIN_202609151100_20260915105636.zip
2026-09-15 11:00:00,VIC1,,-8.14761,3567.49,0,PUBLIC_P5MIN_202609151100_20260915105636.zip
2026-09-15 11:00:00,VIC1,,-8.04211,3547.49,0,PUBLIC_P5MIN_202609151100_20260915105636.zip
2026-09-15 11:00:00,VIC1,,-8.46862,3530.49,0,PUBLIC_P5MIN_202609151100_20260915105636.zip
2026-09-15 11:00:00,VIC1,,-10.88072,3514.49,0,PUBLIC_P5MIN_202609151100_20260915105636.zip
2026-09-15 11:00:00,VIC1,,-10.1,3498.49,0,PUBLIC_P5MIN_202609151100_20260915105636.zip
2026-09-15 11:05:00,NSW1,,-9.01675,4532.4,0,PUBLIC_P5MIN_202609151105_20260915110141.zip
2026-09-15 11:05:00,NSW1,,-9.16732,4502.4,0,PUBLIC_P5MIN_202609151105_20260915110141.zip
2026-09-15 11:05:00,NSW1,,-9.10927,4479.4,0,PUBLIC_P5MIN_202609151105_20260915110141.zip
2026-09-15 11:05:00,NSW1,,-9.31619,4462.4,0,PUBLIC_P5MIN_202609151105_20260915110141.zip
2026-09-15 11:05:00,NSW1,,-9.19822,4447.4,0,PUBLIC_P5MIN_202609151105_20260915110141.zip
2026-09-15 11:05:00,NSW1,,-9.32,4436.4,0,PUBLIC_P5MIN_202609151105_20260915110141.zip
2026-09-15 11:05:00,NSW1,,-9.32,4428.4,0,PUBLIC_P5MIN_202609151105_20260915110141.zip
2026-09-15 11:05:00,NSW1,,-10.34,4423.4,0,PUBLIC_P5MIN_202609151105_20260915110141.zip
2026-09-15 11:05:00,NSW1,,-9.08162,4420.4,0,PUBLIC_P5MIN_202609151105_20260915110141.zip
2026-09-15 11:05:00,NSW1,,-9.32,4417.4,0,PUBLIC_P5MIN_202609151105_20260915110141.zip
2026-09-15 11:05:00,NSW1,,-10.5,4415.4,0,PUBLIC_P5MIN_202609151105_20260915110141.zip
2026-09-15 11:05:00,NSW1,,-18.20457,4412.4,0,PUBLIC_P5MIN_202609151105_20260915110141.zip
2026-09-15 11:05:00,QLD1,,-8.07,3393.91,0,PUBLIC_P5MIN_202609151105_20260915110141.zip
2026-09-15 11:05:00,QLD1,,-8.0,3394.91,0,PUBLIC_P5MIN_202609151105_20260915110141.zip
2026-09-15 11:05:00,QLD1,,-8.0,3397.91,0,PUBLIC_P5MIN_202609151105_20260915110141.zip
2026-09-15 11:05:00,QLD1,,-8.5,3403.91,0,PUBLIC_P5MIN_202609151105_20260915110141.zip
2026-09-15 11:05:00,QLD1,,-8.5,3412.91,0,PUBLIC_P5MIN_202609151105_20260915110141.zip
2026-09-15 11:05:00,QLD1,,-8.61254,3423.91,0,PUBLIC_P5MIN_202609151105_20260915110141.zip
2026-09-15 11:05:00,QLD1,,-8.72311,3432.91,0,PUBLIC_P5MIN_202609151105_20260915110141.zip
2026-09-15 11:05:00,QLD1,,-9.73977,3442.91,0,PUBLIC_P5MIN_202609151105_20260915110141.zip
2026-09-15 11:05:00,QLD1,,-8.5,3451.91,0,PUBLIC_P5MIN_202609151105_20260915110141.zip
2026-09-15 11:05:00,QLD1,,-8.77898,3457.91,0,PUBLIC_P5MIN_202609151105_20260915110141.zip
2026-09-15 11:05:00,QLD1,,-9.82754,3462.91,0,PUBLIC_P5MIN_202609151105_20260915110141.zip
2026-09-15 11:05:00,QLD1,,-17.1478,3467.91,0,PUBLIC_P5MIN_202609151105_20260915110141.zip
2026-09-15 11:05:00,SA1,,-7.15,702.03,0,PUBLIC_P5MIN_202609151105_20260915110141.zip
2026-09-15 11:05:00,SA1,,-7.25,691.03,0,PUBLIC_P5MIN_202609151105_20260915110141.zip
2026-09-15 11:05:00,SA1,,-8.0,681.03,0,PUBLIC_P5MIN_202609151105_20260915110141.zip
2026-09-15 11:05:00,SA1,,-8.0,672.03,0,PUBLIC_P5MIN_202609151105_20260915110141.zip
2026-09-15 11:05:00,SA1,,-8.0,662.03,0,PUBLIC_P5MIN_202609151105_20260915110141.zip
2026-09-15 11:05:00,SA1,,-8.0,650.03,0,PUBLIC_P5MIN_202609151105_20260915110141.zip
2026-09-15 11:05:00,SA1,,-10.70854,636.03,0,PUBLIC_P5MIN_202609151105_20260915110141.zip
2026-09-15 11:05:00,SA1,,-11.17649,623.03,0,PUBLIC_P5MIN_202609151105_20260915110141.zip
2026-09-15 11:05:00,SA1,,-14.99,610.03,0,PUBLIC_P5MIN_202609151105_20260915110141.zip
2026-09-15 11:05:00,SA1,,-12.27759,597.03,0,PUBLIC_P5MIN_202609151105_20260915110141.zip
2026-09-15 11:05:00,SA1,,-14.99,586.03,0,PUBLIC_P5MIN_202609151105_20260915110141.zip
2026-09-15 11:05:00,SA1,,-15.97,575.03,0,PUBLIC_P5MIN_202609151105_20260915110141.zip
2026-09-15 11:05:00,TAS1,,-10.59236,812.51,0,PUBLIC_P5MIN_202609151105_20260915110141.zip
2026-09-15 11:05:00,TAS1,,-9.03008,808.51,0,PUBLIC_P5MIN_202609151105_20260915110141.zip
2026-09-15 11:05:00,TAS1,,-9.00338,804.51,0,PUBLIC_P5MIN_202609151105_20260915110141.zip
2026-09-15 11:05:00,TAS1,,-11.03545,800.51,0,PUBLIC_P5MIN_202609151105_20260915110141.zip
2026-09-15 11:05:00,TAS1,,-11.22914,795.51,0,PUBLIC_P5MIN_202609151105_20260915110141.zip
2026-09-15 11:05:00,TAS1,,-11.21893,791.51,0,PUBLIC_P5MIN_202609151105_20260915110141.zip
2026-09-15 11:05:00,TAS1,,-11.26187,787.51,0,PUBLIC_P5MIN_202609151105_20260915110141.zip
2026-09-15 11:05:00,TAS1,,-11.72166,784.51,0,PUBLIC_P5MIN_202609151105_20260915110141.zip
2026-09-15 11:05:00,TAS1,,-15.01,782.51,0,PUBLIC_P5MIN_202609151105_20260915110141.zip
2026-09-15 11:05:00,TAS1,,-12.86336,780.51,0,PUBLIC_P5MIN_202609151105_20260915110141.zip
2026-09-15 11:05:00,TAS1,,-15.01,778.51,0,PUBLIC_P5MIN_202609151105_20260915110141.zip
2026-09-15 11:05:00,TAS1,,-16.86246,777.51,0,PUBLIC_P5MIN_202609151105_20260915110141.zip
2026-09-15 11:05:00,VIC1,,-10.39551,3625.31,0,PUBLIC_P5MIN_202609151105_20260915110141.zip
2026-09-15 11:05:00,VIC1,,-8.8574,3601.31,0,PUBLIC_P5MIN_202609151105_20260915110141.zip
2026-09-15 11:05:00,VIC1,,-8.83121,3576.31,0,PUBLIC_P5MIN_202609151105_20260915110141.zip
2026-09-15 11:05:00,VIC1,,-10.131,3549.31,0,PUBLIC_P5MIN_202609151105_20260915110141.zip
2026-09-15 11:05:00,VIC1,,-10.3216,3523.31,0,PUBLIC_P5MIN_202609151105_20260915110141.zip
2026-09-15 11:05:00,VIC1,,-10.31156,3497.31,0,PUBLIC_P5MIN_202609151105_20260915110141.zip
2026-09-15 11:05:00,VIC1,,-10.3852,3473.31,0,PUBLIC_P5MIN_202609151105_20260915110141.zip
2026-09-15 11:05:00,VIC1,,-10.83902,3452.31,0,PUBLIC_P5MIN_202609151105_20260915110141.zip
2026-09-15 11:05:00,VIC1,,-14.67597,3435.31,0,PUBLIC_P5MIN_202609151105_20260915110141.zip
2026-09-15 11:05:00,VIC1,,-12.0,3420.31,0,PUBLIC_P5MIN_202609151105_20260915110141.zip
2026-09-15 11:05:00,VIC1,,-14.72296,3405.31,0,PUBLIC_P5MIN_202609151105_20260915110141.zip
2026-09-15 11:05:00,VIC1,,-16.54,3390.31,0,PUBLIC_P5MIN_202609151105_20260915110141.zip
2026-09-15 11:10:00,NSW1,,-8.87561,4625.27,0,PUBLIC_P5MIN_202609151110_20260915110634.zip
2026-09-15 11:10:00,NSW1,,-8.63,4596.27,0,PUBLIC_P5MIN_202609151110_20260915110634.zip
2026-09-15 11:10:00,NSW1,,-9.28447,4573.27,0,PUBLIC_P5MIN_202609151110_20260915110634.zip
2026-09-15 11:10:00,NSW1,,-9.13078,4553.27,0,PUBLIC_P5MIN_202609151110_20260915110634.zip
2026-09-15 11:10:00,NSW1,,-9.60734,4537.27,0,PUBLIC_P5MIN_202609151110_20260915110634.zip
2026-09-15 11:10:00,NSW1,,-9.43556,4524.27,0,PUBLIC_P5MIN_202609151110_20260915110634.zip
2026-09-15 11:10:00,NSW1,,-10.34,4515.27,0,PUBLIC_P5MIN_202609151110_20260915110634.zip
2026-09-15 11:10:00,NSW1,,-10.01,4509.27,0,PUBLIC_P5MIN_202609151110_20260915110634.zip
2026-09-15 11:10:00,NSW1,,-10.0,4504.27,0,PUBLIC_P5MIN_202609151110_20260915110634.zip
2026-09-15 11:10:00,NSW1,,-10.0,4501.27,0,PUBLIC_P5MIN_202609151110_20260915110634.zip
2026-09-15 11:10:00,NSW1,,-13.54833,4498.27,0,PUBLIC_P5MIN_202609151110_20260915110634.zip
2026-09-15 11:10:00,NSW1,,-10.34,4492.27,0,PUBLIC_P5MIN_202609151110_20260915110634.zip
2026-09-15 11:10:00,QLD1,,-8.0,3451.96,0,PUBLIC_P5MIN_202609151110_20260915110634.zip
2026-09-15 11:10:00,QLD1,,-7.38904,3451.96,0,PUBLIC_P5MIN_202609151110_20260915110634.zip
2026-09-15 11:10:00,QLD1,,-8.0,3454.96,0,PUBLIC_P5MIN_202609151110_20260915110634.zip
2026-09-15 11:10:00,QLD1,,-8.07,3460.96,0,PUBLIC_P5MIN_202609151110_20260915110634.zip
2026-09-15 11:10:00,QLD1,,-8.71,3468.96,0,PUBLIC_P5MIN_202609151110_20260915110634.zip
2026-09-15 11:10:00,QLD1,,-8.5,3475.96,0,PUBLIC_P5MIN_202609151110_20260915110634.zip
2026-09-15 11:10:00,QLD1,,-9.43411,3483.96,0,PUBLIC_P5MIN_202609151110_20260915110634.zip
2026-09-15 11:10:00,QLD1,,-9.13302,3490.96,0,PUBLIC_P5MIN_202609151110_20260915110634.zip
2026-09-15 11:10:00,QLD1,,-9.18221,3496.96,0,PUBLIC_P5MIN_202609151110_20260915110634.zip
2026-09-15 11:10:00,QLD1,,-9.35956,3500.96,0,PUBLIC_P5MIN_202609151110_20260915110634.zip
2026-09-15 11:10:00,QLD1,,-12.6,3506.96,0,PUBLIC_P5MIN_202609151110_20260915110634.zip
2026-09-15 11:10:00,QLD1,,-10.05625,3510.96,0,PUBLIC_P5MIN_202609151110_20260915110634.zip
2026-09-15 11:10:00,SA1,,-7.15,690.8,0,PUBLIC_P5MIN_202609151110_20260915110634.zip
2026-09-15 11:10:00,SA1,,-7.25,680.8,0,PUBLIC_P5MIN_202609151110_20260915110634.zip
2026-09-15 11:10:00,SA1,,-7.15,671.8,0,PUBLIC_P5MIN_202609151110_20260915110634.zip
2026-09-15 11:10:00,SA1,,-7.25,661.8,0,PUBLIC_P5MIN_202609151110_20260915110634.zip
2026-09-15 11:10:00,SA1,,-8.0,649.8,0,PUBLIC_P5MIN_202609151110_20260915110634.zip
2026-09-15 11:10:00,SA1,,-7.15,635.8,0,PUBLIC_P5MIN_202609151110_20260915110634.zip
2026-09-15 11:10:00,SA1,,-7.25,622.8,0,PUBLIC_P5MIN_202609151110_20260915110634.zip
2026-09-15 11:10:00,SA1,,-7.25,609.8,0,PUBLIC_P5MIN_202609151110_20260915110634.zip
2026-09-15 11:10:00,SA1,,-8.0,596.8,0,PUBLIC_P5MIN_202609151110_20260915110634.zip
2026-09-15 11:10:00,SA1,,-8.0,584.8,0,PUBLIC_P5MIN_202609151110_20260915110634.zip
2026-09-15 11:10:00,SA1,,-8.0,573.8,0,PUBLIC_P5MIN_202609151110_20260915110634.zip
2026-09-15 11:10:00,SA1,,-11.33996,563.8,0,PUBLIC_P5MIN_202609151110_20260915110634.zip
2026-09-15 11:10:00,TAS1,,-8.8395,799.88,0,PUBLIC_P5MIN_202609151110_20260915110634.zip
2026-09-15 11:10:00,TAS1,,-10.22144,795.88,0,PUBLIC_P5MIN_202609151110_20260915110634.zip
2026-09-15 11:10:00,TAS1,,-12.89792,791.88,0,PUBLIC_P5MIN_202609151110_20260915110634.zip
2026-09-15 11:10:00,TAS1,,-16.91645,786.88,0,PUBLIC_P5MIN_202609151110_20260915110634.zip
2026-09-15 11:10:00,TAS1,,-16.86246,782.88,0,PUBLIC_P5MIN_202609151110_20260915110634.zip
2026-09-15 11:10:00,TAS1,,-16.86246,778.88,0,PUBLIC_P5MIN_202609151110_20260915110634.zip
2026-09-15 11:10:00,TAS1,,-16.86246,775.88,0,PUBLIC_P5MIN_202609151110_20260915110634.zip
2026-09-15 11:10:00,TAS1,,-16.86246,773.88,0,PUBLIC_P5MIN_202609151110_20260915110634.zip
2026-09-15 11:10:00,TAS1,,-20.37973,771.88,0,PUBLIC_P5MIN_202609151110_20260915110634.zip
2026-09-15 11:10:00,TAS1,,-15.01,769.88,0,PUBLIC_P5MIN_202609151110_20260915110634.zip
2026-09-15 11:10:00,TAS1,,-16.80848,768.88,0,PUBLIC_P5MIN_202609151110_20260915110634.zip
2026-09-15 11:10:00,TAS1,,-15.01,767.88,0,PUBLIC_P5MIN_202609151110_20260915110634.zip
2026-09-15 11:10:00,VIC1,,-7.99987,3588.8,0,PUBLIC_P5MIN_202609151110_20260915110634.zip
2026-09-15 11:10:00,VIC1,,-9.33,3559.8,0,PUBLIC_P5MIN_202609151110_20260915110634.zip
2026-09-15 11:10:00,VIC1,,-12.0,3529.8,0,PUBLIC_P5MIN_202609151110_20260915110634.zip
2026-09-15 11:10:00,VIC1,,-16.54,3499.8,0,PUBLIC_P5MIN_202609151110_20260915110634.zip
2026-09-15 11:10:00,VIC1,,-16.54,3470.8,0,PUBLIC_P5MIN_202609151110_20260915110634.zip
2026-09-15 11:10:00,VIC1,,-16.54,3443.8,0,PUBLIC_P5MIN_202609151110_20260915110634.zip
2026-09-15 11:10:00,VIC1,,-16.54,3420.8,0,PUBLIC_P5MIN_202609151110_20260915110634.zip
2026-09-15 11:10:00,VIC1,,-16.54,3402.8,0,PUBLIC_P5MIN_202609151110_20260915110634.zip
2026-09-15 11:10:00,VIC1,,-19.99,3387.8,0,PUBLIC_P5MIN_202609151110_20260915110634.zip
2026-09-15 11:10:00,VIC1,,-10.51104,3372.8,0,PUBLIC_P5MIN_202609151110_20260915110634.zip
2026-09-15 11:10:00,VIC1,,-16.54,3358.8,0,PUBLIC_P5MIN_202609151110_20260915110634.zip
2026-09-15 11:10:00,VIC1,,-10.99755,3343.8,0,PUBLIC_P5MIN_202609151110_20260915110634.zip
2026-09-15 11:15:00,NSW1,,-8.45841,4532.03,0,PUBLIC_P5MIN_202609151115_20260915111137.zip
2026-09-15 11:15:00,NSW1,,-9.54567,4517.03,0,PUBLIC_P5MIN_202609151115_20260915111137.zip
2026-09-15 11:15:00,NSW1,,-9.58363,4504.03,0,PUBLIC_P5MIN_202609151115_20260915111137.zip
2026-09-15 11:15:00,NSW1,,-9.86475,4494.03,0,PUBLIC_P5MIN_202609151115_20260915111137.zip
2026-09-15 11:15:00,NSW1,,-9.74028,4487.03,0,PUBLIC_P5MIN_202609151115_20260915111137.zip
2026-09-15 11:15:00,NSW1,,-9.74028,4483.03,0,PUBLIC_P5MIN_202609151115_20260915111137.zip
2026-09-15 11:15:00,NSW1,,-9.62861,4481.03,0,PUBLIC_P5MIN_202609151115_20260915111137.zip
2026-09-15 11:15:00,NSW1,,-9.62861,4479.03,0,PUBLIC_P5MIN_202609151115_20260915111137.zip
2026-09-15 11:15:00,NSW1,,-9.43556,4478.03,0,PUBLIC_P5MIN_202609151115_20260915111137.zip
2026-09-15 11:15:00,NSW1,,-9.24753,4475.03,0,PUBLIC_P5MIN_202609151115_20260915111137.zip
2026-09-15 11:15:00,NSW1,,-8.63,4467.03,0,PUBLIC_P5MIN_202609151115_20260915111137.zip
2026-09-15 11:15:00,NSW1,,-10.5,4462.03,0,PUBLIC_P5MIN_202609151115_20260915111137.zip
2026-09-15 11:15:00,QLD1,,-7.25,3495.74,0,PUBLIC_P5MIN_202609151115_20260915111137.zip
2026-09-15 11:15:00,QLD1,,-8.07,3501.74,0,PUBLIC_P5MIN_202609151115_20260915111137.zip
2026-09-15 11:15:00,QLD1,,-8.0,3509.74,0,PUBLIC_P5MIN_202609151115_20260915111137.zip
2026-09-15 11:15:00,QLD1,,-8.5,3519.74,0,PUBLIC_P5MIN_202609151115_20260915111137.zip
2026-09-15 11:15:00,QLD1,,-8.5,3528.74,0,PUBLIC_P5MIN_202609151115_20260915111137.zip
2026-09-15 11:15:00,QLD1,,-8.5,3538.74,0,PUBLIC_P5MIN_202609151115_20260915111137.zip
2026-09-15 11:15:00,QLD1,,-8.51,3546.74,0,PUBLIC_P5MIN_202609151115_20260915111137.zip
2026-09-15 11:15:00,QLD1,,-8.51,3552.74,0,PUBLIC_P5MIN_202609151115_20260915111137.zip
2026-09-15 11:15:00,QLD1,,-8.5,3556.74,0,PUBLIC_P5MIN_202609151115_20260915111137.zip
2026-09-15 11:15:00,QLD1,,-8.07,3561.74,0,PUBLIC_P5MIN_202609151115_20260915111137.zip
2026-09-15 11:15:00,QLD1,,-8.66685,3564.74,0,PUBLIC_P5MIN_202609151115_20260915111137.zip
2026-09-15 11:15:00,QLD1,,-10.34363,3568.74,0,PUBLIC_P5MIN_202609151115_20260915111137.zip
2026-09-15 11:15:00,SA1,,-8.0,665.86,0,PUBLIC_P5MIN_202609151115_20260915111137.zip
2026-09-15 11:15:00,SA1,,-7.25,656.86,0,PUBLIC_P5MIN_202609151115_20260915111137.zip
2026-09-15 11:15:00,SA1,,-8.0,646.86,0,PUBLIC_P5MIN_202609151115_20260915111137.zip
2026-09-15 11:15:00,SA1,,-8.0,634.86,0,PUBLIC_P5MIN_202609151115_20260915111137.zip
2026-09-15 11:15:00,SA1,,-8.0,621.86,0,PUBLIC_P5MIN_202609151115_20260915111137.zip
2026-09-15 11:15:00,SA1,,-8.0,608.86,0,PUBLIC_P5MIN_202609151115_20260915111137.zip
2026-09-15 11:15:00,SA1,,-8.0,595.86,0,PUBLIC_P5MIN_202609151115_20260915111137.zip
2026-09-15 11:15:00,SA1,,-8.0,582.86,0,PUBLIC_P5MIN_202609151115_20260915111137.zip
2026-09-15 11:15:00,SA1,,-8.0,571.86,0,PUBLIC_P5MIN_202609151115_20260915111137.zip
2026-09-15 11:15:00,SA1,,-14.99,561.86,0,PUBLIC_P5MIN_202609151115_20260915111137.zip
2026-09-15 11:15:00,SA1,,-19.85,551.86,0,PUBLIC_P5MIN_202609151115_20260915111137.zip
2026-09-15 11:15:00,SA1,,-16.92261,541.86,0,PUBLIC_P5MIN_202609151115_20260915111137.zip
2026-09-15 11:15:00,TAS1,,-16.90662,809.4,0,PUBLIC_P5MIN_202609151115_20260915111137.zip
2026-09-15 11:15:00,TAS1,,-15.01,804.4,0,PUBLIC_P5MIN_202609151115_20260915111137.zip
2026-09-15 11:15:00,TAS1,,-16.97044,799.4,0,PUBLIC_P5MIN_202609151115_20260915111137.zip
2026-09-15 11:15:00,TAS1,,-20.4552,795.4,0,PUBLIC_P5MIN_202609151115_20260915111137.zip
2026-09-15 11:15:00,TAS1,,-16.91645,791.4,0,PUBLIC_P5MIN_202609151115_20260915111137.zip
2026-09-15 11:15:00,TAS1,,-16.91645,788.4,0,PUBLIC_P5MIN_202609151115_20260915111137.zip
2026-09-15 11:15:00,TAS1,,-20.44497,785.4,0,PUBLIC_P5MIN_202609151115_20260915111137.zip
2026-09-15 11:15:00,TAS1,,-20.44497,783.4,0,PUBLIC_P5MIN_202609151115_20260915111137.zip
2026-09-15 11:15:00,TAS1,,-10.99706,781.4,0,PUBLIC_P5MIN_202609151115_20260915111137.zip
2026-09-15 11:15:00,TAS1,,-16.86246,779.4,0,PUBLIC_P5MIN_202609151115_20260915111137.zip
2026-09-15 11:15:00,TAS1,,-20.38992,778.4,0,PUBLIC_P5MIN_202609151115_20260915111137.zip
2026-09-15 11:15:00,TAS1,,-16.86246,777.4,0,PUBLIC_P5MIN_202609151115_20260915111137.zip
2026-09-15 11:15:00,VIC1,,-16.54,3653.23,0,PUBLIC_P5MIN_202609151115_20260915111137.zip
2026-09-15 11:15:00,VIC1,,-14.67597,3623.23,0,PUBLIC_P5MIN_202609151115_20260915111137.zip
2026-09-15 11:15:00,VIC1,,-16.54,3594.23,0,PUBLIC_P5MIN_202609151115_20260915111137.zip
2026-09-15 11:15:00,VIC1,,-20.0,3566.23,0,PUBLIC_P5MIN_202609151115_20260915111137.zip
2026-09-15 11:15:00,VIC1,,-16.54,3540.23,0,PUBLIC_P5MIN_202609151115_20260915111137.zip
2026-09-15 11:15:00,VIC1,,-16.54,3518.23,0,PUBLIC_P5MIN_202609151115_20260915111137.zip
2026-09-15 11:15:00,VIC1,,-19.99,3501.23,0,PUBLIC_P5MIN_202609151115_20260915111137.zip
2026-09-15 11:15:00,VIC1,,-19.99,3486.23,0,PUBLIC_P5MIN_202609151115_20260915111137.zip
2026-09-15 11:15:00,VIC1,,-10.15269,3472.23,0,PUBLIC_P5MIN_202609151115_20260915111137.zip
2026-09-15 11:15:00,VIC1,,-16.54,3458.23,0,PUBLIC_P5MIN_202609151115_20260915111137.zip
2026-09-15 11:15:00,VIC1,,-20.0,3443.23,0,PUBLIC_P5MIN_202609151115_20260915111137.zip
2026-09-15 11:15:00,VIC1,,-16.54,3431.23,0,PUBLIC_P5MIN_202609151115_20260915111137.zip
2026-09-15 11:20:00,NSW1,,-8.99096,4507.71,0,PUBLIC_P5MIN_202609151120_20260915111632.zip
2026-09-15 11:20:00,NSW1,,-9.09927,4491.71,0,PUBLIC_P5MIN_202609151120_20260915111632.zip
2026-09-15 11:20:00,NSW1,,-9.64458,4479.71,0,PUBLIC_P5MIN_202609151120_20260915111632.zip
2026-09-15 11:20:00,NSW1,,-9.52307,4470.71,0,PUBLIC_P5MIN_202609151120_20260915111632.zip
2026-09-15 11:20:00,NSW1,,-9.75174,4465.71,0,PUBLIC_P5MIN_202609151120_20260915111632.zip
2026-09-15 11:20:00,NSW1,,-9.81386,4462.71,0,PUBLIC_P5MIN_202609151120_20260915111632.zip
2026-09-15 11:20:00,NSW1,,-9.68999,4459.71,0,PUBLIC_P5MIN_202609151120_20260915111632.zip
2026-09-15 11:20:00,NSW1,,-9.07292,4458.71,0,PUBLIC_P5MIN_202609151120_20260915111632.zip
2026-09-15 11:20:00,NSW1,,-9.10927,4456.71,0,PUBLIC_P5MIN_202609151120_20260915111632.zip
2026-09-15 11:20:00,NSW1,,-8.63,4449.71,0,PUBLIC_P5MIN_202609151120_20260915111632.zip
2026-09-15 11:20:00,NSW1,,-8.63,4446.71,0,PUBLIC_P5MIN_202609151120_20260915111632.zip
2026-09-15 11:20:00,NSW1,,-10.5,4441.71,0,PUBLIC_P5MIN_202609151120_20260915111632.zip
2026-09-15 11:20:00,QLD1,,-7.75,3423.28,0,PUBLIC_P5MIN_202609151120_20260915111632.zip
2026-09-15 11:20:00,QLD1,,-7.5,3433.28,0,PUBLIC_P5MIN_202609151120_20260915111632.zip
2026-09-15 11:20:00,QLD1,,-8.0,3445.28,0,PUBLIC_P5MIN_202609151120_20260915111632.zip
2026-09-15 11:20:00,QLD1,,-8.0,3456.28,0,PUBLIC_P5MIN_202609151120_20260915111632.zip
2026-09-15 11:20:00,QLD1,,-8.51,3468.28,0,PUBLIC_P5MIN_202609151120_20260915111632.zip
2026-09-15 11:20:00,QLD1,,-8.51,3478.28,0,PUBLIC_P5MIN_202609151120_20260915111632.zip
2026-09-15 11:20:00,QLD1,,-8.51,3486.28,0,PUBLIC_P5MIN_202609151120_20260915111632.zip
2026-09-15 11:20:00,QLD1,,-8.07,3492.28,0,PUBLIC_P5MIN_202609151120_20260915111632.zip
2026-09-15 11:20:00,QLD1,,-8.0,3498.28,0,PUBLIC_P5MIN_202609151120_20260915111632.zip
2026-09-15 11:20:00,QLD1,,-8.55621,3502.28,0,PUBLIC_P5MIN_202609151120_20260915111632.zip
2026-09-15 11:20:00,QLD1,,-8.55621,3507.28,0,PUBLIC_P5MIN_202609151120_20260915111632.zip
2026-09-15 11:20:00,QLD1,,-10.21186,3514.28,0,PUBLIC_P5MIN_202609151120_20260915111632.zip
2026-09-15 11:20:00,SA1,,-7.15,641.67,0,PUBLIC_P5MIN_202609151120_20260915111632.zip
2026-09-15 11:20:00,SA1,,-7.25,630.67,0,PUBLIC_P5MIN_202609151120_20260915111632.zip
2026-09-15 11:20:00,SA1,,-7.25,618.67,0,PUBLIC_P5MIN_202609151120_20260915111632.zip
2026-09-15 11:20:00,SA1,,-7.25,604.67,0,PUBLIC_P5MIN_202609151120_20260915111632.zip
2026-09-15 11:20:00,SA1,,-8.0,590.67,0,PUBLIC_P5MIN_202609151120_20260915111632.zip
2026-09-15 11:20:00,SA1,,-8.0,577.67,0,PUBLIC_P5MIN_202609151120_20260915111632.zip
2026-09-15 11:20:00,SA1,,-8.0,564.67,0,PUBLIC_P5MIN_202609151120_20260915111632.zip
2026-09-15 11:20:00,SA1,,-10.2811,552.67,0,PUBLIC_P5MIN_202609151120_20260915111632.zip
2026-09-15 11:20:00,SA1,,-7.15,541.67,0,PUBLIC_P5MIN_202609151120_20260915111632.zip
2026-09-15 11:20:00,SA1,,-8.0,531.67,0,PUBLIC_P5MIN_202609151120_20260915111632.zip
2026-09-15 11:20:00,SA1,,-16.98866,521.67,0,PUBLIC_P5MIN_202609151120_20260915111632.zip
2026-09-15 11:20:00,SA1,,-16.98866,511.67,0,PUBLIC_P5MIN_202609151120_20260915111632.zip
2026-09-15 11:20:00,TAS1,,-12.88811,808.42,0,PUBLIC_P5MIN_202609151120_20260915111632.zip
2026-09-15 11:20:00,TAS1,,-16.97044,804.42,0,PUBLIC_P5MIN_202609151120_20260915111632.zip
2026-09-15 11:20:00,TAS1,,-16.91645,800.42,0,PUBLIC_P5MIN_202609151120_20260915111632.zip
2026-09-15 11:20:00,TAS1,,-16.91645,797.42,0,PUBLIC_P5MIN_202609151120_20260915111632.zip
2026-09-15 11:20:00,TAS1,,-15.01,794.42,0,PUBLIC_P5MIN_202609151120_20260915111632.zip
2026-09-15 11:20:00,TAS1,,-16.91645,792.42,0,PUBLIC_P5MIN_202609151120_20260915111632.zip
2026-09-15 11:20:00,TAS1,,-16.91645,790.42,0,PUBLIC_P5MIN_202609151120_20260915111632.zip
2026-09-15 11:20:00,TAS1,,-15.01,788.42,0,PUBLIC_P5MIN_202609151120_20260915111632.zip
2026-09-15 11:20:00,TAS1,,-15.01,787.42,0,PUBLIC_P5MIN_202609151120_20260915111632.zip
2026-09-15 11:20:00,TAS1,,-15.01,786.42,0,PUBLIC_P5MIN_202609151120_20260915111632.zip
2026-09-15 11:20:00,TAS1,,-16.86246,785.42,0,PUBLIC_P5MIN_202609151120_20260915111632.zip
2026-09-15 11:20:00,TAS1,,-16.86246,784.42,0,PUBLIC_P5MIN_202609151120_20260915111632.zip
2026-09-15 11:20:00,VIC1,,-12.0,3681.94,0,PUBLIC_P5MIN_202609151120_20260915111632.zip
2026-09-15 11:20:00,VIC1,,-16.54,3650.94,0,PUBLIC_P5MIN_202609151120_20260915111632.zip
2026-09-15 11:20:00,VIC1,,-16.54,3620.94,0,PUBLIC_P5MIN_202609151120_20260915111632.zip
2026-09-15 11:20:00,VIC1,,-16.54,3593.94,0,PUBLIC_P5MIN_202609151120_20260915111632.zip
2026-09-15 11:20:00,VIC1,,-14.67597,3570.94,0,PUBLIC_P5MIN_202609151120_20260915111632.zip
2026-09-15 11:20:00,VIC1,,-16.54,3551.94,0,PUBLIC_P5MIN_202609151120_20260915111632.zip
2026-09-15 11:20:00,VIC1,,-16.54,3536.94,0,PUBLIC_P5MIN_202609151120_20260915111632.zip
2026-09-15 11:20:00,VIC1,,-9.97066,3522.94,0,PUBLIC_P5MIN_202609151120_20260915111632.zip
2026-09-15 11:20:00,VIC1,,-10.05948,3508.94,0,PUBLIC_P5MIN_202609151120_20260915111632.zip
2026-09-15 11:20:00,VIC1,,-9.88531,3494.94,0,PUBLIC_P5MIN_202609151120_20260915111632.zip
2026-09-15 11:20:00,VIC1,,-16.54,3482.94,0,PUBLIC_P5MIN_202609151120_20260915111632.zip
2026-09-15 11:20:00,VIC1,,-16.54,3471.94,0,PUBLIC_P5MIN_202609151120_20260915111632.zip
2026-09-15 11:25:00,NSW1,,-8.26,4523.23,0,PUBLIC_P5MIN_202609151125_20260915112150.zip
2026-09-15 11:25:00,NSW1,,-8.66513,4506.23,0,PUBLIC_P5MIN_202609151125_20260915112150.zip
2026-09-15 11:25:00,NSW1,,-8.63,4492.23,0,PUBLIC_P5MIN_202609151125_20260915112150.zip
2026-09-15 11:25:00,NSW1,,-9.52307,4482.23,0,PUBLIC_P5MIN_202609151125_20260915112150.zip
2026-09-15 11:25:00,NSW1,,-9.34357,4475.23,0,PUBLIC_P5MIN_202609151125_20260915112150.zip
2026-09-15 11:25:00,NSW1,,-9.30644,4469.23,0,PUBLIC_P5MIN_202609151125_20260915112150.zip
2026-09-15 11:25:00,NSW1,,-9.30599,4465.23,0,PUBLIC_P5MIN_202609151125_20260915112150.zip
2026-09-15 11:25:00,NSW1,,-9.13078,4460.23,0,PUBLIC_P5MIN_202609151125_20260915112150.zip
2026-09-15 11:25:00,NSW1,,-8.76871,4452.23,0,PUBLIC_P5MIN_202609151125_20260915112150.zip
2026-09-15 11:25:00,NSW1,,-8.63,4449.23,0,PUBLIC_P5MIN_202609151125_20260915112150.zip
2026-09-15 11:25:00,NSW1,,-10.34,4445.23,0,PUBLIC_P5MIN_202609151125_20260915112150.zip
2026-09-15 11:25:00,NSW1,,-10.34,4438.23,0,PUBLIC_P5MIN_202609151125_20260915112150.zip
2026-09-15 11:25:00,QLD1,,-7.12425,3461.34,0,PUBLIC_P5MIN_202609151125_20260915112150.zip
2026-09-15 11:25:00,QLD1,,-7.14216,3468.34,0,PUBLIC_P5MIN_202609151125_20260915112150.zip
2026-09-15 11:25:00,QLD1,,-7.1132,3474.34,0,PUBLIC_P5MIN_202609151125_20260915112150.zip
2026-09-15 11:25:00,QLD1,,-8.0,3482.34,0,PUBLIC_P5MIN_202609151125_20260915112150.zip
2026-09-15 11:25:00,QLD1,,-8.0,3488.34,0,PUBLIC_P5MIN_202609151125_20260915112150.zip
2026-09-15 11:25:00,QLD1,,-8.07,3492.34,0,PUBLIC_P5MIN_202609151125_20260915112150.zip
2026-09-15 11:25:00,QLD1,,-8.71,3495.34,0,PUBLIC_P5MIN_202609151125_20260915112150.zip
2026-09-15 11:25:00,QLD1,,-8.07,3499.34,0,PUBLIC_P5MIN_202609151125_20260915112150.zip
2026-09-15 11:25:00,QLD1,,-7.75,3502.34,0,PUBLIC_P5MIN_202609151125_20260915112150.zip
2026-09-15 11:25:00,QLD1,,-8.61133,3507.34,0,PUBLIC_P5MIN_202609151125_20260915112150.zip
2026-09-15 11:25:00,QLD1,,-10.45116,3514.34,0,PUBLIC_P5MIN_202609151125_20260915112150.zip
2026-09-15 11:25:00,QLD1,,-10.1209,3520.34,0,PUBLIC_P5MIN_202609151125_20260915112150.zip
2026-09-15 11:25:00,SA1,,-7.25,618.02,0,PUBLIC_P5MIN_202609151125_20260915112150.zip
2026-09-15 11:25:00,SA1,,-7.68372,605.02,0,PUBLIC_P5MIN_202609151125_20260915112150.zip
2026-09-15 11:25:00,SA1,,-7.25,590.02,0,PUBLIC_P5MIN_202609151125_20260915112150.zip
2026-09-15 11:25:00,SA1,,-8.0,576.02,0,PUBLIC_P5MIN_202609151125_20260915112150.zip
2026-09-15 11:25:00,SA1,,-8.0,562.02,0,PUBLIC_P5MIN_202609151125_20260915112150.zip
2026-09-15 11:25:00,SA1,,-8.41551,549.02,0,PUBLIC_P5MIN_202609151125_20260915112150.zip
2026-09-15 11:25:00,SA1,,-7.25,537.02,0,PUBLIC_P5MIN_202609151125_20260915112150.zip
2026-09-15 11:25:00,SA1,,-7.25,526.02,0,PUBLIC_P5MIN_202609151125_20260915112150.zip
2026-09-15 11:25:00,SA1,,-8.0,516.02,0,PUBLIC_P5MIN_202609151125_20260915112150.zip
2026-09-15 11:25:00,SA1,,-8.0,507.02,0,PUBLIC_P5MIN_202609151125_20260915112150.zip
2026-09-15 11:25:00,SA1,,-12.18232,497.02,0,PUBLIC_P5MIN_202609151125_20260915112150.zip
2026-09-15 11:25:00,SA1,,-16.98866,487.02,0,PUBLIC_P5MIN_202609151125_20260915112150.zip
2026-09-15 11:25:00,TAS1,,-7.57786,811.65,0,PUBLIC_P5MIN_202609151125_20260915112150.zip
2026-09-15 11:25:00,TAS1,,-7.65641,807.65,0,PUBLIC_P5MIN_202609151125_20260915112150.zip
2026-09-15 11:25:00,TAS1,,-7.66073,804.65,0,PUBLIC_P5MIN_202609151125_20260915112150.zip
2026-09-15 11:25:00,TAS1,,-9.32727,801.65,0,PUBLIC_P5MIN_202609151125_20260915112150.zip
2026-09-15 11:25:00,TAS1,,-9.16541,799.65,0,PUBLIC_P5MIN_202609151125_20260915112150.zip
2026-09-15 11:25:00,TAS1,,-9.06626,797.65,0,PUBLIC_P5MIN_202609151125_20260915112150.zip
2026-09-15 11:25:00,TAS1,,-9.04384,795.65,0,PUBLIC_P5MIN_202609151125_20260915112150.zip
2026-09-15 11:25:00,TAS1,,-8.95021,793.65,0,PUBLIC_P5MIN_202609151125_20260915112150.zip
2026-09-15 11:25:00,TAS1,,-8.84515,792.65,0,PUBLIC_P5MIN_202609151125_20260915112150.zip
2026-09-15 11:25:00,TAS1,,-9.32676,790.65,0,PUBLIC_P5MIN_202609151125_20260915112150.zip
2026-09-15 11:25:00,TAS1,,-12.86336,789.65,0,PUBLIC_P5MIN_202609151125_20260915112150.zip
2026-09-15 11:25:00,TAS1,,-16.91645,788.65,0,PUBLIC_P5MIN_202609151125_20260915112150.zip
2026-09-15 11:25:00,VIC1,,-7.46225,3756.85,0,PUBLIC_P5MIN_202609151125_20260915112150.zip
2026-09-15 11:25:00,VIC1,,-7.51,3726.85,0,PUBLIC_P5MIN_202609151125_20260915112150.zip
2026-09-15 11:25:00,VIC1,,-7.53837,3698.85,0,PUBLIC_P5MIN_202609151125_20260915112150.zip
2026-09-15 11:25:00,VIC1,,-8.45011,3674.85,0,PUBLIC_P5MIN_202609151125_20260915112150.zip
2026-09-15 11:25:00,VIC1,,-8.29084,3655.85,0,PUBLIC_P5MIN_202609151125_20260915112150.zip
2026-09-15 11:25:00,VIC1,,-8.19326,3639.85,0,PUBLIC_P5MIN_202609151125_20260915112150.zip
2026-09-15 11:25:00,VIC1,,-8.19598,3624.85,0,PUBLIC_P5MIN_202609151125_20260915112150.zip
2026-09-15 11:25:00,VIC1,,-8.10356,3609.85,0,PUBLIC_P5MIN_202609151125_20260915112150.zip
2026-09-15 11:25:00,VIC1,,-7.99987,3594.85,0,PUBLIC_P5MIN_202609151125_20260915112150.zip
2026-09-15 11:25:00,VIC1,,-8.47522,3581.85,0,PUBLIC_P5MIN_202609151125_20260915112150.zip
2026-09-15 11:25:00,VIC1,,-12.0,3569.85,0,PUBLIC_P5MIN_202609151125_20260915112150.zip
2026-09-15 11:25:00,VIC1,,-16.54,3558.85,0,PUBLIC_P5MIN_202609151125_20260915112150.zip
2026-09-15 11:30:00,NSW1,,-8.94266,4441.33,0,PUBLIC_P5MIN_202609151130_20260915112644.zip
2026-09-15 11:30:00,NSW1,,-9.16984,4430.33,0,PUBLIC_P5MIN_202609151130_20260915112644.zip
2026-09-15 11:30:00,NSW1,,-9.16984,4423.33,0,PUBLIC_P5MIN_202609151130_20260915112644.zip
2026-09-15 11:30:00,NSW1,,-9.36571,4419.33,0,PUBLIC_P5MIN_202609151130_20260915112644.zip
2026-09-15 11:30:00,NSW1,,-9.81386,4415.33,0,PUBLIC_P5MIN_202609151130_20260915112644.zip
2026-09-15 11:30:00,NSW1,,-9.20998,4413.33,0,PUBLIC_P5MIN_202609151130_20260915112644.zip
2026-09-15 11:30:00,NSW1,,-10.61627,4410.33,0,PUBLIC_P5MIN_202609151130_20260915112644.zip
2026-09-15 11:30:00,NSW1,,-9.10927,4403.33,0,PUBLIC_P5MIN_202609151130_20260915112644.zip
2026-09-15 11:30:00,NSW1,,-9.16732,4401.33,0,PUBLIC_P5MIN_202609151130_20260915112644.zip
2026-09-15 11:30:00,NSW1,,-8.72888,4397.33,0,PUBLIC_P5MIN_202609151130_20260915112644.zip
2026-09-15 11:30:00,NSW1,,-10.5,4389.33,0,PUBLIC_P5MIN_202609151130_20260915112644.zip
2026-09-15 11:30:00,NSW1,,-10.5,4383.33,0,PUBLIC_P5MIN_202609151130_20260915112644.zip
2026-09-15 11:30:00,QLD1,,-7.65804,3402.65,0,PUBLIC_P5MIN_202609151130_20260915112644.zip
2026-09-15 11:30:00,QLD1,,-7.55817,3411.65,0,PUBLIC_P5MIN_202609151130_20260915112644.zip
2026-09-15 11:30:00,QLD1,,-7.55817,3421.65,0,PUBLIC_P5MIN_202609151130_20260915112644.zip
2026-09-15 11:30:00,QLD1,,-8.07,3430.65,0,PUBLIC_P5MIN_202609151130_20260915112644.zip
2026-09-15 11:30:00,QLD1,,-8.51,3437.65,0,PUBLIC_P5MIN_202609151130_20260915112644.zip
2026-09-15 11:30:00,QLD1,,-8.14,3442.65,0,PUBLIC_P5MIN_202609151130_20260915112644.zip
2026-09-15 11:30:00,QLD1,,-10.0,3448.65,0,PUBLIC_P5MIN_202609151130_20260915112644.zip
2026-09-15 11:30:00,QLD1,,-8.0,3452.65,0,PUBLIC_P5MIN_202609151130_20260915112644.zip
2026-09-15 11:30:00,QLD1,,-8.0,3458.65,0,PUBLIC_P5MIN_202609151130_20260915112644.zip
2026-09-15 11:30:00,QLD1,,-8.71,3466.65,0,PUBLIC_P5MIN_202609151130_20260915112644.zip
2026-09-15 11:30:00,QLD1,,-10.21186,3471.65,0,PUBLIC_P5MIN_202609151130_20260915112644.zip
2026-09-15 11:30:00,QLD1,,-10.21186,3478.65,0,PUBLIC_P5MIN_202609151130_20260915112644.zip
2026-09-15 11:30:00,SA1,,-8.0,594.7,0,PUBLIC_P5MIN_202609151130_20260915112644.zip
2026-09-15 11:30:00,SA1,,-8.0,579.7,0,PUBLIC_P5MIN_202609151130_20260915112644.zip
2026-09-15 11:30:00,SA1,,-8.0,564.7,0,PUBLIC_P5MIN_202609151130_20260915112644.zip
2026-09-15 11:30:00,SA1,,-9.12004,550.7,0,PUBLIC_P5MIN_202609151130_20260915112644.zip
2026-09-15 11:30:00,SA1,,-7.25,537.7,0,PUBLIC_P5MIN_202609151130_20260915112644.zip
2026-09-15 11:30:00,SA1,,-8.0,525.7,0,PUBLIC_P5MIN_202609151130_20260915112644.zip
2026-09-15 11:30:00,SA1,,-9.46972,514.7,0,PUBLIC_P5MIN_202609151130_20260915112644.zip
2026-09-15 11:30:00,SA1,,-9.50871,504.7,0,PUBLIC_P5MIN_202609151130_20260915112644.zip
2026-09-15 11:30:00,SA1,,-8.0,495.7,0,PUBLIC_P5MIN_202609151130_20260915112644.zip
2026-09-15 11:30:00,SA1,,-8.0,485.7,0,PUBLIC_P5MIN_202609151130_20260915112644.zip
2026-09-15 11:30:00,SA1,,-13.57,475.7,0,PUBLIC_P5MIN_202609151130_20260915112644.zip
2026-09-15 11:30:00,SA1,,-16.92261,465.7,0,PUBLIC_P5MIN_202609151130_20260915112644.zip
2026-09-15 11:30:00,TAS1,,-8.2128,842.4,0,PUBLIC_P5MIN_202609151130_20260915112644.zip
2026-09-15 11:30:00,TAS1,,-8.21837,839.4,0,PUBLIC_P5MIN_202609151130_20260915112644.zip
2026-09-15 11:30:00,TAS1,,-8.21837,837.4,0,PUBLIC_P5MIN_202609151130_20260915112644.zip
2026-09-15 11:30:00,TAS1,,-9.11026,835.4,0,PUBLIC_P5MIN_202609151130_20260915112644.zip
2026-09-15 11:30:00,TAS1,,-9.31548,833.4,0,PUBLIC_P5MIN_202609151130_20260915112644.zip
2026-09-15 11:30:00,TAS1,,-8.94235,831.4,0,PUBLIC_P5MIN_202609151130_20260915112644.zip
2026-09-15 11:30:00,TAS1,,-9.50322,830.4,0,PUBLIC_P5MIN_202609151130_20260915112644.zip
2026-09-15 11:30:00,TAS1,,-9.54235,829.4,0,PUBLIC_P5MIN_202609151130_20260915112644.zip
2026-09-15 11:30:00,TAS1,,-8.94848,827.4,0,PUBLIC_P5MIN_202609151130_20260915112644.zip
2026-09-15 11:30:00,TAS1,,-8.65428,825.4,0,PUBLIC_P5MIN_202609151130_20260915112644.zip
2026-09-15 11:30:00,TAS1,,-13.62751,823.4,0,PUBLIC_P5MIN_202609151130_20260915112644.zip
2026-09-15 11:30:00,TAS1,,-17.07841,822.4,0,PUBLIC_P5MIN_202609151130_20260915112644.zip
2026-09-15 11:30:00,VIC1,,-8.00992,3734.23,0,PUBLIC_P5MIN_202609151130_20260915112644.zip
2026-09-15 11:30:00,VIC1,,-8.00992,3712.23,0,PUBLIC_P5MIN_202609151130_20260915112644.zip
2026-09-15 11:30:00,VIC1,,-8.00992,3694.23,0,PUBLIC_P5MIN_202609151130_20260915112644.zip
2026-09-15 11:30:00,VIC1,,-8.87919,3679.23,0,PUBLIC_P5MIN_202609151130_20260915112644.zip
2026-09-15 11:30:00,VIC1,,-9.0792,3667.23,0,PUBLIC_P5MIN_202609151130_20260915112644.zip
2026-09-15 11:30:00,VIC1,,-8.74335,3655.23,0,PUBLIC_P5MIN_202609151130_20260915112644.zip
2026-09-15 11:30:00,VIC1,,-9.29174,3642.23,0,PUBLIC_P5MIN_202609151130_20260915112644.zip
2026-09-15 11:30:00,VIC1,,-9.33,3627.23,0,PUBLIC_P5MIN_202609151130_20260915112644.zip
2026-09-15 11:30:00,VIC1,,-8.74935,3613.23,0,PUBLIC_P5MIN_202609151130_20260915112644.zip
2026-09-15 11:30:00,VIC1,,-8.4617,3598.23,0,PUBLIC_P5MIN_202609151130_20260915112644.zip
2026-09-15 11:30:00,VIC1,,-13.36691,3584.23,0,PUBLIC_P5MIN_202609151130_20260915112644.zip
2026-09-15 11:30:00,VIC1,,-16.54,3575.23,0,PUBLIC_P5MIN_202609151130_20260915112644.zip
