effective_time,predispatch_seqno,run_no,region_id,period_id,rrp,eep,total_demand,intervention,source_file
2026-09-15 07:00:00,2026-09-01 05:00:06,1,NSW1,,65.51,0,,0,PUBLIC_PREDISPATCHIS_202609150700_20260915063154.zip
2026-09-15 07:00:00,2026-09-01 05:00:06,1,NSW1,,36.21808,0,,0,PUBLIC_PREDISPATCHIS_202609150700_20260915063154.zip
2026-09-15 07:00:00,2026-09-01 05:00:06,1,NSW1,,0.01044,0,,0,PUBLIC_PREDISPATCHIS_202609150700_20260915063154.zip
2026-09-15 07:00:00,2026-09-01 05:00:06,1,NSW1,,-3.72177,0,,0,PUBLIC_PREDISPATCHIS_202609150700_20260915063154.zip
2026-09-15 07:00:00,2026-09-01 05:00:06,1,NSW1,,-6.72845,0,,0,PUBLIC_PREDISPATCHIS_202609150700_20260915063154.zip
2026-09-15 07:00:00,2026-09-01 05:00:06,1,NSW1,,-8.27697,0,,0,PUBLIC_PREDISPATCHIS_202609150700_20260915063154.zip
2026-09-15 07:00:00,2026-09-01 05:00:06,1,NSW1,,-8.63,0,,0,PUBLIC_PREDISPATCHIS_202609150700_20260915063154.zip
2026-09-15 07:00:00,2026-09-01 05:00:06,1,NSW1,,-8.63,0,,0,PUBLIC_PREDISPATCHIS_202609150700_20260915063154.zip
2026-09-15 07:00:00,2026-09-01 05:00:06,1,NSW1,,-9.06002,0,,0,PUBLIC_PREDISPATCHIS_202609150700_20260915063154.zip
2026-09-15 07:00:00,2026-09-01 05:00:06,1,NSW1,,-9.05379,0,,0,PUBLIC_PREDISPATCHIS_202609150700_20260915063154.zip
2026-09-15 07:00:00,2026-09-01 05:00:06,1,NSW1,,-8.9223,0,,0,PUBLIC_PREDISPATCHIS_202609150700_20260915063154.zip
2026-09-15 07:00:00,2026-09-01 05:00:06,1,NSW1,,-10.03479,0,,0,PUBLIC_PREDISPATCHIS_202609150700_20260915063154.zip
2026-09-15 07:00:00,2026-09-01 05:00:06,1,NSW1,,-8.63,0,,0,PUBLIC_PREDISPATCHIS_202609150700_20260915063154.zip
2026-09-15 07:00:00,2026-09-01 05:00:06,1,NSW1,,-8.71407,0,,0,PUBLIC_PREDISPATCHIS_202609150700_20260915063154.zip
2026-09-15 07:00:00,2026-09-01 05:00:06,1,NSW1,,-10.5,0,,0,PUBLIC_PREDISPATCHIS_202609150700_20260915063154.zip
2026-09-15 07:00:00,2026-09-01 05:00:06,1,NSW1,,-18.51,0,,0,PUBLIC_PREDISPATCHIS_202609150700_20260915063154.zip
2026-09-15 07:00:00,2026-09-01 05:00:06,1,NSW1,,-13.3322,0,,0,PUBLIC_PREDISPATCHIS_202609150700_20260915063154.zip
2026-09-15 07:00:00,2026-09-01 05:00:06,1,NSW1,,-10.5,0,,0,PUBLIC_PREDISPATCHIS_202609150700_20260915063154.zip
2026-09-15 07:00:00,2026-09-01 05:00:06,1,NSW1,,-6.5,0,,0,PUBLIC_PREDISPATCHIS_202609150700_20260915063154.zip
2026-09-15 07:00:00,2026-09-01 05:00:06,1,NSW1,,-1.85302,0,,0,PUBLIC_PREDISPATCHIS_202609150700_20260915063154.zip
2026-09-15 07:00:00,2026-09-01 05:00:06,1,NSW1,,52.81789,0,,0,PUBLIC_PREDISPATCHIS_202609150700_20260915063154.zip
2026-09-15 07:00:00,2026-09-01 05:00:06,1,NSW1,,70.07552,0,,0,PUBLIC_PREDISPATCHIS_202609150700_20260915063154.zip
2026-09-15 07:00:00,2026-09-01 05:00:06,1,NSW1,,76.65679,0,,0,PUBLIC_PREDISPATCHIS_202609150700_20260915063154.zip
2026-09-15 07:00:00,2026-09-01 05:00:06,1,NSW1,,72.77036,0,,0,PUBLIC_PREDISPATCHIS_202609150700_20260915063154.zip
2026-09-15 07:00:00,2026-09-01 05:00:06,1,NSW1,,76.96163,0,,0,PUBLIC_PREDISPATCHIS_202609150700_20260915063154.zip
2026-09-15 07:00:00,2026-09-01 05:00:06,1,NSW1,,83.61221,0,,0,PUBLIC_PREDISPATCHIS_202609150700_20260915063154.zip
2026-09-15 07:00:00,2026-09-01 05:00:06,1,NSW1,,83.99,0,,0,PUBLIC_PREDISPATCHIS_202609150700_20260915063154.zip
2026-09-15 07:00:00,2026-09-01 05:00:06,1,NSW1,,83.68074,0,,0,PUBLIC_PREDISPATCHIS_202609150700_20260915063154.zip
2026-09-15 07:00:00,2026-09-01 05:00:06,1,NSW1,,83.99,0,,0,PUBLIC_PREDISPATCHIS_202609150700_20260915063154.zip
2026-09-15 07:00:00,2026-09-01 05:00:06,1,NSW1,,83.99,0,,0,PUBLIC_PREDISPATCHIS_202609150700_20260915063154.zip
2026-09-15 07:00:00,2026-09-01 05:00:06,1,NSW1,,85.6323,0,,0,PUBLIC_PREDISPATCHIS_202609150700_20260915063154.zip
2026-09-15 07:00:00,2026-09-01 05:00:06,1,NSW1,,84.28885,0,,0,PUBLIC_PREDISPATCHIS_202609150700_20260915063154.zip
2026-09-15 07:00:00,2026-09-01 05:00:06,1,NSW1,,98.57167,0,,0,PUBLIC_PREDISPATCHIS_202609150700_20260915063154.zip
2026-09-15 07:00:00,2026-09-01 05:00:06,1,NSW1,,96.56058,0,,0,PUBLIC_PREDISPATCHIS_202609150700_20260915063154.zip
2026-09-15 07:00:00,2026-09-01 05:00:06,1,NSW1,,94.58663,0,,0,PUBLIC_PREDISPATCHIS_202609150700_20260915063154.zip
2026-09-15 07:00:00,2026-09-01 05:00:06,1,NSW1,,96.99,0,,0,PUBLIC_PREDISPATCHIS_202609150700_20260915063154.zip
2026-09-15 07:00:00,2026-09-01 05:00:06,1,NSW1,,86.95192,0,,0,PUBLIC_PREDISPATCHIS_202609150700_20260915063154.zip
2026-09-15 07:00:00,2026-09-01 05:00:06,1,NSW1,,83.99,0,,0,PUBLIC_PREDISPATCHIS_202609150700_20260915063154.zip
2026-09-15 07:00:00,2026-09-01 05:00:06,1,NSW1,,85.21885,0,,0,PUBLIC_PREDISPATCHIS_202609150700_20260915063154.zip
2026-09-15 07:00:00,2026-09-01 05:00:06,1,NSW1,,83.99,0,,0,PUBLIC_PREDISPATCHIS_202609150700_20260915063154.zip
2026-09-15 07:00:00,2026-09-01 05:00:06,1,NSW1,,78.43313,0,,0,PUBLIC_PREDISPATCHIS_202609150700_20260915063154.zip
2026-09-15 07:00:00,2026-09-01 05:00:06,1,NSW1,,82.584,0,,0,PUBLIC_PREDISPATCHIS_202609150700_20260915063154.zip
2026-09-15 07:00:00,2026-09-01 05:00:06,1,NSW1,,75.96007,0,,0,PUBLIC_PREDISPATCHIS_202609150700_20260915063154.zip
2026-09-15 07:00:00,2026-09-01 05:00:06,1,QLD1,,62.86172,0,,0,PUBLIC_PREDISPATCHIS_202609150700_20260915063154.zip
2026-09-15 07:00:00,2026-09-01 05:00:06,1,QLD1,,34.6589,0,,0,PUBLIC_PREDISPATCHIS_202609150700_20260915063154.zip
2026-09-15 07:00:00,2026-09-01 05:00:06,1,QLD1,,0.00961,0,,0,PUBLIC_PREDISPATCHIS_202609150700_20260915063154.zip
2026-09-15 07:00:00,2026-09-01 05:00:06,1,QLD1,,-3.33966,0,,0,PUBLIC_PREDISPATCHIS_202609150700_20260915063154.zip
2026-09-15 07:00:00,2026-09-01 05:00:06,1,QLD1,,-6.0,0,,0,PUBLIC_PREDISPATCHIS_202609150700_20260915063154.zip
2026-09-15 07:00:00,2026-09-01 05:00:06,1,QLD1,,-7.73,0,,0,PUBLIC_PREDISPATCHIS_202609150700_20260915063154.zip
2026-09-15 07:00:00,2026-09-01 05:00:06,1,QLD1,,-8.23686,0,,0,PUBLIC_PREDISPATCHIS_202609150700_20260915063154.zip
2026-09-15 07:00:00,2026-09-01 05:00:06,1,QLD1,,-8.43249,0,,0,PUBLIC_PREDISPATCHIS_202609150700_20260915063154.zip
2026-09-15 07:00:00,2026-09-01 05:00:06,1,QLD1,,-8.51,0,,0,PUBLIC_PREDISPATCHIS_202609150700_20260915063154.zip
2026-09-15 07:00:00,2026-09-01 05:00:06,1,QLD1,,-8.51,0,,0,PUBLIC_PREDISPATCHIS_202609150700_20260915063154.zip
2026-09-15 07:00:00,2026-09-01 05:00:06,1,QLD1,,-8.5,0,,0,PUBLIC_PREDISPATCHIS_202609150700_20260915063154.zip
2026-09-15 07:00:00,2026-09-01 05:00:06,1,QLD1,,-10.0,0,,0,PUBLIC_PREDISPATCHIS_202609150700_20260915063154.zip
2026-09-15 07:00:00,2026-09-01 05:00:06,1,QLD1,,-7.76488,0,,0,PUBLIC_PREDISPATCHIS_202609150700_20260915063154.zip
2026-09-15 07:00:00,2026-09-01 05:00:06,1,QLD1,,-8.0,0,,0,PUBLIC_PREDISPATCHIS_202609150700_20260915063154.zip
2026-09-15 07:00:00,2026-09-01 05:00:06,1,QLD1,,-9.7178,0,,0,PUBLIC_PREDISPATCHIS_202609150700_20260915063154.zip
2026-09-15 07:00:00,2026-09-01 05:00:06,1,QLD1,,-17.18651,0,,0,PUBLIC_PREDISPATCHIS_202609150700_20260915063154.zip
2026-09-15 07:00:00,2026-09-01 05:00:06,1,QLD1,,-12.6,0,,0,PUBLIC_PREDISPATCHIS_202609150700_20260915063154.zip
2026-09-15 07:00:00,2026-09-01 05:00:06,1,QLD1,,-10.17889,0,,0,PUBLIC_PREDISPATCHIS_202609150700_20260915063154.zip
2026-09-15 07:00:00,2026-09-01 05:00:06,1,QLD1,,-6.68487,0,,0,PUBLIC_PREDISPATCHIS_202609150700_20260915063154.zip
2026-09-15 07:00:00,2026-09-01 05:00:06,1,QLD1,,-1.92,0,,0,PUBLIC_PREDISPATCHIS_202609150700_20260915063154.zip
2026-09-15 07:00:00,2026-09-01 05:00:06,1,QLD1,,54.75,0,,0,PUBLIC_PREDISPATCHIS_202609150700_20260915063154.zip
2026-09-15 07:00:00,2026-09-01 05:00:06,1,QLD1,,72.5,0,,0,PUBLIC_PREDISPATCHIS_202609150700_20260915063154.zip
2026-09-15 07:00:00,2026-09-01 05:00:06,1,QLD1,,85.39,0,,0,PUBLIC_PREDISPATCHIS_202609150700_20260915063154.zip
2026-09-15 07:00:00,2026-09-01 05:00:06,1,QLD1,,88.87,0,,0,PUBLIC_PREDISPATCHIS_202609150700_20260915063154.zip
2026-09-15 07:00:00,2026-09-01 05:00:06,1,QLD1,,87.73,0,,0,PUBLIC_PREDISPATCHIS_202609150700_20260915063154.zip
2026-09-15 07:00:00,2026-09-01 05:00:06,1,QLD1,,89.73,0,,0,PUBLIC_PREDISPATCHIS_202609150700_20260915063154.zip
2026-09-15 07:00:00,2026-09-01 05:00:06,1,QLD1,,88.87,0,,0,PUBLIC_PREDISPATCHIS_202609150700_20260915063154.zip
2026-09-15 07:00:00,2026-09-01 05:00:06,1,QLD1,,88.21155,0,,0,PUBLIC_PREDISPATCHIS_202609150700_20260915063154.zip
2026-09-15 07:00:00,2026-09-01 05:00:06,1,QLD1,,87.73,0,,0,PUBLIC_PREDISPATCHIS_202609150700_20260915063154.zip
2026-09-15 07:00:00,2026-09-01 05:00:06,1,QLD1,,85.57822,0,,0,PUBLIC_PREDISPATCHIS_202609150700_20260915063154.zip
2026-09-15 07:00:00,2026-09-01 05:00:06,1,QLD1,,85.39,0,,0,PUBLIC_PREDISPATCHIS_202609150700_20260915063154.zip
2026-09-15 07:00:00,2026-09-01 05:00:06,1,QLD1,,85.39,0,,0,PUBLIC_PREDISPATCHIS_202609150700_20260915063154.zip
2026-09-15 07:00:00,2026-09-01 05:00:06,1,QLD1,,92.78149,0,,0,PUBLIC_PREDISPATCHIS_202609150700_20260915063154.zip
2026-09-15 07:00:00,2026-09-01 05:00:06,1,QLD1,,87.84337,0,,0,PUBLIC_PREDISPATCHIS_202609150700_20260915063154.zip
2026-09-15 07:00:00,2026-09-01 05:00:06,1,QLD1,,85.39,0,,0,PUBLIC_PREDISPATCHIS_202609150700_20260915063154.zip
2026-09-15 07:00:00,2026-09-01 05:00:06,1,QLD1,,87.73,0,,0,PUBLIC_PREDISPATCHIS_202609150700_20260915063154.zip
2026-09-15 07:00:00,2026-09-01 05:00:06,1,QLD1,,78.73006,0,,0,PUBLIC_PREDISPATCHIS_202609150700_20260915063154.zip
2026-09-15 07:00:00,2026-09-01 05:00:06,1,QLD1,,77.92941,0,,0,PUBLIC_PREDISPATCHIS_202609150700_20260915063154.zip
2026-09-15 07:00:00,2026-09-01 05:00:06,1,QLD1,,78.52,0,,0,PUBLIC_PREDISPATCHIS_202609150700_20260915063154.zip
2026-09-15 07:00:00,2026-09-01 05:00:06,1,QLD1,,77.84938,0,,0,PUBLIC_PREDISPATCHIS_202609150700_20260915063154.zip
2026-09-15 07:00:00,2026-09-01 05:00:06,1,QLD1,,72.68693,0,,0,PUBLIC_PREDISPATCHIS_202609150700_20260915063154.zip
2026-09-15 07:00:00,2026-09-01 05:00:06,1,QLD1,,78.52,0,,0,PUBLIC_PREDISPATCHIS_202609150700_20260915063154.zip
2026-09-15 07:00:00,2026-09-01 05:00:06,1,QLD1,,72.70475,0,,0,PUBLIC_PREDISPATCHIS_202609150700_20260915063154.zip
2026-09-15 07:00:00,2026-09-01 05:00:06,1,SA1,,55.21733,0,,0,PUBLIC_PREDISPATCHIS_202609150700_20260915063154.zip
2026-09-15 07:00:00,2026-09-01 05:00:06,1,SA1,,32.57685,0,,0,PUBLIC_PREDISPATCHIS_202609150700_20260915063154.zip
2026-09-15 07:00:00,2026-09-01 05:00:06,1,SA1,,0.01093,0,,0,PUBLIC_PREDISPATCHIS_202609150700_20260915063154.zip
2026-09-15 07:00:00,2026-09-01 05:00:06,1,SA1,,-3.46142,0,,0,PUBLIC_PREDISPATCHIS_202609150700_20260915063154.zip
2026-09-15 07:00:00,2026-09-01 05:00:06,1,SA1,,-8.0,0,,0,PUBLIC_PREDISPATCHIS_202609150700_20260915063154.zip
2026-09-15 07:00:00,2026-09-01 05:00:06,1,SA1,,-22.17772,0,,0,PUBLIC_PREDISPATCHIS_202609150700_20260915063154.zip
2026-09-15 07:00:00,2026-09-01 05:00:06,1,SA1,,-26.6266,0,,0,PUBLIC_PREDISPATCHIS_202609150700_20260915063154.zip
2026-09-15 07:00:00,2026-09-01 05:00:06,1,SA1,,-20.0,0,,0,PUBLIC_PREDISPATCHIS_202609150700_20260915063154.zip
2026-09-15 07:00:00,2026-09-01 05:00:06,1,SA1,,-29.02,0,,0,PUBLIC_PREDISPATCHIS_202609150700_20260915063154.zip
2026-09-15 07:00:00,2026-09-01 05:00:06,1,SA1,,-29.02,0,,0,PUBLIC_PREDISPATCHIS_202609150700_20260915063154.zip
2026-09-15 07:00:00,2026-09-01 05:00:06,1,SA1,,-39.02,0,,0,PUBLIC_PREDISPATCHIS_202609150700_20260915063154.zip
2026-09-15 07:00:00,2026-09-01 05:00:06,1,SA1,,-39.02,0,,0,PUBLIC_PREDISPATCHIS_202609150700_20260915063154.zip
2026-09-15 07:00:00,2026-09-01 05:00:06,1,SA1,,-20.0,0,,0,PUBLIC_PREDISPATCHIS_202609150700_20260915063154.zip
2026-09-15 07:00:00,2026-09-01 05:00:06,1,SA1,,-20.0,0,,0,PUBLIC_PREDISPATCHIS_202609150700_20260915063154.zip
2026-09-15 07:00:00,2026-09-01 05:00:06,1,SA1,,-20.0,0,,0,PUBLIC_PREDISPATCHIS_202609150700_20260915063154.zip
2026-09-15 07:00:00,2026-09-01 05:00:06,1,SA1,,-47.2325,0,,0,PUBLIC_PREDISPATCHIS_202609150700_20260915063154.zip
2026-09-15 07:00:00,2026-09-01 05:00:06,1,SA1,,-20.0,0,,0,PUBLIC_PREDISPATCHIS_202609150700_20260915063154.zip
2026-09-15 07:00:00,2026-09-01 05:00:06,1,SA1,,-18.55,0,,0,PUBLIC_PREDISPATCHIS_202609150700_20260915063154.zip
2026-09-15 07:00:00,2026-09-01 05:00:06,1,SA1,,-18.55,0,,0,PUBLIC_PREDISPATCHIS_202609150700_20260915063154.zip
2026-09-15 07:00:00,2026-09-01 05:00:06,1,SA1,,-44.8343,0,,0,PUBLIC_PREDISPATCHIS_202609150700_20260915063154.zip
2026-09-15 07:00:00,2026-09-01 05:00:06,1,SA1,,-17.89154,0,,0,PUBLIC_PREDISPATCHIS_202609150700_20260915063154.zip
2026-09-15 07:00:00,2026-09-01 05:00:06,1,SA1,,-1.09995,0,,0,PUBLIC_PREDISPATCHIS_202609150700_20260915063154.zip
2026-09-15 07:00:00,2026-09-01 05:00:06,1,SA1,,40.46656,0,,0,PUBLIC_PREDISPATCHIS_202609150700_20260915063154.zip
2026-09-15 07:00:00,2026-09-01 05:00:06,1,SA1,,66.5324,0,,0,PUBLIC_PREDISPATCHIS_202609150700_20260915063154.zip
2026-09-15 07:00:00,2026-09-01 05:00:06,1,SA1,,101.02,0,,0,PUBLIC_PREDISPATCHIS_202609150700_20260915063154.zip
2026-09-15 07:00:00,2026-09-01 05:00:06,1,SA1,,84.57906,0,,0,PUBLIC_PREDISPATCHIS_202609150700_20260915063154.zip
2026-09-15 07:00:00,2026-09-01 05:00:06,1,SA1,,81.77998,0,,0,PUBLIC_PREDISPATCHIS_202609150700_20260915063154.zip
2026-09-15 07:00:00,2026-09-01 05:00:06,1,SA1,,80.20238,0,,0,PUBLIC_PREDISPATCHIS_202609150700_20260915063154.zip
2026-09-15 07:00:00,2026-09-01 05:00:06,1,SA1,,79.07406,0,,0,PUBLIC_PREDISPATCHIS_202609150700_20260915063154.zip
2026-09-15 07:00:00,2026-09-01 05:00:06,1,SA1,,87.47621,0,,0,PUBLIC_PREDISPATCHIS_202609150700_20260915063154.zip
2026-09-15 07:00:00,2026-09-01 05:00:06,1,SA1,,84.98128,0,,0,PUBLIC_PREDISPATCHIS_202609150700_20260915063154.zip
2026-09-15 07:00:00,2026-09-01 05:00:06,1,SA1,,78.76675,0,,0,PUBLIC_PREDISPATCHIS_202609150700_20260915063154.zip
2026-09-15 07:00:00,2026-09-01 05:00:06,1,SA1,,93.17062,0,,0,PUBLIC_PREDISPATCHIS_202609150700_20260915063154.zip
2026-09-15 07:00:00,2026-09-01 05:00:06,1,SA1,,92.46091,0,,0,PUBLIC_PREDISPATCHIS_202609150700_20260915063154.zip
2026-09-15 07:00:00,2026-09-01 05:00:06,1,SA1,,89.47268,0,,0,PUBLIC_PREDISPATCHIS_202609150700_20260915063154.zip
2026-09-15 07:00:00,2026-09-01 05:00:06,1,SA1,,91.86641,0,,0,PUBLIC_PREDISPATCHIS_202609150700_20260915063154.zip
2026-09-15 07:00:00,2026-09-01 05:00:06,1,SA1,,82.31156,0,,0,PUBLIC_PREDISPATCHIS_202609150700_20260915063154.zip
2026-09-15 07:00:00,2026-09-01 05:00:06,1,SA1,,78.90303,0,,0,PUBLIC_PREDISPATCHIS_202609150700_20260915063154.zip
2026-09-15 07:00:00,2026-09-01 05:00:06,1,SA1,,79.24113,0,,0,PUBLIC_PREDISPATCHIS_202609150700_20260915063154.zip
2026-09-15 07:00:00,2026-09-01 05:00:06,1,SA1,,77.77904,0,,0,PUBLIC_PREDISPATCHIS_202609150700_20260915063154.zip
2026-09-15 07:00:00,2026-09-01 05:00:06,1,SA1,,69.41,0,,0,PUBLIC_PREDISPATCHIS_202609150700_20260915063154.zip
2026-09-15 07:00:00,2026-09-01 05:00:06,1,SA1,,71.50977,0,,0,PUBLIC_PREDISPATCHIS_202609150700_20260915063154.zip
2026-09-15 07:00:00,2026-09-01 05:00:06,1,SA1,,65.12286,0,,0,PUBLIC_PREDISPATCHIS_202609150700_20260915063154.zip
2026-09-15 07:00:00,2026-09-01 05:00:06,1,TAS1,,53.84171,0,,0,PUBLIC_PREDISPATCHIS_202609150700_20260915063154.zip
2026-09-15 07:00:00,2026-09-01 05:00:06,1,TAS1,,31.09895,0,,0,PUBLIC_PREDISPATCHIS_202609150700_20260915063154.zip
2026-09-15 07:00:00,2026-09-01 05:00:06,1,TAS1,,0.01054,0,,0,PUBLIC_PREDISPATCHIS_202609150700_20260915063154.zip
2026-09-15 07:00:00,2026-09-01 05:00:06,1,TAS1,,0.02,0,,0,PUBLIC_PREDISPATCHIS_202609150700_20260915063154.zip
2026-09-15 07:00:00,2026-09-01 05:00:06,1,TAS1,,0.02,0,,0,PUBLIC_PREDISPATCHIS_202609150700_20260915063154.zip
2026-09-15 07:00:00,2026-09-01 05:00:06,1,TAS1,,-15.01,0,,0,PUBLIC_PREDISPATCHIS_202609150700_20260915063154.zip
2026-09-15 07:00:00,2026-09-01 05:00:06,1,TAS1,,-15.01,0,,0,PUBLIC_PREDISPATCHIS_202609150700_20260915063154.zip
2026-09-15 07:00:00,2026-09-01 05:00:06,1,TAS1,,-15.01,0,,0,PUBLIC_PREDISPATCHIS_202609150700_20260915063154.zip
2026-09-15 07:00:00,2026-09-01 05:00:06,1,TAS1,,-15.01,0,,0,PUBLIC_PREDISPATCHIS_202609150700_20260915063154.zip
2026-09-15 07:00:00,2026-09-01 05:00:06,1,TAS1,,-42.85574,0,,0,PUBLIC_PREDISPATCHIS_202609150700_20260915063154.zip
2026-09-15 07:00:00,2026-09-01 05:00:06,1,TAS1,,-42.79994,0,,0,PUBLIC_PREDISPATCHIS_202609150700_20260915063154.zip
2026-09-15 07:00:00,2026-09-01 05:00:06,1,TAS1,,-58.91,0,,0,PUBLIC_PREDISPATCHIS_202609150700_20260915063154.zip
2026-09-15 07:00:00,2026-09-01 05:00:06,1,TAS1,,-61.58931,0,,0,PUBLIC_PREDISPATCHIS_202609150700_20260915063154.zip
2026-09-15 07:00:00,2026-09-01 05:00:06,1,TAS1,,-51.00461,0,,0,PUBLIC_PREDISPATCHIS_202609150700_20260915063154.zip
2026-09-15 07:00:00,2026-09-01 05:00:06,1,TAS1,,-15.01,0,,0,PUBLIC_PREDISPATCHIS_202609150700_20260915063154.zip
2026-09-15 07:00:00,2026-09-01 05:00:06,1,TAS1,,-15.01,0,,0,PUBLIC_PREDISPATCHIS_202609150700_20260915063154.zip
2026-09-15 07:00:00,2026-09-01 05:00:06,1,TAS1,,-15.01,0,,0,PUBLIC_PREDISPATCHIS_202609150700_20260915063154.zip
2026-09-15 07:00:00,2026-09-01 05:00:06,1,TAS1,,3.14,0,,0,PUBLIC_PREDISPATCHIS_202609150700_20260915063154.zip
2026-09-15 07:00:00,2026-09-01 05:00:06,1,TAS1,,0.04,0,,0,PUBLIC_PREDISPATCHIS_202609150700_20260915063154.zip
2026-09-15 07:00:00,2026-09-01 05:00:06,1,TAS1,,2.14,0,,0,PUBLIC_PREDISPATCHIS_202609150700_20260915063154.zip
2026-09-15 07:00:00,2026-09-01 05:00:06,1,TAS1,,-15.01,0,,0,PUBLIC_PREDISPATCHIS_202609150700_20260915063154.zip
2026-09-15 07:00:00,2026-09-01 05:00:06,1,TAS1,,-1.11269,0,,0,PUBLIC_PREDISPATCHIS_202609150700_20260915063154.zip
2026-09-15 07:00:00,2026-09-01 05:00:06,1,TAS1,,34.98003,0,,0,PUBLIC_PREDISPATCHIS_202609150700_20260915063154.zip
2026-09-15 07:00:00,2026-09-01 05:00:06,1,TAS1,,61.94121,0,,0,PUBLIC_PREDISPATCHIS_202609150700_20260915063154.zip
2026-09-15 07:00:00,2026-09-01 05:00:06,1,TAS1,,66.14457,0,,0,PUBLIC_PREDISPATCHIS_202609150700_20260915063154.zip
2026-09-15 07:00:00,2026-09-01 05:00:06,1,TAS1,,74.21827,0,,0,PUBLIC_PREDISPATCHIS_202609150700_20260915063154.zip
2026-09-15 07:00:00,2026-09-01 05:00:06,1,TAS1,,73.99391,0,,0,PUBLIC_PREDISPATCHIS_202609150700_20260915063154.zip
2026-09-15 07:00:00,2026-09-01 05:00:06,1,TAS1,,74.2314,0,,0,PUBLIC_PREDISPATCHIS_202609150700_20260915063154.zip
2026-09-15 07:00:00,2026-09-01 05:00:06,1,TAS1,,74.024,0,,0,PUBLIC_PREDISPATCHIS_202609150700_20260915063154.zip
2026-09-15 07:00:00,2026-09-01 05:00:06,1,TAS1,,73.82108,0,,0,PUBLIC_PREDISPATCHIS_202609150700_20260915063154.zip
2026-09-15 07:00:00,2026-09-01 05:00:06,1,TAS1,,77.80083,0,,0,PUBLIC_PREDISPATCHIS_202609150700_20260915063154.zip
2026-09-15 07:00:00,2026-09-01 05:00:06,1,TAS1,,70.2202,0,,0,PUBLIC_PREDISPATCHIS_202609150700_20260915063154.zip
2026-09-15 07:00:00,2026-09-01 05:00:06,1,TAS1,,84.56184,0,,0,PUBLIC_PREDISPATCHIS_202609150700_20260915063154.zip
2026-09-15 07:00:00,2026-09-01 05:00:06,1,TAS1,,83.7812,0,,0,PUBLIC_PREDISPATCHIS_202609150700_20260915063154.zip
2026-09-15 07:00:00,2026-09-01 05:00:06,1,TAS1,,80.83724,0,,0,PUBLIC_PREDISPATCHIS_202609150700_20260915063154.zip
2026-09-15 07:00:00,2026-09-01 05:00:06,1,TAS1,,82.47861,0,,0,PUBLIC_PREDISPATCHIS_202609150700_20260915063154.zip
2026-09-15 07:00:00,2026-09-01 05:00:06,1,TAS1,,73.17212,0,,0,PUBLIC_PREDISPATCHIS_202609150700_20260915063154.zip
2026-09-15 07:00:00,2026-09-01 05:00:06,1,TAS1,,70.07112,0,,0,PUBLIC_PREDISPATCHIS_202609150700_20260915063154.zip
2026-09-15 07:00:00,2026-09-01 05:00:06,1,TAS1,,70.26226,0,,0,PUBLIC_PREDISPATCHIS_202609150700_20260915063154.zip
2026-09-15 07:00:00,2026-09-01 05:00:06,1,TAS1,,69.59025,0,,0,PUBLIC_PREDISPATCHIS_202609150700_20260915063154.zip
2026-09-15 07:00:00,2026-09-01 05:00:06,1,TAS1,,62.60999,0,,0,PUBLIC_PREDISPATCHIS_202609150700_20260915063154.zip
2026-09-15 07:00:00,2026-09-01 05:00:06,1,TAS1,,65.33784,0,,0,PUBLIC_PREDISPATCHIS_202609150700_20260915063154.zip
2026-09-15 07:00:00,2026-09-01 05:00:06,1,TAS1,,60.47465,0,,0,PUBLIC_PREDISPATCHIS_202609150700_20260915063154.zip
2026-09-15 07:00:00,2026-09-01 05:00:06,1,VIC1,,57.06933,0,,0,PUBLIC_PREDISPATCHIS_202609150700_20260915063154.zip
2026-09-15 07:00:00,2026-09-01 05:00:06,1,VIC1,,32.18,0,,0,PUBLIC_PREDISPATCHIS_202609150700_20260915063154.zip
2026-09-15 07:00:00,2026-09-01 05:00:06,1,VIC1,,0.01024,0,,0,PUBLIC_PREDISPATCHIS_202609150700_20260915063154.zip
2026-09-15 07:00:00,2026-09-01 05:00:06,1,VIC1,,-3.58361,0,,0,PUBLIC_PREDISPATCHIS_202609150700_20260915063154.zip
2026-09-15 07:00:00,2026-09-01 05:00:06,1,VIC1,,-7.99987,0,,0,PUBLIC_PREDISPATCHIS_202609150700_20260915063154.zip
2026-09-15 07:00:00,2026-09-01 05:00:06,1,VIC1,,-20.0,0,,0,PUBLIC_PREDISPATCHIS_202609150700_20260915063154.zip
2026-09-15 07:00:00,2026-09-01 05:00:06,1,VIC1,,-24.58987,0,,0,PUBLIC_PREDISPATCHIS_202609150700_20260915063154.zip
2026-09-15 07:00:00,2026-09-01 05:00:06,1,VIC1,,-34.89,0,,0,PUBLIC_PREDISPATCHIS_202609150700_20260915063154.zip
2026-09-15 07:00:00,2026-09-01 05:00:06,1,VIC1,,-41.29161,0,,0,PUBLIC_PREDISPATCHIS_202609150700_20260915063154.zip
2026-09-15 07:00:00,2026-09-01 05:00:06,1,VIC1,,-42.34689,0,,0,PUBLIC_PREDISPATCHIS_202609150700_20260915063154.zip
2026-09-15 07:00:00,2026-09-01 05:00:06,1,VIC1,,-42.41439,0,,0,PUBLIC_PREDISPATCHIS_202609150700_20260915063154.zip
2026-09-15 07:00:00,2026-09-01 05:00:06,1,VIC1,,-58.36678,0,,0,PUBLIC_PREDISPATCHIS_202609150700_20260915063154.zip
2026-09-15 07:00:00,2026-09-01 05:00:06,1,VIC1,,-59.85841,0,,0,PUBLIC_PREDISPATCHIS_202609150700_20260915063154.zip
2026-09-15 07:00:00,2026-09-01 05:00:06,1,VIC1,,-59.47,0,,0,PUBLIC_PREDISPATCHIS_202609150700_20260915063154.zip
2026-09-15 07:00:00,2026-09-01 05:00:06,1,VIC1,,-63.6,0,,0,PUBLIC_PREDISPATCHIS_202609150700_20260915063154.zip
2026-09-15 07:00:00,2026-09-01 05:00:06,1,VIC1,,-45.98517,0,,0,PUBLIC_PREDISPATCHIS_202609150700_20260915063154.zip
2026-09-15 07:00:00,2026-09-01 05:00:06,1,VIC1,,-50.11,0,,0,PUBLIC_PREDISPATCHIS_202609150700_20260915063154.zip
2026-09-15 07:00:00,2026-09-01 05:00:06,1,VIC1,,-50.11,0,,0,PUBLIC_PREDISPATCHIS_202609150700_20260915063154.zip
2026-09-15 07:00:00,2026-09-01 05:00:06,1,VIC1,,-41.39132,0,,0,PUBLIC_PREDISPATCHIS_202609150700_20260915063154.zip
2026-09-15 07:00:00,2026-09-01 05:00:06,1,VIC1,,-42.55612,0,,0,PUBLIC_PREDISPATCHIS_202609150700_20260915063154.zip
2026-09-15 07:00:00,2026-09-01 05:00:06,1,VIC1,,-16.54,0,,0,PUBLIC_PREDISPATCHIS_202609150700_20260915063154.zip
2026-09-15 07:00:00,2026-09-01 05:00:06,1,VIC1,,-1.09162,0,,0,PUBLIC_PREDISPATCHIS_202609150700_20260915063154.zip
2026-09-15 07:00:00,2026-09-01 05:00:06,1,VIC1,,10.5,0,,0,PUBLIC_PREDISPATCHIS_202609150700_20260915063154.zip
2026-09-15 07:00:00,2026-09-01 05:00:06,1,VIC1,,64.77165,0,,0,PUBLIC_PREDISPATCHIS_202609150700_20260915063154.zip
2026-09-15 07:00:00,2026-09-01 05:00:06,1,VIC1,,68.98,0,,0,PUBLIC_PREDISPATCHIS_202609150700_20260915063154.zip
2026-09-15 07:00:00,2026-09-01 05:00:06,1,VIC1,,77.64,0,,0,PUBLIC_PREDISPATCHIS_202609150700_20260915063154.zip
2026-09-15 07:00:00,2026-09-01 05:00:06,1,VIC1,,77.64,0,,0,PUBLIC_PREDISPATCHIS_202609150700_20260915063154.zip
2026-09-15 07:00:00,2026-09-01 05:00:06,1,VIC1,,77.64,0,,0,PUBLIC_PREDISPATCHIS_202609150700_20260915063154.zip
2026-09-15 07:00:00,2026-09-01 05:00:06,1,VIC1,,77.64,0,,0,PUBLIC_PREDISPATCHIS_202609150700_20260915063154.zip
2026-09-15 07:00:00,2026-09-01 05:00:06,1,VIC1,,77.64,0,,0,PUBLIC_PREDISPATCHIS_202609150700_20260915063154.zip
2026-09-15 07:00:00,2026-09-01 05:00:06,1,VIC1,,82.04803,0,,0,PUBLIC_PREDISPATCHIS_202609150700_20260915063154.zip
2026-09-15 07:00:00,2026-09-01 05:00:06,1,VIC1,,74.18,0,,0,PUBLIC_PREDISPATCHIS_202609150700_20260915063154.zip
2026-09-15 07:00:00,2026-09-01 05:00:06,1,VIC1,,90.5,0,,0,PUBLIC_PREDISPATCHIS_202609150700_20260915063154.zip
2026-09-15 07:00:00,2026-09-01 05:00:06,1,VIC1,,90.5,0,,0,PUBLIC_PREDISPATCHIS_202609150700_20260915063154.zip
2026-09-15 07:00:00,2026-09-01 05:00:06,1,VIC1,,87.85003,0,,0,PUBLIC_PREDISPATCHIS_202609150700_20260915063154.zip
2026-09-15 07:00:00,2026-09-01 05:00:06,1,VIC1,,89.32402,0,,0,PUBLIC_PREDISPATCHIS_202609150700_20260915063154.zip
2026-09-15 07:00:00,2026-09-01 05:00:06,1,VIC1,,79.46946,0,,0,PUBLIC_PREDISPATCHIS_202609150700_20260915063154.zip
2026-09-15 07:00:00,2026-09-01 05:00:06,1,VIC1,,76.07853,0,,0,PUBLIC_PREDISPATCHIS_202609150700_20260915063154.zip
2026-09-15 07:00:00,2026-09-01 05:00:06,1,VIC1,,76.506,0,,0,PUBLIC_PREDISPATCHIS_202609150700_20260915063154.zip
2026-09-15 07:00:00,2026-09-01 05:00:06,1,VIC1,,75.286,0,,0,PUBLIC_PREDISPATCHIS_202609150700_20260915063154.zip
2026-09-15 07:00:00,2026-09-01 05:00:06,1,VIC1,,67.51392,0,,0,PUBLIC_PREDISPATCHIS_202609150700_20260915063154.zip
2026-09-15 07:00:00,2026-09-01 05:00:06,1,VIC1,,70.44708,0,,0,PUBLIC_PREDISPATCHIS_202609150700_20260915063154.zip
2026-09-15 07:00:00,2026-09-01 05:00:06,1,VIC1,,65.0,0,,0,PUBLIC_PREDISPATCHIS_202609150700_20260915063154.zip
2026-09-15 07:30:00,2026-09-01 05:00:07,1,NSW1,,42.54,0,,0,PUBLIC_PREDISPATCHIS_202609150730_20260915070157.zip
2026-09-15 07:30:00,2026-09-01 05:00:07,1,NSW1,,2.19842,0,,0,PUBLIC_PREDISPATCHIS_202609150730_20260915070157.zip
2026-09-15 07:30:00,2026-09-01 05:00:07,1,NSW1,,2.12,0,,0,PUBLIC_PREDISPATCHIS_202609150730_20260915070157.zip
2026-09-15 07:30:00,2026-09-01 05:00:07,1,NSW1,,-6.51,0,,0,PUBLIC_PREDISPATCHIS_202609150730_20260915070157.zip
2026-09-15 07:30:00,2026-09-01 05:00:07,1,NSW1,,-8.56445,0,,0,PUBLIC_PREDISPATCHIS_202609150730_20260915070157.zip
2026-09-15 07:30:00,2026-09-01 05:00:07,1,NSW1,,-9.12591,0,,0,PUBLIC_PREDISPATCHIS_202609150730_20260915070157.zip
2026-09-15 07:30:00,2026-09-01 05:00:07,1,NSW1,,-8.81327,0,,0,PUBLIC_PREDISPATCHIS_202609150730_20260915070157.zip
2026-09-15 07:30:00,2026-09-01 05:00:07,1,NSW1,,-8.72138,0,,0,PUBLIC_PREDISPATCHIS_202609150730_20260915070157.zip
2026-09-15 07:30:00,2026-09-01 05:00:07,1,NSW1,,-10.01,0,,0,PUBLIC_PREDISPATCHIS_202609150730_20260915070157.zip
2026-09-15 07:30:00,2026-09-01 05:00:07,1,NSW1,,-8.86875,0,,0,PUBLIC_PREDISPATCHIS_202609150730_20260915070157.zip
2026-09-15 07:30:00,2026-09-01 05:00:07,1,NSW1,,-8.94955,0,,0,PUBLIC_PREDISPATCHIS_202609150730_20260915070157.zip
2026-09-15 07:30:00,2026-09-01 05:00:07,1,NSW1,,-10.42817,0,,0,PUBLIC_PREDISPATCHIS_202609150730_20260915070157.zip
2026-09-15 07:30:00,2026-09-01 05:00:07,1,NSW1,,-8.95812,0,,0,PUBLIC_PREDISPATCHIS_202609150730_20260915070157.zip
2026-09-15 07:30:00,2026-09-01 05:00:07,1,NSW1,,-18.51,0,,0,PUBLIC_PREDISPATCHIS_202609150730_20260915070157.zip
2026-09-15 07:30:00,2026-09-01 05:00:07,1,NSW1,,-18.51,0,,0,PUBLIC_PREDISPATCHIS_202609150730_20260915070157.zip
2026-09-15 07:30:00,2026-09-01 05:00:07,1,NSW1,,-12.99573,0,,0,PUBLIC_PREDISPATCHIS_202609150730_20260915070157.zip
2026-09-15 07:30:00,2026-09-01 05:00:07,1,NSW1,,-10.5,0,,0,PUBLIC_PREDISPATCHIS_202609150730_20260915070157.zip
2026-09-15 07:30:00,2026-09-01 05:00:07,1,NSW1,,-6.51,0,,0,PUBLIC_PREDISPATCHIS_202609150730_20260915070157.zip
2026-09-15 07:30:00,2026-09-01 05:00:07,1,NSW1,,-2.87589,0,,0,PUBLIC_PREDISPATCHIS_202609150730_20260915070157.zip
2026-09-15 07:30:00,2026-09-01 05:00:07,1,NSW1,,52.81471,0,,0,PUBLIC_PREDISPATCHIS_202609150730_20260915070157.zip
2026-09-15 07:30:00,2026-09-01 05:00:07,1,NSW1,,70.07151,0,,0,PUBLIC_PREDISPATCHIS_202609150730_20260915070157.zip
2026-09-15 07:30:00,2026-09-01 05:00:07,1,NSW1,,77.02295,0,,0,PUBLIC_PREDISPATCHIS_202609150730_20260915070157.zip
2026-09-15 07:30:00,2026-09-01 05:00:07,1,NSW1,,73.08449,0,,0,PUBLIC_PREDISPATCHIS_202609150730_20260915070157.zip
2026-09-15 07:30:00,2026-09-01 05:00:07,1,NSW1,,77.31781,0,,0,PUBLIC_PREDISPATCHIS_202609150730_20260915070157.zip
2026-09-15 07:30:00,2026-09-01 05:00:07,1,NSW1,,83.97333,0,,0,PUBLIC_PREDISPATCHIS_202609150730_20260915070157.zip
2026-09-15 07:30:00,2026-09-01 05:00:07,1,NSW1,,83.99,0,,0,PUBLIC_PREDISPATCHIS_202609150730_20260915070157.zip
2026-09-15 07:30:00,2026-09-01 05:00:07,1,NSW1,,83.99,0,,0,PUBLIC_PREDISPATCHIS_202609150730_20260915070157.zip
2026-09-15 07:30:00,2026-09-01 05:00:07,1,NSW1,,83.99,0,,0,PUBLIC_PREDISPATCHIS_202609150730_20260915070157.zip
2026-09-15 07:30:00,2026-09-01 05:00:07,1,NSW1,,88.92056,0,,0,PUBLIC_PREDISPATCHIS_202609150730_20260915070157.zip
2026-09-15 07:30:00,2026-09-01 05:00:07,1,NSW1,,92.02479,0,,0,PUBLIC_PREDISPATCHIS_202609150730_20260915070157.zip
2026-09-15 07:30:00,2026-09-01 05:00:07,1,NSW1,,82.9,0,,0,PUBLIC_PREDISPATCHIS_202609150730_20260915070157.zip
2026-09-15 07:30:00,2026-09-01 05:00:07,1,NSW1,,86.89,0,,0,PUBLIC_PREDISPATCHIS_202609150730_20260915070157.zip
2026-09-15 07:30:00,2026-09-01 05:00:07,1,NSW1,,93.26797,0,,0,PUBLIC_PREDISPATCHIS_202609150730_20260915070157.zip
2026-09-15 07:30:00,2026-09-01 05:00:07,1,NSW1,,93.38996,0,,0,PUBLIC_PREDISPATCHIS_202609150730_20260915070157.zip
2026-09-15 07:30:00,2026-09-01 05:00:07,1,NSW1,,91.98497,0,,0,PUBLIC_PREDISPATCHIS_202609150730_20260915070157.zip
2026-09-15 07:30:00,2026-09-01 05:00:07,1,NSW1,,87.5023,0,,0,PUBLIC_PREDISPATCHIS_202609150730_20260915070157.zip
2026-09-15 07:30:00,2026-09-01 05:00:07,1,NSW1,,86.27722,0,,0,PUBLIC_PREDISPATCHIS_202609150730_20260915070157.zip
2026-09-15 07:30:00,2026-09-01 05:00:07,1,NSW1,,83.99,0,,0,PUBLIC_PREDISPATCHIS_202609150730_20260915070157.zip
2026-09-15 07:30:00,2026-09-01 05:00:07,1,NSW1,,83.99,0,,0,PUBLIC_PREDISPATCHIS_202609150730_20260915070157.zip
2026-09-15 07:30:00,2026-09-01 05:00:07,1,NSW1,,84.79,0,,0,PUBLIC_PREDISPATCHIS_202609150730_20260915070157.zip
2026-09-15 07:30:00,2026-09-01 05:00:07,1,NSW1,,84.79,0,,0,PUBLIC_PREDISPATCHIS_202609150730_20260915070157.zip
2026-09-15 07:30:00,2026-09-01 05:00:07,1,NSW1,,83.99,0,,0,PUBLIC_PREDISPATCHIS_202609150730_20260915070157.zip
2026-09-15 07:30:00,2026-09-01 05:00:07,1,QLD1,,39.91623,0,,0,PUBLIC_PREDISPATCHIS_202609150730_20260915070157.zip
2026-09-15 07:30:00,2026-09-01 05:00:07,1,QLD1,,2.0,0,,0,PUBLIC_PREDISPATCHIS_202609150730_20260915070157.zip
2026-09-15 07:30:00,2026-09-01 05:00:07,1,QLD1,,0.01,0,,0,PUBLIC_PREDISPATCHIS_202609150730_20260915070157.zip
2026-09-15 07:30:00,2026-09-01 05:00:07,1,QLD1,,-5.6971,0,,0,PUBLIC_PREDISPATCHIS_202609150730_20260915070157.zip
2026-09-15 07:30:00,2026-09-01 05:00:07,1,QLD1,,-8.0,0,,0,PUBLIC_PREDISPATCHIS_202609150730_20260915070157.zip
2026-09-15 07:30:00,2026-09-01 05:00:07,1,QLD1,,-8.71,0,,0,PUBLIC_PREDISPATCHIS_202609150730_20260915070157.zip
2026-09-15 07:30:00,2026-09-01 05:00:07,1,QLD1,,-8.5,0,,0,PUBLIC_PREDISPATCHIS_202609150730_20260915070157.zip
2026-09-15 07:30:00,2026-09-01 05:00:07,1,QLD1,,-8.51011,0,,0,PUBLIC_PREDISPATCHIS_202609150730_20260915070157.zip
2026-09-15 07:30:00,2026-09-01 05:00:07,1,QLD1,,-9.83733,0,,0,PUBLIC_PREDISPATCHIS_202609150730_20260915070157.zip
2026-09-15 07:30:00,2026-09-01 05:00:07,1,QLD1,,-8.13,0,,0,PUBLIC_PREDISPATCHIS_202609150730_20260915070157.zip
2026-09-15 07:30:00,2026-09-01 05:00:07,1,QLD1,,-8.0,0,,0,PUBLIC_PREDISPATCHIS_202609150730_20260915070157.zip
2026-09-15 07:30:00,2026-09-01 05:00:07,1,QLD1,,-10.0,0,,0,PUBLIC_PREDISPATCHIS_202609150730_20260915070157.zip
2026-09-15 07:30:00,2026-09-01 05:00:07,1,QLD1,,-8.71,0,,0,PUBLIC_PREDISPATCHIS_202609150730_20260915070157.zip
2026-09-15 07:30:00,2026-09-01 05:00:07,1,QLD1,,-17.46143,0,,0,PUBLIC_PREDISPATCHIS_202609150730_20260915070157.zip
2026-09-15 07:30:00,2026-09-01 05:00:07,1,QLD1,,-17.18594,0,,0,PUBLIC_PREDISPATCHIS_202609150730_20260915070157.zip
2026-09-15 07:30:00,2026-09-01 05:00:07,1,QLD1,,-12.6,0,,0,PUBLIC_PREDISPATCHIS_202609150730_20260915070157.zip
2026-09-15 07:30:00,2026-09-01 05:00:07,1,QLD1,,-10.04935,0,,0,PUBLIC_PREDISPATCHIS_202609150730_20260915070157.zip
2026-09-15 07:30:00,2026-09-01 05:00:07,1,QLD1,,-6.65223,0,,0,PUBLIC_PREDISPATCHIS_202609150730_20260915070157.zip
2026-09-15 07:30:00,2026-09-01 05:00:07,1,QLD1,,-2.98,0,,0,PUBLIC_PREDISPATCHIS_202609150730_20260915070157.zip
2026-09-15 07:30:00,2026-09-01 05:00:07,1,QLD1,,54.75,0,,0,PUBLIC_PREDISPATCHIS_202609150730_20260915070157.zip
2026-09-15 07:30:00,2026-09-01 05:00:07,1,QLD1,,72.5,0,,0,PUBLIC_PREDISPATCHIS_202609150730_20260915070157.zip
2026-09-15 07:30:00,2026-09-01 05:00:07,1,QLD1,,87.73,0,,0,PUBLIC_PREDISPATCHIS_202609150730_20260915070157.zip
2026-09-15 07:30:00,2026-09-01 05:00:07,1,QLD1,,90.49,0,,0,PUBLIC_PREDISPATCHIS_202609150730_20260915070157.zip
2026-09-15 07:30:00,2026-09-01 05:00:07,1,QLD1,,89.73,0,,0,PUBLIC_PREDISPATCHIS_202609150730_20260915070157.zip
2026-09-15 07:30:00,2026-09-01 05:00:07,1,QLD1,,88.87,0,,0,PUBLIC_PREDISPATCHIS_202609150730_20260915070157.zip
2026-09-15 07:30:00,2026-09-01 05:00:07,1,QLD1,,88.87,0,,0,PUBLIC_PREDISPATCHIS_202609150730_20260915070157.zip
2026-09-15 07:30:00,2026-09-01 05:00:07,1,QLD1,,88.87,0,,0,PUBLIC_PREDISPATCHIS_202609150730_20260915070157.zip
2026-09-15 07:30:00,2026-09-01 05:00:07,1,QLD1,,87.35045,0,,0,PUBLIC_PREDISPATCHIS_202609150730_20260915070157.zip
2026-09-15 07:30:00,2026-09-01 05:00:07,1,QLD1,,88.87,0,,0,PUBLIC_PREDISPATCHIS_202609150730_20260915070157.zip
2026-09-15 07:30:00,2026-09-01 05:00:07,1,QLD1,,88.87,0,,0,PUBLIC_PREDISPATCHIS_202609150730_20260915070157.zip
2026-09-15 07:30:00,2026-09-01 05:00:07,1,QLD1,,83.98157,0,,0,PUBLIC_PREDISPATCHIS_202609150730_20260915070157.zip
2026-09-15 07:30:00,2026-09-01 05:00:07,1,QLD1,,84.9848,0,,0,PUBLIC_PREDISPATCHIS_202609150730_20260915070157.zip
2026-09-15 07:30:00,2026-09-01 05:00:07,1,QLD1,,85.39,0,,0,PUBLIC_PREDISPATCHIS_202609150730_20260915070157.zip
2026-09-15 07:30:00,2026-09-01 05:00:07,1,QLD1,,85.39,0,,0,PUBLIC_PREDISPATCHIS_202609150730_20260915070157.zip
2026-09-15 07:30:00,2026-09-01 05:00:07,1,QLD1,,84.5,0,,0,PUBLIC_PREDISPATCHIS_202609150730_20260915070157.zip
2026-09-15 07:30:00,2026-09-01 05:00:07,1,QLD1,,78.73006,0,,0,PUBLIC_PREDISPATCHIS_202609150730_20260915070157.zip
2026-09-15 07:30:00,2026-09-01 05:00:07,1,QLD1,,78.54,0,,0,PUBLIC_PREDISPATCHIS_202609150730_20260915070157.zip
2026-09-15 07:30:00,2026-09-01 05:00:07,1,QLD1,,77.88693,0,,0,PUBLIC_PREDISPATCHIS_202609150730_20260915070157.zip
2026-09-15 07:30:00,2026-09-01 05:00:07,1,QLD1,,77.85458,0,,0,PUBLIC_PREDISPATCHIS_202609150730_20260915070157.zip
2026-09-15 07:30:00,2026-09-01 05:00:07,1,QLD1,,78.52,0,,0,PUBLIC_PREDISPATCHIS_202609150730_20260915070157.zip
2026-09-15 07:30:00,2026-09-01 05:00:07,1,QLD1,,78.73006,0,,0,PUBLIC_PREDISPATCHIS_202609150730_20260915070157.zip
2026-09-15 07:30:00,2026-09-01 05:00:07,1,QLD1,,78.54,0,,0,PUBLIC_PREDISPATCHIS_202609150730_20260915070157.zip
2026-09-15 07:30:00,2026-09-01 05:00:07,1,SA1,,35.0438,0,,0,PUBLIC_PREDISPATCHIS_202609150730_20260915070157.zip
2026-09-15 07:30:00,2026-09-01 05:00:07,1,SA1,,0.09608,0,,0,PUBLIC_PREDISPATCHIS_202609150730_20260915070157.zip
2026-09-15 07:30:00,2026-09-01 05:00:07,1,SA1,,-1.09995,0,,0,PUBLIC_PREDISPATCHIS_202609150730_20260915070157.zip
2026-09-15 07:30:00,2026-09-01 05:00:07,1,SA1,,-8.50736,0,,0,PUBLIC_PREDISPATCHIS_202609150730_20260915070157.zip
2026-09-15 07:30:00,2026-09-01 05:00:07,1,SA1,,-21.9822,0,,0,PUBLIC_PREDISPATCHIS_202609150730_20260915070157.zip
2026-09-15 07:30:00,2026-09-01 05:00:07,1,SA1,,-25.92683,0,,0,PUBLIC_PREDISPATCHIS_202609150730_20260915070157.zip
2026-09-15 07:30:00,2026-09-01 05:00:07,1,SA1,,-29.02,0,,0,PUBLIC_PREDISPATCHIS_202609150730_20260915070157.zip
2026-09-15 07:30:00,2026-09-01 05:00:07,1,SA1,,-20.0,0,,0,PUBLIC_PREDISPATCHIS_202609150730_20260915070157.zip
2026-09-15 07:30:00,2026-09-01 05:00:07,1,SA1,,-20.0,0,,0,PUBLIC_PREDISPATCHIS_202609150730_20260915070157.zip
2026-09-15 07:30:00,2026-09-01 05:00:07,1,SA1,,-20.0,0,,0,PUBLIC_PREDISPATCHIS_202609150730_20260915070157.zip
2026-09-15 07:30:00,2026-09-01 05:00:07,1,SA1,,-39.02,0,,0,PUBLIC_PREDISPATCHIS_202609150730_20260915070157.zip
2026-09-15 07:30:00,2026-09-01 05:00:07,1,SA1,,-29.02,0,,0,PUBLIC_PREDISPATCHIS_202609150730_20260915070157.zip
2026-09-15 07:30:00,2026-09-01 05:00:07,1,SA1,,-44.09217,0,,0,PUBLIC_PREDISPATCHIS_202609150730_20260915070157.zip
2026-09-15 07:30:00,2026-09-01 05:00:07,1,SA1,,-48.50355,0,,0,PUBLIC_PREDISPATCHIS_202609150730_20260915070157.zip
2026-09-15 07:30:00,2026-09-01 05:00:07,1,SA1,,-47.46166,0,,0,PUBLIC_PREDISPATCHIS_202609150730_20260915070157.zip
2026-09-15 07:30:00,2026-09-01 05:00:07,1,SA1,,-45.18705,0,,0,PUBLIC_PREDISPATCHIS_202609150730_20260915070157.zip
2026-09-15 07:30:00,2026-09-01 05:00:07,1,SA1,,-50.88507,0,,0,PUBLIC_PREDISPATCHIS_202609150730_20260915070157.zip
2026-09-15 07:30:00,2026-09-01 05:00:07,1,SA1,,-41.10835,0,,0,PUBLIC_PREDISPATCHIS_202609150730_20260915070157.zip
2026-09-15 07:30:00,2026-09-01 05:00:07,1,SA1,,-43.50925,0,,0,PUBLIC_PREDISPATCHIS_202609150730_20260915070157.zip
2026-09-15 07:30:00,2026-09-01 05:00:07,1,SA1,,-19.85,0,,0,PUBLIC_PREDISPATCHIS_202609150730_20260915070157.zip
2026-09-15 07:30:00,2026-09-01 05:00:07,1,SA1,,-2.98098,0,,0,PUBLIC_PREDISPATCHIS_202609150730_20260915070157.zip
2026-09-15 07:30:00,2026-09-01 05:00:07,1,SA1,,33.93617,0,,0,PUBLIC_PREDISPATCHIS_202609150730_20260915070157.zip
2026-09-15 07:30:00,2026-09-01 05:00:07,1,SA1,,65.88083,0,,0,PUBLIC_PREDISPATCHIS_202609150730_20260915070157.zip
2026-09-15 07:30:00,2026-09-01 05:00:07,1,SA1,,98.03,0,,0,PUBLIC_PREDISPATCHIS_202609150730_20260915070157.zip
2026-09-15 07:30:00,2026-09-01 05:00:07,1,SA1,,83.16758,0,,0,PUBLIC_PREDISPATCHIS_202609150730_20260915070157.zip
2026-09-15 07:30:00,2026-09-01 05:00:07,1,SA1,,80.95673,0,,0,PUBLIC_PREDISPATCHIS_202609150730_20260915070157.zip
2026-09-15 07:30:00,2026-09-01 05:00:07,1,SA1,,80.19203,0,,0,PUBLIC_PREDISPATCHIS_202609150730_20260915070157.zip
2026-09-15 07:30:00,2026-09-01 05:00:07,1,SA1,,81.00744,0,,0,PUBLIC_PREDISPATCHIS_202609150730_20260915070157.zip
2026-09-15 07:30:00,2026-09-01 05:00:07,1,SA1,,94.09827,0,,0,PUBLIC_PREDISPATCHIS_202609150730_20260915070157.zip
2026-09-15 07:30:00,2026-09-01 05:00:07,1,SA1,,96.0109,0,,0,PUBLIC_PREDISPATCHIS_202609150730_20260915070157.zip
2026-09-15 07:30:00,2026-09-01 05:00:07,1,SA1,,55.99978,0,,0,PUBLIC_PREDISPATCHIS_202609150730_20260915070157.zip
2026-09-15 07:30:00,2026-09-01 05:00:07,1,SA1,,77.03325,0,,0,PUBLIC_PREDISPATCHIS_202609150730_20260915070157.zip
2026-09-15 07:30:00,2026-09-01 05:00:07,1,SA1,,88.54932,0,,0,PUBLIC_PREDISPATCHIS_202609150730_20260915070157.zip
2026-09-15 07:30:00,2026-09-01 05:00:07,1,SA1,,88.31505,0,,0,PUBLIC_PREDISPATCHIS_202609150730_20260915070157.zip
2026-09-15 07:30:00,2026-09-01 05:00:07,1,SA1,,85.74011,0,,0,PUBLIC_PREDISPATCHIS_202609150730_20260915070157.zip
2026-09-15 07:30:00,2026-09-01 05:00:07,1,SA1,,82.82629,0,,0,PUBLIC_PREDISPATCHIS_202609150730_20260915070157.zip
2026-09-15 07:30:00,2026-09-01 05:00:07,1,SA1,,79.14753,0,,0,PUBLIC_PREDISPATCHIS_202609150730_20260915070157.zip
2026-09-15 07:30:00,2026-09-01 05:00:07,1,SA1,,78.08789,0,,0,PUBLIC_PREDISPATCHIS_202609150730_20260915070157.zip
2026-09-15 07:30:00,2026-09-01 05:00:07,1,SA1,,77.7722,0,,0,PUBLIC_PREDISPATCHIS_202609150730_20260915070157.zip
2026-09-15 07:30:00,2026-09-01 05:00:07,1,SA1,,79.27344,0,,0,PUBLIC_PREDISPATCHIS_202609150730_20260915070157.zip
2026-09-15 07:30:00,2026-09-01 05:00:07,1,SA1,,79.7187,0,,0,PUBLIC_PREDISPATCHIS_202609150730_20260915070157.zip
2026-09-15 07:30:00,2026-09-01 05:00:07,1,SA1,,78.79248,0,,0,PUBLIC_PREDISPATCHIS_202609150730_20260915070157.zip
2026-09-15 07:30:00,2026-09-01 05:00:07,1,TAS1,,33.83094,0,,0,PUBLIC_PREDISPATCHIS_202609150730_20260915070157.zip
2026-09-15 07:30:00,2026-09-01 05:00:07,1,TAS1,,0.09,0,,0,PUBLIC_PREDISPATCHIS_202609150730_20260915070157.zip
2026-09-15 07:30:00,2026-09-01 05:00:07,1,TAS1,,-1.10104,0,,0,PUBLIC_PREDISPATCHIS_202609150730_20260915070157.zip
2026-09-15 07:30:00,2026-09-01 05:00:07,1,TAS1,,2.02,0,,0,PUBLIC_PREDISPATCHIS_202609150730_20260915070157.zip
2026-09-15 07:30:00,2026-09-01 05:00:07,1,TAS1,,2.14,0,,0,PUBLIC_PREDISPATCHIS_202609150730_20260915070157.zip
2026-09-15 07:30:00,2026-09-01 05:00:07,1,TAS1,,2.14,0,,0,PUBLIC_PREDISPATCHIS_202609150730_20260915070157.zip
2026-09-15 07:30:00,2026-09-01 05:00:07,1,TAS1,,-15.01,0,,0,PUBLIC_PREDISPATCHIS_202609150730_20260915070157.zip
2026-09-15 07:30:00,2026-09-01 05:00:07,1,TAS1,,-15.01,0,,0,PUBLIC_PREDISPATCHIS_202609150730_20260915070157.zip
2026-09-15 07:30:00,2026-09-01 05:00:07,1,TAS1,,-45.27295,0,,0,PUBLIC_PREDISPATCHIS_202609150730_20260915070157.zip
2026-09-15 07:30:00,2026-09-01 05:00:07,1,TAS1,,-45.14185,0,,0,PUBLIC_PREDISPATCHIS_202609150730_20260915070157.zip
2026-09-15 07:30:00,2026-09-01 05:00:07,1,TAS1,,-44.51833,0,,0,PUBLIC_PREDISPATCHIS_202609150730_20260915070157.zip
2026-09-15 07:30:00,2026-09-01 05:00:07,1,TAS1,,-45.15934,0,,0,PUBLIC_PREDISPATCHIS_202609150730_20260915070157.zip
2026-09-15 07:30:00,2026-09-01 05:00:07,1,TAS1,,-44.79359,0,,0,PUBLIC_PREDISPATCHIS_202609150730_20260915070157.zip
2026-09-15 07:30:00,2026-09-01 05:00:07,1,TAS1,,-15.01,0,,0,PUBLIC_PREDISPATCHIS_202609150730_20260915070157.zip
2026-09-15 07:30:00,2026-09-01 05:00:07,1,TAS1,,-15.01,0,,0,PUBLIC_PREDISPATCHIS_202609150730_20260915070157.zip
2026-09-15 07:30:00,2026-09-01 05:00:07,1,TAS1,,-15.01,0,,0,PUBLIC_PREDISPATCHIS_202609150730_20260915070157.zip
2026-09-15 07:30:00,2026-09-01 05:00:07,1,TAS1,,3.14,0,,0,PUBLIC_PREDISPATCHIS_202609150730_20260915070157.zip
2026-09-15 07:30:00,2026-09-01 05:00:07,1,TAS1,,0.04,0,,0,PUBLIC_PREDISPATCHIS_202609150730_20260915070157.zip
2026-09-15 07:30:00,2026-09-01 05:00:07,1,TAS1,,2.14,0,,0,PUBLIC_PREDISPATCHIS_202609150730_20260915070157.zip
2026-09-15 07:30:00,2026-09-01 05:00:07,1,TAS1,,-15.01,0,,0,PUBLIC_PREDISPATCHIS_202609150730_20260915070157.zip
2026-09-15 07:30:00,2026-09-01 05:00:07,1,TAS1,,-3.04779,0,,0,PUBLIC_PREDISPATCHIS_202609150730_20260915070157.zip
2026-09-15 07:30:00,2026-09-01 05:00:07,1,TAS1,,29.53304,0,,0,PUBLIC_PREDISPATCHIS_202609150730_20260915070157.zip
2026-09-15 07:30:00,2026-09-01 05:00:07,1,TAS1,,61.65201,0,,0,PUBLIC_PREDISPATCHIS_202609150730_20260915070157.zip
2026-09-15 07:30:00,2026-09-01 05:00:07,1,TAS1,,66.40222,0,,0,PUBLIC_PREDISPATCHIS_202609150730_20260915070157.zip
2026-09-15 07:30:00,2026-09-01 05:00:07,1,TAS1,,74.21925,0,,0,PUBLIC_PREDISPATCHIS_202609150730_20260915070157.zip
2026-09-15 07:30:00,2026-09-01 05:00:07,1,TAS1,,73.99464,0,,0,PUBLIC_PREDISPATCHIS_202609150730_20260915070157.zip
2026-09-15 07:30:00,2026-09-01 05:00:07,1,TAS1,,74.23213,0,,0,PUBLIC_PREDISPATCHIS_202609150730_20260915070157.zip
2026-09-15 07:30:00,2026-09-01 05:00:07,1,TAS1,,74.13745,0,,0,PUBLIC_PREDISPATCHIS_202609150730_20260915070157.zip
2026-09-15 07:30:00,2026-09-01 05:00:07,1,TAS1,,78.0821,0,,0,PUBLIC_PREDISPATCHIS_202609150730_20260915070157.zip
2026-09-15 07:30:00,2026-09-01 05:00:07,1,TAS1,,83.57167,0,,0,PUBLIC_PREDISPATCHIS_202609150730_20260915070157.zip
2026-09-15 07:30:00,2026-09-01 05:00:07,1,TAS1,,48.14185,0,,0,PUBLIC_PREDISPATCHIS_202609150730_20260915070157.zip
2026-09-15 07:30:00,2026-09-01 05:00:07,1,TAS1,,70.12678,0,,0,PUBLIC_PREDISPATCHIS_202609150730_20260915070157.zip
2026-09-15 07:30:00,2026-09-01 05:00:07,1,TAS1,,80.26037,0,,0,PUBLIC_PREDISPATCHIS_202609150730_20260915070157.zip
2026-09-15 07:30:00,2026-09-01 05:00:07,1,TAS1,,79.79144,0,,0,PUBLIC_PREDISPATCHIS_202609150730_20260915070157.zip
2026-09-15 07:30:00,2026-09-01 05:00:07,1,TAS1,,76.9839,0,,0,PUBLIC_PREDISPATCHIS_202609150730_20260915070157.zip
2026-09-15 07:30:00,2026-09-01 05:00:07,1,TAS1,,73.62979,0,,0,PUBLIC_PREDISPATCHIS_202609150730_20260915070157.zip
2026-09-15 07:30:00,2026-09-01 05:00:07,1,TAS1,,71.17742,0,,0,PUBLIC_PREDISPATCHIS_202609150730_20260915070157.zip
2026-09-15 07:30:00,2026-09-01 05:00:07,1,TAS1,,69.24036,0,,0,PUBLIC_PREDISPATCHIS_202609150730_20260915070157.zip
2026-09-15 07:30:00,2026-09-01 05:00:07,1,TAS1,,69.58522,0,,0,PUBLIC_PREDISPATCHIS_202609150730_20260915070157.zip
2026-09-15 07:30:00,2026-09-01 05:00:07,1,TAS1,,71.50792,0,,0,PUBLIC_PREDISPATCHIS_202609150730_20260915070157.zip
2026-09-15 07:30:00,2026-09-01 05:00:07,1,TAS1,,71.99387,0,,0,PUBLIC_PREDISPATCHIS_202609150730_20260915070157.zip
2026-09-15 07:30:00,2026-09-01 05:00:07,1,TAS1,,72.04369,0,,0,PUBLIC_PREDISPATCHIS_202609150730_20260915070157.zip
2026-09-15 07:30:00,2026-09-01 05:00:07,1,VIC1,,32.18,0,,0,PUBLIC_PREDISPATCHIS_202609150730_20260915070157.zip
2026-09-15 07:30:00,2026-09-01 05:00:07,1,VIC1,,0.09176,0,,0,PUBLIC_PREDISPATCHIS_202609150730_20260915070157.zip
2026-09-15 07:30:00,2026-09-01 05:00:07,1,VIC1,,-1.0623,0,,0,PUBLIC_PREDISPATCHIS_202609150730_20260915070157.zip
2026-09-15 07:30:00,2026-09-01 05:00:07,1,VIC1,,-7.60833,0,,0,PUBLIC_PREDISPATCHIS_202609150730_20260915070157.zip
2026-09-15 07:30:00,2026-09-01 05:00:07,1,VIC1,,-20.0,0,,0,PUBLIC_PREDISPATCHIS_202609150730_20260915070157.zip
2026-09-15 07:30:00,2026-09-01 05:00:07,1,VIC1,,-24.52631,0,,0,PUBLIC_PREDISPATCHIS_202609150730_20260915070157.zip
2026-09-15 07:30:00,2026-09-01 05:00:07,1,VIC1,,-33.55285,0,,0,PUBLIC_PREDISPATCHIS_202609150730_20260915070157.zip
2026-09-15 07:30:00,2026-09-01 05:00:07,1,VIC1,,-41.52291,0,,0,PUBLIC_PREDISPATCHIS_202609150730_20260915070157.zip
2026-09-15 07:30:00,2026-09-01 05:00:07,1,VIC1,,-44.73,0,,0,PUBLIC_PREDISPATCHIS_202609150730_20260915070157.zip
2026-09-15 07:30:00,2026-09-01 05:00:07,1,VIC1,,-44.73,0,,0,PUBLIC_PREDISPATCHIS_202609150730_20260915070157.zip
2026-09-15 07:30:00,2026-09-01 05:00:07,1,VIC1,,-44.23,0,,0,PUBLIC_PREDISPATCHIS_202609150730_20260915070157.zip
2026-09-15 07:30:00,2026-09-01 05:00:07,1,VIC1,,-44.73,0,,0,PUBLIC_PREDISPATCHIS_202609150730_20260915070157.zip
2026-09-15 07:30:00,2026-09-01 05:00:07,1,VIC1,,-44.23,0,,0,PUBLIC_PREDISPATCHIS_202609150730_20260915070157.zip
2026-09-15 07:30:00,2026-09-01 05:00:07,1,VIC1,,-47.78868,0,,0,PUBLIC_PREDISPATCHIS_202609150730_20260915070157.zip
2026-09-15 07:30:00,2026-09-01 05:00:07,1,VIC1,,-46.40403,0,,0,PUBLIC_PREDISPATCHIS_202609150730_20260915070157.zip
2026-09-15 07:30:00,2026-09-01 05:00:07,1,VIC1,,-44.73,0,,0,PUBLIC_PREDISPATCHIS_202609150730_20260915070157.zip
2026-09-15 07:30:00,2026-09-01 05:00:07,1,VIC1,,-50.11,0,,0,PUBLIC_PREDISPATCHIS_202609150730_20260915070157.zip
2026-09-15 07:30:00,2026-09-01 05:00:07,1,VIC1,,-40.18413,0,,0,PUBLIC_PREDISPATCHIS_202609150730_20260915070157.zip
2026-09-15 07:30:00,2026-09-01 05:00:07,1,VIC1,,-42.44999,0,,0,PUBLIC_PREDISPATCHIS_202609150730_20260915070157.zip
2026-09-15 07:30:00,2026-09-01 05:00:07,1,VIC1,,-18.77865,0,,0,PUBLIC_PREDISPATCHIS_202609150730_20260915070157.zip
2026-09-15 07:30:00,2026-09-01 05:00:07,1,VIC1,,-2.99,0,,0,PUBLIC_PREDISPATCHIS_202609150730_20260915070157.zip
2026-09-15 07:30:00,2026-09-01 05:00:07,1,VIC1,,8.94,0,,0,PUBLIC_PREDISPATCHIS_202609150730_20260915070157.zip
2026-09-15 07:30:00,2026-09-01 05:00:07,1,VIC1,,64.46787,0,,0,PUBLIC_PREDISPATCHIS_202609150730_20260915070157.zip
2026-09-15 07:30:00,2026-09-01 05:00:07,1,VIC1,,69.24758,0,,0,PUBLIC_PREDISPATCHIS_202609150730_20260915070157.zip
2026-09-15 07:30:00,2026-09-01 05:00:07,1,VIC1,,77.64,0,,0,PUBLIC_PREDISPATCHIS_202609150730_20260915070157.zip
2026-09-15 07:30:00,2026-09-01 05:00:07,1,VIC1,,77.64,0,,0,PUBLIC_PREDISPATCHIS_202609150730_20260915070157.zip
2026-09-15 07:30:00,2026-09-01 05:00:07,1,VIC1,,77.64,0,,0,PUBLIC_PREDISPATCHIS_202609150730_20260915070157.zip
2026-09-15 07:30:00,2026-09-01 05:00:07,1,VIC1,,77.75863,0,,0,PUBLIC_PREDISPATCHIS_202609150730_20260915070157.zip
2026-09-15 07:30:00,2026-09-01 05:00:07,1,VIC1,,82.1215,0,,0,PUBLIC_PREDISPATCHIS_202609150730_20260915070157.zip
2026-09-15 07:30:00,2026-09-01 05:00:07,1,VIC1,,88.13394,0,,0,PUBLIC_PREDISPATCHIS_202609150730_20260915070157.zip
2026-09-15 07:30:00,2026-09-01 05:00:07,1,VIC1,,32.18,0,,0,PUBLIC_PREDISPATCHIS_202609150730_20260915070157.zip
2026-09-15 07:30:00,2026-09-01 05:00:07,1,VIC1,,74.18,0,,0,PUBLIC_PREDISPATCHIS_202609150730_20260915070157.zip
2026-09-15 07:30:00,2026-09-01 05:00:07,1,VIC1,,86.69672,0,,0,PUBLIC_PREDISPATCHIS_202609150730_20260915070157.zip
2026-09-15 07:30:00,2026-09-01 05:00:07,1,VIC1,,86.7134,0,,0,PUBLIC_PREDISPATCHIS_202609150730_20260915070157.zip
2026-09-15 07:30:00,2026-09-01 05:00:07,1,VIC1,,83.37287,0,,0,PUBLIC_PREDISPATCHIS_202609150730_20260915070157.zip
2026-09-15 07:30:00,2026-09-01 05:00:07,1,VIC1,,79.96613,0,,0,PUBLIC_PREDISPATCHIS_202609150730_20260915070157.zip
2026-09-15 07:30:00,2026-09-01 05:00:07,1,VIC1,,77.52121,0,,0,PUBLIC_PREDISPATCHIS_202609150730_20260915070157.zip
2026-09-15 07:30:00,2026-09-01 05:00:07,1,VIC1,,75.39257,0,,0,PUBLIC_PREDISPATCHIS_202609150730_20260915070157.zip
2026-09-15 07:30:00,2026-09-01 05:00:07,1,VIC1,,75.28011,0,,0,PUBLIC_PREDISPATCHIS_202609150730_20260915070157.zip
2026-09-15 07:30:00,2026-09-01 05:00:07,1,VIC1,,77.10832,0,,0,PUBLIC_PREDISPATCHIS_202609150730_20260915070157.zip
2026-09-15 07:30:00,2026-09-01 05:00:07,1,VIC1,,77.62327,0,,0,PUBLIC_PREDISPATCHIS_202609150730_20260915070157.zip
2026-09-15 07:30:00,2026-09-01 05:00:07,1,VIC1,,77.43429,0,,0,PUBLIC_PREDISPATCHIS_202609150730_20260915070157.zip
2026-09-15 08:00:00,2026-09-01 05:00:08,1,NSW1,,10.99648,0,,0,PUBLIC_PREDISPATCHIS_202609150800_20260915073157.zip
2026-09-15 08:00:00,2026-09-01 05:00:08,1,NSW1,,2.12,0,,0,PUBLIC_PREDISPATCHIS_202609150800_20260915073157.zip
2026-09-15 08:00:00,2026-09-01 05:00:08,1,NSW1,,-6.51,0,,0,PUBLIC_PREDISPATCHIS_202609150800_20260915073157.zip
2026-09-15 08:00:00,2026-09-01 05:00:08,1,NSW1,,-8.3564,0,,0,PUBLIC_PREDISPATCHIS_202609150800_20260915073157.zip
2026-09-15 08:00:00,2026-09-01 05:00:08,1,NSW1,,-8.73554,0,,0,PUBLIC_PREDISPATCHIS_202609150800_20260915073157.zip
2026-09-15 08:00:00,2026-09-01 05:00:08,1,NSW1,,-10.5,0,,0,PUBLIC_PREDISPATCHIS_202609150800_20260915073157.zip
2026-09-15 08:00:00,2026-09-01 05:00:08,1,NSW1,,-9.17895,0,,0,PUBLIC_PREDISPATCHIS_202609150800_20260915073157.zip
2026-09-15 08:00:00,2026-09-01 05:00:08,1,NSW1,,-12.59042,0,,0,PUBLIC_PREDISPATCHIS_202609150800_20260915073157.zip
2026-09-15 08:00:00,2026-09-01 05:00:08,1,NSW1,,-10.5,0,,0,PUBLIC_PREDISPATCHIS_202609150800_20260915073157.zip
2026-09-15 08:00:00,2026-09-01 05:00:08,1,NSW1,,-18.51,0,,0,PUBLIC_PREDISPATCHIS_202609150800_20260915073157.zip
2026-09-15 08:00:00,2026-09-01 05:00:08,1,NSW1,,-18.51,0,,0,PUBLIC_PREDISPATCHIS_202609150800_20260915073157.zip
2026-09-15 08:00:00,2026-09-01 05:00:08,1,NSW1,,-8.8227,0,,0,PUBLIC_PREDISPATCHIS_202609150800_20260915073157.zip
2026-09-15 08:00:00,2026-09-01 05:00:08,1,NSW1,,-13.0,0,,0,PUBLIC_PREDISPATCHIS_202609150800_20260915073157.zip
2026-09-15 08:00:00,2026-09-01 05:00:08,1,NSW1,,-18.51,0,,0,PUBLIC_PREDISPATCHIS_202609150800_20260915073157.zip
2026-09-15 08:00:00,2026-09-01 05:00:08,1,NSW1,,-18.51,0,,0,PUBLIC_PREDISPATCHIS_202609150800_20260915073157.zip
2026-09-15 08:00:00,2026-09-01 05:00:08,1,NSW1,,-12.34874,0,,0,PUBLIC_PREDISPATCHIS_202609150800_20260915073157.zip
2026-09-15 08:00:00,2026-09-01 05:00:08,1,NSW1,,-7.24675,0,,0,PUBLIC_PREDISPATCHIS_202609150800_20260915073157.zip
2026-09-15 08:00:00,2026-09-01 05:00:08,1,NSW1,,-4.7333,0,,0,PUBLIC_PREDISPATCHIS_202609150800_20260915073157.zip
2026-09-15 08:00:00,2026-09-01 05:00:08,1,NSW1,,42.25,0,,0,PUBLIC_PREDISPATCHIS_202609150800_20260915073157.zip
2026-09-15 08:00:00,2026-09-01 05:00:08,1,NSW1,,69.91,0,,0,PUBLIC_PREDISPATCHIS_202609150800_20260915073157.zip
2026-09-15 08:00:00,2026-09-01 05:00:08,1,NSW1,,79.30112,0,,0,PUBLIC_PREDISPATCHIS_202609150800_20260915073157.zip
2026-09-15 08:00:00,2026-09-01 05:00:08,1,NSW1,,77.16946,0,,0,PUBLIC_PREDISPATCHIS_202609150800_20260915073157.zip
2026-09-15 08:00:00,2026-09-01 05:00:08,1,NSW1,,83.99,0,,0,PUBLIC_PREDISPATCHIS_202609150800_20260915073157.zip
2026-09-15 08:00:00,2026-09-01 05:00:08,1,NSW1,,83.99,0,,0,PUBLIC_PREDISPATCHIS_202609150800_20260915073157.zip
2026-09-15 08:00:00,2026-09-01 05:00:08,1,NSW1,,83.9901,0,,0,PUBLIC_PREDISPATCHIS_202609150800_20260915073157.zip
2026-09-15 08:00:00,2026-09-01 05:00:08,1,NSW1,,83.9901,0,,0,PUBLIC_PREDISPATCHIS_202609150800_20260915073157.zip
2026-09-15 08:00:00,2026-09-01 05:00:08,1,NSW1,,83.9901,0,,0,PUBLIC_PREDISPATCHIS_202609150800_20260915073157.zip
2026-09-15 08:00:00,2026-09-01 05:00:08,1,NSW1,,83.99,0,,0,PUBLIC_PREDISPATCHIS_202609150800_20260915073157.zip
2026-09-15 08:00:00,2026-09-01 05:00:08,1,NSW1,,90.27843,0,,0,PUBLIC_PREDISPATCHIS_202609150800_20260915073157.zip
2026-09-15 08:00:00,2026-09-01 05:00:08,1,NSW1,,91.17718,0,,0,PUBLIC_PREDISPATCHIS_202609150800_20260915073157.zip
2026-09-15 08:00:00,2026-09-01 05:00:08,1,NSW1,,86.89,0,,0,PUBLIC_PREDISPATCHIS_202609150800_20260915073157.zip
2026-09-15 08:00:00,2026-09-01 05:00:08,1,NSW1,,82.02099,0,,0,PUBLIC_PREDISPATCHIS_202609150800_20260915073157.zip
2026-09-15 08:00:00,2026-09-01 05:00:08,1,NSW1,,83.20297,0,,0,PUBLIC_PREDISPATCHIS_202609150800_20260915073157.zip
2026-09-15 08:00:00,2026-09-01 05:00:08,1,NSW1,,96.99005,0,,0,PUBLIC_PREDISPATCHIS_202609150800_20260915073157.zip
2026-09-15 08:00:00,2026-09-01 05:00:08,1,NSW1,,83.99,0,,0,PUBLIC_PREDISPATCHIS_202609150800_20260915073157.zip
2026-09-15 08:00:00,2026-09-01 05:00:08,1,NSW1,,87.58918,0,,0,PUBLIC_PREDISPATCHIS_202609150800_20260915073157.zip
2026-09-15 08:00:00,2026-09-01 05:00:08,1,NSW1,,85.20947,0,,0,PUBLIC_PREDISPATCHIS_202609150800_20260915073157.zip
2026-09-15 08:00:00,2026-09-01 05:00:08,1,NSW1,,83.99,0,,0,PUBLIC_PREDISPATCHIS_202609150800_20260915073157.zip
2026-09-15 08:00:00,2026-09-01 05:00:08,1,NSW1,,83.99,0,,0,PUBLIC_PREDISPATCHIS_202609150800_20260915073157.zip
2026-09-15 08:00:00,2026-09-01 05:00:08,1,NSW1,,83.99,0,,0,PUBLIC_PREDISPATCHIS_202609150800_20260915073157.zip
2026-09-15 08:00:00,2026-09-01 05:00:08,1,NSW1,,83.0819,0,,0,PUBLIC_PREDISPATCHIS_202609150800_20260915073157.zip
2026-09-15 08:00:00,2026-09-01 05:00:08,1,QLD1,,9.82059,0,,0,PUBLIC_PREDISPATCHIS_202609150800_20260915073157.zip
2026-09-15 08:00:00,2026-09-01 05:00:08,1,QLD1,,0.41673,0,,0,PUBLIC_PREDISPATCHIS_202609150800_20260915073157.zip
2026-09-15 08:00:00,2026-09-01 05:00:08,1,QLD1,,-5.80667,0,,0,PUBLIC_PREDISPATCHIS_202609150800_20260915073157.zip
2026-09-15 08:00:00,2026-09-01 05:00:08,1,QLD1,,-8.0,0,,0,PUBLIC_PREDISPATCHIS_202609150800_20260915073157.zip
2026-09-15 08:00:00,2026-09-01 05:00:08,1,QLD1,,-8.71,0,,0,PUBLIC_PREDISPATCHIS_202609150800_20260915073157.zip
2026-09-15 08:00:00,2026-09-01 05:00:08,1,QLD1,,-10.17951,0,,0,PUBLIC_PREDISPATCHIS_202609150800_20260915073157.zip
2026-09-15 08:00:00,2026-09-01 05:00:08,1,QLD1,,-8.5,0,,0,PUBLIC_PREDISPATCHIS_202609150800_20260915073157.zip
2026-09-15 08:00:00,2026-09-01 05:00:08,1,QLD1,,-12.6,0,,0,PUBLIC_PREDISPATCHIS_202609150800_20260915073157.zip
2026-09-15 08:00:00,2026-09-01 05:00:08,1,QLD1,,-10.38347,0,,0,PUBLIC_PREDISPATCHIS_202609150800_20260915073157.zip
2026-09-15 08:00:00,2026-09-01 05:00:08,1,QLD1,,-18.08054,0,,0,PUBLIC_PREDISPATCHIS_202609150800_20260915073157.zip
2026-09-15 08:00:00,2026-09-01 05:00:08,1,QLD1,,-18.20098,0,,0,PUBLIC_PREDISPATCHIS_202609150800_20260915073157.zip
2026-09-15 08:00:00,2026-09-01 05:00:08,1,QLD1,,-8.52,0,,0,PUBLIC_PREDISPATCHIS_202609150800_20260915073157.zip
2026-09-15 08:00:00,2026-09-01 05:00:08,1,QLD1,,-12.49627,0,,0,PUBLIC_PREDISPATCHIS_202609150800_20260915073157.zip
2026-09-15 08:00:00,2026-09-01 05:00:08,1,QLD1,,-18.19852,0,,0,PUBLIC_PREDISPATCHIS_202609150800_20260915073157.zip
2026-09-15 08:00:00,2026-09-01 05:00:08,1,QLD1,,-18.05806,0,,0,PUBLIC_PREDISPATCHIS_202609150800_20260915073157.zip
2026-09-15 08:00:00,2026-09-01 05:00:08,1,QLD1,,-12.6,0,,0,PUBLIC_PREDISPATCHIS_202609150800_20260915073157.zip
2026-09-15 08:00:00,2026-09-01 05:00:08,1,QLD1,,-7.5,0,,0,PUBLIC_PREDISPATCHIS_202609150800_20260915073157.zip
2026-09-15 08:00:00,2026-09-01 05:00:08,1,QLD1,,-5.0,0,,0,PUBLIC_PREDISPATCHIS_202609150800_20260915073157.zip
2026-09-15 08:00:00,2026-09-01 05:00:08,1,QLD1,,43.51202,0,,0,PUBLIC_PREDISPATCHIS_202609150800_20260915073157.zip
2026-09-15 08:00:00,2026-09-01 05:00:08,1,QLD1,,72.5,0,,0,PUBLIC_PREDISPATCHIS_202609150800_20260915073157.zip
2026-09-15 08:00:00,2026-09-01 05:00:08,1,QLD1,,84.5,0,,0,PUBLIC_PREDISPATCHIS_202609150800_20260915073157.zip
2026-09-15 08:00:00,2026-09-01 05:00:08,1,QLD1,,88.87,0,,0,PUBLIC_PREDISPATCHIS_202609150800_20260915073157.zip
2026-09-15 08:00:00,2026-09-01 05:00:08,1,QLD1,,88.87,0,,0,PUBLIC_PREDISPATCHIS_202609150800_20260915073157.zip
2026-09-15 08:00:00,2026-09-01 05:00:08,1,QLD1,,89.45995,0,,0,PUBLIC_PREDISPATCHIS_202609150800_20260915073157.zip
2026-09-15 08:00:00,2026-09-01 05:00:08,1,QLD1,,88.87,0,,0,PUBLIC_PREDISPATCHIS_202609150800_20260915073157.zip
2026-09-15 08:00:00,2026-09-01 05:00:08,1,QLD1,,88.87,0,,0,PUBLIC_PREDISPATCHIS_202609150800_20260915073157.zip
2026-09-15 08:00:00,2026-09-01 05:00:08,1,QLD1,,87.34381,0,,0,PUBLIC_PREDISPATCHIS_202609150800_20260915073157.zip
2026-09-15 08:00:00,2026-09-01 05:00:08,1,QLD1,,85.57252,0,,0,PUBLIC_PREDISPATCHIS_202609150800_20260915073157.zip
2026-09-15 08:00:00,2026-09-01 05:00:08,1,QLD1,,88.87,0,,0,PUBLIC_PREDISPATCHIS_202609150800_20260915073157.zip
2026-09-15 08:00:00,2026-09-01 05:00:08,1,QLD1,,88.87,0,,0,PUBLIC_PREDISPATCHIS_202609150800_20260915073157.zip
2026-09-15 08:00:00,2026-09-01 05:00:08,1,QLD1,,83.3624,0,,0,PUBLIC_PREDISPATCHIS_202609150800_20260915073157.zip
2026-09-15 08:00:00,2026-09-01 05:00:08,1,QLD1,,78.52,0,,0,PUBLIC_PREDISPATCHIS_202609150800_20260915073157.zip
2026-09-15 08:00:00,2026-09-01 05:00:08,1,QLD1,,78.54,0,,0,PUBLIC_PREDISPATCHIS_202609150800_20260915073157.zip
2026-09-15 08:00:00,2026-09-01 05:00:08,1,QLD1,,87.97251,0,,0,PUBLIC_PREDISPATCHIS_202609150800_20260915073157.zip
2026-09-15 08:00:00,2026-09-01 05:00:08,1,QLD1,,78.52,0,,0,PUBLIC_PREDISPATCHIS_202609150800_20260915073157.zip
2026-09-15 08:00:00,2026-09-01 05:00:08,1,QLD1,,78.73006,0,,0,PUBLIC_PREDISPATCHIS_202609150800_20260915073157.zip
2026-09-15 08:00:00,2026-09-01 05:00:08,1,QLD1,,78.52,0,,0,PUBLIC_PREDISPATCHIS_202609150800_20260915073157.zip
2026-09-15 08:00:00,2026-09-01 05:00:08,1,QLD1,,77.85916,0,,0,PUBLIC_PREDISPATCHIS_202609150800_20260915073157.zip
2026-09-15 08:00:00,2026-09-01 05:00:08,1,QLD1,,78.34465,0,,0,PUBLIC_PREDISPATCHIS_202609150800_20260915073157.zip
2026-09-15 08:00:00,2026-09-01 05:00:08,1,QLD1,,78.73006,0,,0,PUBLIC_PREDISPATCHIS_202609150800_20260915073157.zip
2026-09-15 08:00:00,2026-09-01 05:00:08,1,QLD1,,78.52,0,,0,PUBLIC_PREDISPATCHIS_202609150800_20260915073157.zip
2026-09-15 08:00:00,2026-09-01 05:00:08,1,SA1,,10.90247,0,,0,PUBLIC_PREDISPATCHIS_202609150800_20260915073157.zip
2026-09-15 08:00:00,2026-09-01 05:00:08,1,SA1,,-1.02,0,,0,PUBLIC_PREDISPATCHIS_202609150800_20260915073157.zip
2026-09-15 08:00:00,2026-09-01 05:00:08,1,SA1,,-7.90875,0,,0,PUBLIC_PREDISPATCHIS_202609150800_20260915073157.zip
2026-09-15 08:00:00,2026-09-01 05:00:08,1,SA1,,-22.06508,0,,0,PUBLIC_PREDISPATCHIS_202609150800_20260915073157.zip
2026-09-15 08:00:00,2026-09-01 05:00:08,1,SA1,,-26.06161,0,,0,PUBLIC_PREDISPATCHIS_202609150800_20260915073157.zip
2026-09-15 08:00:00,2026-09-01 05:00:08,1,SA1,,-35.0,0,,0,PUBLIC_PREDISPATCHIS_202609150800_20260915073157.zip
2026-09-15 08:00:00,2026-09-01 05:00:08,1,SA1,,-39.02,0,,0,PUBLIC_PREDISPATCHIS_202609150800_20260915073157.zip
2026-09-15 08:00:00,2026-09-01 05:00:08,1,SA1,,-29.02,0,,0,PUBLIC_PREDISPATCHIS_202609150800_20260915073157.zip
2026-09-15 08:00:00,2026-09-01 05:00:08,1,SA1,,-20.0,0,,0,PUBLIC_PREDISPATCHIS_202609150800_20260915073157.zip
2026-09-15 08:00:00,2026-09-01 05:00:08,1,SA1,,-29.02,0,,0,PUBLIC_PREDISPATCHIS_202609150800_20260915073157.zip
2026-09-15 08:00:00,2026-09-01 05:00:08,1,SA1,,-29.02,0,,0,PUBLIC_PREDISPATCHIS_202609150800_20260915073157.zip
2026-09-15 08:00:00,2026-09-01 05:00:08,1,SA1,,-59.0,0,,0,PUBLIC_PREDISPATCHIS_202609150800_20260915073157.zip
2026-09-15 08:00:00,2026-09-01 05:00:08,1,SA1,,-59.0,0,,0,PUBLIC_PREDISPATCHIS_202609150800_20260915073157.zip
2026-09-15 08:00:00,2026-09-01 05:00:08,1,SA1,,-63.72971,0,,0,PUBLIC_PREDISPATCHIS_202609150800_20260915073157.zip
2026-09-15 08:00:00,2026-09-01 05:00:08,1,SA1,,-20.0,0,,0,PUBLIC_PREDISPATCHIS_202609150800_20260915073157.zip
2026-09-15 08:00:00,2026-09-01 05:00:08,1,SA1,,-20.0,0,,0,PUBLIC_PREDISPATCHIS_202609150800_20260915073157.zip
2026-09-15 08:00:00,2026-09-01 05:00:08,1,SA1,,-45.51426,0,,0,PUBLIC_PREDISPATCHIS_202609150800_20260915073157.zip
2026-09-15 08:00:00,2026-09-01 05:00:08,1,SA1,,-44.06448,0,,0,PUBLIC_PREDISPATCHIS_202609150800_20260915073157.zip
2026-09-15 08:00:00,2026-09-01 05:00:08,1,SA1,,-20.0,0,,0,PUBLIC_PREDISPATCHIS_202609150800_20260915073157.zip
2026-09-15 08:00:00,2026-09-01 05:00:08,1,SA1,,-1.09995,0,,0,PUBLIC_PREDISPATCHIS_202609150800_20260915073157.zip
2026-09-15 08:00:00,2026-09-01 05:00:08,1,SA1,,40.36361,0,,0,PUBLIC_PREDISPATCHIS_202609150800_20260915073157.zip
2026-09-15 08:00:00,2026-09-01 05:00:08,1,SA1,,60.24241,0,,0,PUBLIC_PREDISPATCHIS_202609150800_20260915073157.zip
2026-09-15 08:00:00,2026-09-01 05:00:08,1,SA1,,98.03,0,,0,PUBLIC_PREDISPATCHIS_202609150800_20260915073157.zip
2026-09-15 08:00:00,2026-09-01 05:00:08,1,SA1,,83.16758,0,,0,PUBLIC_PREDISPATCHIS_202609150800_20260915073157.zip
2026-09-15 08:00:00,2026-09-01 05:00:08,1,SA1,,81.77998,0,,0,PUBLIC_PREDISPATCHIS_202609150800_20260915073157.zip
2026-09-15 08:00:00,2026-09-01 05:00:08,1,SA1,,80.37122,0,,0,PUBLIC_PREDISPATCHIS_202609150800_20260915073157.zip
2026-09-15 08:00:00,2026-09-01 05:00:08,1,SA1,,78.30003,0,,0,PUBLIC_PREDISPATCHIS_202609150800_20260915073157.zip
2026-09-15 08:00:00,2026-09-01 05:00:08,1,SA1,,79.81084,0,,0,PUBLIC_PREDISPATCHIS_202609150800_20260915073157.zip
2026-09-15 08:00:00,2026-09-01 05:00:08,1,SA1,,90.55185,0,,0,PUBLIC_PREDISPATCHIS_202609150800_20260915073157.zip
2026-09-15 08:00:00,2026-09-01 05:00:08,1,SA1,,49.55054,0,,0,PUBLIC_PREDISPATCHIS_202609150800_20260915073157.zip
2026-09-15 08:00:00,2026-09-01 05:00:08,1,SA1,,56.67831,0,,0,PUBLIC_PREDISPATCHIS_202609150800_20260915073157.zip
2026-09-15 08:00:00,2026-09-01 05:00:08,1,SA1,,53.95746,0,,0,PUBLIC_PREDISPATCHIS_202609150800_20260915073157.zip
2026-09-15 08:00:00,2026-09-01 05:00:08,1,SA1,,76.83588,0,,0,PUBLIC_PREDISPATCHIS_202609150800_20260915073157.zip
2026-09-15 08:00:00,2026-09-01 05:00:08,1,SA1,,87.59674,0,,0,PUBLIC_PREDISPATCHIS_202609150800_20260915073157.zip
2026-09-15 08:00:00,2026-09-01 05:00:08,1,SA1,,77.32158,0,,0,PUBLIC_PREDISPATCHIS_202609150800_20260915073157.zip
2026-09-15 08:00:00,2026-09-01 05:00:08,1,SA1,,79.70515,0,,0,PUBLIC_PREDISPATCHIS_202609150800_20260915073157.zip
2026-09-15 08:00:00,2026-09-01 05:00:08,1,SA1,,79.21358,0,,0,PUBLIC_PREDISPATCHIS_202609150800_20260915073157.zip
2026-09-15 08:00:00,2026-09-01 05:00:08,1,SA1,,75.94,0,,0,PUBLIC_PREDISPATCHIS_202609150800_20260915073157.zip
2026-09-15 08:00:00,2026-09-01 05:00:08,1,SA1,,73.72442,0,,0,PUBLIC_PREDISPATCHIS_202609150800_20260915073157.zip
2026-09-15 08:00:00,2026-09-01 05:00:08,1,SA1,,74.14054,0,,0,PUBLIC_PREDISPATCHIS_202609150800_20260915073157.zip
2026-09-15 08:00:00,2026-09-01 05:00:08,1,SA1,,72.31738,0,,0,PUBLIC_PREDISPATCHIS_202609150800_20260915073157.zip
2026-09-15 08:00:00,2026-09-01 05:00:08,1,TAS1,,10.63919,0,,0,PUBLIC_PREDISPATCHIS_202609150800_20260915073157.zip
2026-09-15 08:00:00,2026-09-01 05:00:08,1,TAS1,,-1.04299,0,,0,PUBLIC_PREDISPATCHIS_202609150800_20260915073157.zip
2026-09-15 08:00:00,2026-09-01 05:00:08,1,TAS1,,10.04,0,,0,PUBLIC_PREDISPATCHIS_202609150800_20260915073157.zip
2026-09-15 08:00:00,2026-09-01 05:00:08,1,TAS1,,320.04,0,,0,PUBLIC_PREDISPATCHIS_202609150800_20260915073157.zip
2026-09-15 08:00:00,2026-09-01 05:00:08,1,TAS1,,2.14,0,,0,PUBLIC_PREDISPATCHIS_202609150800_20260915073157.zip
2026-09-15 08:00:00,2026-09-01 05:00:08,1,TAS1,,3.14,0,,0,PUBLIC_PREDISPATCHIS_202609150800_20260915073157.zip
2026-09-15 08:00:00,2026-09-01 05:00:08,1,TAS1,,-15.01,0,,0,PUBLIC_PREDISPATCHIS_202609150800_20260915073157.zip
2026-09-15 08:00:00,2026-09-01 05:00:08,1,TAS1,,-15.01,0,,0,PUBLIC_PREDISPATCHIS_202609150800_20260915073157.zip
2026-09-15 08:00:00,2026-09-01 05:00:08,1,TAS1,,-15.01,0,,0,PUBLIC_PREDISPATCHIS_202609150800_20260915073157.zip
2026-09-15 08:00:00,2026-09-01 05:00:08,1,TAS1,,-15.01,0,,0,PUBLIC_PREDISPATCHIS_202609150800_20260915073157.zip
2026-09-15 08:00:00,2026-09-01 05:00:08,1,TAS1,,-15.01,0,,0,PUBLIC_PREDISPATCHIS_202609150800_20260915073157.zip
2026-09-15 08:00:00,2026-09-01 05:00:08,1,TAS1,,-15.01,0,,0,PUBLIC_PREDISPATCHIS_202609150800_20260915073157.zip
2026-09-15 08:00:00,2026-09-01 05:00:08,1,TAS1,,-15.01,0,,0,PUBLIC_PREDISPATCHIS_202609150800_20260915073157.zip
2026-09-15 08:00:00,2026-09-01 05:00:08,1,TAS1,,3.14,0,,0,PUBLIC_PREDISPATCHIS_202609150800_20260915073157.zip
2026-09-15 08:00:00,2026-09-01 05:00:08,1,TAS1,,10.22,0,,0,PUBLIC_PREDISPATCHIS_202609150800_20260915073157.zip
2026-09-15 08:00:00,2026-09-01 05:00:08,1,TAS1,,88.22,0,,0,PUBLIC_PREDISPATCHIS_202609150800_20260915073157.zip
2026-09-15 08:00:00,2026-09-01 05:00:08,1,TAS1,,13.14,0,,0,PUBLIC_PREDISPATCHIS_202609150800_20260915073157.zip
2026-09-15 08:00:00,2026-09-01 05:00:08,1,TAS1,,88.22,0,,0,PUBLIC_PREDISPATCHIS_202609150800_20260915073157.zip
2026-09-15 08:00:00,2026-09-01 05:00:08,1,TAS1,,0.04,0,,0,PUBLIC_PREDISPATCHIS_202609150800_20260915073157.zip
2026-09-15 08:00:00,2026-09-01 05:00:08,1,TAS1,,-1.13458,0,,0,PUBLIC_PREDISPATCHIS_202609150800_20260915073157.zip
2026-09-15 08:00:00,2026-09-01 05:00:08,1,TAS1,,34.95579,0,,0,PUBLIC_PREDISPATCHIS_202609150800_20260915073157.zip
2026-09-15 08:00:00,2026-09-01 05:00:08,1,TAS1,,55.60109,0,,0,PUBLIC_PREDISPATCHIS_202609150800_20260915073157.zip
2026-09-15 08:00:00,2026-09-01 05:00:08,1,TAS1,,72.68685,0,,0,PUBLIC_PREDISPATCHIS_202609150800_20260915073157.zip
2026-09-15 08:00:00,2026-09-01 05:00:08,1,TAS1,,73.99561,0,,0,PUBLIC_PREDISPATCHIS_202609150800_20260915073157.zip
2026-09-15 08:00:00,2026-09-01 05:00:08,1,TAS1,,73.99395,0,,0,PUBLIC_PREDISPATCHIS_202609150800_20260915073157.zip
2026-09-15 08:00:00,2026-09-01 05:00:08,1,TAS1,,74.45152,0,,0,PUBLIC_PREDISPATCHIS_202609150800_20260915073157.zip
2026-09-15 08:00:00,2026-09-01 05:00:08,1,TAS1,,74.0234,0,,0,PUBLIC_PREDISPATCHIS_202609150800_20260915073157.zip
2026-09-15 08:00:00,2026-09-01 05:00:08,1,TAS1,,73.59675,0,,0,PUBLIC_PREDISPATCHIS_202609150800_20260915073157.zip
2026-09-15 08:00:00,2026-09-01 05:00:08,1,TAS1,,82.63997,0,,0,PUBLIC_PREDISPATCHIS_202609150800_20260915073157.zip
2026-09-15 08:00:00,2026-09-01 05:00:08,1,TAS1,,40.85547,0,,0,PUBLIC_PREDISPATCHIS_202609150800_20260915073157.zip
2026-09-15 08:00:00,2026-09-01 05:00:08,1,TAS1,,49.11435,0,,0,PUBLIC_PREDISPATCHIS_202609150800_20260915073157.zip
2026-09-15 08:00:00,2026-09-01 05:00:08,1,TAS1,,47.25696,0,,0,PUBLIC_PREDISPATCHIS_202609150800_20260915073157.zip
2026-09-15 08:00:00,2026-09-01 05:00:08,1,TAS1,,69.42016,0,,0,PUBLIC_PREDISPATCHIS_202609150800_20260915073157.zip
2026-09-15 08:00:00,2026-09-01 05:00:08,1,TAS1,,79.89517,0,,0,PUBLIC_PREDISPATCHIS_202609150800_20260915073157.zip
2026-09-15 08:00:00,2026-09-01 05:00:08,1,TAS1,,69.55472,0,,0,PUBLIC_PREDISPATCHIS_202609150800_20260915073157.zip
2026-09-15 08:00:00,2026-09-01 05:00:08,1,TAS1,,71.91082,0,,0,PUBLIC_PREDISPATCHIS_202609150800_20260915073157.zip
2026-09-15 08:00:00,2026-09-01 05:00:08,1,TAS1,,70.23901,0,,0,PUBLIC_PREDISPATCHIS_202609150800_20260915073157.zip
2026-09-15 08:00:00,2026-09-01 05:00:08,1,TAS1,,67.95491,0,,0,PUBLIC_PREDISPATCHIS_202609150800_20260915073157.zip
2026-09-15 08:00:00,2026-09-01 05:00:08,1,TAS1,,66.51144,0,,0,PUBLIC_PREDISPATCHIS_202609150800_20260915073157.zip
2026-09-15 08:00:00,2026-09-01 05:00:08,1,TAS1,,66.96164,0,,0,PUBLIC_PREDISPATCHIS_202609150800_20260915073157.zip
2026-09-15 08:00:00,2026-09-01 05:00:08,1,TAS1,,66.38685,0,,0,PUBLIC_PREDISPATCHIS_202609150800_20260915073157.zip
2026-09-15 08:00:00,2026-09-01 05:00:08,1,VIC1,,10.5,0,,0,PUBLIC_PREDISPATCHIS_202609150800_20260915073157.zip
2026-09-15 08:00:00,2026-09-01 05:00:08,1,VIC1,,-1.01588,0,,0,PUBLIC_PREDISPATCHIS_202609150800_20260915073157.zip
2026-09-15 08:00:00,2026-09-01 05:00:08,1,VIC1,,-7.23966,0,,0,PUBLIC_PREDISPATCHIS_202609150800_20260915073157.zip
2026-09-15 08:00:00,2026-09-01 05:00:08,1,VIC1,,-20.0,0,,0,PUBLIC_PREDISPATCHIS_202609150800_20260915073157.zip
2026-09-15 08:00:00,2026-09-01 05:00:08,1,VIC1,,-24.46285,0,,0,PUBLIC_PREDISPATCHIS_202609150800_20260915073157.zip
2026-09-15 08:00:00,2026-09-01 05:00:08,1,VIC1,,-42.18028,0,,0,PUBLIC_PREDISPATCHIS_202609150800_20260915073157.zip
2026-09-15 08:00:00,2026-09-01 05:00:08,1,VIC1,,-38.64673,0,,0,PUBLIC_PREDISPATCHIS_202609150800_20260915073157.zip
2026-09-15 08:00:00,2026-09-01 05:00:08,1,VIC1,,-43.2078,0,,0,PUBLIC_PREDISPATCHIS_202609150800_20260915073157.zip
2026-09-15 08:00:00,2026-09-01 05:00:08,1,VIC1,,-50.11,0,,0,PUBLIC_PREDISPATCHIS_202609150800_20260915073157.zip
2026-09-15 08:00:00,2026-09-01 05:00:08,1,VIC1,,-46.61778,0,,0,PUBLIC_PREDISPATCHIS_202609150800_20260915073157.zip
2026-09-15 08:00:00,2026-09-01 05:00:08,1,VIC1,,-63.6,0,,0,PUBLIC_PREDISPATCHIS_202609150800_20260915073157.zip
2026-09-15 08:00:00,2026-09-01 05:00:08,1,VIC1,,-58.97831,0,,0,PUBLIC_PREDISPATCHIS_202609150800_20260915073157.zip
2026-09-15 08:00:00,2026-09-01 05:00:08,1,VIC1,,-63.6,0,,0,PUBLIC_PREDISPATCHIS_202609150800_20260915073157.zip
2026-09-15 08:00:00,2026-09-01 05:00:08,1,VIC1,,-63.6,0,,0,PUBLIC_PREDISPATCHIS_202609150800_20260915073157.zip
2026-09-15 08:00:00,2026-09-01 05:00:08,1,VIC1,,-59.47,0,,0,PUBLIC_PREDISPATCHIS_202609150800_20260915073157.zip
2026-09-15 08:00:00,2026-09-01 05:00:08,1,VIC1,,-59.47,0,,0,PUBLIC_PREDISPATCHIS_202609150800_20260915073157.zip
2026-09-15 08:00:00,2026-09-01 05:00:08,1,VIC1,,-44.73,0,,0,PUBLIC_PREDISPATCHIS_202609150800_20260915073157.zip
2026-09-15 08:00:00,2026-09-01 05:00:08,1,VIC1,,-43.39492,0,,0,PUBLIC_PREDISPATCHIS_202609150800_20260915073157.zip
2026-09-15 08:00:00,2026-09-01 05:00:08,1,VIC1,,-18.87268,0,,0,PUBLIC_PREDISPATCHIS_202609150800_20260915073157.zip
2026-09-15 08:00:00,2026-09-01 05:00:08,1,VIC1,,-1.11303,0,,0,PUBLIC_PREDISPATCHIS_202609150800_20260915073157.zip
2026-09-15 08:00:00,2026-09-01 05:00:08,1,VIC1,,8.94,0,,0,PUBLIC_PREDISPATCHIS_202609150800_20260915073157.zip
2026-09-15 08:00:00,2026-09-01 05:00:08,1,VIC1,,50.42,0,,0,PUBLIC_PREDISPATCHIS_202609150800_20260915073157.zip
2026-09-15 08:00:00,2026-09-01 05:00:08,1,VIC1,,75.80103,0,,0,PUBLIC_PREDISPATCHIS_202609150800_20260915073157.zip
2026-09-15 08:00:00,2026-09-01 05:00:08,1,VIC1,,77.64,0,,0,PUBLIC_PREDISPATCHIS_202609150800_20260915073157.zip
2026-09-15 08:00:00,2026-09-01 05:00:08,1,VIC1,,77.64,0,,0,PUBLIC_PREDISPATCHIS_202609150800_20260915073157.zip
2026-09-15 08:00:00,2026-09-01 05:00:08,1,VIC1,,77.87031,0,,0,PUBLIC_PREDISPATCHIS_202609150800_20260915073157.zip
2026-09-15 08:00:00,2026-09-01 05:00:08,1,VIC1,,77.64,0,,0,PUBLIC_PREDISPATCHIS_202609150800_20260915073157.zip
2026-09-15 08:00:00,2026-09-01 05:00:08,1,VIC1,,77.64,0,,0,PUBLIC_PREDISPATCHIS_202609150800_20260915073157.zip
2026-09-15 08:00:00,2026-09-01 05:00:08,1,VIC1,,87.15224,0,,0,PUBLIC_PREDISPATCHIS_202609150800_20260915073157.zip
2026-09-15 08:00:00,2026-09-01 05:00:08,1,VIC1,,11.68584,0,,0,PUBLIC_PREDISPATCHIS_202609150800_20260915073157.zip
2026-09-15 08:00:00,2026-09-01 05:00:08,1,VIC1,,32.18,0,,0,PUBLIC_PREDISPATCHIS_202609150800_20260915073157.zip
2026-09-15 08:00:00,2026-09-01 05:00:08,1,VIC1,,32.18,0,,0,PUBLIC_PREDISPATCHIS_202609150800_20260915073157.zip
2026-09-15 08:00:00,2026-09-01 05:00:08,1,VIC1,,75.44241,0,,0,PUBLIC_PREDISPATCHIS_202609150800_20260915073157.zip
2026-09-15 08:00:00,2026-09-01 05:00:08,1,VIC1,,86.52585,0,,0,PUBLIC_PREDISPATCHIS_202609150800_20260915073157.zip
2026-09-15 08:00:00,2026-09-01 05:00:08,1,VIC1,,75.53993,0,,0,PUBLIC_PREDISPATCHIS_202609150800_20260915073157.zip
2026-09-15 08:00:00,2026-09-01 05:00:08,1,VIC1,,78.07465,0,,0,PUBLIC_PREDISPATCHIS_202609150800_20260915073157.zip
2026-09-15 08:00:00,2026-09-01 05:00:08,1,VIC1,,76.47941,0,,0,PUBLIC_PREDISPATCHIS_202609150800_20260915073157.zip
2026-09-15 08:00:00,2026-09-01 05:00:08,1,VIC1,,73.51593,0,,0,PUBLIC_PREDISPATCHIS_202609150800_20260915073157.zip
2026-09-15 08:00:00,2026-09-01 05:00:08,1,VIC1,,71.7201,0,,0,PUBLIC_PREDISPATCHIS_202609150800_20260915073157.zip
2026-09-15 08:00:00,2026-09-01 05:00:08,1,VIC1,,72.19704,0,,0,PUBLIC_PREDISPATCHIS_202609150800_20260915073157.zip
2026-09-15 08:00:00,2026-09-01 05:00:08,1,VIC1,,71.35368,0,,0,PUBLIC_PREDISPATCHIS_202609150800_20260915073157.zip
2026-09-15 08:30:00,2026-09-01 05:00:09,1,NSW1,,11.5,0,,0,PUBLIC_PREDISPATCHIS_202609150830_20260915080158.zip
2026-09-15 08:30:00,2026-09-01 05:00:09,1,NSW1,,-4.13816,0,,0,PUBLIC_PREDISPATCHIS_202609150830_20260915080158.zip
2026-09-15 08:30:00,2026-09-01 05:00:09,1,NSW1,,-8.34575,0,,0,PUBLIC_PREDISPATCHIS_202609150830_20260915080158.zip
2026-09-15 08:30:00,2026-09-01 05:00:09,1,NSW1,,-8.52899,0,,0,PUBLIC_PREDISPATCHIS_202609150830_20260915080158.zip
2026-09-15 08:30:00,2026-09-01 05:00:09,1,NSW1,,-8.88449,0,,0,PUBLIC_PREDISPATCHIS_202609150830_20260915080158.zip
2026-09-15 08:30:00,2026-09-01 05:00:09,1,NSW1,,-8.95208,0,,0,PUBLIC_PREDISPATCHIS_202609150830_20260915080158.zip
2026-09-15 08:30:00,2026-09-01 05:00:09,1,NSW1,,-10.5,0,,0,PUBLIC_PREDISPATCHIS_202609150830_20260915080158.zip
2026-09-15 08:30:00,2026-09-01 05:00:09,1,NSW1,,-10.5,0,,0,PUBLIC_PREDISPATCHIS_202609150830_20260915080158.zip
2026-09-15 08:30:00,2026-09-01 05:00:09,1,NSW1,,-10.5,0,,0,PUBLIC_PREDISPATCHIS_202609150830_20260915080158.zip
2026-09-15 08:30:00,2026-09-01 05:00:09,1,NSW1,,-10.5,0,,0,PUBLIC_PREDISPATCHIS_202609150830_20260915080158.zip
2026-09-15 08:30:00,2026-09-01 05:00:09,1,NSW1,,-18.51,0,,0,PUBLIC_PREDISPATCHIS_202609150830_20260915080158.zip
2026-09-15 08:30:00,2026-09-01 05:00:09,1,NSW1,,-23.5,0,,0,PUBLIC_PREDISPATCHIS_202609150830_20260915080158.zip
2026-09-15 08:30:00,2026-09-01 05:00:09,1,NSW1,,-23.5,0,,0,PUBLIC_PREDISPATCHIS_202609150830_20260915080158.zip
2026-09-15 08:30:00,2026-09-01 05:00:09,1,NSW1,,-23.5,0,,0,PUBLIC_PREDISPATCHIS_202609150830_20260915080158.zip
2026-09-15 08:30:00,2026-09-01 05:00:09,1,NSW1,,-23.5,0,,0,PUBLIC_PREDISPATCHIS_202609150830_20260915080158.zip
2026-09-15 08:30:00,2026-09-01 05:00:09,1,NSW1,,-7.71305,0,,0,PUBLIC_PREDISPATCHIS_202609150830_20260915080158.zip
2026-09-15 08:30:00,2026-09-01 05:00:09,1,NSW1,,-5.01,0,,0,PUBLIC_PREDISPATCHIS_202609150830_20260915080158.zip
2026-09-15 08:30:00,2026-09-01 05:00:09,1,NSW1,,42.25,0,,0,PUBLIC_PREDISPATCHIS_202609150830_20260915080158.zip
2026-09-15 08:30:00,2026-09-01 05:00:09,1,NSW1,,69.91,0,,0,PUBLIC_PREDISPATCHIS_202609150830_20260915080158.zip
2026-09-15 08:30:00,2026-09-01 05:00:09,1,NSW1,,82.32514,0,,0,PUBLIC_PREDISPATCHIS_202609150830_20260915080158.zip
2026-09-15 08:30:00,2026-09-01 05:00:09,1,NSW1,,77.16593,0,,0,PUBLIC_PREDISPATCHIS_202609150830_20260915080158.zip
2026-09-15 08:30:00,2026-09-01 05:00:09,1,NSW1,,77.03879,0,,0,PUBLIC_PREDISPATCHIS_202609150830_20260915080158.zip
2026-09-15 08:30:00,2026-09-01 05:00:09,1,NSW1,,83.99,0,,0,PUBLIC_PREDISPATCHIS_202609150830_20260915080158.zip
2026-09-15 08:30:00,2026-09-01 05:00:09,1,NSW1,,83.9901,0,,0,PUBLIC_PREDISPATCHIS_202609150830_20260915080158.zip
2026-09-15 08:30:00,2026-09-01 05:00:09,1,NSW1,,83.9901,0,,0,PUBLIC_PREDISPATCHIS_202609150830_20260915080158.zip
2026-09-15 08:30:00,2026-09-01 05:00:09,1,NSW1,,84.35882,0,,0,PUBLIC_PREDISPATCHIS_202609150830_20260915080158.zip
2026-09-15 08:30:00,2026-09-01 05:00:09,1,NSW1,,84.07955,0,,0,PUBLIC_PREDISPATCHIS_202609150830_20260915080158.zip
2026-09-15 08:30:00,2026-09-01 05:00:09,1,NSW1,,93.51473,0,,0,PUBLIC_PREDISPATCHIS_202609150830_20260915080158.zip
2026-09-15 08:30:00,2026-09-01 05:00:09,1,NSW1,,90.47311,0,,0,PUBLIC_PREDISPATCHIS_202609150830_20260915080158.zip
2026-09-15 08:30:00,2026-09-01 05:00:09,1,NSW1,,96.99,0,,0,PUBLIC_PREDISPATCHIS_202609150830_20260915080158.zip
2026-09-15 08:30:00,2026-09-01 05:00:09,1,NSW1,,82.76543,0,,0,PUBLIC_PREDISPATCHIS_202609150830_20260915080158.zip
2026-09-15 08:30:00,2026-09-01 05:00:09,1,NSW1,,82.12409,0,,0,PUBLIC_PREDISPATCHIS_202609150830_20260915080158.zip
2026-09-15 08:30:00,2026-09-01 05:00:09,1,NSW1,,83.00935,0,,0,PUBLIC_PREDISPATCHIS_202609150830_20260915080158.zip
2026-09-15 08:30:00,2026-09-01 05:00:09,1,NSW1,,87.49762,0,,0,PUBLIC_PREDISPATCHIS_202609150830_20260915080158.zip
2026-09-15 08:30:00,2026-09-01 05:00:09,1,NSW1,,87.03243,0,,0,PUBLIC_PREDISPATCHIS_202609150830_20260915080158.zip
2026-09-15 08:30:00,2026-09-01 05:00:09,1,NSW1,,83.99,0,,0,PUBLIC_PREDISPATCHIS_202609150830_20260915080158.zip
2026-09-15 08:30:00,2026-09-01 05:00:09,1,NSW1,,83.99,0,,0,PUBLIC_PREDISPATCHIS_202609150830_20260915080158.zip
2026-09-15 08:30:00,2026-09-01 05:00:09,1,NSW1,,83.99,0,,0,PUBLIC_PREDISPATCHIS_202609150830_20260915080158.zip
2026-09-15 08:30:00,2026-09-01 05:00:09,1,NSW1,,83.99,0,,0,PUBLIC_PREDISPATCHIS_202609150830_20260915080158.zip
2026-09-15 08:30:00,2026-09-01 05:00:09,1,NSW1,,83.99,0,,0,PUBLIC_PREDISPATCHIS_202609150830_20260915080158.zip
2026-09-15 08:30:00,2026-09-01 05:00:09,1,QLD1,,6.85,0,,0,PUBLIC_PREDISPATCHIS_202609150830_20260915080158.zip
2026-09-15 08:30:00,2026-09-01 05:00:09,1,QLD1,,-3.65276,0,,0,PUBLIC_PREDISPATCHIS_202609150830_20260915080158.zip
2026-09-15 08:30:00,2026-09-01 05:00:09,1,QLD1,,-8.0,0,,0,PUBLIC_PREDISPATCHIS_202609150830_20260915080158.zip
2026-09-15 08:30:00,2026-09-01 05:00:09,1,QLD1,,-8.51,0,,0,PUBLIC_PREDISPATCHIS_202609150830_20260915080158.zip
2026-09-15 08:30:00,2026-09-01 05:00:09,1,QLD1,,-8.51,0,,0,PUBLIC_PREDISPATCHIS_202609150830_20260915080158.zip
2026-09-15 08:30:00,2026-09-01 05:00:09,1,QLD1,,-8.51,0,,0,PUBLIC_PREDISPATCHIS_202609150830_20260915080158.zip
2026-09-15 08:30:00,2026-09-01 05:00:09,1,QLD1,,-10.58126,0,,0,PUBLIC_PREDISPATCHIS_202609150830_20260915080158.zip
2026-09-15 08:30:00,2026-09-01 05:00:09,1,QLD1,,-10.86601,0,,0,PUBLIC_PREDISPATCHIS_202609150830_20260915080158.zip
2026-09-15 08:30:00,2026-09-01 05:00:09,1,QLD1,,-10.52567,0,,0,PUBLIC_PREDISPATCHIS_202609150830_20260915080158.zip
2026-09-15 08:30:00,2026-09-01 05:00:09,1,QLD1,,-10.12995,0,,0,PUBLIC_PREDISPATCHIS_202609150830_20260915080158.zip
2026-09-15 08:30:00,2026-09-01 05:00:09,1,QLD1,,-17.99305,0,,0,PUBLIC_PREDISPATCHIS_202609150830_20260915080158.zip
2026-09-15 08:30:00,2026-09-01 05:00:09,1,QLD1,,-21.88386,0,,0,PUBLIC_PREDISPATCHIS_202609150830_20260915080158.zip
2026-09-15 08:30:00,2026-09-01 05:00:09,1,QLD1,,-22.09659,0,,0,PUBLIC_PREDISPATCHIS_202609150830_20260915080158.zip
2026-09-15 08:30:00,2026-09-01 05:00:09,1,QLD1,,-21.78646,0,,0,PUBLIC_PREDISPATCHIS_202609150830_20260915080158.zip
2026-09-15 08:30:00,2026-09-01 05:00:09,1,QLD1,,-22.20514,0,,0,PUBLIC_PREDISPATCHIS_202609150830_20260915080158.zip
2026-09-15 08:30:00,2026-09-01 05:00:09,1,QLD1,,-8.14,0,,0,PUBLIC_PREDISPATCHIS_202609150830_20260915080158.zip
2026-09-15 08:30:00,2026-09-01 05:00:09,1,QLD1,,-5.25872,0,,0,PUBLIC_PREDISPATCHIS_202609150830_20260915080158.zip
2026-09-15 08:30:00,2026-09-01 05:00:09,1,QLD1,,43.79771,0,,0,PUBLIC_PREDISPATCHIS_202609150830_20260915080158.zip
2026-09-15 08:30:00,2026-09-01 05:00:09,1,QLD1,,72.33375,0,,0,PUBLIC_PREDISPATCHIS_202609150830_20260915080158.zip
2026-09-15 08:30:00,2026-09-01 05:00:09,1,QLD1,,87.73,0,,0,PUBLIC_PREDISPATCHIS_202609150830_20260915080158.zip
2026-09-15 08:30:00,2026-09-01 05:00:09,1,QLD1,,88.87,0,,0,PUBLIC_PREDISPATCHIS_202609150830_20260915080158.zip
2026-09-15 08:30:00,2026-09-01 05:00:09,1,QLD1,,84.5,0,,0,PUBLIC_PREDISPATCHIS_202609150830_20260915080158.zip
2026-09-15 08:30:00,2026-09-01 05:00:09,1,QLD1,,88.87,0,,0,PUBLIC_PREDISPATCHIS_202609150830_20260915080158.zip
2026-09-15 08:30:00,2026-09-01 05:00:09,1,QLD1,,88.69372,0,,0,PUBLIC_PREDISPATCHIS_202609150830_20260915080158.zip
2026-09-15 08:30:00,2026-09-01 05:00:09,1,QLD1,,88.87,0,,0,PUBLIC_PREDISPATCHIS_202609150830_20260915080158.zip
2026-09-15 08:30:00,2026-09-01 05:00:09,1,QLD1,,87.73,0,,0,PUBLIC_PREDISPATCHIS_202609150830_20260915080158.zip
2026-09-15 08:30:00,2026-09-01 05:00:09,1,QLD1,,85.66655,0,,0,PUBLIC_PREDISPATCHIS_202609150830_20260915080158.zip
2026-09-15 08:30:00,2026-09-01 05:00:09,1,QLD1,,89.73,0,,0,PUBLIC_PREDISPATCHIS_202609150830_20260915080158.zip
2026-09-15 08:30:00,2026-09-01 05:00:09,1,QLD1,,88.18648,0,,0,PUBLIC_PREDISPATCHIS_202609150830_20260915080158.zip
2026-09-15 08:30:00,2026-09-01 05:00:09,1,QLD1,,90.70717,0,,0,PUBLIC_PREDISPATCHIS_202609150830_20260915080158.zip
2026-09-15 08:30:00,2026-09-01 05:00:09,1,QLD1,,78.73009,0,,0,PUBLIC_PREDISPATCHIS_202609150830_20260915080158.zip
2026-09-15 08:30:00,2026-09-01 05:00:09,1,QLD1,,78.52,0,,0,PUBLIC_PREDISPATCHIS_202609150830_20260915080158.zip
2026-09-15 08:30:00,2026-09-01 05:00:09,1,QLD1,,78.73006,0,,0,PUBLIC_PREDISPATCHIS_202609150830_20260915080158.zip
2026-09-15 08:30:00,2026-09-01 05:00:09,1,QLD1,,78.73006,0,,0,PUBLIC_PREDISPATCHIS_202609150830_20260915080158.zip
2026-09-15 08:30:00,2026-09-01 05:00:09,1,QLD1,,78.73006,0,,0,PUBLIC_PREDISPATCHIS_202609150830_20260915080158.zip
2026-09-15 08:30:00,2026-09-01 05:00:09,1,QLD1,,78.39081,0,,0,PUBLIC_PREDISPATCHIS_202609150830_20260915080158.zip
2026-09-15 08:30:00,2026-09-01 05:00:09,1,QLD1,,78.35841,0,,0,PUBLIC_PREDISPATCHIS_202609150830_20260915080158.zip
2026-09-15 08:30:00,2026-09-01 05:00:09,1,QLD1,,78.52,0,,0,PUBLIC_PREDISPATCHIS_202609150830_20260915080158.zip
2026-09-15 08:30:00,2026-09-01 05:00:09,1,QLD1,,78.73006,0,,0,PUBLIC_PREDISPATCHIS_202609150830_20260915080158.zip
2026-09-15 08:30:00,2026-09-01 05:00:09,1,QLD1,,78.52,0,,0,PUBLIC_PREDISPATCHIS_202609150830_20260915080158.zip
2026-09-15 08:30:00,2026-09-01 05:00:09,1,SA1,,-0.54436,0,,0,PUBLIC_PREDISPATCHIS_202609150830_20260915080158.zip
2026-09-15 08:30:00,2026-09-01 05:00:09,1,SA1,,-7.15,0,,0,PUBLIC_PREDISPATCHIS_202609150830_20260915080158.zip
2026-09-15 08:30:00,2026-09-01 05:00:09,1,SA1,,-16.56144,0,,0,PUBLIC_PREDISPATCHIS_202609150830_20260915080158.zip
2026-09-15 08:30:00,2026-09-01 05:00:09,1,SA1,,-26.24729,0,,0,PUBLIC_PREDISPATCHIS_202609150830_20260915080158.zip
2026-09-15 08:30:00,2026-09-01 05:00:09,1,SA1,,-26.73915,0,,0,PUBLIC_PREDISPATCHIS_202609150830_20260915080158.zip
2026-09-15 08:30:00,2026-09-01 05:00:09,1,SA1,,-45.84967,0,,0,PUBLIC_PREDISPATCHIS_202609150830_20260915080158.zip
2026-09-15 08:30:00,2026-09-01 05:00:09,1,SA1,,-29.02,0,,0,PUBLIC_PREDISPATCHIS_202609150830_20260915080158.zip
2026-09-15 08:30:00,2026-09-01 05:00:09,1,SA1,,-46.67148,0,,0,PUBLIC_PREDISPATCHIS_202609150830_20260915080158.zip
2026-09-15 08:30:00,2026-09-01 05:00:09,1,SA1,,-29.02,0,,0,PUBLIC_PREDISPATCHIS_202609150830_20260915080158.zip
2026-09-15 08:30:00,2026-09-01 05:00:09,1,SA1,,-44.61203,0,,0,PUBLIC_PREDISPATCHIS_202609150830_20260915080158.zip
2026-09-15 08:30:00,2026-09-01 05:00:09,1,SA1,,-49.66673,0,,0,PUBLIC_PREDISPATCHIS_202609150830_20260915080158.zip
2026-09-15 08:30:00,2026-09-01 05:00:09,1,SA1,,-47.70881,0,,0,PUBLIC_PREDISPATCHIS_202609150830_20260915080158.zip
2026-09-15 08:30:00,2026-09-01 05:00:09,1,SA1,,-44.93903,0,,0,PUBLIC_PREDISPATCHIS_202609150830_20260915080158.zip
2026-09-15 08:30:00,2026-09-01 05:00:09,1,SA1,,-44.79686,0,,0,PUBLIC_PREDISPATCHIS_202609150830_20260915080158.zip
2026-09-15 08:30:00,2026-09-01 05:00:09,1,SA1,,-45.72307,0,,0,PUBLIC_PREDISPATCHIS_202609150830_20260915080158.zip
2026-09-15 08:30:00,2026-09-01 05:00:09,1,SA1,,-42.26722,0,,0,PUBLIC_PREDISPATCHIS_202609150830_20260915080158.zip
2026-09-15 08:30:00,2026-09-01 05:00:09,1,SA1,,-38.99131,0,,0,PUBLIC_PREDISPATCHIS_202609150830_20260915080158.zip
2026-09-15 08:30:00,2026-09-01 05:00:09,1,SA1,,-17.32869,0,,0,PUBLIC_PREDISPATCHIS_202609150830_20260915080158.zip
2026-09-15 08:30:00,2026-09-01 05:00:09,1,SA1,,-1.09995,0,,0,PUBLIC_PREDISPATCHIS_202609150830_20260915080158.zip
2026-09-15 08:30:00,2026-09-01 05:00:09,1,SA1,,41.64014,0,,0,PUBLIC_PREDISPATCHIS_202609150830_20260915080158.zip
2026-09-15 08:30:00,2026-09-01 05:00:09,1,SA1,,60.24572,0,,0,PUBLIC_PREDISPATCHIS_202609150830_20260915080158.zip
2026-09-15 08:30:00,2026-09-01 05:00:09,1,SA1,,98.03,0,,0,PUBLIC_PREDISPATCHIS_202609150830_20260915080158.zip
2026-09-15 08:30:00,2026-09-01 05:00:09,1,SA1,,80.12979,0,,0,PUBLIC_PREDISPATCHIS_202609150830_20260915080158.zip
2026-09-15 08:30:00,2026-09-01 05:00:09,1,SA1,,80.82562,0,,0,PUBLIC_PREDISPATCHIS_202609150830_20260915080158.zip
2026-09-15 08:30:00,2026-09-01 05:00:09,1,SA1,,80.94905,0,,0,PUBLIC_PREDISPATCHIS_202609150830_20260915080158.zip
2026-09-15 08:30:00,2026-09-01 05:00:09,1,SA1,,79.51892,0,,0,PUBLIC_PREDISPATCHIS_202609150830_20260915080158.zip
2026-09-15 08:30:00,2026-09-01 05:00:09,1,SA1,,80.75606,0,,0,PUBLIC_PREDISPATCHIS_202609150830_20260915080158.zip
2026-09-15 08:30:00,2026-09-01 05:00:09,1,SA1,,93.16245,0,,0,PUBLIC_PREDISPATCHIS_202609150830_20260915080158.zip
2026-09-15 08:30:00,2026-09-01 05:00:09,1,SA1,,85.79333,0,,0,PUBLIC_PREDISPATCHIS_202609150830_20260915080158.zip
2026-09-15 08:30:00,2026-09-01 05:00:09,1,SA1,,89.74393,0,,0,PUBLIC_PREDISPATCHIS_202609150830_20260915080158.zip
2026-09-15 08:30:00,2026-09-01 05:00:09,1,SA1,,44.97549,0,,0,PUBLIC_PREDISPATCHIS_202609150830_20260915080158.zip
2026-09-15 08:30:00,2026-09-01 05:00:09,1,SA1,,54.00819,0,,0,PUBLIC_PREDISPATCHIS_202609150830_20260915080158.zip
2026-09-15 08:30:00,2026-09-01 05:00:09,1,SA1,,75.83571,0,,0,PUBLIC_PREDISPATCHIS_202609150830_20260915080158.zip
2026-09-15 08:30:00,2026-09-01 05:00:09,1,SA1,,78.97597,0,,0,PUBLIC_PREDISPATCHIS_202609150830_20260915080158.zip
2026-09-15 08:30:00,2026-09-01 05:00:09,1,SA1,,79.19119,0,,0,PUBLIC_PREDISPATCHIS_202609150830_20260915080158.zip
2026-09-15 08:30:00,2026-09-01 05:00:09,1,SA1,,76.25005,0,,0,PUBLIC_PREDISPATCHIS_202609150830_20260915080158.zip
2026-09-15 08:30:00,2026-09-01 05:00:09,1,SA1,,75.03754,0,,0,PUBLIC_PREDISPATCHIS_202609150830_20260915080158.zip
2026-09-15 08:30:00,2026-09-01 05:00:09,1,SA1,,74.88235,0,,0,PUBLIC_PREDISPATCHIS_202609150830_20260915080158.zip
2026-09-15 08:30:00,2026-09-01 05:00:09,1,SA1,,74.42658,0,,0,PUBLIC_PREDISPATCHIS_202609150830_20260915080158.zip
2026-09-15 08:30:00,2026-09-01 05:00:09,1,SA1,,74.54666,0,,0,PUBLIC_PREDISPATCHIS_202609150830_20260915080158.zip
2026-09-15 08:30:00,2026-09-01 05:00:09,1,TAS1,,-0.57188,0,,0,PUBLIC_PREDISPATCHIS_202609150830_20260915080158.zip
2026-09-15 08:30:00,2026-09-01 05:00:09,1,TAS1,,-6.81054,0,,0,PUBLIC_PREDISPATCHIS_202609150830_20260915080158.zip
2026-09-15 08:30:00,2026-09-01 05:00:09,1,TAS1,,10.22,0,,0,PUBLIC_PREDISPATCHIS_202609150830_20260915080158.zip
2026-09-15 08:30:00,2026-09-01 05:00:09,1,TAS1,,3.14,0,,0,PUBLIC_PREDISPATCHIS_202609150830_20260915080158.zip
2026-09-15 08:30:00,2026-09-01 05:00:09,1,TAS1,,-15.01,0,,0,PUBLIC_PREDISPATCHIS_202609150830_20260915080158.zip
2026-09-15 08:30:00,2026-09-01 05:00:09,1,TAS1,,-15.01,0,,0,PUBLIC_PREDISPATCHIS_202609150830_20260915080158.zip
2026-09-15 08:30:00,2026-09-01 05:00:09,1,TAS1,,-28.09451,0,,0,PUBLIC_PREDISPATCHIS_202609150830_20260915080158.zip
2026-09-15 08:30:00,2026-09-01 05:00:09,1,TAS1,,-45.15181,0,,0,PUBLIC_PREDISPATCHIS_202609150830_20260915080158.zip
2026-09-15 08:30:00,2026-09-01 05:00:09,1,TAS1,,-58.91,0,,0,PUBLIC_PREDISPATCHIS_202609150830_20260915080158.zip
2026-09-15 08:30:00,2026-09-01 05:00:09,1,TAS1,,-45.31052,0,,0,PUBLIC_PREDISPATCHIS_202609150830_20260915080158.zip
2026-09-15 08:30:00,2026-09-01 05:00:09,1,TAS1,,-15.01,0,,0,PUBLIC_PREDISPATCHIS_202609150830_20260915080158.zip
2026-09-15 08:30:00,2026-09-01 05:00:09,1,TAS1,,-15.01,0,,0,PUBLIC_PREDISPATCHIS_202609150830_20260915080158.zip
2026-09-15 08:30:00,2026-09-01 05:00:09,1,TAS1,,-15.01,0,,0,PUBLIC_PREDISPATCHIS_202609150830_20260915080158.zip
2026-09-15 08:30:00,2026-09-01 05:00:09,1,TAS1,,-15.01,0,,0,PUBLIC_PREDISPATCHIS_202609150830_20260915080158.zip
2026-09-15 08:30:00,2026-09-01 05:00:09,1,TAS1,,10.22,0,,0,PUBLIC_PREDISPATCHIS_202609150830_20260915080158.zip
2026-09-15 08:30:00,2026-09-01 05:00:09,1,TAS1,,0.04,0,,0,PUBLIC_PREDISPATCHIS_202609150830_20260915080158.zip
2026-09-15 08:30:00,2026-09-01 05:00:09,1,TAS1,,10.22,0,,0,PUBLIC_PREDISPATCHIS_202609150830_20260915080158.zip
2026-09-15 08:30:00,2026-09-01 05:00:09,1,TAS1,,-15.01,0,,0,PUBLIC_PREDISPATCHIS_202609150830_20260915080158.zip
2026-09-15 08:30:00,2026-09-01 05:00:09,1,TAS1,,-1.13448,0,,0,PUBLIC_PREDISPATCHIS_202609150830_20260915080158.zip
2026-09-15 08:30:00,2026-09-01 05:00:09,1,TAS1,,36.09784,0,,0,PUBLIC_PREDISPATCHIS_202609150830_20260915080158.zip
2026-09-15 08:30:00,2026-09-01 05:00:09,1,TAS1,,55.74544,0,,0,PUBLIC_PREDISPATCHIS_202609150830_20260915080158.zip
2026-09-15 08:30:00,2026-09-01 05:00:09,1,TAS1,,65.9466,0,,0,PUBLIC_PREDISPATCHIS_202609150830_20260915080158.zip
2026-09-15 08:30:00,2026-09-01 05:00:09,1,TAS1,,73.99489,0,,0,PUBLIC_PREDISPATCHIS_202609150830_20260915080158.zip
2026-09-15 08:30:00,2026-09-01 05:00:09,1,TAS1,,73.76976,0,,0,PUBLIC_PREDISPATCHIS_202609150830_20260915080158.zip
2026-09-15 08:30:00,2026-09-01 05:00:09,1,TAS1,,74.22013,0,,0,PUBLIC_PREDISPATCHIS_202609150830_20260915080158.zip
2026-09-15 08:30:00,2026-09-01 05:00:09,1,TAS1,,73.79895,0,,0,PUBLIC_PREDISPATCHIS_202609150830_20260915080158.zip
2026-09-15 08:30:00,2026-09-01 05:00:09,1,TAS1,,73.59586,0,,0,PUBLIC_PREDISPATCHIS_202609150830_20260915080158.zip
2026-09-15 08:30:00,2026-09-01 05:00:09,1,TAS1,,84.91145,0,,0,PUBLIC_PREDISPATCHIS_202609150830_20260915080158.zip
2026-09-15 08:30:00,2026-09-01 05:00:09,1,TAS1,,77.18799,0,,0,PUBLIC_PREDISPATCHIS_202609150830_20260915080158.zip
2026-09-15 08:30:00,2026-09-01 05:00:09,1,TAS1,,80.33684,0,,0,PUBLIC_PREDISPATCHIS_202609150830_20260915080158.zip
2026-09-15 08:30:00,2026-09-01 05:00:09,1,TAS1,,38.55241,0,,0,PUBLIC_PREDISPATCHIS_202609150830_20260915080158.zip
2026-09-15 08:30:00,2026-09-01 05:00:09,1,TAS1,,47.18615,0,,0,PUBLIC_PREDISPATCHIS_202609150830_20260915080158.zip
2026-09-15 08:30:00,2026-09-01 05:00:09,1,TAS1,,68.3701,0,,0,PUBLIC_PREDISPATCHIS_202609150830_20260915080158.zip
2026-09-15 08:30:00,2026-09-01 05:00:09,1,TAS1,,71.32297,0,,0,PUBLIC_PREDISPATCHIS_202609150830_20260915080158.zip
2026-09-15 08:30:00,2026-09-01 05:00:09,1,TAS1,,71.44817,0,,0,PUBLIC_PREDISPATCHIS_202609150830_20260915080158.zip
2026-09-15 08:30:00,2026-09-01 05:00:09,1,TAS1,,67.61225,0,,0,PUBLIC_PREDISPATCHIS_202609150830_20260915080158.zip
2026-09-15 08:30:00,2026-09-01 05:00:09,1,TAS1,,67.41759,0,,0,PUBLIC_PREDISPATCHIS_202609150830_20260915080158.zip
2026-09-15 08:30:00,2026-09-01 05:00:09,1,TAS1,,68.08782,0,,0,PUBLIC_PREDISPATCHIS_202609150830_20260915080158.zip
2026-09-15 08:30:00,2026-09-01 05:00:09,1,TAS1,,68.01368,0,,0,PUBLIC_PREDISPATCHIS_202609150830_20260915080158.zip
2026-09-15 08:30:00,2026-09-01 05:00:09,1,TAS1,,68.70402,0,,0,PUBLIC_PREDISPATCHIS_202609150830_20260915080158.zip
2026-09-15 08:30:00,2026-09-01 05:00:09,1,VIC1,,-0.55,0,,0,PUBLIC_PREDISPATCHIS_202609150830_20260915080158.zip
2026-09-15 08:30:00,2026-09-01 05:00:09,1,VIC1,,-6.60888,0,,0,PUBLIC_PREDISPATCHIS_202609150830_20260915080158.zip
2026-09-15 08:30:00,2026-09-01 05:00:09,1,VIC1,,-15.4818,0,,0,PUBLIC_PREDISPATCHIS_202609150830_20260915080158.zip
2026-09-15 08:30:00,2026-09-01 05:00:09,1,VIC1,,-24.78526,0,,0,PUBLIC_PREDISPATCHIS_202609150830_20260915080158.zip
2026-09-15 08:30:00,2026-09-01 05:00:09,1,VIC1,,-25.23472,0,,0,PUBLIC_PREDISPATCHIS_202609150830_20260915080158.zip
2026-09-15 08:30:00,2026-09-01 05:00:09,1,VIC1,,-42.36628,0,,0,PUBLIC_PREDISPATCHIS_202609150830_20260915080158.zip
2026-09-15 08:30:00,2026-09-01 05:00:09,1,VIC1,,-27.75176,0,,0,PUBLIC_PREDISPATCHIS_202609150830_20260915080158.zip
2026-09-15 08:30:00,2026-09-01 05:00:09,1,VIC1,,-44.73,0,,0,PUBLIC_PREDISPATCHIS_202609150830_20260915080158.zip
2026-09-15 08:30:00,2026-09-01 05:00:09,1,VIC1,,-57.61531,0,,0,PUBLIC_PREDISPATCHIS_202609150830_20260915080158.zip
2026-09-15 08:30:00,2026-09-01 05:00:09,1,VIC1,,-45.0,0,,0,PUBLIC_PREDISPATCHIS_202609150830_20260915080158.zip
2026-09-15 08:30:00,2026-09-01 05:00:09,1,VIC1,,-50.01,0,,0,PUBLIC_PREDISPATCHIS_202609150830_20260915080158.zip
2026-09-15 08:30:00,2026-09-01 05:00:09,1,VIC1,,-47.92903,0,,0,PUBLIC_PREDISPATCHIS_202609150830_20260915080158.zip
2026-09-15 08:30:00,2026-09-01 05:00:09,1,VIC1,,-45.0,0,,0,PUBLIC_PREDISPATCHIS_202609150830_20260915080158.zip
2026-09-15 08:30:00,2026-09-01 05:00:09,1,VIC1,,-44.73,0,,0,PUBLIC_PREDISPATCHIS_202609150830_20260915080158.zip
2026-09-15 08:30:00,2026-09-01 05:00:09,1,VIC1,,-44.73,0,,0,PUBLIC_PREDISPATCHIS_202609150830_20260915080158.zip
2026-09-15 08:30:00,2026-09-01 05:00:09,1,VIC1,,-40.57008,0,,0,PUBLIC_PREDISPATCHIS_202609150830_20260915080158.zip
2026-09-15 08:30:00,2026-09-01 05:00:09,1,VIC1,,-38.38581,0,,0,PUBLIC_PREDISPATCHIS_202609150830_20260915080158.zip
2026-09-15 08:30:00,2026-09-01 05:00:09,1,VIC1,,-16.54,0,,0,PUBLIC_PREDISPATCHIS_202609150830_20260915080158.zip
2026-09-15 08:30:00,2026-09-01 05:00:09,1,VIC1,,-1.11296,0,,0,PUBLIC_PREDISPATCHIS_202609150830_20260915080158.zip
2026-09-15 08:30:00,2026-09-01 05:00:09,1,VIC1,,8.94,0,,0,PUBLIC_PREDISPATCHIS_202609150830_20260915080158.zip
2026-09-15 08:30:00,2026-09-01 05:00:09,1,VIC1,,50.42,0,,0,PUBLIC_PREDISPATCHIS_202609150830_20260915080158.zip
2026-09-15 08:30:00,2026-09-01 05:00:09,1,VIC1,,68.98008,0,,0,PUBLIC_PREDISPATCHIS_202609150830_20260915080158.zip
2026-09-15 08:30:00,2026-09-01 05:00:09,1,VIC1,,77.64,0,,0,PUBLIC_PREDISPATCHIS_202609150830_20260915080158.zip
2026-09-15 08:30:00,2026-09-01 05:00:09,1,VIC1,,77.64,0,,0,PUBLIC_PREDISPATCHIS_202609150830_20260915080158.zip
2026-09-15 08:30:00,2026-09-01 05:00:09,1,VIC1,,77.86373,0,,0,PUBLIC_PREDISPATCHIS_202609150830_20260915080158.zip
2026-09-15 08:30:00,2026-09-01 05:00:09,1,VIC1,,77.64,0,,0,PUBLIC_PREDISPATCHIS_202609150830_20260915080158.zip
2026-09-15 08:30:00,2026-09-01 05:00:09,1,VIC1,,77.64,0,,0,PUBLIC_PREDISPATCHIS_202609150830_20260915080158.zip
2026-09-15 08:30:00,2026-09-01 05:00:09,1,VIC1,,89.54851,0,,0,PUBLIC_PREDISPATCHIS_202609150830_20260915080158.zip
2026-09-15 08:30:00,2026-09-01 05:00:09,1,VIC1,,82.12405,0,,0,PUBLIC_PREDISPATCHIS_202609150830_20260915080158.zip
2026-09-15 08:30:00,2026-09-01 05:00:09,1,VIC1,,86.24544,0,,0,PUBLIC_PREDISPATCHIS_202609150830_20260915080158.zip
2026-09-15 08:30:00,2026-09-01 05:00:09,1,VIC1,,12.96,0,,0,PUBLIC_PREDISPATCHIS_202609150830_20260915080158.zip
2026-09-15 08:30:00,2026-09-01 05:00:09,1,VIC1,,32.18,0,,0,PUBLIC_PREDISPATCHIS_202609150830_20260915080158.zip
2026-09-15 08:30:00,2026-09-01 05:00:09,1,VIC1,,74.04407,0,,0,PUBLIC_PREDISPATCHIS_202609150830_20260915080158.zip
2026-09-15 08:30:00,2026-09-01 05:00:09,1,VIC1,,77.45992,0,,0,PUBLIC_PREDISPATCHIS_202609150830_20260915080158.zip
2026-09-15 08:30:00,2026-09-01 05:00:09,1,VIC1,,77.57128,0,,0,PUBLIC_PREDISPATCHIS_202609150830_20260915080158.zip
2026-09-15 08:30:00,2026-09-01 05:00:09,1,VIC1,,73.61817,0,,0,PUBLIC_PREDISPATCHIS_202609150830_20260915080158.zip
2026-09-15 08:30:00,2026-09-01 05:00:09,1,VIC1,,72.93395,0,,0,PUBLIC_PREDISPATCHIS_202609150830_20260915080158.zip
2026-09-15 08:30:00,2026-09-01 05:00:09,1,VIC1,,73.41923,0,,0,PUBLIC_PREDISPATCHIS_202609150830_20260915080158.zip
2026-09-15 08:30:00,2026-09-01 05:00:09,1,VIC1,,73.33086,0,,0,PUBLIC_PREDISPATCHIS_202609150830_20260915080158.zip
2026-09-15 08:30:00,2026-09-01 05:00:09,1,VIC1,,73.84352,0,,0,PUBLIC_PREDISPATCHIS_202609150830_20260915080158.zip
2026-09-15 09:00:00,2026-09-01 05:01:00,1,NSW1,,11.5,0,,0,PUBLIC_PREDISPATCHIS_202609150900_20260915083158.zip
2026-09-15 09:00:00,2026-09-01 05:01:00,1,NSW1,,-7.36904,0,,0,PUBLIC_PREDISPATCHIS_202609150900_20260915083158.zip
2026-09-15 09:00:00,2026-09-01 05:01:00,1,NSW1,,-8.95245,0,,0,PUBLIC_PREDISPATCHIS_202609150900_20260915083158.zip
2026-09-15 09:00:00,2026-09-01 05:01:00,1,NSW1,,-8.92267,0,,0,PUBLIC_PREDISPATCHIS_202609150900_20260915083158.zip
2026-09-15 09:00:00,2026-09-01 05:01:00,1,NSW1,,-9.0505,0,,0,PUBLIC_PREDISPATCHIS_202609150900_20260915083158.zip
2026-09-15 09:00:00,2026-09-01 05:01:00,1,NSW1,,-8.82901,0,,0,PUBLIC_PREDISPATCHIS_202609150900_20260915083158.zip
2026-09-15 09:00:00,2026-09-01 05:01:00,1,NSW1,,-8.52994,0,,0,PUBLIC_PREDISPATCHIS_202609150900_20260915083158.zip
2026-09-15 09:00:00,2026-09-01 05:01:00,1,NSW1,,-12.4891,0,,0,PUBLIC_PREDISPATCHIS_202609150900_20260915083158.zip
2026-09-15 09:00:00,2026-09-01 05:01:00,1,NSW1,,-18.51,0,,0,PUBLIC_PREDISPATCHIS_202609150900_20260915083158.zip
2026-09-15 09:00:00,2026-09-01 05:01:00,1,NSW1,,-13.56037,0,,0,PUBLIC_PREDISPATCHIS_202609150900_20260915083158.zip
2026-09-15 09:00:00,2026-09-01 05:01:00,1,NSW1,,-10.4999,0,,0,PUBLIC_PREDISPATCHIS_202609150900_20260915083158.zip
2026-09-15 09:00:00,2026-09-01 05:01:00,1,NSW1,,-27.64338,0,,0,PUBLIC_PREDISPATCHIS_202609150900_20260915083158.zip
2026-09-15 09:00:00,2026-09-01 05:01:00,1,NSW1,,-18.51,0,,0,PUBLIC_PREDISPATCHIS_202609150900_20260915083158.zip
2026-09-15 09:00:00,2026-09-01 05:01:00,1,NSW1,,-23.5,0,,0,PUBLIC_PREDISPATCHIS_202609150900_20260915083158.zip
2026-09-15 09:00:00,2026-09-01 05:01:00,1,NSW1,,-7.71314,0,,0,PUBLIC_PREDISPATCHIS_202609150900_20260915083158.zip
2026-09-15 09:00:00,2026-09-01 05:01:00,1,NSW1,,-5.75378,0,,0,PUBLIC_PREDISPATCHIS_202609150900_20260915083158.zip
2026-09-15 09:00:00,2026-09-01 05:01:00,1,NSW1,,38.35036,0,,0,PUBLIC_PREDISPATCHIS_202609150900_20260915083158.zip
2026-09-15 09:00:00,2026-09-01 05:01:00,1,NSW1,,69.91,0,,0,PUBLIC_PREDISPATCHIS_202609150900_20260915083158.zip
2026-09-15 09:00:00,2026-09-01 05:01:00,1,NSW1,,76.31444,0,,0,PUBLIC_PREDISPATCHIS_202609150900_20260915083158.zip
2026-09-15 09:00:00,2026-09-01 05:01:00,1,NSW1,,72.75487,0,,0,PUBLIC_PREDISPATCHIS_202609150900_20260915083158.zip
2026-09-15 09:00:00,2026-09-01 05:01:00,1,NSW1,,77.32027,0,,0,PUBLIC_PREDISPATCHIS_202609150900_20260915083158.zip
2026-09-15 09:00:00,2026-09-01 05:01:00,1,NSW1,,83.99,0,,0,PUBLIC_PREDISPATCHIS_202609150900_20260915083158.zip
2026-09-15 09:00:00,2026-09-01 05:01:00,1,NSW1,,83.99,0,,0,PUBLIC_PREDISPATCHIS_202609150900_20260915083158.zip
2026-09-15 09:00:00,2026-09-01 05:01:00,1,NSW1,,83.99,0,,0,PUBLIC_PREDISPATCHIS_202609150900_20260915083158.zip
2026-09-15 09:00:00,2026-09-01 05:01:00,1,NSW1,,84.37322,0,,0,PUBLIC_PREDISPATCHIS_202609150900_20260915083158.zip
2026-09-15 09:00:00,2026-09-01 05:01:00,1,NSW1,,85.45225,0,,0,PUBLIC_PREDISPATCHIS_202609150900_20260915083158.zip
2026-09-15 09:00:00,2026-09-01 05:01:00,1,NSW1,,83.34,0,,0,PUBLIC_PREDISPATCHIS_202609150900_20260915083158.zip
2026-09-15 09:00:00,2026-09-01 05:01:00,1,NSW1,,85.38743,0,,0,PUBLIC_PREDISPATCHIS_202609150900_20260915083158.zip
2026-09-15 09:00:00,2026-09-01 05:01:00,1,NSW1,,88.4362,0,,0,PUBLIC_PREDISPATCHIS_202609150900_20260915083158.zip
2026-09-15 09:00:00,2026-09-01 05:01:00,1,NSW1,,92.67974,0,,0,PUBLIC_PREDISPATCHIS_202609150900_20260915083158.zip
2026-09-15 09:00:00,2026-09-01 05:01:00,1,NSW1,,85.01659,0,,0,PUBLIC_PREDISPATCHIS_202609150900_20260915083158.zip
2026-09-15 09:00:00,2026-09-01 05:01:00,1,NSW1,,74.03532,0,,0,PUBLIC_PREDISPATCHIS_202609150900_20260915083158.zip
2026-09-15 09:00:00,2026-09-01 05:01:00,1,NSW1,,87.50111,0,,0,PUBLIC_PREDISPATCHIS_202609150900_20260915083158.zip
2026-09-15 09:00:00,2026-09-01 05:01:00,1,NSW1,,83.99,0,,0,PUBLIC_PREDISPATCHIS_202609150900_20260915083158.zip
2026-09-15 09:00:00,2026-09-01 05:01:00,1,NSW1,,83.99,0,,0,PUBLIC_PREDISPATCHIS_202609150900_20260915083158.zip
2026-09-15 09:00:00,2026-09-01 05:01:00,1,NSW1,,83.99,0,,0,PUBLIC_PREDISPATCHIS_202609150900_20260915083158.zip
2026-09-15 09:00:00,2026-09-01 05:01:00,1,NSW1,,81.29325,0,,0,PUBLIC_PREDISPATCHIS_202609150900_20260915083158.zip
2026-09-15 09:00:00,2026-09-01 05:01:00,1,NSW1,,83.34,0,,0,PUBLIC_PREDISPATCHIS_202609150900_20260915083158.zip
2026-09-15 09:00:00,2026-09-01 05:01:00,1,NSW1,,83.09496,0,,0,PUBLIC_PREDISPATCHIS_202609150900_20260915083158.zip
2026-09-15 09:00:00,2026-09-01 05:01:00,1,QLD1,,-2.9999,0,,0,PUBLIC_PREDISPATCHIS_202609150900_20260915083158.zip
2026-09-15 09:00:00,2026-09-01 05:01:00,1,QLD1,,-6.48,0,,0,PUBLIC_PREDISPATCHIS_202609150900_20260915083158.zip
2026-09-15 09:00:00,2026-09-01 05:01:00,1,QLD1,,-8.13,0,,0,PUBLIC_PREDISPATCHIS_202609150900_20260915083158.zip
2026-09-15 09:00:00,2026-09-01 05:01:00,1,QLD1,,-8.5,0,,0,PUBLIC_PREDISPATCHIS_202609150900_20260915083158.zip
2026-09-15 09:00:00,2026-09-01 05:01:00,1,QLD1,,-8.5,0,,0,PUBLIC_PREDISPATCHIS_202609150900_20260915083158.zip
2026-09-15 09:00:00,2026-09-01 05:01:00,1,QLD1,,-8.51,0,,0,PUBLIC_PREDISPATCHIS_202609150900_20260915083158.zip
2026-09-15 09:00:00,2026-09-01 05:01:00,1,QLD1,,-8.07,0,,0,PUBLIC_PREDISPATCHIS_202609150900_20260915083158.zip
2026-09-15 09:00:00,2026-09-01 05:01:00,1,QLD1,,-12.6,0,,0,PUBLIC_PREDISPATCHIS_202609150900_20260915083158.zip
2026-09-15 09:00:00,2026-09-01 05:01:00,1,QLD1,,-18.20013,0,,0,PUBLIC_PREDISPATCHIS_202609150900_20260915083158.zip
2026-09-15 09:00:00,2026-09-01 05:01:00,1,QLD1,,-12.6,0,,0,PUBLIC_PREDISPATCHIS_202609150900_20260915083158.zip
2026-09-15 09:00:00,2026-09-01 05:01:00,1,QLD1,,-10.02728,0,,0,PUBLIC_PREDISPATCHIS_202609150900_20260915083158.zip
2026-09-15 09:00:00,2026-09-01 05:01:00,1,QLD1,,-25.01,0,,0,PUBLIC_PREDISPATCHIS_202609150900_20260915083158.zip
2026-09-15 09:00:00,2026-09-01 05:01:00,1,QLD1,,-17.49123,0,,0,PUBLIC_PREDISPATCHIS_202609150900_20260915083158.zip
2026-09-15 09:00:00,2026-09-01 05:01:00,1,QLD1,,-22.2046,0,,0,PUBLIC_PREDISPATCHIS_202609150900_20260915083158.zip
2026-09-15 09:00:00,2026-09-01 05:01:00,1,QLD1,,-8.14,0,,0,PUBLIC_PREDISPATCHIS_202609150900_20260915083158.zip
2026-09-15 09:00:00,2026-09-01 05:01:00,1,QLD1,,-5.99995,0,,0,PUBLIC_PREDISPATCHIS_202609150900_20260915083158.zip
2026-09-15 09:00:00,2026-09-01 05:01:00,1,QLD1,,39.75,0,,0,PUBLIC_PREDISPATCHIS_202609150900_20260915083158.zip
2026-09-15 09:00:00,2026-09-01 05:01:00,1,QLD1,,72.32438,0,,0,PUBLIC_PREDISPATCHIS_202609150900_20260915083158.zip
2026-09-15 09:00:00,2026-09-01 05:01:00,1,QLD1,,83.73,0,,0,PUBLIC_PREDISPATCHIS_202609150900_20260915083158.zip
2026-09-15 09:00:00,2026-09-01 05:01:00,1,QLD1,,88.87,0,,0,PUBLIC_PREDISPATCHIS_202609150900_20260915083158.zip
2026-09-15 09:00:00,2026-09-01 05:01:00,1,QLD1,,89.73,0,,0,PUBLIC_PREDISPATCHIS_202609150900_20260915083158.zip
2026-09-15 09:00:00,2026-09-01 05:01:00,1,QLD1,,89.43965,0,,0,PUBLIC_PREDISPATCHIS_202609150900_20260915083158.zip
2026-09-15 09:00:00,2026-09-01 05:01:00,1,QLD1,,88.09923,0,,0,PUBLIC_PREDISPATCHIS_202609150900_20260915083158.zip
2026-09-15 09:00:00,2026-09-01 05:01:00,1,QLD1,,87.94275,0,,0,PUBLIC_PREDISPATCHIS_202609150900_20260915083158.zip
2026-09-15 09:00:00,2026-09-01 05:01:00,1,QLD1,,87.73,0,,0,PUBLIC_PREDISPATCHIS_202609150900_20260915083158.zip
2026-09-15 09:00:00,2026-09-01 05:01:00,1,QLD1,,85.39,0,,0,PUBLIC_PREDISPATCHIS_202609150900_20260915083158.zip
2026-09-15 09:00:00,2026-09-01 05:01:00,1,QLD1,,84.5,0,,0,PUBLIC_PREDISPATCHIS_202609150900_20260915083158.zip
2026-09-15 09:00:00,2026-09-01 05:01:00,1,QLD1,,85.39,0,,0,PUBLIC_PREDISPATCHIS_202609150900_20260915083158.zip
2026-09-15 09:00:00,2026-09-01 05:01:00,1,QLD1,,85.39,0,,0,PUBLIC_PREDISPATCHIS_202609150900_20260915083158.zip
2026-09-15 09:00:00,2026-09-01 05:01:00,1,QLD1,,85.39,0,,0,PUBLIC_PREDISPATCHIS_202609150900_20260915083158.zip
2026-09-15 09:00:00,2026-09-01 05:01:00,1,QLD1,,78.73009,0,,0,PUBLIC_PREDISPATCHIS_202609150900_20260915083158.zip
2026-09-15 09:00:00,2026-09-01 05:01:00,1,QLD1,,72.5,0,,0,PUBLIC_PREDISPATCHIS_202609150900_20260915083158.zip
2026-09-15 09:00:00,2026-09-01 05:01:00,1,QLD1,,78.73006,0,,0,PUBLIC_PREDISPATCHIS_202609150900_20260915083158.zip
2026-09-15 09:00:00,2026-09-01 05:01:00,1,QLD1,,78.4312,0,,0,PUBLIC_PREDISPATCHIS_202609150900_20260915083158.zip
2026-09-15 09:00:00,2026-09-01 05:01:00,1,QLD1,,78.38209,0,,0,PUBLIC_PREDISPATCHIS_202609150900_20260915083158.zip
2026-09-15 09:00:00,2026-09-01 05:01:00,1,QLD1,,78.34931,0,,0,PUBLIC_PREDISPATCHIS_202609150900_20260915083158.zip
2026-09-15 09:00:00,2026-09-01 05:01:00,1,QLD1,,75.81763,0,,0,PUBLIC_PREDISPATCHIS_202609150900_20260915083158.zip
2026-09-15 09:00:00,2026-09-01 05:01:00,1,QLD1,,78.54,0,,0,PUBLIC_PREDISPATCHIS_202609150900_20260915083158.zip
2026-09-15 09:00:00,2026-09-01 05:01:00,1,QLD1,,78.52,0,,0,PUBLIC_PREDISPATCHIS_202609150900_20260915083158.zip
2026-09-15 09:00:00,2026-09-01 05:01:00,1,SA1,,-7.1,0,,0,PUBLIC_PREDISPATCHIS_202609150900_20260915083158.zip
2026-09-15 09:00:00,2026-09-01 05:01:00,1,SA1,,-12.62505,0,,0,PUBLIC_PREDISPATCHIS_202609150900_20260915083158.zip
2026-09-15 09:00:00,2026-09-01 05:01:00,1,SA1,,-23.08195,0,,0,PUBLIC_PREDISPATCHIS_202609150900_20260915083158.zip
2026-09-15 09:00:00,2026-09-01 05:01:00,1,SA1,,-23.38313,0,,0,PUBLIC_PREDISPATCHIS_202609150900_20260915083158.zip
2026-09-15 09:00:00,2026-09-01 05:01:00,1,SA1,,-20.0,0,,0,PUBLIC_PREDISPATCHIS_202609150900_20260915083158.zip
2026-09-15 09:00:00,2026-09-01 05:01:00,1,SA1,,-39.02,0,,0,PUBLIC_PREDISPATCHIS_202609150900_20260915083158.zip
2026-09-15 09:00:00,2026-09-01 05:01:00,1,SA1,,-39.02,0,,0,PUBLIC_PREDISPATCHIS_202609150900_20260915083158.zip
2026-09-15 09:00:00,2026-09-01 05:01:00,1,SA1,,-46.22999,0,,0,PUBLIC_PREDISPATCHIS_202609150900_20260915083158.zip
2026-09-15 09:00:00,2026-09-01 05:01:00,1,SA1,,-20.0,0,,0,PUBLIC_PREDISPATCHIS_202609150900_20260915083158.zip
2026-09-15 09:00:00,2026-09-01 05:01:00,1,SA1,,-20.0,0,,0,PUBLIC_PREDISPATCHIS_202609150900_20260915083158.zip
2026-09-15 09:00:00,2026-09-01 05:01:00,1,SA1,,-20.0,0,,0,PUBLIC_PREDISPATCHIS_202609150900_20260915083158.zip
2026-09-15 09:00:00,2026-09-01 05:01:00,1,SA1,,-42.11,0,,0,PUBLIC_PREDISPATCHIS_202609150900_20260915083158.zip
2026-09-15 09:00:00,2026-09-01 05:01:00,1,SA1,,-19.85,0,,0,PUBLIC_PREDISPATCHIS_202609150900_20260915083158.zip
2026-09-15 09:00:00,2026-09-01 05:01:00,1,SA1,,-45.33413,0,,0,PUBLIC_PREDISPATCHIS_202609150900_20260915083158.zip
2026-09-15 09:00:00,2026-09-01 05:01:00,1,SA1,,-37.86473,0,,0,PUBLIC_PREDISPATCHIS_202609150900_20260915083158.zip
2026-09-15 09:00:00,2026-09-01 05:01:00,1,SA1,,-32.44814,0,,0,PUBLIC_PREDISPATCHIS_202609150900_20260915083158.zip
2026-09-15 09:00:00,2026-09-01 05:01:00,1,SA1,,-14.99,0,,0,PUBLIC_PREDISPATCHIS_202609150900_20260915083158.zip
2026-09-15 09:00:00,2026-09-01 05:01:00,1,SA1,,-1.09995,0,,0,PUBLIC_PREDISPATCHIS_202609150900_20260915083158.zip
2026-09-15 09:00:00,2026-09-01 05:01:00,1,SA1,,34.42834,0,,0,PUBLIC_PREDISPATCHIS_202609150900_20260915083158.zip
2026-09-15 09:00:00,2026-09-01 05:01:00,1,SA1,,57.96526,0,,0,PUBLIC_PREDISPATCHIS_202609150900_20260915083158.zip
2026-09-15 09:00:00,2026-09-01 05:01:00,1,SA1,,96.63019,0,,0,PUBLIC_PREDISPATCHIS_202609150900_20260915083158.zip
2026-09-15 09:00:00,2026-09-01 05:01:00,1,SA1,,85.54014,0,,0,PUBLIC_PREDISPATCHIS_202609150900_20260915083158.zip
2026-09-15 09:00:00,2026-09-01 05:01:00,1,SA1,,80.79502,0,,0,PUBLIC_PREDISPATCHIS_202609150900_20260915083158.zip
2026-09-15 09:00:00,2026-09-01 05:01:00,1,SA1,,79.7462,0,,0,PUBLIC_PREDISPATCHIS_202609150900_20260915083158.zip
2026-09-15 09:00:00,2026-09-01 05:01:00,1,SA1,,82.16081,0,,0,PUBLIC_PREDISPATCHIS_202609150900_20260915083158.zip
2026-09-15 09:00:00,2026-09-01 05:01:00,1,SA1,,88.00777,0,,0,PUBLIC_PREDISPATCHIS_202609150900_20260915083158.zip
2026-09-15 09:00:00,2026-09-01 05:01:00,1,SA1,,81.78043,0,,0,PUBLIC_PREDISPATCHIS_202609150900_20260915083158.zip
2026-09-15 09:00:00,2026-09-01 05:01:00,1,SA1,,56.10614,0,,0,PUBLIC_PREDISPATCHIS_202609150900_20260915083158.zip
2026-09-15 09:00:00,2026-09-01 05:01:00,1,SA1,,78.21687,0,,0,PUBLIC_PREDISPATCHIS_202609150900_20260915083158.zip
2026-09-15 09:00:00,2026-09-01 05:01:00,1,SA1,,84.07276,0,,0,PUBLIC_PREDISPATCHIS_202609150900_20260915083158.zip
2026-09-15 09:00:00,2026-09-01 05:01:00,1,SA1,,45.7054,0,,0,PUBLIC_PREDISPATCHIS_202609150900_20260915083158.zip
2026-09-15 09:00:00,2026-09-01 05:01:00,1,SA1,,67.74539,0,,0,PUBLIC_PREDISPATCHIS_202609150900_20260915083158.zip
2026-09-15 09:00:00,2026-09-01 05:01:00,1,SA1,,79.70797,0,,0,PUBLIC_PREDISPATCHIS_202609150900_20260915083158.zip
2026-09-15 09:00:00,2026-09-01 05:01:00,1,SA1,,70.31616,0,,0,PUBLIC_PREDISPATCHIS_202609150900_20260915083158.zip
2026-09-15 09:00:00,2026-09-01 05:01:00,1,SA1,,72.98564,0,,0,PUBLIC_PREDISPATCHIS_202609150900_20260915083158.zip
2026-09-15 09:00:00,2026-09-01 05:01:00,1,SA1,,74.28048,0,,0,PUBLIC_PREDISPATCHIS_202609150900_20260915083158.zip
2026-09-15 09:00:00,2026-09-01 05:01:00,1,SA1,,55.65667,0,,0,PUBLIC_PREDISPATCHIS_202609150900_20260915083158.zip
2026-09-15 09:00:00,2026-09-01 05:01:00,1,SA1,,72.53985,0,,0,PUBLIC_PREDISPATCHIS_202609150900_20260915083158.zip
2026-09-15 09:00:00,2026-09-01 05:01:00,1,SA1,,72.73582,0,,0,PUBLIC_PREDISPATCHIS_202609150900_20260915083158.zip
2026-09-15 09:00:00,2026-09-01 05:01:00,1,TAS1,,-7.03155,0,,0,PUBLIC_PREDISPATCHIS_202609150900_20260915083158.zip
2026-09-15 09:00:00,2026-09-01 05:01:00,1,TAS1,,-12.3617,0,,0,PUBLIC_PREDISPATCHIS_202609150900_20260915083158.zip
2026-09-15 09:00:00,2026-09-01 05:01:00,1,TAS1,,-15.01,0,,0,PUBLIC_PREDISPATCHIS_202609150900_20260915083158.zip
2026-09-15 09:00:00,2026-09-01 05:01:00,1,TAS1,,-22.62688,0,,0,PUBLIC_PREDISPATCHIS_202609150900_20260915083158.zip
2026-09-15 09:00:00,2026-09-01 05:01:00,1,TAS1,,-25.11148,0,,0,PUBLIC_PREDISPATCHIS_202609150900_20260915083158.zip
2026-09-15 09:00:00,2026-09-01 05:01:00,1,TAS1,,-40.47685,0,,0,PUBLIC_PREDISPATCHIS_202609150900_20260915083158.zip
2026-09-15 09:00:00,2026-09-01 05:01:00,1,TAS1,,-40.28202,0,,0,PUBLIC_PREDISPATCHIS_202609150900_20260915083158.zip
2026-09-15 09:00:00,2026-09-01 05:01:00,1,TAS1,,-45.30373,0,,0,PUBLIC_PREDISPATCHIS_202609150900_20260915083158.zip
2026-09-15 09:00:00,2026-09-01 05:01:00,1,TAS1,,-56.36602,0,,0,PUBLIC_PREDISPATCHIS_202609150900_20260915083158.zip
2026-09-15 09:00:00,2026-09-01 05:01:00,1,TAS1,,-45.45844,0,,0,PUBLIC_PREDISPATCHIS_202609150900_20260915083158.zip
2026-09-15 09:00:00,2026-09-01 05:01:00,1,TAS1,,-46.03032,0,,0,PUBLIC_PREDISPATCHIS_202609150900_20260915083158.zip
2026-09-15 09:00:00,2026-09-01 05:01:00,1,TAS1,,-15.01,0,,0,PUBLIC_PREDISPATCHIS_202609150900_20260915083158.zip
2026-09-15 09:00:00,2026-09-01 05:01:00,1,TAS1,,-15.01,0,,0,PUBLIC_PREDISPATCHIS_202609150900_20260915083158.zip
2026-09-15 09:00:00,2026-09-01 05:01:00,1,TAS1,,-15.01,0,,0,PUBLIC_PREDISPATCHIS_202609150900_20260915083158.zip
2026-09-15 09:00:00,2026-09-01 05:01:00,1,TAS1,,-15.01,0,,0,PUBLIC_PREDISPATCHIS_202609150900_20260915083158.zip
2026-09-15 09:00:00,2026-09-01 05:01:00,1,TAS1,,-8.98,0,,0,PUBLIC_PREDISPATCHIS_202609150900_20260915083158.zip
2026-09-15 09:00:00,2026-09-01 05:01:00,1,TAS1,,-15.01,0,,0,PUBLIC_PREDISPATCHIS_202609150900_20260915083158.zip
2026-09-15 09:00:00,2026-09-01 05:01:00,1,TAS1,,-1.15648,0,,0,PUBLIC_PREDISPATCHIS_202609150900_20260915083158.zip
2026-09-15 09:00:00,2026-09-01 05:01:00,1,TAS1,,28.71342,0,,0,PUBLIC_PREDISPATCHIS_202609150900_20260915083158.zip
2026-09-15 09:00:00,2026-09-01 05:01:00,1,TAS1,,54.05741,0,,0,PUBLIC_PREDISPATCHIS_202609150900_20260915083158.zip
2026-09-15 09:00:00,2026-09-01 05:01:00,1,TAS1,,65.59608,0,,0,PUBLIC_PREDISPATCHIS_202609150900_20260915083158.zip
2026-09-15 09:00:00,2026-09-01 05:01:00,1,TAS1,,73.59335,0,,0,PUBLIC_PREDISPATCHIS_202609150900_20260915083158.zip
2026-09-15 09:00:00,2026-09-01 05:01:00,1,TAS1,,73.77489,0,,0,PUBLIC_PREDISPATCHIS_202609150900_20260915083158.zip
2026-09-15 09:00:00,2026-09-01 05:01:00,1,TAS1,,74.01157,0,,0,PUBLIC_PREDISPATCHIS_202609150900_20260915083158.zip
2026-09-15 09:00:00,2026-09-01 05:01:00,1,TAS1,,74.14729,0,,0,PUBLIC_PREDISPATCHIS_202609150900_20260915083158.zip
2026-09-15 09:00:00,2026-09-01 05:01:00,1,TAS1,,75.30562,0,,0,PUBLIC_PREDISPATCHIS_202609150900_20260915083158.zip
2026-09-15 09:00:00,2026-09-01 05:01:00,1,TAS1,,75.59139,0,,0,PUBLIC_PREDISPATCHIS_202609150900_20260915083158.zip
2026-09-15 09:00:00,2026-09-01 05:01:00,1,TAS1,,48.96981,0,,0,PUBLIC_PREDISPATCHIS_202609150900_20260915083158.zip
2026-09-15 09:00:00,2026-09-01 05:01:00,1,TAS1,,70.46179,0,,0,PUBLIC_PREDISPATCHIS_202609150900_20260915083158.zip
2026-09-15 09:00:00,2026-09-01 05:01:00,1,TAS1,,76.57937,0,,0,PUBLIC_PREDISPATCHIS_202609150900_20260915083158.zip
2026-09-15 09:00:00,2026-09-01 05:01:00,1,TAS1,,39.22149,0,,0,PUBLIC_PREDISPATCHIS_202609150900_20260915083158.zip
2026-09-15 09:00:00,2026-09-01 05:01:00,1,TAS1,,61.38468,0,,0,PUBLIC_PREDISPATCHIS_202609150900_20260915083158.zip
2026-09-15 09:00:00,2026-09-01 05:01:00,1,TAS1,,71.23419,0,,0,PUBLIC_PREDISPATCHIS_202609150900_20260915083158.zip
2026-09-15 09:00:00,2026-09-01 05:01:00,1,TAS1,,63.80261,0,,0,PUBLIC_PREDISPATCHIS_202609150900_20260915083158.zip
2026-09-15 09:00:00,2026-09-01 05:01:00,1,TAS1,,65.74643,0,,0,PUBLIC_PREDISPATCHIS_202609150900_20260915083158.zip
2026-09-15 09:00:00,2026-09-01 05:01:00,1,TAS1,,66.80886,0,,0,PUBLIC_PREDISPATCHIS_202609150900_20260915083158.zip
2026-09-15 09:00:00,2026-09-01 05:01:00,1,TAS1,,49.77151,0,,0,PUBLIC_PREDISPATCHIS_202609150900_20260915083158.zip
2026-09-15 09:00:00,2026-09-01 05:01:00,1,TAS1,,65.84675,0,,0,PUBLIC_PREDISPATCHIS_202609150900_20260915083158.zip
2026-09-15 09:00:00,2026-09-01 05:01:00,1,TAS1,,66.11615,0,,0,PUBLIC_PREDISPATCHIS_202609150900_20260915083158.zip
2026-09-15 09:00:00,2026-09-01 05:01:00,1,VIC1,,-6.75759,0,,0,PUBLIC_PREDISPATCHIS_202609150900_20260915083158.zip
2026-09-15 09:00:00,2026-09-01 05:01:00,1,VIC1,,-11.95,0,,0,PUBLIC_PREDISPATCHIS_202609150900_20260915083158.zip
2026-09-15 09:00:00,2026-09-01 05:01:00,1,VIC1,,-22.0,0,,0,PUBLIC_PREDISPATCHIS_202609150900_20260915083158.zip
2026-09-15 09:00:00,2026-09-01 05:01:00,1,VIC1,,-22.0,0,,0,PUBLIC_PREDISPATCHIS_202609150900_20260915083158.zip
2026-09-15 09:00:00,2026-09-01 05:01:00,1,VIC1,,-24.64328,0,,0,PUBLIC_PREDISPATCHIS_202609150900_20260915083158.zip
2026-09-15 09:00:00,2026-09-01 05:01:00,1,VIC1,,-39.8469,0,,0,PUBLIC_PREDISPATCHIS_202609150900_20260915083158.zip
2026-09-15 09:00:00,2026-09-01 05:01:00,1,VIC1,,-39.77728,0,,0,PUBLIC_PREDISPATCHIS_202609150900_20260915083158.zip
2026-09-15 09:00:00,2026-09-01 05:01:00,1,VIC1,,-44.73,0,,0,PUBLIC_PREDISPATCHIS_202609150900_20260915083158.zip
2026-09-15 09:00:00,2026-09-01 05:01:00,1,VIC1,,-55.81385,0,,0,PUBLIC_PREDISPATCHIS_202609150900_20260915083158.zip
2026-09-15 09:00:00,2026-09-01 05:01:00,1,VIC1,,-44.73,0,,0,PUBLIC_PREDISPATCHIS_202609150900_20260915083158.zip
2026-09-15 09:00:00,2026-09-01 05:01:00,1,VIC1,,-45.0,0,,0,PUBLIC_PREDISPATCHIS_202609150900_20260915083158.zip
2026-09-15 09:00:00,2026-09-01 05:01:00,1,VIC1,,-50.11,0,,0,PUBLIC_PREDISPATCHIS_202609150900_20260915083158.zip
2026-09-15 09:00:00,2026-09-01 05:01:00,1,VIC1,,-46.06114,0,,0,PUBLIC_PREDISPATCHIS_202609150900_20260915083158.zip
2026-09-15 09:00:00,2026-09-01 05:01:00,1,VIC1,,-45.0,0,,0,PUBLIC_PREDISPATCHIS_202609150900_20260915083158.zip
2026-09-15 09:00:00,2026-09-01 05:01:00,1,VIC1,,-39.91056,0,,0,PUBLIC_PREDISPATCHIS_202609150900_20260915083158.zip
2026-09-15 09:00:00,2026-09-01 05:01:00,1,VIC1,,-39.02326,0,,0,PUBLIC_PREDISPATCHIS_202609150900_20260915083158.zip
2026-09-15 09:00:00,2026-09-01 05:01:00,1,VIC1,,-15.59677,0,,0,PUBLIC_PREDISPATCHIS_202609150900_20260915083158.zip
2026-09-15 09:00:00,2026-09-01 05:01:00,1,VIC1,,-1.13438,0,,0,PUBLIC_PREDISPATCHIS_202609150900_20260915083158.zip
2026-09-15 09:00:00,2026-09-01 05:01:00,1,VIC1,,0.01079,0,,0,PUBLIC_PREDISPATCHIS_202609150900_20260915083158.zip
2026-09-15 09:00:00,2026-09-01 05:01:00,1,VIC1,,50.42,0,,0,PUBLIC_PREDISPATCHIS_202609150900_20260915083158.zip
2026-09-15 09:00:00,2026-09-01 05:01:00,1,VIC1,,68.60774,0,,0,PUBLIC_PREDISPATCHIS_202609150900_20260915083158.zip
2026-09-15 09:00:00,2026-09-01 05:01:00,1,VIC1,,77.21132,0,,0,PUBLIC_PREDISPATCHIS_202609150900_20260915083158.zip
2026-09-15 09:00:00,2026-09-01 05:01:00,1,VIC1,,77.64,0,,0,PUBLIC_PREDISPATCHIS_202609150900_20260915083158.zip
2026-09-15 09:00:00,2026-09-01 05:01:00,1,VIC1,,77.64,0,,0,PUBLIC_PREDISPATCHIS_202609150900_20260915083158.zip
2026-09-15 09:00:00,2026-09-01 05:01:00,1,VIC1,,78.00155,0,,0,PUBLIC_PREDISPATCHIS_202609150900_20260915083158.zip
2026-09-15 09:00:00,2026-09-01 05:01:00,1,VIC1,,79.43868,0,,0,PUBLIC_PREDISPATCHIS_202609150900_20260915083158.zip
2026-09-15 09:00:00,2026-09-01 05:01:00,1,VIC1,,79.71583,0,,0,PUBLIC_PREDISPATCHIS_202609150900_20260915083158.zip
2026-09-15 09:00:00,2026-09-01 05:01:00,1,VIC1,,32.18,0,,0,PUBLIC_PREDISPATCHIS_202609150900_20260915083158.zip
2026-09-15 09:00:00,2026-09-01 05:01:00,1,VIC1,,74.18,0,,0,PUBLIC_PREDISPATCHIS_202609150900_20260915083158.zip
2026-09-15 09:00:00,2026-09-01 05:01:00,1,VIC1,,82.71674,0,,0,PUBLIC_PREDISPATCHIS_202609150900_20260915083158.zip
2026-09-15 09:00:00,2026-09-01 05:01:00,1,VIC1,,12.97,0,,0,PUBLIC_PREDISPATCHIS_202609150900_20260915083158.zip
2026-09-15 09:00:00,2026-09-01 05:01:00,1,VIC1,,66.47789,0,,0,PUBLIC_PREDISPATCHIS_202609150900_20260915083158.zip
2026-09-15 09:00:00,2026-09-01 05:01:00,1,VIC1,,77.36266,0,,0,PUBLIC_PREDISPATCHIS_202609150900_20260915083158.zip
2026-09-15 09:00:00,2026-09-01 05:01:00,1,VIC1,,68.68,0,,0,PUBLIC_PREDISPATCHIS_202609150900_20260915083158.zip
2026-09-15 09:00:00,2026-09-01 05:01:00,1,VIC1,,71.81075,0,,0,PUBLIC_PREDISPATCHIS_202609150900_20260915083158.zip
2026-09-15 09:00:00,2026-09-01 05:01:00,1,VIC1,,72.27416,0,,0,PUBLIC_PREDISPATCHIS_202609150900_20260915083158.zip
2026-09-15 09:00:00,2026-09-01 05:01:00,1,VIC1,,44.36571,0,,0,PUBLIC_PREDISPATCHIS_202609150900_20260915083158.zip
2026-09-15 09:00:00,2026-09-01 05:01:00,1,VIC1,,70.99337,0,,0,PUBLIC_PREDISPATCHIS_202609150900_20260915083158.zip
2026-09-15 09:00:00,2026-09-01 05:01:00,1,VIC1,,71.28138,0,,0,PUBLIC_PREDISPATCHIS_202609150900_20260915083158.zip
2026-09-15 09:30:00,2026-09-01 05:01:01,1,NSW1,,-5.17,0,,0,PUBLIC_PREDISPATCHIS_202609150930_20260915090144.zip
2026-09-15 09:30:00,2026-09-01 05:01:01,1,NSW1,,-8.67458,0,,0,PUBLIC_PREDISPATCHIS_202609150930_20260915090144.zip
2026-09-15 09:30:00,2026-09-01 05:01:01,1,NSW1,,-8.63,0,,0,PUBLIC_PREDISPATCHIS_202609150930_20260915090144.zip
2026-09-15 09:30:00,2026-09-01 05:01:01,1,NSW1,,-8.76427,0,,0,PUBLIC_PREDISPATCHIS_202609150930_20260915090144.zip
2026-09-15 09:30:00,2026-09-01 05:01:01,1,NSW1,,-8.01,0,,0,PUBLIC_PREDISPATCHIS_202609150930_20260915090144.zip
2026-09-15 09:30:00,2026-09-01 05:01:01,1,NSW1,,-8.14009,0,,0,PUBLIC_PREDISPATCHIS_202609150930_20260915090144.zip
2026-09-15 09:30:00,2026-09-01 05:01:01,1,NSW1,,-8.70476,0,,0,PUBLIC_PREDISPATCHIS_202609150930_20260915090144.zip
2026-09-15 09:30:00,2026-09-01 05:01:01,1,NSW1,,-10.5,0,,0,PUBLIC_PREDISPATCHIS_202609150930_20260915090144.zip
2026-09-15 09:30:00,2026-09-01 05:01:01,1,NSW1,,-8.69094,0,,0,PUBLIC_PREDISPATCHIS_202609150930_20260915090144.zip
2026-09-15 09:30:00,2026-09-01 05:01:01,1,NSW1,,-12.7743,0,,0,PUBLIC_PREDISPATCHIS_202609150930_20260915090144.zip
2026-09-15 09:30:00,2026-09-01 05:01:01,1,NSW1,,-11.55586,0,,0,PUBLIC_PREDISPATCHIS_202609150930_20260915090144.zip
2026-09-15 09:30:00,2026-09-01 05:01:01,1,NSW1,,-18.51,0,,0,PUBLIC_PREDISPATCHIS_202609150930_20260915090144.zip
2026-09-15 09:30:00,2026-09-01 05:01:01,1,NSW1,,-18.51,0,,0,PUBLIC_PREDISPATCHIS_202609150930_20260915090144.zip
2026-09-15 09:30:00,2026-09-01 05:01:01,1,NSW1,,-7.63431,0,,0,PUBLIC_PREDISPATCHIS_202609150930_20260915090144.zip
2026-09-15 09:30:00,2026-09-01 05:01:01,1,NSW1,,-5.01,0,,0,PUBLIC_PREDISPATCHIS_202609150930_20260915090144.zip
2026-09-15 09:30:00,2026-09-01 05:01:01,1,NSW1,,38.3484,0,,0,PUBLIC_PREDISPATCHIS_202609150930_20260915090144.zip
2026-09-15 09:30:00,2026-09-01 05:01:01,1,NSW1,,69.91,0,,0,PUBLIC_PREDISPATCHIS_202609150930_20260915090144.zip
2026-09-15 09:30:00,2026-09-01 05:01:01,1,NSW1,,76.57288,0,,0,PUBLIC_PREDISPATCHIS_202609150930_20260915090144.zip
2026-09-15 09:30:00,2026-09-01 05:01:01,1,NSW1,,72.52904,0,,0,PUBLIC_PREDISPATCHIS_202609150930_20260915090144.zip
2026-09-15 09:30:00,2026-09-01 05:01:01,1,NSW1,,77.00693,0,,0,PUBLIC_PREDISPATCHIS_202609150930_20260915090144.zip
2026-09-15 09:30:00,2026-09-01 05:01:01,1,NSW1,,76.54002,0,,0,PUBLIC_PREDISPATCHIS_202609150930_20260915090144.zip
2026-09-15 09:30:00,2026-09-01 05:01:01,1,NSW1,,84.17765,0,,0,PUBLIC_PREDISPATCHIS_202609150930_20260915090144.zip
2026-09-15 09:30:00,2026-09-01 05:01:01,1,NSW1,,83.99,0,,0,PUBLIC_PREDISPATCHIS_202609150930_20260915090144.zip
2026-09-15 09:30:00,2026-09-01 05:01:01,1,NSW1,,83.9901,0,,0,PUBLIC_PREDISPATCHIS_202609150930_20260915090144.zip
2026-09-15 09:30:00,2026-09-01 05:01:01,1,NSW1,,82.74434,0,,0,PUBLIC_PREDISPATCHIS_202609150930_20260915090144.zip
2026-09-15 09:30:00,2026-09-01 05:01:01,1,NSW1,,70.5567,0,,0,PUBLIC_PREDISPATCHIS_202609150930_20260915090144.zip
2026-09-15 09:30:00,2026-09-01 05:01:01,1,NSW1,,85.38768,0,,0,PUBLIC_PREDISPATCHIS_202609150930_20260915090144.zip
2026-09-15 09:30:00,2026-09-01 05:01:01,1,NSW1,,87.87077,0,,0,PUBLIC_PREDISPATCHIS_202609150930_20260915090144.zip
2026-09-15 09:30:00,2026-09-01 05:01:01,1,NSW1,,91.50427,0,,0,PUBLIC_PREDISPATCHIS_202609150930_20260915090144.zip
2026-09-15 09:30:00,2026-09-01 05:01:01,1,NSW1,,92.7994,0,,0,PUBLIC_PREDISPATCHIS_202609150930_20260915090144.zip
2026-09-15 09:30:00,2026-09-01 05:01:01,1,NSW1,,84.08202,0,,0,PUBLIC_PREDISPATCHIS_202609150930_20260915090144.zip
2026-09-15 09:30:00,2026-09-01 05:01:01,1,NSW1,,72.95574,0,,0,PUBLIC_PREDISPATCHIS_202609150930_20260915090144.zip
2026-09-15 09:30:00,2026-09-01 05:01:01,1,NSW1,,87.6023,0,,0,PUBLIC_PREDISPATCHIS_202609150930_20260915090144.zip
2026-09-15 09:30:00,2026-09-01 05:01:01,1,NSW1,,83.99,0,,0,PUBLIC_PREDISPATCHIS_202609150930_20260915090144.zip
2026-09-15 09:30:00,2026-09-01 05:01:01,1,NSW1,,83.99,0,,0,PUBLIC_PREDISPATCHIS_202609150930_20260915090144.zip
2026-09-15 09:30:00,2026-09-01 05:01:01,1,NSW1,,83.99,0,,0,PUBLIC_PREDISPATCHIS_202609150930_20260915090144.zip
2026-09-15 09:30:00,2026-09-01 05:01:01,1,NSW1,,82.06724,0,,0,PUBLIC_PREDISPATCHIS_202609150930_20260915090144.zip
2026-09-15 09:30:00,2026-09-01 05:01:01,1,NSW1,,83.99,0,,0,PUBLIC_PREDISPATCHIS_202609150930_20260915090144.zip
2026-09-15 09:30:00,2026-09-01 05:01:01,1,QLD1,,-4.37827,0,,0,PUBLIC_PREDISPATCHIS_202609150930_20260915090144.zip
2026-09-15 09:30:00,2026-09-01 05:01:01,1,QLD1,,-8.0,0,,0,PUBLIC_PREDISPATCHIS_202609150930_20260915090144.zip
2026-09-15 09:30:00,2026-09-01 05:01:01,1,QLD1,,-7.72911,0,,0,PUBLIC_PREDISPATCHIS_202609150930_20260915090144.zip
2026-09-15 09:30:00,2026-09-01 05:01:01,1,QLD1,,-8.51,0,,0,PUBLIC_PREDISPATCHIS_202609150930_20260915090144.zip
2026-09-15 09:30:00,2026-09-01 05:01:01,1,QLD1,,-8.51264,0,,0,PUBLIC_PREDISPATCHIS_202609150930_20260915090144.zip
2026-09-15 09:30:00,2026-09-01 05:01:01,1,QLD1,,-8.71,0,,0,PUBLIC_PREDISPATCHIS_202609150930_20260915090144.zip
2026-09-15 09:30:00,2026-09-01 05:01:01,1,QLD1,,-8.51,0,,0,PUBLIC_PREDISPATCHIS_202609150930_20260915090144.zip
2026-09-15 09:30:00,2026-09-01 05:01:01,1,QLD1,,-10.52974,0,,0,PUBLIC_PREDISPATCHIS_202609150930_20260915090144.zip
2026-09-15 09:30:00,2026-09-01 05:01:01,1,QLD1,,-8.13,0,,0,PUBLIC_PREDISPATCHIS_202609150930_20260915090144.zip
2026-09-15 09:30:00,2026-09-01 05:01:01,1,QLD1,,-12.6,0,,0,PUBLIC_PREDISPATCHIS_202609150930_20260915090144.zip
2026-09-15 09:30:00,2026-09-01 05:01:01,1,QLD1,,-12.6,0,,0,PUBLIC_PREDISPATCHIS_202609150930_20260915090144.zip
2026-09-15 09:30:00,2026-09-01 05:01:01,1,QLD1,,-19.76807,0,,0,PUBLIC_PREDISPATCHIS_202609150930_20260915090144.zip
2026-09-15 09:30:00,2026-09-01 05:01:01,1,QLD1,,-18.89151,0,,0,PUBLIC_PREDISPATCHIS_202609150930_20260915090144.zip
2026-09-15 09:30:00,2026-09-01 05:01:01,1,QLD1,,-8.11,0,,0,PUBLIC_PREDISPATCHIS_202609150930_20260915090144.zip
2026-09-15 09:30:00,2026-09-01 05:01:01,1,QLD1,,-5.29278,0,,0,PUBLIC_PREDISPATCHIS_202609150930_20260915090144.zip
2026-09-15 09:30:00,2026-09-01 05:01:01,1,QLD1,,39.75,0,,0,PUBLIC_PREDISPATCHIS_202609150930_20260915090144.zip
2026-09-15 09:30:00,2026-09-01 05:01:01,1,QLD1,,72.5,0,,0,PUBLIC_PREDISPATCHIS_202609150930_20260915090144.zip
2026-09-15 09:30:00,2026-09-01 05:01:01,1,QLD1,,85.39,0,,0,PUBLIC_PREDISPATCHIS_202609150930_20260915090144.zip
2026-09-15 09:30:00,2026-09-01 05:01:01,1,QLD1,,87.73,0,,0,PUBLIC_PREDISPATCHIS_202609150930_20260915090144.zip
2026-09-15 09:30:00,2026-09-01 05:01:01,1,QLD1,,87.73,0,,0,PUBLIC_PREDISPATCHIS_202609150930_20260915090144.zip
2026-09-15 09:30:00,2026-09-01 05:01:01,1,QLD1,,88.87,0,,0,PUBLIC_PREDISPATCHIS_202609150930_20260915090144.zip
2026-09-15 09:30:00,2026-09-01 05:01:01,1,QLD1,,88.87,0,,0,PUBLIC_PREDISPATCHIS_202609150930_20260915090144.zip
2026-09-15 09:30:00,2026-09-01 05:01:01,1,QLD1,,88.87,0,,0,PUBLIC_PREDISPATCHIS_202609150930_20260915090144.zip
2026-09-15 09:30:00,2026-09-01 05:01:01,1,QLD1,,87.3313,0,,0,PUBLIC_PREDISPATCHIS_202609150930_20260915090144.zip
2026-09-15 09:30:00,2026-09-01 05:01:01,1,QLD1,,85.39,0,,0,PUBLIC_PREDISPATCHIS_202609150930_20260915090144.zip
2026-09-15 09:30:00,2026-09-01 05:01:01,1,QLD1,,77.68882,0,,0,PUBLIC_PREDISPATCHIS_202609150930_20260915090144.zip
2026-09-15 09:30:00,2026-09-01 05:01:01,1,QLD1,,85.39,0,,0,PUBLIC_PREDISPATCHIS_202609150930_20260915090144.zip
2026-09-15 09:30:00,2026-09-01 05:01:01,1,QLD1,,85.39,0,,0,PUBLIC_PREDISPATCHIS_202609150930_20260915090144.zip
2026-09-15 09:30:00,2026-09-01 05:01:01,1,QLD1,,85.39,0,,0,PUBLIC_PREDISPATCHIS_202609150930_20260915090144.zip
2026-09-15 09:30:00,2026-09-01 05:01:01,1,QLD1,,85.39,0,,0,PUBLIC_PREDISPATCHIS_202609150930_20260915090144.zip
2026-09-15 09:30:00,2026-09-01 05:01:01,1,QLD1,,78.73003,0,,0,PUBLIC_PREDISPATCHIS_202609150930_20260915090144.zip
2026-09-15 09:30:00,2026-09-01 05:01:01,1,QLD1,,71.73,0,,0,PUBLIC_PREDISPATCHIS_202609150930_20260915090144.zip
2026-09-15 09:30:00,2026-09-01 05:01:01,1,QLD1,,78.73006,0,,0,PUBLIC_PREDISPATCHIS_202609150930_20260915090144.zip
2026-09-15 09:30:00,2026-09-01 05:01:01,1,QLD1,,77.87754,0,,0,PUBLIC_PREDISPATCHIS_202609150930_20260915090144.zip
2026-09-15 09:30:00,2026-09-01 05:01:01,1,QLD1,,78.34407,0,,0,PUBLIC_PREDISPATCHIS_202609150930_20260915090144.zip
2026-09-15 09:30:00,2026-09-01 05:01:01,1,QLD1,,78.32751,0,,0,PUBLIC_PREDISPATCHIS_202609150930_20260915090144.zip
2026-09-15 09:30:00,2026-09-01 05:01:01,1,QLD1,,78.52,0,,0,PUBLIC_PREDISPATCHIS_202609150930_20260915090144.zip
2026-09-15 09:30:00,2026-09-01 05:01:01,1,QLD1,,78.52,0,,0,PUBLIC_PREDISPATCHIS_202609150930_20260915090144.zip
2026-09-15 09:30:00,2026-09-01 05:01:01,1,SA1,,-17.83353,0,,0,PUBLIC_PREDISPATCHIS_202609150930_20260915090144.zip
2026-09-15 09:30:00,2026-09-01 05:01:01,1,SA1,,-20.87889,0,,0,PUBLIC_PREDISPATCHIS_202609150930_20260915090144.zip
2026-09-15 09:30:00,2026-09-01 05:01:01,1,SA1,,-25.20966,0,,0,PUBLIC_PREDISPATCHIS_202609150930_20260915090144.zip
2026-09-15 09:30:00,2026-09-01 05:01:01,1,SA1,,-29.02,0,,0,PUBLIC_PREDISPATCHIS_202609150930_20260915090144.zip
2026-09-15 09:30:00,2026-09-01 05:01:01,1,SA1,,-43.09053,0,,0,PUBLIC_PREDISPATCHIS_202609150930_20260915090144.zip
2026-09-15 09:30:00,2026-09-01 05:01:01,1,SA1,,-20.0,0,,0,PUBLIC_PREDISPATCHIS_202609150930_20260915090144.zip
2026-09-15 09:30:00,2026-09-01 05:01:01,1,SA1,,-29.02,0,,0,PUBLIC_PREDISPATCHIS_202609150930_20260915090144.zip
2026-09-15 09:30:00,2026-09-01 05:01:01,1,SA1,,-20.0,0,,0,PUBLIC_PREDISPATCHIS_202609150930_20260915090144.zip
2026-09-15 09:30:00,2026-09-01 05:01:01,1,SA1,,-20.0,0,,0,PUBLIC_PREDISPATCHIS_202609150930_20260915090144.zip
2026-09-15 09:30:00,2026-09-01 05:01:01,1,SA1,,-20.0,0,,0,PUBLIC_PREDISPATCHIS_202609150930_20260915090144.zip
2026-09-15 09:30:00,2026-09-01 05:01:01,1,SA1,,-20.0,0,,0,PUBLIC_PREDISPATCHIS_202609150930_20260915090144.zip
2026-09-15 09:30:00,2026-09-01 05:01:01,1,SA1,,-49.459,0,,0,PUBLIC_PREDISPATCHIS_202609150930_20260915090144.zip
2026-09-15 09:30:00,2026-09-01 05:01:01,1,SA1,,-48.23856,0,,0,PUBLIC_PREDISPATCHIS_202609150930_20260915090144.zip
2026-09-15 09:30:00,2026-09-01 05:01:01,1,SA1,,-46.64785,0,,0,PUBLIC_PREDISPATCHIS_202609150930_20260915090144.zip
2026-09-15 09:30:00,2026-09-01 05:01:01,1,SA1,,-18.55,0,,0,PUBLIC_PREDISPATCHIS_202609150930_20260915090144.zip
2026-09-15 09:30:00,2026-09-01 05:01:01,1,SA1,,-10.89451,0,,0,PUBLIC_PREDISPATCHIS_202609150930_20260915090144.zip
2026-09-15 09:30:00,2026-09-01 05:01:01,1,SA1,,-1.09995,0,,0,PUBLIC_PREDISPATCHIS_202609150930_20260915090144.zip
2026-09-15 09:30:00,2026-09-01 05:01:01,1,SA1,,30.08968,0,,0,PUBLIC_PREDISPATCHIS_202609150930_20260915090144.zip
2026-09-15 09:30:00,2026-09-01 05:01:01,1,SA1,,57.82092,0,,0,PUBLIC_PREDISPATCHIS_202609150930_20260915090144.zip
2026-09-15 09:30:00,2026-09-01 05:01:01,1,SA1,,98.03,0,,0,PUBLIC_PREDISPATCHIS_202609150930_20260915090144.zip
2026-09-15 09:30:00,2026-09-01 05:01:01,1,SA1,,70.83226,0,,0,PUBLIC_PREDISPATCHIS_202609150930_20260915090144.zip
2026-09-15 09:30:00,2026-09-01 05:01:01,1,SA1,,81.13762,0,,0,PUBLIC_PREDISPATCHIS_202609150930_20260915090144.zip
2026-09-15 09:30:00,2026-09-01 05:01:01,1,SA1,,83.16758,0,,0,PUBLIC_PREDISPATCHIS_202609150930_20260915090144.zip
2026-09-15 09:30:00,2026-09-01 05:01:01,1,SA1,,80.41567,0,,0,PUBLIC_PREDISPATCHIS_202609150930_20260915090144.zip
2026-09-15 09:30:00,2026-09-01 05:01:01,1,SA1,,76.5608,0,,0,PUBLIC_PREDISPATCHIS_202609150930_20260915090144.zip
2026-09-15 09:30:00,2026-09-01 05:01:01,1,SA1,,72.33572,0,,0,PUBLIC_PREDISPATCHIS_202609150930_20260915090144.zip
2026-09-15 09:30:00,2026-09-01 05:01:01,1,SA1,,56.75655,0,,0,PUBLIC_PREDISPATCHIS_202609150930_20260915090144.zip
2026-09-15 09:30:00,2026-09-01 05:01:01,1,SA1,,56.84193,0,,0,PUBLIC_PREDISPATCHIS_202609150930_20260915090144.zip
2026-09-15 09:30:00,2026-09-01 05:01:01,1,SA1,,83.65128,0,,0,PUBLIC_PREDISPATCHIS_202609150930_20260915090144.zip
2026-09-15 09:30:00,2026-09-01 05:01:01,1,SA1,,83.79841,0,,0,PUBLIC_PREDISPATCHIS_202609150930_20260915090144.zip
2026-09-15 09:30:00,2026-09-01 05:01:01,1,SA1,,54.2861,0,,0,PUBLIC_PREDISPATCHIS_202609150930_20260915090144.zip
2026-09-15 09:30:00,2026-09-01 05:01:01,1,SA1,,66.9591,0,,0,PUBLIC_PREDISPATCHIS_202609150930_20260915090144.zip
2026-09-15 09:30:00,2026-09-01 05:01:01,1,SA1,,78.16522,0,,0,PUBLIC_PREDISPATCHIS_202609150930_20260915090144.zip
2026-09-15 09:30:00,2026-09-01 05:01:01,1,SA1,,74.11955,0,,0,PUBLIC_PREDISPATCHIS_202609150930_20260915090144.zip
2026-09-15 09:30:00,2026-09-01 05:01:01,1,SA1,,75.4356,0,,0,PUBLIC_PREDISPATCHIS_202609150930_20260915090144.zip
2026-09-15 09:30:00,2026-09-01 05:01:01,1,SA1,,76.7737,0,,0,PUBLIC_PREDISPATCHIS_202609150930_20260915090144.zip
2026-09-15 09:30:00,2026-09-01 05:01:01,1,SA1,,75.45522,0,,0,PUBLIC_PREDISPATCHIS_202609150930_20260915090144.zip
2026-09-15 09:30:00,2026-09-01 05:01:01,1,SA1,,74.68576,0,,0,PUBLIC_PREDISPATCHIS_202609150930_20260915090144.zip
2026-09-15 09:30:00,2026-09-01 05:01:01,1,TAS1,,-15.01,0,,0,PUBLIC_PREDISPATCHIS_202609150930_20260915090144.zip
2026-09-15 09:30:00,2026-09-01 05:01:01,1,TAS1,,-20.88273,0,,0,PUBLIC_PREDISPATCHIS_202609150930_20260915090144.zip
2026-09-15 09:30:00,2026-09-01 05:01:01,1,TAS1,,-24.90649,0,,0,PUBLIC_PREDISPATCHIS_202609150930_20260915090144.zip
2026-09-15 09:30:00,2026-09-01 05:01:01,1,TAS1,,-35.89888,0,,0,PUBLIC_PREDISPATCHIS_202609150930_20260915090144.zip
2026-09-15 09:30:00,2026-09-01 05:01:01,1,TAS1,,-41.74946,0,,0,PUBLIC_PREDISPATCHIS_202609150930_20260915090144.zip
2026-09-15 09:30:00,2026-09-01 05:01:01,1,TAS1,,-41.88519,0,,0,PUBLIC_PREDISPATCHIS_202609150930_20260915090144.zip
2026-09-15 09:30:00,2026-09-01 05:01:01,1,TAS1,,-44.94973,0,,0,PUBLIC_PREDISPATCHIS_202609150930_20260915090144.zip
2026-09-15 09:30:00,2026-09-01 05:01:01,1,TAS1,,-44.95583,0,,0,PUBLIC_PREDISPATCHIS_202609150930_20260915090144.zip
2026-09-15 09:30:00,2026-09-01 05:01:01,1,TAS1,,-58.91,0,,0,PUBLIC_PREDISPATCHIS_202609150930_20260915090144.zip
2026-09-15 09:30:00,2026-09-01 05:01:01,1,TAS1,,-51.42771,0,,0,PUBLIC_PREDISPATCHIS_202609150930_20260915090144.zip
2026-09-15 09:30:00,2026-09-01 05:01:01,1,TAS1,,-45.67414,0,,0,PUBLIC_PREDISPATCHIS_202609150930_20260915090144.zip
2026-09-15 09:30:00,2026-09-01 05:01:01,1,TAS1,,-51.8951,0,,0,PUBLIC_PREDISPATCHIS_202609150930_20260915090144.zip
2026-09-15 09:30:00,2026-09-01 05:01:01,1,TAS1,,-15.01,0,,0,PUBLIC_PREDISPATCHIS_202609150930_20260915090144.zip
2026-09-15 09:30:00,2026-09-01 05:01:01,1,TAS1,,-46.42666,0,,0,PUBLIC_PREDISPATCHIS_202609150930_20260915090144.zip
2026-09-15 09:30:00,2026-09-01 05:01:01,1,TAS1,,-15.01,0,,0,PUBLIC_PREDISPATCHIS_202609150930_20260915090144.zip
2026-09-15 09:30:00,2026-09-01 05:01:01,1,TAS1,,-11.67161,0,,0,PUBLIC_PREDISPATCHIS_202609150930_20260915090144.zip
2026-09-15 09:30:00,2026-09-01 05:01:01,1,TAS1,,-1.37185,0,,0,PUBLIC_PREDISPATCHIS_202609150930_20260915090144.zip
2026-09-15 09:30:00,2026-09-01 05:01:01,1,TAS1,,25.1,0,,0,PUBLIC_PREDISPATCHIS_202609150930_20260915090144.zip
2026-09-15 09:30:00,2026-09-01 05:01:01,1,TAS1,,53.52429,0,,0,PUBLIC_PREDISPATCHIS_202609150930_20260915090144.zip
2026-09-15 09:30:00,2026-09-01 05:01:01,1,TAS1,,64.90137,0,,0,PUBLIC_PREDISPATCHIS_202609150930_20260915090144.zip
2026-09-15 09:30:00,2026-09-01 05:01:01,1,TAS1,,65.06743,0,,0,PUBLIC_PREDISPATCHIS_202609150930_20260915090144.zip
2026-09-15 09:30:00,2026-09-01 05:01:01,1,TAS1,,73.5518,0,,0,PUBLIC_PREDISPATCHIS_202609150930_20260915090144.zip
2026-09-15 09:30:00,2026-09-01 05:01:01,1,TAS1,,73.78847,0,,0,PUBLIC_PREDISPATCHIS_202609150930_20260915090144.zip
2026-09-15 09:30:00,2026-09-01 05:01:01,1,TAS1,,73.58039,0,,0,PUBLIC_PREDISPATCHIS_202609150930_20260915090144.zip
2026-09-15 09:30:00,2026-09-01 05:01:01,1,TAS1,,69.64662,0,,0,PUBLIC_PREDISPATCHIS_202609150930_20260915090144.zip
2026-09-15 09:30:00,2026-09-01 05:01:01,1,TAS1,,62.58304,0,,0,PUBLIC_PREDISPATCHIS_202609150930_20260915090144.zip
2026-09-15 09:30:00,2026-09-01 05:01:01,1,TAS1,,48.87118,0,,0,PUBLIC_PREDISPATCHIS_202609150930_20260915090144.zip
2026-09-15 09:30:00,2026-09-01 05:01:01,1,TAS1,,49.27121,0,,0,PUBLIC_PREDISPATCHIS_202609150930_20260915090144.zip
2026-09-15 09:30:00,2026-09-01 05:01:01,1,TAS1,,75.9559,0,,0,PUBLIC_PREDISPATCHIS_202609150930_20260915090144.zip
2026-09-15 09:30:00,2026-09-01 05:01:01,1,TAS1,,75.87666,0,,0,PUBLIC_PREDISPATCHIS_202609150930_20260915090144.zip
2026-09-15 09:30:00,2026-09-01 05:01:01,1,TAS1,,47.23352,0,,0,PUBLIC_PREDISPATCHIS_202609150930_20260915090144.zip
2026-09-15 09:30:00,2026-09-01 05:01:01,1,TAS1,,59.47644,0,,0,PUBLIC_PREDISPATCHIS_202609150930_20260915090144.zip
2026-09-15 09:30:00,2026-09-01 05:01:01,1,TAS1,,70.2482,0,,0,PUBLIC_PREDISPATCHIS_202609150930_20260915090144.zip
2026-09-15 09:30:00,2026-09-01 05:01:01,1,TAS1,,66.56446,0,,0,PUBLIC_PREDISPATCHIS_202609150930_20260915090144.zip
2026-09-15 09:30:00,2026-09-01 05:01:01,1,TAS1,,67.43126,0,,0,PUBLIC_PREDISPATCHIS_202609150930_20260915090144.zip
2026-09-15 09:30:00,2026-09-01 05:01:01,1,TAS1,,69.1842,0,,0,PUBLIC_PREDISPATCHIS_202609150930_20260915090144.zip
2026-09-15 09:30:00,2026-09-01 05:01:01,1,TAS1,,68.07042,0,,0,PUBLIC_PREDISPATCHIS_202609150930_20260915090144.zip
2026-09-15 09:30:00,2026-09-01 05:01:01,1,TAS1,,69.27964,0,,0,PUBLIC_PREDISPATCHIS_202609150930_20260915090144.zip
2026-09-15 09:30:00,2026-09-01 05:01:01,1,VIC1,,-16.54,0,,0,PUBLIC_PREDISPATCHIS_202609150930_20260915090144.zip
2026-09-15 09:30:00,2026-09-01 05:01:01,1,VIC1,,-19.99,0,,0,PUBLIC_PREDISPATCHIS_202609150930_20260915090144.zip
2026-09-15 09:30:00,2026-09-01 05:01:01,1,VIC1,,-23.98543,0,,0,PUBLIC_PREDISPATCHIS_202609150930_20260915090144.zip
2026-09-15 09:30:00,2026-09-01 05:01:01,1,VIC1,,-34.89,0,,0,PUBLIC_PREDISPATCHIS_202609150930_20260915090144.zip
2026-09-15 09:30:00,2026-09-01 05:01:01,1,VIC1,,-40.83199,0,,0,PUBLIC_PREDISPATCHIS_202609150930_20260915090144.zip
2026-09-15 09:30:00,2026-09-01 05:01:01,1,VIC1,,-41.08865,0,,0,PUBLIC_PREDISPATCHIS_202609150930_20260915090144.zip
2026-09-15 09:30:00,2026-09-01 05:01:01,1,VIC1,,-44.23,0,,0,PUBLIC_PREDISPATCHIS_202609150930_20260915090144.zip
2026-09-15 09:30:00,2026-09-01 05:01:01,1,VIC1,,-44.23,0,,0,PUBLIC_PREDISPATCHIS_202609150930_20260915090144.zip
2026-09-15 09:30:00,2026-09-01 05:01:01,1,VIC1,,-57.58643,0,,0,PUBLIC_PREDISPATCHIS_202609150930_20260915090144.zip
2026-09-15 09:30:00,2026-09-01 05:01:01,1,VIC1,,-50.11,0,,0,PUBLIC_PREDISPATCHIS_202609150930_20260915090144.zip
2026-09-15 09:30:00,2026-09-01 05:01:01,1,VIC1,,-44.23,0,,0,PUBLIC_PREDISPATCHIS_202609150930_20260915090144.zip
2026-09-15 09:30:00,2026-09-01 05:01:01,1,VIC1,,-50.11,0,,0,PUBLIC_PREDISPATCHIS_202609150930_20260915090144.zip
2026-09-15 09:30:00,2026-09-01 05:01:01,1,VIC1,,-46.9634,0,,0,PUBLIC_PREDISPATCHIS_202609150930_20260915090144.zip
2026-09-15 09:30:00,2026-09-01 05:01:01,1,VIC1,,-44.73,0,,0,PUBLIC_PREDISPATCHIS_202609150930_20260915090144.zip
2026-09-15 09:30:00,2026-09-01 05:01:01,1,VIC1,,-20.4422,0,,0,PUBLIC_PREDISPATCHIS_202609150930_20260915090144.zip
2026-09-15 09:30:00,2026-09-01 05:01:01,1,VIC1,,-11.47705,0,,0,PUBLIC_PREDISPATCHIS_202609150930_20260915090144.zip
2026-09-15 09:30:00,2026-09-01 05:01:01,1,VIC1,,-1.34559,0,,0,PUBLIC_PREDISPATCHIS_202609150930_20260915090144.zip
2026-09-15 09:30:00,2026-09-01 05:01:01,1,VIC1,,0.01079,0,,0,PUBLIC_PREDISPATCHIS_202609150930_20260915090144.zip
2026-09-15 09:30:00,2026-09-01 05:01:01,1,VIC1,,50.42,0,,0,PUBLIC_PREDISPATCHIS_202609150930_20260915090144.zip
2026-09-15 09:30:00,2026-09-01 05:01:01,1,VIC1,,68.29051,0,,0,PUBLIC_PREDISPATCHIS_202609150930_20260915090144.zip
2026-09-15 09:30:00,2026-09-01 05:01:01,1,VIC1,,68.68,0,,0,PUBLIC_PREDISPATCHIS_202609150930_20260915090144.zip
2026-09-15 09:30:00,2026-09-01 05:01:01,1,VIC1,,77.64,0,,0,PUBLIC_PREDISPATCHIS_202609150930_20260915090144.zip
2026-09-15 09:30:00,2026-09-01 05:01:01,1,VIC1,,77.64,0,,0,PUBLIC_PREDISPATCHIS_202609150930_20260915090144.zip
2026-09-15 09:30:00,2026-09-01 05:01:01,1,VIC1,,77.64,0,,0,PUBLIC_PREDISPATCHIS_202609150930_20260915090144.zip
2026-09-15 09:30:00,2026-09-01 05:01:01,1,VIC1,,73.91819,0,,0,PUBLIC_PREDISPATCHIS_202609150930_20260915090144.zip
2026-09-15 09:30:00,2026-09-01 05:01:01,1,VIC1,,66.40113,0,,0,PUBLIC_PREDISPATCHIS_202609150930_20260915090144.zip
2026-09-15 09:30:00,2026-09-01 05:01:01,1,VIC1,,32.18,0,,0,PUBLIC_PREDISPATCHIS_202609150930_20260915090144.zip
2026-09-15 09:30:00,2026-09-01 05:01:01,1,VIC1,,32.18,0,,0,PUBLIC_PREDISPATCHIS_202609150930_20260915090144.zip
2026-09-15 09:30:00,2026-09-01 05:01:01,1,VIC1,,82.29932,0,,0,PUBLIC_PREDISPATCHIS_202609150930_20260915090144.zip
2026-09-15 09:30:00,2026-09-01 05:01:01,1,VIC1,,82.71359,0,,0,PUBLIC_PREDISPATCHIS_202609150930_20260915090144.zip
2026-09-15 09:30:00,2026-09-01 05:01:01,1,VIC1,,32.18,0,,0,PUBLIC_PREDISPATCHIS_202609150930_20260915090144.zip
2026-09-15 09:30:00,2026-09-01 05:01:01,1,VIC1,,65.0,0,,0,PUBLIC_PREDISPATCHIS_202609150930_20260915090144.zip
2026-09-15 09:30:00,2026-09-01 05:01:01,1,VIC1,,76.74764,0,,0,PUBLIC_PREDISPATCHIS_202609150930_20260915090144.zip
2026-09-15 09:30:00,2026-09-01 05:01:01,1,VIC1,,72.9337,0,,0,PUBLIC_PREDISPATCHIS_202609150930_20260915090144.zip
2026-09-15 09:30:00,2026-09-01 05:01:01,1,VIC1,,73.40478,0,,0,PUBLIC_PREDISPATCHIS_202609150930_20260915090144.zip
2026-09-15 09:30:00,2026-09-01 05:01:01,1,VIC1,,75.06631,0,,0,PUBLIC_PREDISPATCHIS_202609150930_20260915090144.zip
2026-09-15 09:30:00,2026-09-01 05:01:01,1,VIC1,,73.84907,0,,0,PUBLIC_PREDISPATCHIS_202609150930_20260915090144.zip
2026-09-15 09:30:00,2026-09-01 05:01:01,1,VIC1,,74.92413,0,,0,PUBLIC_PREDISPATCHIS_202609150930_20260915090144.zip
2026-09-15 10:00:00,2026-09-01 05:01:02,1,NSW1,,-5.17,0,,0,PUBLIC_PREDISPATCHIS_202609151000_20260915093158.zip
2026-09-15 10:00:00,2026-09-01 05:01:02,1,NSW1,,-8.3081,0,,0,PUBLIC_PREDISPATCHIS_202609151000_20260915093158.zip
2026-09-15 10:00:00,2026-09-01 05:01:02,1,NSW1,,-8.9985,0,,0,PUBLIC_PREDISPATCHIS_202609151000_20260915093158.zip
2026-09-15 10:00:00,2026-09-01 05:01:02,1,NSW1,,-8.13847,0,,0,PUBLIC_PREDISPATCHIS_202609151000_20260915093158.zip
2026-09-15 10:00:00,2026-09-01 05:01:02,1,NSW1,,-8.74758,0,,0,PUBLIC_PREDISPATCHIS_202609151000_20260915093158.zip
2026-09-15 10:00:00,2026-09-01 05:01:02,1,NSW1,,-8.53832,0,,0,PUBLIC_PREDISPATCHIS_202609151000_20260915093158.zip
2026-09-15 10:00:00,2026-09-01 05:01:02,1,NSW1,,-18.51,0,,0,PUBLIC_PREDISPATCHIS_202609151000_20260915093158.zip
2026-09-15 10:00:00,2026-09-01 05:01:02,1,NSW1,,-18.51,0,,0,PUBLIC_PREDISPATCHIS_202609151000_20260915093158.zip
2026-09-15 10:00:00,2026-09-01 05:01:02,1,NSW1,,-10.5,0,,0,PUBLIC_PREDISPATCHIS_202609151000_20260915093158.zip
2026-09-15 10:00:00,2026-09-01 05:01:02,1,NSW1,,-11.89478,0,,0,PUBLIC_PREDISPATCHIS_202609151000_20260915093158.zip
2026-09-15 10:00:00,2026-09-01 05:01:02,1,NSW1,,-8.76619,0,,0,PUBLIC_PREDISPATCHIS_202609151000_20260915093158.zip
2026-09-15 10:00:00,2026-09-01 05:01:02,1,NSW1,,-12.18593,0,,0,PUBLIC_PREDISPATCHIS_202609151000_20260915093158.zip
2026-09-15 10:00:00,2026-09-01 05:01:02,1,NSW1,,-7.66305,0,,0,PUBLIC_PREDISPATCHIS_202609151000_20260915093158.zip
2026-09-15 10:00:00,2026-09-01 05:01:02,1,NSW1,,-5.642,0,,0,PUBLIC_PREDISPATCHIS_202609151000_20260915093158.zip
2026-09-15 10:00:00,2026-09-01 05:01:02,1,NSW1,,38.09676,0,,0,PUBLIC_PREDISPATCHIS_202609151000_20260915093158.zip
2026-09-15 10:00:00,2026-09-01 05:01:02,1,NSW1,,69.9,0,,0,PUBLIC_PREDISPATCHIS_202609151000_20260915093158.zip
2026-09-15 10:00:00,2026-09-01 05:01:02,1,NSW1,,76.433,0,,0,PUBLIC_PREDISPATCHIS_202609151000_20260915093158.zip
2026-09-15 10:00:00,2026-09-01 05:01:02,1,NSW1,,72.66544,0,,0,PUBLIC_PREDISPATCHIS_202609151000_20260915093158.zip
2026-09-15 10:00:00,2026-09-01 05:01:02,1,NSW1,,77.18445,0,,0,PUBLIC_PREDISPATCHIS_202609151000_20260915093158.zip
2026-09-15 10:00:00,2026-09-01 05:01:02,1,NSW1,,72.59609,0,,0,PUBLIC_PREDISPATCHIS_202609151000_20260915093158.zip
2026-09-15 10:00:00,2026-09-01 05:01:02,1,NSW1,,76.86171,0,,0,PUBLIC_PREDISPATCHIS_202609151000_20260915093158.zip
2026-09-15 10:00:00,2026-09-01 05:01:02,1,NSW1,,76.71617,0,,0,PUBLIC_PREDISPATCHIS_202609151000_20260915093158.zip
2026-09-15 10:00:00,2026-09-01 05:01:02,1,NSW1,,86.08536,0,,0,PUBLIC_PREDISPATCHIS_202609151000_20260915093158.zip
2026-09-15 10:00:00,2026-09-01 05:01:02,1,NSW1,,87.22589,0,,0,PUBLIC_PREDISPATCHIS_202609151000_20260915093158.zip
2026-09-15 10:00:00,2026-09-01 05:01:02,1,NSW1,,96.21737,0,,0,PUBLIC_PREDISPATCHIS_202609151000_20260915093158.zip
2026-09-15 10:00:00,2026-09-01 05:01:02,1,NSW1,,82.9,0,,0,PUBLIC_PREDISPATCHIS_202609151000_20260915093158.zip
2026-09-15 10:00:00,2026-09-01 05:01:02,1,NSW1,,77.24649,0,,0,PUBLIC_PREDISPATCHIS_202609151000_20260915093158.zip
2026-09-15 10:00:00,2026-09-01 05:01:02,1,NSW1,,83.99,0,,0,PUBLIC_PREDISPATCHIS_202609151000_20260915093158.zip
2026-09-15 10:00:00,2026-09-01 05:01:02,1,NSW1,,83.99,0,,0,PUBLIC_PREDISPATCHIS_202609151000_20260915093158.zip
2026-09-15 10:00:00,2026-09-01 05:01:02,1,NSW1,,96.99,0,,0,PUBLIC_PREDISPATCHIS_202609151000_20260915093158.zip
2026-09-15 10:00:00,2026-09-01 05:01:02,1,NSW1,,84.7852,0,,0,PUBLIC_PREDISPATCHIS_202609151000_20260915093158.zip
2026-09-15 10:00:00,2026-09-01 05:01:02,1,NSW1,,83.99,0,,0,PUBLIC_PREDISPATCHIS_202609151000_20260915093158.zip
2026-09-15 10:00:00,2026-09-01 05:01:02,1,NSW1,,83.99,0,,0,PUBLIC_PREDISPATCHIS_202609151000_20260915093158.zip
2026-09-15 10:00:00,2026-09-01 05:01:02,1,NSW1,,83.99,0,,0,PUBLIC_PREDISPATCHIS_202609151000_20260915093158.zip
2026-09-15 10:00:00,2026-09-01 05:01:02,1,NSW1,,83.34,0,,0,PUBLIC_PREDISPATCHIS_202609151000_20260915093158.zip
2026-09-15 10:00:00,2026-09-01 05:01:02,1,NSW1,,83.34,0,,0,PUBLIC_PREDISPATCHIS_202609151000_20260915093158.zip
2026-09-15 10:00:00,2026-09-01 05:01:02,1,NSW1,,69.9,0,,0,PUBLIC_PREDISPATCHIS_202609151000_20260915093158.zip
2026-09-15 10:00:00,2026-09-01 05:01:02,1,QLD1,,-4.33454,0,,0,PUBLIC_PREDISPATCHIS_202609151000_20260915093158.zip
2026-09-15 10:00:00,2026-09-01 05:01:02,1,QLD1,,-7.5,0,,0,PUBLIC_PREDISPATCHIS_202609151000_20260915093158.zip
2026-09-15 10:00:00,2026-09-01 05:01:02,1,QLD1,,-8.0,0,,0,PUBLIC_PREDISPATCHIS_202609151000_20260915093158.zip
2026-09-15 10:00:00,2026-09-01 05:01:02,1,QLD1,,-8.71,0,,0,PUBLIC_PREDISPATCHIS_202609151000_20260915093158.zip
2026-09-15 10:00:00,2026-09-01 05:01:02,1,QLD1,,-8.5,0,,0,PUBLIC_PREDISPATCHIS_202609151000_20260915093158.zip
2026-09-15 10:00:00,2026-09-01 05:01:02,1,QLD1,,-8.51,0,,0,PUBLIC_PREDISPATCHIS_202609151000_20260915093158.zip
2026-09-15 10:00:00,2026-09-01 05:01:02,1,QLD1,,-20.31989,0,,0,PUBLIC_PREDISPATCHIS_202609151000_20260915093158.zip
2026-09-15 10:00:00,2026-09-01 05:01:02,1,QLD1,,-18.9383,0,,0,PUBLIC_PREDISPATCHIS_202609151000_20260915093158.zip
2026-09-15 10:00:00,2026-09-01 05:01:02,1,QLD1,,-9.90142,0,,0,PUBLIC_PREDISPATCHIS_202609151000_20260915093158.zip
2026-09-15 10:00:00,2026-09-01 05:01:02,1,QLD1,,-12.0,0,,0,PUBLIC_PREDISPATCHIS_202609151000_20260915093158.zip
2026-09-15 10:00:00,2026-09-01 05:01:02,1,QLD1,,-8.5,0,,0,PUBLIC_PREDISPATCHIS_202609151000_20260915093158.zip
2026-09-15 10:00:00,2026-09-01 05:01:02,1,QLD1,,-12.6,0,,0,PUBLIC_PREDISPATCHIS_202609151000_20260915093158.zip
2026-09-15 10:00:00,2026-09-01 05:01:02,1,QLD1,,-8.03677,0,,0,PUBLIC_PREDISPATCHIS_202609151000_20260915093158.zip
2026-09-15 10:00:00,2026-09-01 05:01:02,1,QLD1,,-5.99995,0,,0,PUBLIC_PREDISPATCHIS_202609151000_20260915093158.zip
2026-09-15 10:00:00,2026-09-01 05:01:02,1,QLD1,,39.75,0,,0,PUBLIC_PREDISPATCHIS_202609151000_20260915093158.zip
2026-09-15 10:00:00,2026-09-01 05:01:02,1,QLD1,,71.85862,0,,0,PUBLIC_PREDISPATCHIS_202609151000_20260915093158.zip
2026-09-15 10:00:00,2026-09-01 05:01:02,1,QLD1,,84.5,0,,0,PUBLIC_PREDISPATCHIS_202609151000_20260915093158.zip
2026-09-15 10:00:00,2026-09-01 05:01:02,1,QLD1,,88.87,0,,0,PUBLIC_PREDISPATCHIS_202609151000_20260915093158.zip
2026-09-15 10:00:00,2026-09-01 05:01:02,1,QLD1,,88.87,0,,0,PUBLIC_PREDISPATCHIS_202609151000_20260915093158.zip
2026-09-15 10:00:00,2026-09-01 05:01:02,1,QLD1,,88.87,0,,0,PUBLIC_PREDISPATCHIS_202609151000_20260915093158.zip
2026-09-15 10:00:00,2026-09-01 05:01:02,1,QLD1,,84.5,0,,0,PUBLIC_PREDISPATCHIS_202609151000_20260915093158.zip
2026-09-15 10:00:00,2026-09-01 05:01:02,1,QLD1,,85.39,0,,0,PUBLIC_PREDISPATCHIS_202609151000_20260915093158.zip
2026-09-15 10:00:00,2026-09-01 05:01:02,1,QLD1,,88.87,0,,0,PUBLIC_PREDISPATCHIS_202609151000_20260915093158.zip
2026-09-15 10:00:00,2026-09-01 05:01:02,1,QLD1,,87.73,0,,0,PUBLIC_PREDISPATCHIS_202609151000_20260915093158.zip
2026-09-15 10:00:00,2026-09-01 05:01:02,1,QLD1,,92.91477,0,,0,PUBLIC_PREDISPATCHIS_202609151000_20260915093158.zip
2026-09-15 10:00:00,2026-09-01 05:01:02,1,QLD1,,83.44024,0,,0,PUBLIC_PREDISPATCHIS_202609151000_20260915093158.zip
2026-09-15 10:00:00,2026-09-01 05:01:02,1,QLD1,,78.52,0,,0,PUBLIC_PREDISPATCHIS_202609151000_20260915093158.zip
2026-09-15 10:00:00,2026-09-01 05:01:02,1,QLD1,,79.73,0,,0,PUBLIC_PREDISPATCHIS_202609151000_20260915093158.zip
2026-09-15 10:00:00,2026-09-01 05:01:02,1,QLD1,,78.73009,0,,0,PUBLIC_PREDISPATCHIS_202609151000_20260915093158.zip
2026-09-15 10:00:00,2026-09-01 05:01:02,1,QLD1,,87.96561,0,,0,PUBLIC_PREDISPATCHIS_202609151000_20260915093158.zip
2026-09-15 10:00:00,2026-09-01 05:01:02,1,QLD1,,78.52,0,,0,PUBLIC_PREDISPATCHIS_202609151000_20260915093158.zip
2026-09-15 10:00:00,2026-09-01 05:01:02,1,QLD1,,77.91922,0,,0,PUBLIC_PREDISPATCHIS_202609151000_20260915093158.zip
2026-09-15 10:00:00,2026-09-01 05:01:02,1,QLD1,,77.87154,0,,0,PUBLIC_PREDISPATCHIS_202609151000_20260915093158.zip
2026-09-15 10:00:00,2026-09-01 05:01:02,1,QLD1,,77.83893,0,,0,PUBLIC_PREDISPATCHIS_202609151000_20260915093158.zip
2026-09-15 10:00:00,2026-09-01 05:01:02,1,QLD1,,77.71438,0,,0,PUBLIC_PREDISPATCHIS_202609151000_20260915093158.zip
2026-09-15 10:00:00,2026-09-01 05:01:02,1,QLD1,,78.54,0,,0,PUBLIC_PREDISPATCHIS_202609151000_20260915093158.zip
2026-09-15 10:00:00,2026-09-01 05:01:02,1,QLD1,,69.30247,0,,0,PUBLIC_PREDISPATCHIS_202609151000_20260915093158.zip
2026-09-15 10:00:00,2026-09-01 05:01:02,1,SA1,,-19.30798,0,,0,PUBLIC_PREDISPATCHIS_202609151000_20260915093158.zip
2026-09-15 10:00:00,2026-09-01 05:01:02,1,SA1,,-21.80787,0,,0,PUBLIC_PREDISPATCHIS_202609151000_20260915093158.zip
2026-09-15 10:00:00,2026-09-01 05:01:02,1,SA1,,-20.0,0,,0,PUBLIC_PREDISPATCHIS_202609151000_20260915093158.zip
2026-09-15 10:00:00,2026-09-01 05:01:02,1,SA1,,-20.0,0,,0,PUBLIC_PREDISPATCHIS_202609151000_20260915093158.zip
2026-09-15 10:00:00,2026-09-01 05:01:02,1,SA1,,-21.61405,0,,0,PUBLIC_PREDISPATCHIS_202609151000_20260915093158.zip
2026-09-15 10:00:00,2026-09-01 05:01:02,1,SA1,,-29.02,0,,0,PUBLIC_PREDISPATCHIS_202609151000_20260915093158.zip
2026-09-15 10:00:00,2026-09-01 05:01:02,1,SA1,,-39.02,0,,0,PUBLIC_PREDISPATCHIS_202609151000_20260915093158.zip
2026-09-15 10:00:00,2026-09-01 05:01:02,1,SA1,,-44.64257,0,,0,PUBLIC_PREDISPATCHIS_202609151000_20260915093158.zip
2026-09-15 10:00:00,2026-09-01 05:01:02,1,SA1,,-65.02098,0,,0,PUBLIC_PREDISPATCHIS_202609151000_20260915093158.zip
2026-09-15 10:00:00,2026-09-01 05:01:02,1,SA1,,-20.0,0,,0,PUBLIC_PREDISPATCHIS_202609151000_20260915093158.zip
2026-09-15 10:00:00,2026-09-01 05:01:02,1,SA1,,-20.0,0,,0,PUBLIC_PREDISPATCHIS_202609151000_20260915093158.zip
2026-09-15 10:00:00,2026-09-01 05:01:02,1,SA1,,-17.85,0,,0,PUBLIC_PREDISPATCHIS_202609151000_20260915093158.zip
2026-09-15 10:00:00,2026-09-01 05:01:02,1,SA1,,-17.85,0,,0,PUBLIC_PREDISPATCHIS_202609151000_20260915093158.zip
2026-09-15 10:00:00,2026-09-01 05:01:02,1,SA1,,-18.55,0,,0,PUBLIC_PREDISPATCHIS_202609151000_20260915093158.zip
2026-09-15 10:00:00,2026-09-01 05:01:02,1,SA1,,-7.49716,0,,0,PUBLIC_PREDISPATCHIS_202609151000_20260915093158.zip
2026-09-15 10:00:00,2026-09-01 05:01:02,1,SA1,,-1.09995,0,,0,PUBLIC_PREDISPATCHIS_202609151000_20260915093158.zip
2026-09-15 10:00:00,2026-09-01 05:01:02,1,SA1,,29.746,0,,0,PUBLIC_PREDISPATCHIS_202609151000_20260915093158.zip
2026-09-15 10:00:00,2026-09-01 05:01:02,1,SA1,,57.16872,0,,0,PUBLIC_PREDISPATCHIS_202609151000_20260915093158.zip
2026-09-15 10:00:00,2026-09-01 05:01:02,1,SA1,,70.05842,0,,0,PUBLIC_PREDISPATCHIS_202609151000_20260915093158.zip
2026-09-15 10:00:00,2026-09-01 05:01:02,1,SA1,,69.41,0,,0,PUBLIC_PREDISPATCHIS_202609151000_20260915093158.zip
2026-09-15 10:00:00,2026-09-01 05:01:02,1,SA1,,69.41,0,,0,PUBLIC_PREDISPATCHIS_202609151000_20260915093158.zip
2026-09-15 10:00:00,2026-09-01 05:01:02,1,SA1,,69.93771,0,,0,PUBLIC_PREDISPATCHIS_202609151000_20260915093158.zip
2026-09-15 10:00:00,2026-09-01 05:01:02,1,SA1,,86.01506,0,,0,PUBLIC_PREDISPATCHIS_202609151000_20260915093158.zip
2026-09-15 10:00:00,2026-09-01 05:01:02,1,SA1,,81.5224,0,,0,PUBLIC_PREDISPATCHIS_202609151000_20260915093158.zip
2026-09-15 10:00:00,2026-09-01 05:01:02,1,SA1,,93.10863,0,,0,PUBLIC_PREDISPATCHIS_202609151000_20260915093158.zip
2026-09-15 10:00:00,2026-09-01 05:01:02,1,SA1,,78.89906,0,,0,PUBLIC_PREDISPATCHIS_202609151000_20260915093158.zip
2026-09-15 10:00:00,2026-09-01 05:01:02,1,SA1,,72.10516,0,,0,PUBLIC_PREDISPATCHIS_202609151000_20260915093158.zip
2026-09-15 10:00:00,2026-09-01 05:01:02,1,SA1,,73.59223,0,,0,PUBLIC_PREDISPATCHIS_202609151000_20260915093158.zip
2026-09-15 10:00:00,2026-09-01 05:01:02,1,SA1,,75.09451,0,,0,PUBLIC_PREDISPATCHIS_202609151000_20260915093158.zip
2026-09-15 10:00:00,2026-09-01 05:01:02,1,SA1,,87.97389,0,,0,PUBLIC_PREDISPATCHIS_202609151000_20260915093158.zip
2026-09-15 10:00:00,2026-09-01 05:01:02,1,SA1,,76.39601,0,,0,PUBLIC_PREDISPATCHIS_202609151000_20260915093158.zip
2026-09-15 10:00:00,2026-09-01 05:01:02,1,SA1,,74.70312,0,,0,PUBLIC_PREDISPATCHIS_202609151000_20260915093158.zip
2026-09-15 10:00:00,2026-09-01 05:01:02,1,SA1,,74.39106,0,,0,PUBLIC_PREDISPATCHIS_202609151000_20260915093158.zip
2026-09-15 10:00:00,2026-09-01 05:01:02,1,SA1,,50.29209,0,,0,PUBLIC_PREDISPATCHIS_202609151000_20260915093158.zip
2026-09-15 10:00:00,2026-09-01 05:01:02,1,SA1,,50.25106,0,,0,PUBLIC_PREDISPATCHIS_202609151000_20260915093158.zip
2026-09-15 10:00:00,2026-09-01 05:01:02,1,SA1,,49.66056,0,,0,PUBLIC_PREDISPATCHIS_202609151000_20260915093158.zip
2026-09-15 10:00:00,2026-09-01 05:01:02,1,SA1,,43.96092,0,,0,PUBLIC_PREDISPATCHIS_202609151000_20260915093158.zip
2026-09-15 10:00:00,2026-09-01 05:01:02,1,TAS1,,-19.66111,0,,0,PUBLIC_PREDISPATCHIS_202609151000_20260915093158.zip
2026-09-15 10:00:00,2026-09-01 05:01:02,1,TAS1,,-21.7294,0,,0,PUBLIC_PREDISPATCHIS_202609151000_20260915093158.zip
2026-09-15 10:00:00,2026-09-01 05:01:02,1,TAS1,,-25.92274,0,,0,PUBLIC_PREDISPATCHIS_202609151000_20260915093158.zip
2026-09-15 10:00:00,2026-09-01 05:01:02,1,TAS1,,-20.5798,0,,0,PUBLIC_PREDISPATCHIS_202609151000_20260915093158.zip
2026-09-15 10:00:00,2026-09-01 05:01:02,1,TAS1,,-21.40112,0,,0,PUBLIC_PREDISPATCHIS_202609151000_20260915093158.zip
2026-09-15 10:00:00,2026-09-01 05:01:02,1,TAS1,,-28.89942,0,,0,PUBLIC_PREDISPATCHIS_202609151000_20260915093158.zip
2026-09-15 10:00:00,2026-09-01 05:01:02,1,TAS1,,-45.61357,0,,0,PUBLIC_PREDISPATCHIS_202609151000_20260915093158.zip
2026-09-15 10:00:00,2026-09-01 05:01:02,1,TAS1,,-44.74653,0,,0,PUBLIC_PREDISPATCHIS_202609151000_20260915093158.zip
2026-09-15 10:00:00,2026-09-01 05:01:02,1,TAS1,,-67.72701,0,,0,PUBLIC_PREDISPATCHIS_202609151000_20260915093158.zip
2026-09-15 10:00:00,2026-09-01 05:01:02,1,TAS1,,-46.47282,0,,0,PUBLIC_PREDISPATCHIS_202609151000_20260915093158.zip
2026-09-15 10:00:00,2026-09-01 05:01:02,1,TAS1,,-51.89821,0,,0,PUBLIC_PREDISPATCHIS_202609151000_20260915093158.zip
2026-09-15 10:00:00,2026-09-01 05:01:02,1,TAS1,,-46.88426,0,,0,PUBLIC_PREDISPATCHIS_202609151000_20260915093158.zip
2026-09-15 10:00:00,2026-09-01 05:01:02,1,TAS1,,-41.86993,0,,0,PUBLIC_PREDISPATCHIS_202609151000_20260915093158.zip
2026-09-15 10:00:00,2026-09-01 05:01:02,1,TAS1,,-19.24582,0,,0,PUBLIC_PREDISPATCHIS_202609151000_20260915093158.zip
2026-09-15 10:00:00,2026-09-01 05:01:02,1,TAS1,,-8.11985,0,,0,PUBLIC_PREDISPATCHIS_202609151000_20260915093158.zip
2026-09-15 10:00:00,2026-09-01 05:01:02,1,TAS1,,-1.15348,0,,0,PUBLIC_PREDISPATCHIS_202609151000_20260915093158.zip
2026-09-15 10:00:00,2026-09-01 05:01:02,1,TAS1,,25.1,0,,0,PUBLIC_PREDISPATCHIS_202609151000_20260915093158.zip
2026-09-15 10:00:00,2026-09-01 05:01:02,1,TAS1,,53.37098,0,,0,PUBLIC_PREDISPATCHIS_202609151000_20260915093158.zip
2026-09-15 10:00:00,2026-09-01 05:01:02,1,TAS1,,64.49845,0,,0,PUBLIC_PREDISPATCHIS_202609151000_20260915093158.zip
2026-09-15 10:00:00,2026-09-01 05:01:02,1,TAS1,,61.67628,0,,0,PUBLIC_PREDISPATCHIS_202609151000_20260915093158.zip
2026-09-15 10:00:00,2026-09-01 05:01:02,1,TAS1,,65.14811,0,,0,PUBLIC_PREDISPATCHIS_202609151000_20260915093158.zip
2026-09-15 10:00:00,2026-09-01 05:01:02,1,TAS1,,65.35817,0,,0,PUBLIC_PREDISPATCHIS_202609151000_20260915093158.zip
2026-09-15 10:00:00,2026-09-01 05:01:02,1,TAS1,,73.35529,0,,0,PUBLIC_PREDISPATCHIS_202609151000_20260915093158.zip
2026-09-15 10:00:00,2026-09-01 05:01:02,1,TAS1,,74.54051,0,,0,PUBLIC_PREDISPATCHIS_202609151000_20260915093158.zip
2026-09-15 10:00:00,2026-09-01 05:01:02,1,TAS1,,85.03399,0,,0,PUBLIC_PREDISPATCHIS_202609151000_20260915093158.zip
2026-09-15 10:00:00,2026-09-01 05:01:02,1,TAS1,,71.27812,0,,0,PUBLIC_PREDISPATCHIS_202609151000_20260915093158.zip
2026-09-15 10:00:00,2026-09-01 05:01:02,1,TAS1,,64.99238,0,,0,PUBLIC_PREDISPATCHIS_202609151000_20260915093158.zip
2026-09-15 10:00:00,2026-09-01 05:01:02,1,TAS1,,68.24787,0,,0,PUBLIC_PREDISPATCHIS_202609151000_20260915093158.zip
2026-09-15 10:00:00,2026-09-01 05:01:02,1,TAS1,,68.04751,0,,0,PUBLIC_PREDISPATCHIS_202609151000_20260915093158.zip
2026-09-15 10:00:00,2026-09-01 05:01:02,1,TAS1,,79.25493,0,,0,PUBLIC_PREDISPATCHIS_202609151000_20260915093158.zip
2026-09-15 10:00:00,2026-09-01 05:01:02,1,TAS1,,67.87573,0,,0,PUBLIC_PREDISPATCHIS_202609151000_20260915093158.zip
2026-09-15 10:00:00,2026-09-01 05:01:02,1,TAS1,,66.08733,0,,0,PUBLIC_PREDISPATCHIS_202609151000_20260915093158.zip
2026-09-15 10:00:00,2026-09-01 05:01:02,1,TAS1,,66.04026,0,,0,PUBLIC_PREDISPATCHIS_202609151000_20260915093158.zip
2026-09-15 10:00:00,2026-09-01 05:01:02,1,TAS1,,44.3346,0,,0,PUBLIC_PREDISPATCHIS_202609151000_20260915093158.zip
2026-09-15 10:00:00,2026-09-01 05:01:02,1,TAS1,,43.85638,0,,0,PUBLIC_PREDISPATCHIS_202609151000_20260915093158.zip
2026-09-15 10:00:00,2026-09-01 05:01:02,1,TAS1,,44.0947,0,,0,PUBLIC_PREDISPATCHIS_202609151000_20260915093158.zip
2026-09-15 10:00:00,2026-09-01 05:01:02,1,TAS1,,40.16,0,,0,PUBLIC_PREDISPATCHIS_202609151000_20260915093158.zip
2026-09-15 10:00:00,2026-09-01 05:01:02,1,VIC1,,-18.76248,0,,0,PUBLIC_PREDISPATCHIS_202609151000_20260915093158.zip
2026-09-15 10:00:00,2026-09-01 05:01:02,1,VIC1,,-20.86,0,,0,PUBLIC_PREDISPATCHIS_202609151000_20260915093158.zip
2026-09-15 10:00:00,2026-09-01 05:01:02,1,VIC1,,-25.11526,0,,0,PUBLIC_PREDISPATCHIS_202609151000_20260915093158.zip
2026-09-15 10:00:00,2026-09-01 05:01:02,1,VIC1,,-20.0,0,,0,PUBLIC_PREDISPATCHIS_202609151000_20260915093158.zip
2026-09-15 10:00:00,2026-09-01 05:01:02,1,VIC1,,-20.86,0,,0,PUBLIC_PREDISPATCHIS_202609151000_20260915093158.zip
2026-09-15 10:00:00,2026-09-01 05:01:02,1,VIC1,,-28.25346,0,,0,PUBLIC_PREDISPATCHIS_202609151000_20260915093158.zip
2026-09-15 10:00:00,2026-09-01 05:01:02,1,VIC1,,-44.73,0,,0,PUBLIC_PREDISPATCHIS_202609151000_20260915093158.zip
2026-09-15 10:00:00,2026-09-01 05:01:02,1,VIC1,,-43.737,0,,0,PUBLIC_PREDISPATCHIS_202609151000_20260915093158.zip
2026-09-15 10:00:00,2026-09-01 05:01:02,1,VIC1,,-64.55,0,,0,PUBLIC_PREDISPATCHIS_202609151000_20260915093158.zip
2026-09-15 10:00:00,2026-09-01 05:01:02,1,VIC1,,-45.0,0,,0,PUBLIC_PREDISPATCHIS_202609151000_20260915093158.zip
2026-09-15 10:00:00,2026-09-01 05:01:02,1,VIC1,,-50.11,0,,0,PUBLIC_PREDISPATCHIS_202609151000_20260915093158.zip
2026-09-15 10:00:00,2026-09-01 05:01:02,1,VIC1,,-45.0,0,,0,PUBLIC_PREDISPATCHIS_202609151000_20260915093158.zip
2026-09-15 10:00:00,2026-09-01 05:01:02,1,VIC1,,-40.33869,0,,0,PUBLIC_PREDISPATCHIS_202609151000_20260915093158.zip
2026-09-15 10:00:00,2026-09-01 05:01:02,1,VIC1,,-18.26673,0,,0,PUBLIC_PREDISPATCHIS_202609151000_20260915093158.zip
2026-09-15 10:00:00,2026-09-01 05:01:02,1,VIC1,,-7.98449,0,,0,PUBLIC_PREDISPATCHIS_202609151000_20260915093158.zip
2026-09-15 10:00:00,2026-09-01 05:01:02,1,VIC1,,-1.1314,0,,0,PUBLIC_PREDISPATCHIS_202609151000_20260915093158.zip
2026-09-15 10:00:00,2026-09-01 05:01:02,1,VIC1,,1.43431,0,,0,PUBLIC_PREDISPATCHIS_202609151000_20260915093158.zip
2026-09-15 10:00:00,2026-09-01 05:01:02,1,VIC1,,50.42,0,,0,PUBLIC_PREDISPATCHIS_202609151000_20260915093158.zip
2026-09-15 10:00:00,2026-09-01 05:01:02,1,VIC1,,67.86738,0,,0,PUBLIC_PREDISPATCHIS_202609151000_20260915093158.zip
2026-09-15 10:00:00,2026-09-01 05:01:02,1,VIC1,,65.10147,0,,0,PUBLIC_PREDISPATCHIS_202609151000_20260915093158.zip
2026-09-15 10:00:00,2026-09-01 05:01:02,1,VIC1,,68.98008,0,,0,PUBLIC_PREDISPATCHIS_202609151000_20260915093158.zip
2026-09-15 10:00:00,2026-09-01 05:01:02,1,VIC1,,68.98008,0,,0,PUBLIC_PREDISPATCHIS_202609151000_20260915093158.zip
2026-09-15 10:00:00,2026-09-01 05:01:02,1,VIC1,,77.64,0,,0,PUBLIC_PREDISPATCHIS_202609151000_20260915093158.zip
2026-09-15 10:00:00,2026-09-01 05:01:02,1,VIC1,,79.11399,0,,0,PUBLIC_PREDISPATCHIS_202609151000_20260915093158.zip
2026-09-15 10:00:00,2026-09-01 05:01:02,1,VIC1,,90.5,0,,0,PUBLIC_PREDISPATCHIS_202609151000_20260915093158.zip
2026-09-15 10:00:00,2026-09-01 05:01:02,1,VIC1,,76.30212,0,,0,PUBLIC_PREDISPATCHIS_202609151000_20260915093158.zip
2026-09-15 10:00:00,2026-09-01 05:01:02,1,VIC1,,70.20493,0,,0,PUBLIC_PREDISPATCHIS_202609151000_20260915093158.zip
2026-09-15 10:00:00,2026-09-01 05:01:02,1,VIC1,,74.18,0,,0,PUBLIC_PREDISPATCHIS_202609151000_20260915093158.zip
2026-09-15 10:00:00,2026-09-01 05:01:02,1,VIC1,,74.18,0,,0,PUBLIC_PREDISPATCHIS_202609151000_20260915093158.zip
2026-09-15 10:00:00,2026-09-01 05:01:02,1,VIC1,,86.37073,0,,0,PUBLIC_PREDISPATCHIS_202609151000_20260915093158.zip
2026-09-15 10:00:00,2026-09-01 05:01:02,1,VIC1,,74.18,0,,0,PUBLIC_PREDISPATCHIS_202609151000_20260915093158.zip
2026-09-15 10:00:00,2026-09-01 05:01:02,1,VIC1,,72.43013,0,,0,PUBLIC_PREDISPATCHIS_202609151000_20260915093158.zip
2026-09-15 10:00:00,2026-09-01 05:01:02,1,VIC1,,72.35957,0,,0,PUBLIC_PREDISPATCHIS_202609151000_20260915093158.zip
2026-09-15 10:00:00,2026-09-01 05:01:02,1,VIC1,,33.87823,0,,0,PUBLIC_PREDISPATCHIS_202609151000_20260915093158.zip
2026-09-15 10:00:00,2026-09-01 05:01:02,1,VIC1,,32.9376,0,,0,PUBLIC_PREDISPATCHIS_202609151000_20260915093158.zip
2026-09-15 10:00:00,2026-09-01 05:01:02,1,VIC1,,33.21197,0,,0,PUBLIC_PREDISPATCHIS_202609151000_20260915093158.zip
2026-09-15 10:00:00,2026-09-01 05:01:02,1,VIC1,,33.2276,0,,0,PUBLIC_PREDISPATCHIS_202609151000_20260915093158.zip
2026-09-15 10:30:00,2026-09-01 05:01:03,1,NSW1,,-6.33,0,,0,PUBLIC_PREDISPATCHIS_202609151030_20260915100145.zip
2026-09-15 10:30:00,2026-09-01 05:01:03,1,NSW1,,-9.32527,0,,0,PUBLIC_PREDISPATCHIS_202609151030_20260915100145.zip
2026-09-15 10:30:00,2026-09-01 05:01:03,1,NSW1,,-8.63,0,,0,PUBLIC_PREDISPATCHIS_202609151030_20260915100145.zip
2026-09-15 10:30:00,2026-09-01 05:01:03,1,NSW1,,-8.80294,0,,0,PUBLIC_PREDISPATCHIS_202609151030_20260915100145.zip
2026-09-15 10:30:00,2026-09-01 05:01:03,1,NSW1,,-8.58216,0,,0,PUBLIC_PREDISPATCHIS_202609151030_20260915100145.zip
2026-09-15 10:30:00,2026-09-01 05:01:03,1,NSW1,,-8.36726,0,,0,PUBLIC_PREDISPATCHIS_202609151030_20260915100145.zip
2026-09-15 10:30:00,2026-09-01 05:01:03,1,NSW1,,-8.63,0,,0,PUBLIC_PREDISPATCHIS_202609151030_20260915100145.zip
2026-09-15 10:30:00,2026-09-01 05:01:03,1,NSW1,,-17.03048,0,,0,PUBLIC_PREDISPATCHIS_202609151030_20260915100145.zip
2026-09-15 10:30:00,2026-09-01 05:01:03,1,NSW1,,-12.56845,0,,0,PUBLIC_PREDISPATCHIS_202609151030_20260915100145.zip
2026-09-15 10:30:00,2026-09-01 05:01:03,1,NSW1,,-8.42978,0,,0,PUBLIC_PREDISPATCHIS_202609151030_20260915100145.zip
2026-09-15 10:30:00,2026-09-01 05:01:03,1,NSW1,,-12.9118,0,,0,PUBLIC_PREDISPATCHIS_202609151030_20260915100145.zip
2026-09-15 10:30:00,2026-09-01 05:01:03,1,NSW1,,-7.15128,0,,0,PUBLIC_PREDISPATCHIS_202609151030_20260915100145.zip
2026-09-15 10:30:00,2026-09-01 05:01:03,1,NSW1,,-2.82099,0,,0,PUBLIC_PREDISPATCHIS_202609151030_20260915100145.zip
2026-09-15 10:30:00,2026-09-01 05:01:03,1,NSW1,,51.46292,0,,0,PUBLIC_PREDISPATCHIS_202609151030_20260915100145.zip
2026-09-15 10:30:00,2026-09-01 05:01:03,1,NSW1,,69.91,0,,0,PUBLIC_PREDISPATCHIS_202609151030_20260915100145.zip
2026-09-15 10:30:00,2026-09-01 05:01:03,1,NSW1,,76.01484,0,,0,PUBLIC_PREDISPATCHIS_202609151030_20260915100145.zip
2026-09-15 10:30:00,2026-09-01 05:01:03,1,NSW1,,72.56015,0,,0,PUBLIC_PREDISPATCHIS_202609151030_20260915100145.zip
2026-09-15 10:30:00,2026-09-01 05:01:03,1,NSW1,,72.56608,0,,0,PUBLIC_PREDISPATCHIS_202609151030_20260915100145.zip
2026-09-15 10:30:00,2026-09-01 05:01:03,1,NSW1,,72.90843,0,,0,PUBLIC_PREDISPATCHIS_202609151030_20260915100145.zip
2026-09-15 10:30:00,2026-09-01 05:01:03,1,NSW1,,72.73676,0,,0,PUBLIC_PREDISPATCHIS_202609151030_20260915100145.zip
2026-09-15 10:30:00,2026-09-01 05:01:03,1,NSW1,,72.09061,0,,0,PUBLIC_PREDISPATCHIS_202609151030_20260915100145.zip
2026-09-15 10:30:00,2026-09-01 05:01:03,1,NSW1,,72.76278,0,,0,PUBLIC_PREDISPATCHIS_202609151030_20260915100145.zip
2026-09-15 10:30:00,2026-09-01 05:01:03,1,NSW1,,76.73791,0,,0,PUBLIC_PREDISPATCHIS_202609151030_20260915100145.zip
2026-09-15 10:30:00,2026-09-01 05:01:03,1,NSW1,,81.86039,0,,0,PUBLIC_PREDISPATCHIS_202609151030_20260915100145.zip
2026-09-15 10:30:00,2026-09-01 05:01:03,1,NSW1,,72.20715,0,,0,PUBLIC_PREDISPATCHIS_202609151030_20260915100145.zip
2026-09-15 10:30:00,2026-09-01 05:01:03,1,NSW1,,69.91,0,,0,PUBLIC_PREDISPATCHIS_202609151030_20260915100145.zip
2026-09-15 10:30:00,2026-09-01 05:01:03,1,NSW1,,69.91,0,,0,PUBLIC_PREDISPATCHIS_202609151030_20260915100145.zip
2026-09-15 10:30:00,2026-09-01 05:01:03,1,NSW1,,83.18747,0,,0,PUBLIC_PREDISPATCHIS_202609151030_20260915100145.zip
2026-09-15 10:30:00,2026-09-01 05:01:03,1,NSW1,,83.99,0,,0,PUBLIC_PREDISPATCHIS_202609151030_20260915100145.zip
2026-09-15 10:30:00,2026-09-01 05:01:03,1,NSW1,,83.99,0,,0,PUBLIC_PREDISPATCHIS_202609151030_20260915100145.zip
2026-09-15 10:30:00,2026-09-01 05:01:03,1,NSW1,,83.99,0,,0,PUBLIC_PREDISPATCHIS_202609151030_20260915100145.zip
2026-09-15 10:30:00,2026-09-01 05:01:03,1,NSW1,,83.99,0,,0,PUBLIC_PREDISPATCHIS_202609151030_20260915100145.zip
2026-09-15 10:30:00,2026-09-01 05:01:03,1,NSW1,,83.99,0,,0,PUBLIC_PREDISPATCHIS_202609151030_20260915100145.zip
2026-09-15 10:30:00,2026-09-01 05:01:03,1,NSW1,,83.35137,0,,0,PUBLIC_PREDISPATCHIS_202609151030_20260915100145.zip
2026-09-15 10:30:00,2026-09-01 05:01:03,1,NSW1,,81.56096,0,,0,PUBLIC_PREDISPATCHIS_202609151030_20260915100145.zip
2026-09-15 10:30:00,2026-09-01 05:01:03,1,NSW1,,75.96007,0,,0,PUBLIC_PREDISPATCHIS_202609151030_20260915100145.zip
2026-09-15 10:30:00,2026-09-01 05:01:03,1,QLD1,,-5.22426,0,,0,PUBLIC_PREDISPATCHIS_202609151030_20260915100145.zip
2026-09-15 10:30:00,2026-09-01 05:01:03,1,QLD1,,-8.51,0,,0,PUBLIC_PREDISPATCHIS_202609151030_20260915100145.zip
2026-09-15 10:30:00,2026-09-01 05:01:03,1,QLD1,,-7.62265,0,,0,PUBLIC_PREDISPATCHIS_202609151030_20260915100145.zip
2026-09-15 10:30:00,2026-09-01 05:01:03,1,QLD1,,-8.5,0,,0,PUBLIC_PREDISPATCHIS_202609151030_20260915100145.zip
2026-09-15 10:30:00,2026-09-01 05:01:03,1,QLD1,,-8.5,0,,0,PUBLIC_PREDISPATCHIS_202609151030_20260915100145.zip
2026-09-15 10:30:00,2026-09-01 05:01:03,1,QLD1,,-8.5,0,,0,PUBLIC_PREDISPATCHIS_202609151030_20260915100145.zip
2026-09-15 10:30:00,2026-09-01 05:01:03,1,QLD1,,-9.60748,0,,0,PUBLIC_PREDISPATCHIS_202609151030_20260915100145.zip
2026-09-15 10:30:00,2026-09-01 05:01:03,1,QLD1,,-17.12448,0,,0,PUBLIC_PREDISPATCHIS_202609151030_20260915100145.zip
2026-09-15 10:30:00,2026-09-01 05:01:03,1,QLD1,,-12.6,0,,0,PUBLIC_PREDISPATCHIS_202609151030_20260915100145.zip
2026-09-15 10:30:00,2026-09-01 05:01:03,1,QLD1,,-8.07,0,,0,PUBLIC_PREDISPATCHIS_202609151030_20260915100145.zip
2026-09-15 10:30:00,2026-09-01 05:01:03,1,QLD1,,-12.6,0,,0,PUBLIC_PREDISPATCHIS_202609151030_20260915100145.zip
2026-09-15 10:30:00,2026-09-01 05:01:03,1,QLD1,,-7.5,0,,0,PUBLIC_PREDISPATCHIS_202609151030_20260915100145.zip
2026-09-15 10:30:00,2026-09-01 05:01:03,1,QLD1,,-3.0,0,,0,PUBLIC_PREDISPATCHIS_202609151030_20260915100145.zip
2026-09-15 10:30:00,2026-09-01 05:01:03,1,QLD1,,54.75,0,,0,PUBLIC_PREDISPATCHIS_202609151030_20260915100145.zip
2026-09-15 10:30:00,2026-09-01 05:01:03,1,QLD1,,72.5,0,,0,PUBLIC_PREDISPATCHIS_202609151030_20260915100145.zip
2026-09-15 10:30:00,2026-09-01 05:01:03,1,QLD1,,81.82,0,,0,PUBLIC_PREDISPATCHIS_202609151030_20260915100145.zip
2026-09-15 10:30:00,2026-09-01 05:01:03,1,QLD1,,88.87,0,,0,PUBLIC_PREDISPATCHIS_202609151030_20260915100145.zip
2026-09-15 10:30:00,2026-09-01 05:01:03,1,QLD1,,88.87,0,,0,PUBLIC_PREDISPATCHIS_202609151030_20260915100145.zip
2026-09-15 10:30:00,2026-09-01 05:01:03,1,QLD1,,90.49,0,,0,PUBLIC_PREDISPATCHIS_202609151030_20260915100145.zip
2026-09-15 10:30:00,2026-09-01 05:01:03,1,QLD1,,88.87,0,,0,PUBLIC_PREDISPATCHIS_202609151030_20260915100145.zip
2026-09-15 10:30:00,2026-09-01 05:01:03,1,QLD1,,85.39,0,,0,PUBLIC_PREDISPATCHIS_202609151030_20260915100145.zip
2026-09-15 10:30:00,2026-09-01 05:01:03,1,QLD1,,87.73,0,,0,PUBLIC_PREDISPATCHIS_202609151030_20260915100145.zip
2026-09-15 10:30:00,2026-09-01 05:01:03,1,QLD1,,85.39,0,,0,PUBLIC_PREDISPATCHIS_202609151030_20260915100145.zip
2026-09-15 10:30:00,2026-09-01 05:01:03,1,QLD1,,85.39,0,,0,PUBLIC_PREDISPATCHIS_202609151030_20260915100145.zip
2026-09-15 10:30:00,2026-09-01 05:01:03,1,QLD1,,85.39,0,,0,PUBLIC_PREDISPATCHIS_202609151030_20260915100145.zip
2026-09-15 10:30:00,2026-09-01 05:01:03,1,QLD1,,73.39183,0,,0,PUBLIC_PREDISPATCHIS_202609151030_20260915100145.zip
2026-09-15 10:30:00,2026-09-01 05:01:03,1,QLD1,,72.5,0,,0,PUBLIC_PREDISPATCHIS_202609151030_20260915100145.zip
2026-09-15 10:30:00,2026-09-01 05:01:03,1,QLD1,,78.52,0,,0,PUBLIC_PREDISPATCHIS_202609151030_20260915100145.zip
2026-09-15 10:30:00,2026-09-01 05:01:03,1,QLD1,,78.73006,0,,0,PUBLIC_PREDISPATCHIS_202609151030_20260915100145.zip
2026-09-15 10:30:00,2026-09-01 05:01:03,1,QLD1,,77.99907,0,,0,PUBLIC_PREDISPATCHIS_202609151030_20260915100145.zip
2026-09-15 10:30:00,2026-09-01 05:01:03,1,QLD1,,76.43363,0,,0,PUBLIC_PREDISPATCHIS_202609151030_20260915100145.zip
2026-09-15 10:30:00,2026-09-01 05:01:03,1,QLD1,,78.52,0,,0,PUBLIC_PREDISPATCHIS_202609151030_20260915100145.zip
2026-09-15 10:30:00,2026-09-01 05:01:03,1,QLD1,,78.54,0,,0,PUBLIC_PREDISPATCHIS_202609151030_20260915100145.zip
2026-09-15 10:30:00,2026-09-01 05:01:03,1,QLD1,,78.21226,0,,0,PUBLIC_PREDISPATCHIS_202609151030_20260915100145.zip
2026-09-15 10:30:00,2026-09-01 05:01:03,1,QLD1,,78.52,0,,0,PUBLIC_PREDISPATCHIS_202609151030_20260915100145.zip
2026-09-15 10:30:00,2026-09-01 05:01:03,1,QLD1,,73.14672,0,,0,PUBLIC_PREDISPATCHIS_202609151030_20260915100145.zip
2026-09-15 10:30:00,2026-09-01 05:01:03,1,SA1,,-20.0,0,,0,PUBLIC_PREDISPATCHIS_202609151030_20260915100145.zip
2026-09-15 10:30:00,2026-09-01 05:01:03,1,SA1,,-20.76258,0,,0,PUBLIC_PREDISPATCHIS_202609151030_20260915100145.zip
2026-09-15 10:30:00,2026-09-01 05:01:03,1,SA1,,-20.87041,0,,0,PUBLIC_PREDISPATCHIS_202609151030_20260915100145.zip
2026-09-15 10:30:00,2026-09-01 05:01:03,1,SA1,,-22.358,0,,0,PUBLIC_PREDISPATCHIS_202609151030_20260915100145.zip
2026-09-15 10:30:00,2026-09-01 05:01:03,1,SA1,,-18.55,0,,0,PUBLIC_PREDISPATCHIS_202609151030_20260915100145.zip
2026-09-15 10:30:00,2026-09-01 05:01:03,1,SA1,,-19.85,0,,0,PUBLIC_PREDISPATCHIS_202609151030_20260915100145.zip
2026-09-15 10:30:00,2026-09-01 05:01:03,1,SA1,,-20.0,0,,0,PUBLIC_PREDISPATCHIS_202609151030_20260915100145.zip
2026-09-15 10:30:00,2026-09-01 05:01:03,1,SA1,,-18.02,0,,0,PUBLIC_PREDISPATCHIS_202609151030_20260915100145.zip
2026-09-15 10:30:00,2026-09-01 05:01:03,1,SA1,,-18.55,0,,0,PUBLIC_PREDISPATCHIS_202609151030_20260915100145.zip
2026-09-15 10:30:00,2026-09-01 05:01:03,1,SA1,,-18.55,0,,0,PUBLIC_PREDISPATCHIS_202609151030_20260915100145.zip
2026-09-15 10:30:00,2026-09-01 05:01:03,1,SA1,,-18.55,0,,0,PUBLIC_PREDISPATCHIS_202609151030_20260915100145.zip
2026-09-15 10:30:00,2026-09-01 05:01:03,1,SA1,,-18.55,0,,0,PUBLIC_PREDISPATCHIS_202609151030_20260915100145.zip
2026-09-15 10:30:00,2026-09-01 05:01:03,1,SA1,,-7.30664,0,,0,PUBLIC_PREDISPATCHIS_202609151030_20260915100145.zip
2026-09-15 10:30:00,2026-09-01 05:01:03,1,SA1,,-7.1,0,,0,PUBLIC_PREDISPATCHIS_202609151030_20260915100145.zip
2026-09-15 10:30:00,2026-09-01 05:01:03,1,SA1,,-1.02,0,,0,PUBLIC_PREDISPATCHIS_202609151030_20260915100145.zip
2026-09-15 10:30:00,2026-09-01 05:01:03,1,SA1,,30.06856,0,,0,PUBLIC_PREDISPATCHIS_202609151030_20260915100145.zip
2026-09-15 10:30:00,2026-09-01 05:01:03,1,SA1,,58.19063,0,,0,PUBLIC_PREDISPATCHIS_202609151030_20260915100145.zip
2026-09-15 10:30:00,2026-09-01 05:01:03,1,SA1,,101.02,0,,0,PUBLIC_PREDISPATCHIS_202609151030_20260915100145.zip
2026-09-15 10:30:00,2026-09-01 05:01:03,1,SA1,,68.23179,0,,0,PUBLIC_PREDISPATCHIS_202609151030_20260915100145.zip
2026-09-15 10:30:00,2026-09-01 05:01:03,1,SA1,,68.13622,0,,0,PUBLIC_PREDISPATCHIS_202609151030_20260915100145.zip
2026-09-15 10:30:00,2026-09-01 05:01:03,1,SA1,,66.79952,0,,0,PUBLIC_PREDISPATCHIS_202609151030_20260915100145.zip
2026-09-15 10:30:00,2026-09-01 05:01:03,1,SA1,,66.53163,0,,0,PUBLIC_PREDISPATCHIS_202609151030_20260915100145.zip
2026-09-15 10:30:00,2026-09-01 05:01:03,1,SA1,,68.90036,0,,0,PUBLIC_PREDISPATCHIS_202609151030_20260915100145.zip
2026-09-15 10:30:00,2026-09-01 05:01:03,1,SA1,,70.93554,0,,0,PUBLIC_PREDISPATCHIS_202609151030_20260915100145.zip
2026-09-15 10:30:00,2026-09-01 05:01:03,1,SA1,,44.96114,0,,0,PUBLIC_PREDISPATCHIS_202609151030_20260915100145.zip
2026-09-15 10:30:00,2026-09-01 05:01:03,1,SA1,,43.66144,0,,0,PUBLIC_PREDISPATCHIS_202609151030_20260915100145.zip
2026-09-15 10:30:00,2026-09-01 05:01:03,1,SA1,,42.21215,0,,0,PUBLIC_PREDISPATCHIS_202609151030_20260915100145.zip
2026-09-15 10:30:00,2026-09-01 05:01:03,1,SA1,,35.11208,0,,0,PUBLIC_PREDISPATCHIS_202609151030_20260915100145.zip
2026-09-15 10:30:00,2026-09-01 05:01:03,1,SA1,,36.66331,0,,0,PUBLIC_PREDISPATCHIS_202609151030_20260915100145.zip
2026-09-15 10:30:00,2026-09-01 05:01:03,1,SA1,,34.83551,0,,0,PUBLIC_PREDISPATCHIS_202609151030_20260915100145.zip
2026-09-15 10:30:00,2026-09-01 05:01:03,1,SA1,,32.08452,0,,0,PUBLIC_PREDISPATCHIS_202609151030_20260915100145.zip
2026-09-15 10:30:00,2026-09-01 05:01:03,1,SA1,,32.99219,0,,0,PUBLIC_PREDISPATCHIS_202609151030_20260915100145.zip
2026-09-15 10:30:00,2026-09-01 05:01:03,1,SA1,,35.38335,0,,0,PUBLIC_PREDISPATCHIS_202609151030_20260915100145.zip
2026-09-15 10:30:00,2026-09-01 05:01:03,1,SA1,,35.13477,0,,0,PUBLIC_PREDISPATCHIS_202609151030_20260915100145.zip
2026-09-15 10:30:00,2026-09-01 05:01:03,1,SA1,,33.05405,0,,0,PUBLIC_PREDISPATCHIS_202609151030_20260915100145.zip
2026-09-15 10:30:00,2026-09-01 05:01:03,1,SA1,,14.41,0,,0,PUBLIC_PREDISPATCHIS_202609151030_20260915100145.zip
2026-09-15 10:30:00,2026-09-01 05:01:03,1,TAS1,,-24.95426,0,,0,PUBLIC_PREDISPATCHIS_202609151030_20260915100145.zip
2026-09-15 10:30:00,2026-09-01 05:01:03,1,TAS1,,-20.6481,0,,0,PUBLIC_PREDISPATCHIS_202609151030_20260915100145.zip
2026-09-15 10:30:00,2026-09-01 05:01:03,1,TAS1,,-20.57396,0,,0,PUBLIC_PREDISPATCHIS_202609151030_20260915100145.zip
2026-09-15 10:30:00,2026-09-01 05:01:03,1,TAS1,,-21.88211,0,,0,PUBLIC_PREDISPATCHIS_202609151030_20260915100145.zip
2026-09-15 10:30:00,2026-09-01 05:01:03,1,TAS1,,-25.40828,0,,0,PUBLIC_PREDISPATCHIS_202609151030_20260915100145.zip
2026-09-15 10:30:00,2026-09-01 05:01:03,1,TAS1,,-21.34265,0,,0,PUBLIC_PREDISPATCHIS_202609151030_20260915100145.zip
2026-09-15 10:30:00,2026-09-01 05:01:03,1,TAS1,,-20.52912,0,,0,PUBLIC_PREDISPATCHIS_202609151030_20260915100145.zip
2026-09-15 10:30:00,2026-09-01 05:01:03,1,TAS1,,-20.59446,0,,0,PUBLIC_PREDISPATCHIS_202609151030_20260915100145.zip
2026-09-15 10:30:00,2026-09-01 05:01:03,1,TAS1,,-23.5376,0,,0,PUBLIC_PREDISPATCHIS_202609151030_20260915100145.zip
2026-09-15 10:30:00,2026-09-01 05:01:03,1,TAS1,,-21.06267,0,,0,PUBLIC_PREDISPATCHIS_202609151030_20260915100145.zip
2026-09-15 10:30:00,2026-09-01 05:01:03,1,TAS1,,-27.4463,0,,0,PUBLIC_PREDISPATCHIS_202609151030_20260915100145.zip
2026-09-15 10:30:00,2026-09-01 05:01:03,1,TAS1,,-20.76026,0,,0,PUBLIC_PREDISPATCHIS_202609151030_20260915100145.zip
2026-09-15 10:30:00,2026-09-01 05:01:03,1,TAS1,,-8.2304,0,,0,PUBLIC_PREDISPATCHIS_202609151030_20260915100145.zip
2026-09-15 10:30:00,2026-09-01 05:01:03,1,TAS1,,-7.58843,0,,0,PUBLIC_PREDISPATCHIS_202609151030_20260915100145.zip
2026-09-15 10:30:00,2026-09-01 05:01:03,1,TAS1,,-1.06278,0,,0,PUBLIC_PREDISPATCHIS_202609151030_20260915100145.zip
2026-09-15 10:30:00,2026-09-01 05:01:03,1,TAS1,,25.1,0,,0,PUBLIC_PREDISPATCHIS_202609151030_20260915100145.zip
2026-09-15 10:30:00,2026-09-01 05:01:03,1,TAS1,,53.66294,0,,0,PUBLIC_PREDISPATCHIS_202609151030_20260915100145.zip
2026-09-15 10:30:00,2026-09-01 05:01:03,1,TAS1,,61.58511,0,,0,PUBLIC_PREDISPATCHIS_202609151030_20260915100145.zip
2026-09-15 10:30:00,2026-09-01 05:01:03,1,TAS1,,62.23509,0,,0,PUBLIC_PREDISPATCHIS_202609151030_20260915100145.zip
2026-09-15 10:30:00,2026-09-01 05:01:03,1,TAS1,,61.9397,0,,0,PUBLIC_PREDISPATCHIS_202609151030_20260915100145.zip
2026-09-15 10:30:00,2026-09-01 05:01:03,1,TAS1,,61.58611,0,,0,PUBLIC_PREDISPATCHIS_202609151030_20260915100145.zip
2026-09-15 10:30:00,2026-09-01 05:01:03,1,TAS1,,62.4825,0,,0,PUBLIC_PREDISPATCHIS_202609151030_20260915100145.zip
2026-09-15 10:30:00,2026-09-01 05:01:03,1,TAS1,,64.53985,0,,0,PUBLIC_PREDISPATCHIS_202609151030_20260915100145.zip
2026-09-15 10:30:00,2026-09-01 05:01:03,1,TAS1,,67.57444,0,,0,PUBLIC_PREDISPATCHIS_202609151030_20260915100145.zip
2026-09-15 10:30:00,2026-09-01 05:01:03,1,TAS1,,40.16,0,,0,PUBLIC_PREDISPATCHIS_202609151030_20260915100145.zip
2026-09-15 10:30:00,2026-09-01 05:01:03,1,TAS1,,40.16,0,,0,PUBLIC_PREDISPATCHIS_202609151030_20260915100145.zip
2026-09-15 10:30:00,2026-09-01 05:01:03,1,TAS1,,40.12,0,,0,PUBLIC_PREDISPATCHIS_202609151030_20260915100145.zip
2026-09-15 10:30:00,2026-09-01 05:01:03,1,TAS1,,32.56762,0,,0,PUBLIC_PREDISPATCHIS_202609151030_20260915100145.zip
2026-09-15 10:30:00,2026-09-01 05:01:03,1,TAS1,,34.29424,0,,0,PUBLIC_PREDISPATCHIS_202609151030_20260915100145.zip
2026-09-15 10:30:00,2026-09-01 05:01:03,1,TAS1,,34.36412,0,,0,PUBLIC_PREDISPATCHIS_202609151030_20260915100145.zip
2026-09-15 10:30:00,2026-09-01 05:01:03,1,TAS1,,34.20605,0,,0,PUBLIC_PREDISPATCHIS_202609151030_20260915100145.zip
2026-09-15 10:30:00,2026-09-01 05:01:03,1,TAS1,,32.8956,0,,0,PUBLIC_PREDISPATCHIS_202609151030_20260915100145.zip
2026-09-15 10:30:00,2026-09-01 05:01:03,1,TAS1,,32.99195,0,,0,PUBLIC_PREDISPATCHIS_202609151030_20260915100145.zip
2026-09-15 10:30:00,2026-09-01 05:01:03,1,TAS1,,32.78707,0,,0,PUBLIC_PREDISPATCHIS_202609151030_20260915100145.zip
2026-09-15 10:30:00,2026-09-01 05:01:03,1,TAS1,,30.87936,0,,0,PUBLIC_PREDISPATCHIS_202609151030_20260915100145.zip
2026-09-15 10:30:00,2026-09-01 05:01:03,1,TAS1,,29.10254,0,,0,PUBLIC_PREDISPATCHIS_202609151030_20260915100145.zip
2026-09-15 10:30:00,2026-09-01 05:01:03,1,VIC1,,-24.02678,0,,0,PUBLIC_PREDISPATCHIS_202609151030_20260915100145.zip
2026-09-15 10:30:00,2026-09-01 05:01:03,1,VIC1,,-20.0,0,,0,PUBLIC_PREDISPATCHIS_202609151030_20260915100145.zip
2026-09-15 10:30:00,2026-09-01 05:01:03,1,VIC1,,-19.99,0,,0,PUBLIC_PREDISPATCHIS_202609151030_20260915100145.zip
2026-09-15 10:30:00,2026-09-01 05:01:03,1,VIC1,,-21.3933,0,,0,PUBLIC_PREDISPATCHIS_202609151030_20260915100145.zip
2026-09-15 10:30:00,2026-09-01 05:01:03,1,VIC1,,-24.91618,0,,0,PUBLIC_PREDISPATCHIS_202609151030_20260915100145.zip
2026-09-15 10:30:00,2026-09-01 05:01:03,1,VIC1,,-20.86,0,,0,PUBLIC_PREDISPATCHIS_202609151030_20260915100145.zip
2026-09-15 10:30:00,2026-09-01 05:01:03,1,VIC1,,-20.0,0,,0,PUBLIC_PREDISPATCHIS_202609151030_20260915100145.zip
2026-09-15 10:30:00,2026-09-01 05:01:03,1,VIC1,,-20.0,0,,0,PUBLIC_PREDISPATCHIS_202609151030_20260915100145.zip
2026-09-15 10:30:00,2026-09-01 05:01:03,1,VIC1,,-22.78946,0,,0,PUBLIC_PREDISPATCHIS_202609151030_20260915100145.zip
2026-09-15 10:30:00,2026-09-01 05:01:03,1,VIC1,,-20.33525,0,,0,PUBLIC_PREDISPATCHIS_202609151030_20260915100145.zip
2026-09-15 10:30:00,2026-09-01 05:01:03,1,VIC1,,-26.34163,0,,0,PUBLIC_PREDISPATCHIS_202609151030_20260915100145.zip
2026-09-15 10:30:00,2026-09-01 05:01:03,1,VIC1,,-20.0,0,,0,PUBLIC_PREDISPATCHIS_202609151030_20260915100145.zip
2026-09-15 10:30:00,2026-09-01 05:01:03,1,VIC1,,-8.00992,0,,0,PUBLIC_PREDISPATCHIS_202609151030_20260915100145.zip
2026-09-15 10:30:00,2026-09-01 05:01:03,1,VIC1,,-7.51,0,,0,PUBLIC_PREDISPATCHIS_202609151030_20260915100145.zip
2026-09-15 10:30:00,2026-09-01 05:01:03,1,VIC1,,-1.04915,0,,0,PUBLIC_PREDISPATCHIS_202609151030_20260915100145.zip
2026-09-15 10:30:00,2026-09-01 05:01:03,1,VIC1,,1.44354,0,,0,PUBLIC_PREDISPATCHIS_202609151030_20260915100145.zip
2026-09-15 10:30:00,2026-09-01 05:01:03,1,VIC1,,50.42,0,,0,PUBLIC_PREDISPATCHIS_202609151030_20260915100145.zip
2026-09-15 10:30:00,2026-09-01 05:01:03,1,VIC1,,65.0,0,,0,PUBLIC_PREDISPATCHIS_202609151030_20260915100145.zip
2026-09-15 10:30:00,2026-09-01 05:01:03,1,VIC1,,65.89281,0,,0,PUBLIC_PREDISPATCHIS_202609151030_20260915100145.zip
2026-09-15 10:30:00,2026-09-01 05:01:03,1,VIC1,,65.7844,0,,0,PUBLIC_PREDISPATCHIS_202609151030_20260915100145.zip
2026-09-15 10:30:00,2026-09-01 05:01:03,1,VIC1,,65.0,0,,0,PUBLIC_PREDISPATCHIS_202609151030_20260915100145.zip
2026-09-15 10:30:00,2026-09-01 05:01:03,1,VIC1,,66.13305,0,,0,PUBLIC_PREDISPATCHIS_202609151030_20260915100145.zip
2026-09-15 10:30:00,2026-09-01 05:01:03,1,VIC1,,68.50068,0,,0,PUBLIC_PREDISPATCHIS_202609151030_20260915100145.zip
2026-09-15 10:30:00,2026-09-01 05:01:03,1,VIC1,,71.6995,0,,0,PUBLIC_PREDISPATCHIS_202609151030_20260915100145.zip
2026-09-15 10:30:00,2026-09-01 05:01:03,1,VIC1,,25.07769,0,,0,PUBLIC_PREDISPATCHIS_202609151030_20260915100145.zip
2026-09-15 10:30:00,2026-09-01 05:01:03,1,VIC1,,32.76159,0,,0,PUBLIC_PREDISPATCHIS_202609151030_20260915100145.zip
2026-09-15 10:30:00,2026-09-01 05:01:03,1,VIC1,,31.439,0,,0,PUBLIC_PREDISPATCHIS_202609151030_20260915100145.zip
2026-09-15 10:30:00,2026-09-01 05:01:03,1,VIC1,,12.5,0,,0,PUBLIC_PREDISPATCHIS_202609151030_20260915100145.zip
2026-09-15 10:30:00,2026-09-01 05:01:03,1,VIC1,,15.08,0,,0,PUBLIC_PREDISPATCHIS_202609151030_20260915100145.zip
2026-09-15 10:30:00,2026-09-01 05:01:03,1,VIC1,,15.08,0,,0,PUBLIC_PREDISPATCHIS_202609151030_20260915100145.zip
2026-09-15 10:30:00,2026-09-01 05:01:03,1,VIC1,,15.08,0,,0,PUBLIC_PREDISPATCHIS_202609151030_20260915100145.zip
2026-09-15 10:30:00,2026-09-01 05:01:03,1,VIC1,,12.96,0,,0,PUBLIC_PREDISPATCHIS_202609151030_20260915100145.zip
2026-09-15 10:30:00,2026-09-01 05:01:03,1,VIC1,,12.96,0,,0,PUBLIC_PREDISPATCHIS_202609151030_20260915100145.zip
2026-09-15 10:30:00,2026-09-01 05:01:03,1,VIC1,,12.96,0,,0,PUBLIC_PREDISPATCHIS_202609151030_20260915100145.zip
2026-09-15 10:30:00,2026-09-01 05:01:03,1,VIC1,,10.65,0,,0,PUBLIC_PREDISPATCHIS_202609151030_20260915100145.zip
2026-09-15 10:30:00,2026-09-01 05:01:03,1,VIC1,,10.65,0,,0,PUBLIC_PREDISPATCHIS_202609151030_20260915100145.zip
2026-09-15 11:00:00,2026-09-01 05:01:04,1,NSW1,,-10.34,0,,0,PUBLIC_PREDISPATCHIS_202609151100_20260915103147.zip
2026-09-15 11:00:00,2026-09-01 05:01:04,1,NSW1,,-8.63,0,,0,PUBLIC_PREDISPATCHIS_202609151100_20260915103147.zip
2026-09-15 11:00:00,2026-09-01 05:01:04,1,NSW1,,-8.17388,0,,0,PUBLIC_PREDISPATCHIS_202609151100_20260915103147.zip
2026-09-15 11:00:00,2026-09-01 05:01:04,1,NSW1,,-8.07515,0,,0,PUBLIC_PREDISPATCHIS_202609151100_20260915103147.zip
2026-09-15 11:00:00,2026-09-01 05:01:04,1,NSW1,,-11.91111,0,,0,PUBLIC_PREDISPATCHIS_202609151100_20260915103147.zip
2026-09-15 11:00:00,2026-09-01 05:01:04,1,NSW1,,-8.88529,0,,0,PUBLIC_PREDISPATCHIS_202609151100_20260915103147.zip
2026-09-15 11:00:00,2026-09-01 05:01:04,1,NSW1,,-18.51,0,,0,PUBLIC_PREDISPATCHIS_202609151100_20260915103147.zip
2026-09-15 11:00:00,2026-09-01 05:01:04,1,NSW1,,-18.51,0,,0,PUBLIC_PREDISPATCHIS_202609151100_20260915103147.zip
2026-09-15 11:00:00,2026-09-01 05:01:04,1,NSW1,,-8.63,0,,0,PUBLIC_PREDISPATCHIS_202609151100_20260915103147.zip
2026-09-15 11:00:00,2026-09-01 05:01:04,1,NSW1,,-8.60849,0,,0,PUBLIC_PREDISPATCHIS_202609151100_20260915103147.zip
2026-09-15 11:00:00,2026-09-01 05:01:04,1,NSW1,,-6.5,0,,0,PUBLIC_PREDISPATCHIS_202609151100_20260915103147.zip
2026-09-15 11:00:00,2026-09-01 05:01:04,1,NSW1,,-2.82168,0,,0,PUBLIC_PREDISPATCHIS_202609151100_20260915103147.zip
2026-09-15 11:00:00,2026-09-01 05:01:04,1,NSW1,,51.4667,0,,0,PUBLIC_PREDISPATCHIS_202609151100_20260915103147.zip
2026-09-15 11:00:00,2026-09-01 05:01:04,1,NSW1,,71.38,0,,0,PUBLIC_PREDISPATCHIS_202609151100_20260915103147.zip
2026-09-15 11:00:00,2026-09-01 05:01:04,1,NSW1,,77.36676,0,,0,PUBLIC_PREDISPATCHIS_202609151100_20260915103147.zip
2026-09-15 11:00:00,2026-09-01 05:01:04,1,NSW1,,72.55949,0,,0,PUBLIC_PREDISPATCHIS_202609151100_20260915103147.zip
2026-09-15 11:00:00,2026-09-01 05:01:04,1,NSW1,,72.1958,0,,0,PUBLIC_PREDISPATCHIS_202609151100_20260915103147.zip
2026-09-15 11:00:00,2026-09-01 05:01:04,1,NSW1,,72.37572,0,,0,PUBLIC_PREDISPATCHIS_202609151100_20260915103147.zip
2026-09-15 11:00:00,2026-09-01 05:01:04,1,NSW1,,72.73614,0,,0,PUBLIC_PREDISPATCHIS_202609151100_20260915103147.zip
2026-09-15 11:00:00,2026-09-01 05:01:04,1,NSW1,,71.91638,0,,0,PUBLIC_PREDISPATCHIS_202609151100_20260915103147.zip
2026-09-15 11:00:00,2026-09-01 05:01:04,1,NSW1,,76.77894,0,,0,PUBLIC_PREDISPATCHIS_202609151100_20260915103147.zip
2026-09-15 11:00:00,2026-09-01 05:01:04,1,NSW1,,70.15538,0,,0,PUBLIC_PREDISPATCHIS_202609151100_20260915103147.zip
2026-09-15 11:00:00,2026-09-01 05:01:04,1,NSW1,,82.9,0,,0,PUBLIC_PREDISPATCHIS_202609151100_20260915103147.zip
2026-09-15 11:00:00,2026-09-01 05:01:04,1,NSW1,,83.99,0,,0,PUBLIC_PREDISPATCHIS_202609151100_20260915103147.zip
2026-09-15 11:00:00,2026-09-01 05:01:04,1,NSW1,,83.99,0,,0,PUBLIC_PREDISPATCHIS_202609151100_20260915103147.zip
2026-09-15 11:00:00,2026-09-01 05:01:04,1,NSW1,,70.0439,0,,0,PUBLIC_PREDISPATCHIS_202609151100_20260915103147.zip
2026-09-15 11:00:00,2026-09-01 05:01:04,1,NSW1,,69.9,0,,0,PUBLIC_PREDISPATCHIS_202609151100_20260915103147.zip
2026-09-15 11:00:00,2026-09-01 05:01:04,1,NSW1,,69.9,0,,0,PUBLIC_PREDISPATCHIS_202609151100_20260915103147.zip
2026-09-15 11:00:00,2026-09-01 05:01:04,1,NSW1,,65.5,0,,0,PUBLIC_PREDISPATCHIS_202609151100_20260915103147.zip
2026-09-15 11:00:00,2026-09-01 05:01:04,1,NSW1,,64.95,0,,0,PUBLIC_PREDISPATCHIS_202609151100_20260915103147.zip
2026-09-15 11:00:00,2026-09-01 05:01:04,1,NSW1,,64.95,0,,0,PUBLIC_PREDISPATCHIS_202609151100_20260915103147.zip
2026-09-15 11:00:00,2026-09-01 05:01:04,1,NSW1,,64.95006,0,,0,PUBLIC_PREDISPATCHIS_202609151100_20260915103147.zip
2026-09-15 11:00:00,2026-09-01 05:01:04,1,NSW1,,64.95,0,,0,PUBLIC_PREDISPATCHIS_202609151100_20260915103147.zip
2026-09-15 11:00:00,2026-09-01 05:01:04,1,NSW1,,66.52,0,,0,PUBLIC_PREDISPATCHIS_202609151100_20260915103147.zip
2026-09-15 11:00:00,2026-09-01 05:01:04,1,NSW1,,64.95,0,,0,PUBLIC_PREDISPATCHIS_202609151100_20260915103147.zip
2026-09-15 11:00:00,2026-09-01 05:01:04,1,QLD1,,-9.60603,0,,0,PUBLIC_PREDISPATCHIS_202609151100_20260915103147.zip
2026-09-15 11:00:00,2026-09-01 05:01:04,1,QLD1,,-8.27665,0,,0,PUBLIC_PREDISPATCHIS_202609151100_20260915103147.zip
2026-09-15 11:00:00,2026-09-01 05:01:04,1,QLD1,,-8.14,0,,0,PUBLIC_PREDISPATCHIS_202609151100_20260915103147.zip
2026-09-15 11:00:00,2026-09-01 05:01:04,1,QLD1,,-8.14,0,,0,PUBLIC_PREDISPATCHIS_202609151100_20260915103147.zip
2026-09-15 11:00:00,2026-09-01 05:01:04,1,QLD1,,-12.0,0,,0,PUBLIC_PREDISPATCHIS_202609151100_20260915103147.zip
2026-09-15 11:00:00,2026-09-01 05:01:04,1,QLD1,,-8.51,0,,0,PUBLIC_PREDISPATCHIS_202609151100_20260915103147.zip
2026-09-15 11:00:00,2026-09-01 05:01:04,1,QLD1,,-17.98947,0,,0,PUBLIC_PREDISPATCHIS_202609151100_20260915103147.zip
2026-09-15 11:00:00,2026-09-01 05:01:04,1,QLD1,,-17.37525,0,,0,PUBLIC_PREDISPATCHIS_202609151100_20260915103147.zip
2026-09-15 11:00:00,2026-09-01 05:01:04,1,QLD1,,-7.64418,0,,0,PUBLIC_PREDISPATCHIS_202609151100_20260915103147.zip
2026-09-15 11:00:00,2026-09-01 05:01:04,1,QLD1,,-8.13,0,,0,PUBLIC_PREDISPATCHIS_202609151100_20260915103147.zip
2026-09-15 11:00:00,2026-09-01 05:01:04,1,QLD1,,-6.68312,0,,0,PUBLIC_PREDISPATCHIS_202609151100_20260915103147.zip
2026-09-15 11:00:00,2026-09-01 05:01:04,1,QLD1,,-3.0,0,,0,PUBLIC_PREDISPATCHIS_202609151100_20260915103147.zip
2026-09-15 11:00:00,2026-09-01 05:01:04,1,QLD1,,54.75,0,,0,PUBLIC_PREDISPATCHIS_202609151100_20260915103147.zip
2026-09-15 11:00:00,2026-09-01 05:01:04,1,QLD1,,75.30231,0,,0,PUBLIC_PREDISPATCHIS_202609151100_20260915103147.zip
2026-09-15 11:00:00,2026-09-01 05:01:04,1,QLD1,,90.49,0,,0,PUBLIC_PREDISPATCHIS_202609151100_20260915103147.zip
2026-09-15 11:00:00,2026-09-01 05:01:04,1,QLD1,,88.87,0,,0,PUBLIC_PREDISPATCHIS_202609151100_20260915103147.zip
2026-09-15 11:00:00,2026-09-01 05:01:04,1,QLD1,,85.39,0,,0,PUBLIC_PREDISPATCHIS_202609151100_20260915103147.zip
2026-09-15 11:00:00,2026-09-01 05:01:04,1,QLD1,,87.73,0,,0,PUBLIC_PREDISPATCHIS_202609151100_20260915103147.zip
2026-09-15 11:00:00,2026-09-01 05:01:04,1,QLD1,,88.87,0,,0,PUBLIC_PREDISPATCHIS_202609151100_20260915103147.zip
2026-09-15 11:00:00,2026-09-01 05:01:04,1,QLD1,,84.5,0,,0,PUBLIC_PREDISPATCHIS_202609151100_20260915103147.zip
2026-09-15 11:00:00,2026-09-01 05:01:04,1,QLD1,,87.73,0,,0,PUBLIC_PREDISPATCHIS_202609151100_20260915103147.zip
2026-09-15 11:00:00,2026-09-01 05:01:04,1,QLD1,,78.73006,0,,0,PUBLIC_PREDISPATCHIS_202609151100_20260915103147.zip
2026-09-15 11:00:00,2026-09-01 05:01:04,1,QLD1,,85.39,0,,0,PUBLIC_PREDISPATCHIS_202609151100_20260915103147.zip
2026-09-15 11:00:00,2026-09-01 05:01:04,1,QLD1,,85.63555,0,,0,PUBLIC_PREDISPATCHIS_202609151100_20260915103147.zip
2026-09-15 11:00:00,2026-09-01 05:01:04,1,QLD1,,84.28652,0,,0,PUBLIC_PREDISPATCHIS_202609151100_20260915103147.zip
2026-09-15 11:00:00,2026-09-01 05:01:04,1,QLD1,,72.5,0,,0,PUBLIC_PREDISPATCHIS_202609151100_20260915103147.zip
2026-09-15 11:00:00,2026-09-01 05:01:04,1,QLD1,,70.84,0,,0,PUBLIC_PREDISPATCHIS_202609151100_20260915103147.zip
2026-09-15 11:00:00,2026-09-01 05:01:04,1,QLD1,,71.12426,0,,0,PUBLIC_PREDISPATCHIS_202609151100_20260915103147.zip
2026-09-15 11:00:00,2026-09-01 05:01:04,1,QLD1,,63.73004,0,,0,PUBLIC_PREDISPATCHIS_202609151100_20260915103147.zip
2026-09-15 11:00:00,2026-09-01 05:01:04,1,QLD1,,63.40157,0,,0,PUBLIC_PREDISPATCHIS_202609151100_20260915103147.zip
2026-09-15 11:00:00,2026-09-01 05:01:04,1,QLD1,,64.59281,0,,0,PUBLIC_PREDISPATCHIS_202609151100_20260915103147.zip
2026-09-15 11:00:00,2026-09-01 05:01:04,1,QLD1,,65.40083,0,,0,PUBLIC_PREDISPATCHIS_202609151100_20260915103147.zip
2026-09-15 11:00:00,2026-09-01 05:01:04,1,QLD1,,64.39479,0,,0,PUBLIC_PREDISPATCHIS_202609151100_20260915103147.zip
2026-09-15 11:00:00,2026-09-01 05:01:04,1,QLD1,,68.72061,0,,0,PUBLIC_PREDISPATCHIS_202609151100_20260915103147.zip
2026-09-15 11:00:00,2026-09-01 05:01:04,1,QLD1,,67.55075,0,,0,PUBLIC_PREDISPATCHIS_202609151100_20260915103147.zip
2026-09-15 11:00:00,2026-09-01 05:01:04,1,SA1,,-8.0,0,,0,PUBLIC_PREDISPATCHIS_202609151100_20260915103147.zip
2026-09-15 11:00:00,2026-09-01 05:01:04,1,SA1,,-14.91,0,,0,PUBLIC_PREDISPATCHIS_202609151100_20260915103147.zip
2026-09-15 11:00:00,2026-09-01 05:01:04,1,SA1,,-8.0,0,,0,PUBLIC_PREDISPATCHIS_202609151100_20260915103147.zip
2026-09-15 11:00:00,2026-09-01 05:01:04,1,SA1,,-16.97,0,,0,PUBLIC_PREDISPATCHIS_202609151100_20260915103147.zip
2026-09-15 11:00:00,2026-09-01 05:01:04,1,SA1,,-14.99,0,,0,PUBLIC_PREDISPATCHIS_202609151100_20260915103147.zip
2026-09-15 11:00:00,2026-09-01 05:01:04,1,SA1,,-18.02,0,,0,PUBLIC_PREDISPATCHIS_202609151100_20260915103147.zip
2026-09-15 11:00:00,2026-09-01 05:01:04,1,SA1,,-16.97,0,,0,PUBLIC_PREDISPATCHIS_202609151100_20260915103147.zip
2026-09-15 11:00:00,2026-09-01 05:01:04,1,SA1,,-8.0,0,,0,PUBLIC_PREDISPATCHIS_202609151100_20260915103147.zip
2026-09-15 11:00:00,2026-09-01 05:01:04,1,SA1,,-16.45,0,,0,PUBLIC_PREDISPATCHIS_202609151100_20260915103147.zip
2026-09-15 11:00:00,2026-09-01 05:01:04,1,SA1,,-17.85,0,,0,PUBLIC_PREDISPATCHIS_202609151100_20260915103147.zip
2026-09-15 11:00:00,2026-09-01 05:01:04,1,SA1,,-18.02,0,,0,PUBLIC_PREDISPATCHIS_202609151100_20260915103147.zip
2026-09-15 11:00:00,2026-09-01 05:01:04,1,SA1,,-7.5872,0,,0,PUBLIC_PREDISPATCHIS_202609151100_20260915103147.zip
2026-09-15 11:00:00,2026-09-01 05:01:04,1,SA1,,-7.01,0,,0,PUBLIC_PREDISPATCHIS_202609151100_20260915103147.zip
2026-09-15 11:00:00,2026-09-01 05:01:04,1,SA1,,-1.02,0,,0,PUBLIC_PREDISPATCHIS_202609151100_20260915103147.zip
2026-09-15 11:00:00,2026-09-01 05:01:04,1,SA1,,30.12459,0,,0,PUBLIC_PREDISPATCHIS_202609151100_20260915103147.zip
2026-09-15 11:00:00,2026-09-01 05:01:04,1,SA1,,48.61887,0,,0,PUBLIC_PREDISPATCHIS_202609151100_20260915103147.zip
2026-09-15 11:00:00,2026-09-01 05:01:04,1,SA1,,98.0,0,,0,PUBLIC_PREDISPATCHIS_202609151100_20260915103147.zip
2026-09-15 11:00:00,2026-09-01 05:01:04,1,SA1,,66.73147,0,,0,PUBLIC_PREDISPATCHIS_202609151100_20260915103147.zip
2026-09-15 11:00:00,2026-09-01 05:01:04,1,SA1,,70.46608,0,,0,PUBLIC_PREDISPATCHIS_202609151100_20260915103147.zip
2026-09-15 11:00:00,2026-09-01 05:01:04,1,SA1,,98.0,0,,0,PUBLIC_PREDISPATCHIS_202609151100_20260915103147.zip
2026-09-15 11:00:00,2026-09-01 05:01:04,1,SA1,,69.41,0,,0,PUBLIC_PREDISPATCHIS_202609151100_20260915103147.zip
2026-09-15 11:00:00,2026-09-01 05:01:04,1,SA1,,56.15612,0,,0,PUBLIC_PREDISPATCHIS_202609151100_20260915103147.zip
2026-09-15 11:00:00,2026-09-01 05:01:04,1,SA1,,73.31996,0,,0,PUBLIC_PREDISPATCHIS_202609151100_20260915103147.zip
2026-09-15 11:00:00,2026-09-01 05:01:04,1,SA1,,46.06065,0,,0,PUBLIC_PREDISPATCHIS_202609151100_20260915103147.zip
2026-09-15 11:00:00,2026-09-01 05:01:04,1,SA1,,45.17287,0,,0,PUBLIC_PREDISPATCHIS_202609151100_20260915103147.zip
2026-09-15 11:00:00,2026-09-01 05:01:04,1,SA1,,31.2045,0,,0,PUBLIC_PREDISPATCHIS_202609151100_20260915103147.zip
2026-09-15 11:00:00,2026-09-01 05:01:04,1,SA1,,29.60083,0,,0,PUBLIC_PREDISPATCHIS_202609151100_20260915103147.zip
2026-09-15 11:00:00,2026-09-01 05:01:04,1,SA1,,30.84587,0,,0,PUBLIC_PREDISPATCHIS_202609151100_20260915103147.zip
2026-09-15 11:00:00,2026-09-01 05:01:04,1,SA1,,29.09904,0,,0,PUBLIC_PREDISPATCHIS_202609151100_20260915103147.zip
2026-09-15 11:00:00,2026-09-01 05:01:04,1,SA1,,27.64992,0,,0,PUBLIC_PREDISPATCHIS_202609151100_20260915103147.zip
2026-09-15 11:00:00,2026-09-01 05:01:04,1,SA1,,27.49027,0,,0,PUBLIC_PREDISPATCHIS_202609151100_20260915103147.zip
2026-09-15 11:00:00,2026-09-01 05:01:04,1,SA1,,27.39126,0,,0,PUBLIC_PREDISPATCHIS_202609151100_20260915103147.zip
2026-09-15 11:00:00,2026-09-01 05:01:04,1,SA1,,26.75974,0,,0,PUBLIC_PREDISPATCHIS_202609151100_20260915103147.zip
2026-09-15 11:00:00,2026-09-01 05:01:04,1,SA1,,26.67477,0,,0,PUBLIC_PREDISPATCHIS_202609151100_20260915103147.zip
2026-09-15 11:00:00,2026-09-01 05:01:04,1,SA1,,26.71575,0,,0,PUBLIC_PREDISPATCHIS_202609151100_20260915103147.zip
2026-09-15 11:00:00,2026-09-01 05:01:04,1,TAS1,,-20.57572,0,,0,PUBLIC_PREDISPATCHIS_202609151100_20260915103147.zip
2026-09-15 11:00:00,2026-09-01 05:01:04,1,TAS1,,-14.88642,0,,0,PUBLIC_PREDISPATCHIS_202609151100_20260915103147.zip
2026-09-15 11:00:00,2026-09-01 05:01:04,1,TAS1,,-16.80602,0,,0,PUBLIC_PREDISPATCHIS_202609151100_20260915103147.zip
2026-09-15 11:00:00,2026-09-01 05:01:04,1,TAS1,,-20.32567,0,,0,PUBLIC_PREDISPATCHIS_202609151100_20260915103147.zip
2026-09-15 11:00:00,2026-09-01 05:01:04,1,TAS1,,-37.73232,0,,0,PUBLIC_PREDISPATCHIS_202609151100_20260915103147.zip
2026-09-15 11:00:00,2026-09-01 05:01:04,1,TAS1,,-24.10944,0,,0,PUBLIC_PREDISPATCHIS_202609151100_20260915103147.zip
2026-09-15 11:00:00,2026-09-01 05:01:04,1,TAS1,,-29.49668,0,,0,PUBLIC_PREDISPATCHIS_202609151100_20260915103147.zip
2026-09-15 11:00:00,2026-09-01 05:01:04,1,TAS1,,-30.27556,0,,0,PUBLIC_PREDISPATCHIS_202609151100_20260915103147.zip
2026-09-15 11:00:00,2026-09-01 05:01:04,1,TAS1,,-24.9349,0,,0,PUBLIC_PREDISPATCHIS_202609151100_20260915103147.zip
2026-09-15 11:00:00,2026-09-01 05:01:04,1,TAS1,,-24.89315,0,,0,PUBLIC_PREDISPATCHIS_202609151100_20260915103147.zip
2026-09-15 11:00:00,2026-09-01 05:01:04,1,TAS1,,-24.2463,0,,0,PUBLIC_PREDISPATCHIS_202609151100_20260915103147.zip
2026-09-15 11:00:00,2026-09-01 05:01:04,1,TAS1,,-8.22985,0,,0,PUBLIC_PREDISPATCHIS_202609151100_20260915103147.zip
2026-09-15 11:00:00,2026-09-01 05:01:04,1,TAS1,,-7.56489,0,,0,PUBLIC_PREDISPATCHIS_202609151100_20260915103147.zip
2026-09-15 11:00:00,2026-09-01 05:01:04,1,TAS1,,-1.05488,0,,0,PUBLIC_PREDISPATCHIS_202609151100_20260915103147.zip
2026-09-15 11:00:00,2026-09-01 05:01:04,1,TAS1,,25.1,0,,0,PUBLIC_PREDISPATCHIS_202609151100_20260915103147.zip
2026-09-15 11:00:00,2026-09-01 05:01:04,1,TAS1,,42.14,0,,0,PUBLIC_PREDISPATCHIS_202609151100_20260915103147.zip
2026-09-15 11:00:00,2026-09-01 05:01:04,1,TAS1,,61.39656,0,,0,PUBLIC_PREDISPATCHIS_202609151100_20260915103147.zip
2026-09-15 11:00:00,2026-09-01 05:01:04,1,TAS1,,61.20372,0,,0,PUBLIC_PREDISPATCHIS_202609151100_20260915103147.zip
2026-09-15 11:00:00,2026-09-01 05:01:04,1,TAS1,,61.74804,0,,0,PUBLIC_PREDISPATCHIS_202609151100_20260915103147.zip
2026-09-15 11:00:00,2026-09-01 05:01:04,1,TAS1,,61.83674,0,,0,PUBLIC_PREDISPATCHIS_202609151100_20260915103147.zip
2026-09-15 11:00:00,2026-09-01 05:01:04,1,TAS1,,64.19296,0,,0,PUBLIC_PREDISPATCHIS_202609151100_20260915103147.zip
2026-09-15 11:00:00,2026-09-01 05:01:04,1,TAS1,,52.34208,0,,0,PUBLIC_PREDISPATCHIS_202609151100_20260915103147.zip
2026-09-15 11:00:00,2026-09-01 05:01:04,1,TAS1,,68.21387,0,,0,PUBLIC_PREDISPATCHIS_202609151100_20260915103147.zip
2026-09-15 11:00:00,2026-09-01 05:01:04,1,TAS1,,40.12,0,,0,PUBLIC_PREDISPATCHIS_202609151100_20260915103147.zip
2026-09-15 11:00:00,2026-09-01 05:01:04,1,TAS1,,40.12,0,,0,PUBLIC_PREDISPATCHIS_202609151100_20260915103147.zip
2026-09-15 11:00:00,2026-09-01 05:01:04,1,TAS1,,28.92804,0,,0,PUBLIC_PREDISPATCHIS_202609151100_20260915103147.zip
2026-09-15 11:00:00,2026-09-01 05:01:04,1,TAS1,,27.45264,0,,0,PUBLIC_PREDISPATCHIS_202609151100_20260915103147.zip
2026-09-15 11:00:00,2026-09-01 05:01:04,1,TAS1,,28.74816,0,,0,PUBLIC_PREDISPATCHIS_202609151100_20260915103147.zip
2026-09-15 11:00:00,2026-09-01 05:01:04,1,TAS1,,27.07669,0,,0,PUBLIC_PREDISPATCHIS_202609151100_20260915103147.zip
2026-09-15 11:00:00,2026-09-01 05:01:04,1,TAS1,,25.60968,0,,0,PUBLIC_PREDISPATCHIS_202609151100_20260915103147.zip
2026-09-15 11:00:00,2026-09-01 05:01:04,1,TAS1,,25.48377,0,,0,PUBLIC_PREDISPATCHIS_202609151100_20260915103147.zip
2026-09-15 11:00:00,2026-09-01 05:01:04,1,TAS1,,25.53201,0,,0,PUBLIC_PREDISPATCHIS_202609151100_20260915103147.zip
2026-09-15 11:00:00,2026-09-01 05:01:04,1,TAS1,,25.1,0,,0,PUBLIC_PREDISPATCHIS_202609151100_20260915103147.zip
2026-09-15 11:00:00,2026-09-01 05:01:04,1,TAS1,,25.1,0,,0,PUBLIC_PREDISPATCHIS_202609151100_20260915103147.zip
2026-09-15 11:00:00,2026-09-01 05:01:04,1,TAS1,,25.1,0,,0,PUBLIC_PREDISPATCHIS_202609151100_20260915103147.zip
2026-09-15 11:00:00,2026-09-01 05:01:04,1,VIC1,,-20.0,0,,0,PUBLIC_PREDISPATCHIS_202609151100_20260915103147.zip
2026-09-15 11:00:00,2026-09-01 05:01:04,1,VIC1,,-14.78765,0,,0,PUBLIC_PREDISPATCHIS_202609151100_20260915103147.zip
2026-09-15 11:00:00,2026-09-01 05:01:04,1,VIC1,,-16.54,0,,0,PUBLIC_PREDISPATCHIS_202609151100_20260915103147.zip
2026-09-15 11:00:00,2026-09-01 05:01:04,1,VIC1,,-20.0,0,,0,PUBLIC_PREDISPATCHIS_202609151100_20260915103147.zip
2026-09-15 11:00:00,2026-09-01 05:01:04,1,VIC1,,-36.88472,0,,0,PUBLIC_PREDISPATCHIS_202609151100_20260915103147.zip
2026-09-15 11:00:00,2026-09-01 05:01:04,1,VIC1,,-23.56576,0,,0,PUBLIC_PREDISPATCHIS_202609151100_20260915103147.zip
2026-09-15 11:00:00,2026-09-01 05:01:04,1,VIC1,,-28.83094,0,,0,PUBLIC_PREDISPATCHIS_202609151100_20260915103147.zip
2026-09-15 11:00:00,2026-09-01 05:01:04,1,VIC1,,-29.40797,0,,0,PUBLIC_PREDISPATCHIS_202609151100_20260915103147.zip
2026-09-15 11:00:00,2026-09-01 05:01:04,1,VIC1,,-24.15139,0,,0,PUBLIC_PREDISPATCHIS_202609151100_20260915103147.zip
2026-09-15 11:00:00,2026-09-01 05:01:04,1,VIC1,,-24.04355,0,,0,PUBLIC_PREDISPATCHIS_202609151100_20260915103147.zip
2026-09-15 11:00:00,2026-09-01 05:01:04,1,VIC1,,-23.50785,0,,0,PUBLIC_PREDISPATCHIS_202609151100_20260915103147.zip
2026-09-15 11:00:00,2026-09-01 05:01:04,1,VIC1,,-8.00992,0,,0,PUBLIC_PREDISPATCHIS_202609151100_20260915103147.zip
2026-09-15 11:00:00,2026-09-01 05:01:04,1,VIC1,,-7.51,0,,0,PUBLIC_PREDISPATCHIS_202609151100_20260915103147.zip
2026-09-15 11:00:00,2026-09-01 05:01:04,1,VIC1,,-1.04479,0,,0,PUBLIC_PREDISPATCHIS_202609151100_20260915103147.zip
2026-09-15 11:00:00,2026-09-01 05:01:04,1,VIC1,,1.48383,0,,0,PUBLIC_PREDISPATCHIS_202609151100_20260915103147.zip
2026-09-15 11:00:00,2026-09-01 05:01:04,1,VIC1,,29.21798,0,,0,PUBLIC_PREDISPATCHIS_202609151100_20260915103147.zip
2026-09-15 11:00:00,2026-09-01 05:01:04,1,VIC1,,65.0,0,,0,PUBLIC_PREDISPATCHIS_202609151100_20260915103147.zip
2026-09-15 11:00:00,2026-09-01 05:01:04,1,VIC1,,65.0,0,,0,PUBLIC_PREDISPATCHIS_202609151100_20260915103147.zip
2026-09-15 11:00:00,2026-09-01 05:01:04,1,VIC1,,65.78269,0,,0,PUBLIC_PREDISPATCHIS_202609151100_20260915103147.zip
2026-09-15 11:00:00,2026-09-01 05:01:04,1,VIC1,,65.46358,0,,0,PUBLIC_PREDISPATCHIS_202609151100_20260915103147.zip
2026-09-15 11:00:00,2026-09-01 05:01:04,1,VIC1,,68.1512,0,,0,PUBLIC_PREDISPATCHIS_202609151100_20260915103147.zip
2026-09-15 11:00:00,2026-09-01 05:01:04,1,VIC1,,50.42,0,,0,PUBLIC_PREDISPATCHIS_202609151100_20260915103147.zip
2026-09-15 11:00:00,2026-09-01 05:01:04,1,VIC1,,72.59794,0,,0,PUBLIC_PREDISPATCHIS_202609151100_20260915103147.zip
2026-09-15 11:00:00,2026-09-01 05:01:04,1,VIC1,,15.9189,0,,0,PUBLIC_PREDISPATCHIS_202609151100_20260915103147.zip
2026-09-15 11:00:00,2026-09-01 05:01:04,1,VIC1,,19.3,0,,0,PUBLIC_PREDISPATCHIS_202609151100_20260915103147.zip
2026-09-15 11:00:00,2026-09-01 05:01:04,1,VIC1,,12.96,0,,0,PUBLIC_PREDISPATCHIS_202609151100_20260915103147.zip
2026-09-15 11:00:00,2026-09-01 05:01:04,1,VIC1,,10.65,0,,0,PUBLIC_PREDISPATCHIS_202609151100_20260915103147.zip
2026-09-15 11:00:00,2026-09-01 05:01:04,1,VIC1,,12.96,0,,0,PUBLIC_PREDISPATCHIS_202609151100_20260915103147.zip
2026-09-15 11:00:00,2026-09-01 05:01:04,1,VIC1,,12.5,0,,0,PUBLIC_PREDISPATCHIS_202609151100_20260915103147.zip
2026-09-15 11:00:00,2026-09-01 05:01:04,1,VIC1,,10.65,0,,0,PUBLIC_PREDISPATCHIS_202609151100_20260915103147.zip
2026-09-15 11:00:00,2026-09-01 05:01:04,1,VIC1,,10.5,0,,0,PUBLIC_PREDISPATCHIS_202609151100_20260915103147.zip
2026-09-15 11:00:00,2026-09-01 05:01:04,1,VIC1,,10.5,0,,0,PUBLIC_PREDISPATCHIS_202609151100_20260915103147.zip
2026-09-15 11:00:00,2026-09-01 05:01:04,1,VIC1,,10.5,0,,0,PUBLIC_PREDISPATCHIS_202609151100_20260915103147.zip
2026-09-15 11:00:00,2026-09-01 05:01:04,1,VIC1,,10.5,0,,0,PUBLIC_PREDISPATCHIS_202609151100_20260915103147.zip
2026-09-15 11:00:00,2026-09-01 05:01:04,1,VIC1,,10.5,0,,0,PUBLIC_PREDISPATCHIS_202609151100_20260915103147.zip
2026-09-15 11:30:00,2026-09-01 05:01:05,1,NSW1,,-8.86921,0,,0,PUBLIC_PREDISPATCHIS_202609151130_20260915110132.zip
2026-09-15 11:30:00,2026-09-01 05:01:05,1,NSW1,,-12.90095,0,,0,PUBLIC_PREDISPATCHIS_202609151130_20260915110132.zip
2026-09-15 11:30:00,2026-09-01 05:01:05,1,NSW1,,-10.34,0,,0,PUBLIC_PREDISPATCHIS_202609151130_20260915110132.zip
2026-09-15 11:30:00,2026-09-01 05:01:05,1,NSW1,,-10.5,0,,0,PUBLIC_PREDISPATCHIS_202609151130_20260915110132.zip
2026-09-15 11:30:00,2026-09-01 05:01:05,1,NSW1,,-12.2422,0,,0,PUBLIC_PREDISPATCHIS_202609151130_20260915110132.zip
2026-09-15 11:30:00,2026-09-01 05:01:05,1,NSW1,,-12.53803,0,,0,PUBLIC_PREDISPATCHIS_202609151130_20260915110132.zip
2026-09-15 11:30:00,2026-09-01 05:01:05,1,NSW1,,-18.51,0,,0,PUBLIC_PREDISPATCHIS_202609151130_20260915110132.zip
2026-09-15 11:30:00,2026-09-01 05:01:05,1,NSW1,,-8.38778,0,,0,PUBLIC_PREDISPATCHIS_202609151130_20260915110132.zip
2026-09-15 11:30:00,2026-09-01 05:01:05,1,NSW1,,-10.5,0,,0,PUBLIC_PREDISPATCHIS_202609151130_20260915110132.zip
2026-09-15 11:30:00,2026-09-01 05:01:05,1,NSW1,,-6.51,0,,0,PUBLIC_PREDISPATCHIS_202609151130_20260915110132.zip
2026-09-15 11:30:00,2026-09-01 05:01:05,1,NSW1,,-1.7823,0,,0,PUBLIC_PREDISPATCHIS_202609151130_20260915110132.zip
2026-09-15 11:30:00,2026-09-01 05:01:05,1,NSW1,,44.14873,0,,0,PUBLIC_PREDISPATCHIS_202609151130_20260915110132.zip
2026-09-15 11:30:00,2026-09-01 05:01:05,1,NSW1,,69.91,0,,0,PUBLIC_PREDISPATCHIS_202609151130_20260915110132.zip
2026-09-15 11:30:00,2026-09-01 05:01:05,1,NSW1,,76.57118,0,,0,PUBLIC_PREDISPATCHIS_202609151130_20260915110132.zip
2026-09-15 11:30:00,2026-09-01 05:01:05,1,NSW1,,72.66557,0,,0,PUBLIC_PREDISPATCHIS_202609151130_20260915110132.zip
2026-09-15 11:30:00,2026-09-01 05:01:05,1,NSW1,,73.30853,0,,0,PUBLIC_PREDISPATCHIS_202609151130_20260915110132.zip
2026-09-15 11:30:00,2026-09-01 05:01:05,1,NSW1,,72.59717,0,,0,PUBLIC_PREDISPATCHIS_202609151130_20260915110132.zip
2026-09-15 11:30:00,2026-09-01 05:01:05,1,NSW1,,72.73806,0,,0,PUBLIC_PREDISPATCHIS_202609151130_20260915110132.zip
2026-09-15 11:30:00,2026-09-01 05:01:05,1,NSW1,,72.76725,0,,0,PUBLIC_PREDISPATCHIS_202609151130_20260915110132.zip
2026-09-15 11:30:00,2026-09-01 05:01:05,1,NSW1,,72.30549,0,,0,PUBLIC_PREDISPATCHIS_202609151130_20260915110132.zip
2026-09-15 11:30:00,2026-09-01 05:01:05,1,NSW1,,72.78876,0,,0,PUBLIC_PREDISPATCHIS_202609151130_20260915110132.zip
2026-09-15 11:30:00,2026-09-01 05:01:05,1,NSW1,,67.39974,0,,0,PUBLIC_PREDISPATCHIS_202609151130_20260915110132.zip
2026-09-15 11:30:00,2026-09-01 05:01:05,1,NSW1,,83.75778,0,,0,PUBLIC_PREDISPATCHIS_202609151130_20260915110132.zip
2026-09-15 11:30:00,2026-09-01 05:01:05,1,NSW1,,83.99,0,,0,PUBLIC_PREDISPATCHIS_202609151130_20260915110132.zip
2026-09-15 11:30:00,2026-09-01 05:01:05,1,NSW1,,75.9601,0,,0,PUBLIC_PREDISPATCHIS_202609151130_20260915110132.zip
2026-09-15 11:30:00,2026-09-01 05:01:05,1,NSW1,,70.82992,0,,0,PUBLIC_PREDISPATCHIS_202609151130_20260915110132.zip
2026-09-15 11:30:00,2026-09-01 05:01:05,1,NSW1,,69.9,0,,0,PUBLIC_PREDISPATCHIS_202609151130_20260915110132.zip
2026-09-15 11:30:00,2026-09-01 05:01:05,1,NSW1,,65.51,0,,0,PUBLIC_PREDISPATCHIS_202609151130_20260915110132.zip
2026-09-15 11:30:00,2026-09-01 05:01:05,1,NSW1,,65.51,0,,0,PUBLIC_PREDISPATCHIS_202609151130_20260915110132.zip
2026-09-15 11:30:00,2026-09-01 05:01:05,1,NSW1,,64.95,0,,0,PUBLIC_PREDISPATCHIS_202609151130_20260915110132.zip
2026-09-15 11:30:00,2026-09-01 05:01:05,1,NSW1,,64.95,0,,0,PUBLIC_PREDISPATCHIS_202609151130_20260915110132.zip
2026-09-15 11:30:00,2026-09-01 05:01:05,1,NSW1,,64.89,0,,0,PUBLIC_PREDISPATCHIS_202609151130_20260915110132.zip
2026-09-15 11:30:00,2026-09-01 05:01:05,1,NSW1,,64.95,0,,0,PUBLIC_PREDISPATCHIS_202609151130_20260915110132.zip
2026-09-15 11:30:00,2026-09-01 05:01:05,1,NSW1,,64.66084,0,,0,PUBLIC_PREDISPATCHIS_202609151130_20260915110132.zip
2026-09-15 11:30:00,2026-09-01 05:01:05,1,QLD1,,-8.07,0,,0,PUBLIC_PREDISPATCHIS_202609151130_20260915110132.zip
2026-09-15 11:30:00,2026-09-01 05:01:05,1,QLD1,,-12.6,0,,0,PUBLIC_PREDISPATCHIS_202609151130_20260915110132.zip
2026-09-15 11:30:00,2026-09-01 05:01:05,1,QLD1,,-10.70225,0,,0,PUBLIC_PREDISPATCHIS_202609151130_20260915110132.zip
2026-09-15 11:30:00,2026-09-01 05:01:05,1,QLD1,,-10.727,0,,0,PUBLIC_PREDISPATCHIS_202609151130_20260915110132.zip
2026-09-15 11:30:00,2026-09-01 05:01:05,1,QLD1,,-12.6,0,,0,PUBLIC_PREDISPATCHIS_202609151130_20260915110132.zip
2026-09-15 11:30:00,2026-09-01 05:01:05,1,QLD1,,-12.6,0,,0,PUBLIC_PREDISPATCHIS_202609151130_20260915110132.zip
2026-09-15 11:30:00,2026-09-01 05:01:05,1,QLD1,,-18.42853,0,,0,PUBLIC_PREDISPATCHIS_202609151130_20260915110132.zip
2026-09-15 11:30:00,2026-09-01 05:01:05,1,QLD1,,-8.13,0,,0,PUBLIC_PREDISPATCHIS_202609151130_20260915110132.zip
2026-09-15 11:30:00,2026-09-01 05:01:05,1,QLD1,,-10.24434,0,,0,PUBLIC_PREDISPATCHIS_202609151130_20260915110132.zip
2026-09-15 11:30:00,2026-09-01 05:01:05,1,QLD1,,-6.73875,0,,0,PUBLIC_PREDISPATCHIS_202609151130_20260915110132.zip
2026-09-15 11:30:00,2026-09-01 05:01:05,1,QLD1,,-1.92,0,,0,PUBLIC_PREDISPATCHIS_202609151130_20260915110132.zip
2026-09-15 11:30:00,2026-09-01 05:01:05,1,QLD1,,54.75,0,,0,PUBLIC_PREDISPATCHIS_202609151130_20260915110132.zip
2026-09-15 11:30:00,2026-09-01 05:01:05,1,QLD1,,72.5,0,,0,PUBLIC_PREDISPATCHIS_202609151130_20260915110132.zip
2026-09-15 11:30:00,2026-09-01 05:01:05,1,QLD1,,85.39,0,,0,PUBLIC_PREDISPATCHIS_202609151130_20260915110132.zip
2026-09-15 11:30:00,2026-09-01 05:01:05,1,QLD1,,88.87,0,,0,PUBLIC_PREDISPATCHIS_202609151130_20260915110132.zip
2026-09-15 11:30:00,2026-09-01 05:01:05,1,QLD1,,88.87,0,,0,PUBLIC_PREDISPATCHIS_202609151130_20260915110132.zip
2026-09-15 11:30:00,2026-09-01 05:01:05,1,QLD1,,88.87,0,,0,PUBLIC_PREDISPATCHIS_202609151130_20260915110132.zip
2026-09-15 11:30:00,2026-09-01 05:01:05,1,QLD1,,88.87,0,,0,PUBLIC_PREDISPATCHIS_202609151130_20260915110132.zip
2026-09-15 11:30:00,2026-09-01 05:01:05,1,QLD1,,88.87,0,,0,PUBLIC_PREDISPATCHIS_202609151130_20260915110132.zip
2026-09-15 11:30:00,2026-09-01 05:01:05,1,QLD1,,85.39,0,,0,PUBLIC_PREDISPATCHIS_202609151130_20260915110132.zip
2026-09-15 11:30:00,2026-09-01 05:01:05,1,QLD1,,85.39,0,,0,PUBLIC_PREDISPATCHIS_202609151130_20260915110132.zip
2026-09-15 11:30:00,2026-09-01 05:01:05,1,QLD1,,84.5,0,,0,PUBLIC_PREDISPATCHIS_202609151130_20260915110132.zip
2026-09-15 11:30:00,2026-09-01 05:01:05,1,QLD1,,85.39,0,,0,PUBLIC_PREDISPATCHIS_202609151130_20260915110132.zip
2026-09-15 11:30:00,2026-09-01 05:01:05,1,QLD1,,84.27675,0,,0,PUBLIC_PREDISPATCHIS_202609151130_20260915110132.zip
2026-09-15 11:30:00,2026-09-01 05:01:05,1,QLD1,,76.5382,0,,0,PUBLIC_PREDISPATCHIS_202609151130_20260915110132.zip
2026-09-15 11:30:00,2026-09-01 05:01:05,1,QLD1,,71.73,0,,0,PUBLIC_PREDISPATCHIS_202609151130_20260915110132.zip
2026-09-15 11:30:00,2026-09-01 05:01:05,1,QLD1,,70.65864,0,,0,PUBLIC_PREDISPATCHIS_202609151130_20260915110132.zip
2026-09-15 11:30:00,2026-09-01 05:01:05,1,QLD1,,63.73004,0,,0,PUBLIC_PREDISPATCHIS_202609151130_20260915110132.zip
2026-09-15 11:30:00,2026-09-01 05:01:05,1,QLD1,,63.52911,0,,0,PUBLIC_PREDISPATCHIS_202609151130_20260915110132.zip
2026-09-15 11:30:00,2026-09-01 05:01:05,1,QLD1,,64.1685,0,,0,PUBLIC_PREDISPATCHIS_202609151130_20260915110132.zip
2026-09-15 11:30:00,2026-09-01 05:01:05,1,QLD1,,64.69,0,,0,PUBLIC_PREDISPATCHIS_202609151130_20260915110132.zip
2026-09-15 11:30:00,2026-09-01 05:01:05,1,QLD1,,63.73004,0,,0,PUBLIC_PREDISPATCHIS_202609151130_20260915110132.zip
2026-09-15 11:30:00,2026-09-01 05:01:05,1,QLD1,,66.22765,0,,0,PUBLIC_PREDISPATCHIS_202609151130_20260915110132.zip
2026-09-15 11:30:00,2026-09-01 05:01:05,1,QLD1,,64.69,0,,0,PUBLIC_PREDISPATCHIS_202609151130_20260915110132.zip
2026-09-15 11:30:00,2026-09-01 05:01:05,1,SA1,,-7.15,0,,0,PUBLIC_PREDISPATCHIS_202609151130_20260915110132.zip
2026-09-15 11:30:00,2026-09-01 05:01:05,1,SA1,,-8.0,0,,0,PUBLIC_PREDISPATCHIS_202609151130_20260915110132.zip
2026-09-15 11:30:00,2026-09-01 05:01:05,1,SA1,,-8.0,0,,0,PUBLIC_PREDISPATCHIS_202609151130_20260915110132.zip
2026-09-15 11:30:00,2026-09-01 05:01:05,1,SA1,,-8.0,0,,0,PUBLIC_PREDISPATCHIS_202609151130_20260915110132.zip
2026-09-15 11:30:00,2026-09-01 05:01:05,1,SA1,,-7.1,0,,0,PUBLIC_PREDISPATCHIS_202609151130_20260915110132.zip
2026-09-15 11:30:00,2026-09-01 05:01:05,1,SA1,,-14.99,0,,0,PUBLIC_PREDISPATCHIS_202609151130_20260915110132.zip
2026-09-15 11:30:00,2026-09-01 05:01:05,1,SA1,,-7.15,0,,0,PUBLIC_PREDISPATCHIS_202609151130_20260915110132.zip
2026-09-15 11:30:00,2026-09-01 05:01:05,1,SA1,,-7.1,0,,0,PUBLIC_PREDISPATCHIS_202609151130_20260915110132.zip
2026-09-15 11:30:00,2026-09-01 05:01:05,1,SA1,,-7.1,0,,0,PUBLIC_PREDISPATCHIS_202609151130_20260915110132.zip
2026-09-15 11:30:00,2026-09-01 05:01:05,1,SA1,,-7.1,0,,0,PUBLIC_PREDISPATCHIS_202609151130_20260915110132.zip
2026-09-15 11:30:00,2026-09-01 05:01:05,1,SA1,,-7.1,0,,0,PUBLIC_PREDISPATCHIS_202609151130_20260915110132.zip
2026-09-15 11:30:00,2026-09-01 05:01:05,1,SA1,,-7.01,0,,0,PUBLIC_PREDISPATCHIS_202609151130_20260915110132.zip
2026-09-15 11:30:00,2026-09-01 05:01:05,1,SA1,,-0.53713,0,,0,PUBLIC_PREDISPATCHIS_202609151130_20260915110132.zip
2026-09-15 11:30:00,2026-09-01 05:01:05,1,SA1,,39.47206,0,,0,PUBLIC_PREDISPATCHIS_202609151130_20260915110132.zip
2026-09-15 11:30:00,2026-09-01 05:01:05,1,SA1,,47.17028,0,,0,PUBLIC_PREDISPATCHIS_202609151130_20260915110132.zip
2026-09-15 11:30:00,2026-09-01 05:01:05,1,SA1,,65.78912,0,,0,PUBLIC_PREDISPATCHIS_202609151130_20260915110132.zip
2026-09-15 11:30:00,2026-09-01 05:01:05,1,SA1,,65.96269,0,,0,PUBLIC_PREDISPATCHIS_202609151130_20260915110132.zip
2026-09-15 11:30:00,2026-09-01 05:01:05,1,SA1,,65.45668,0,,0,PUBLIC_PREDISPATCHIS_202609151130_20260915110132.zip
2026-09-15 11:30:00,2026-09-01 05:01:05,1,SA1,,68.46598,0,,0,PUBLIC_PREDISPATCHIS_202609151130_20260915110132.zip
2026-09-15 11:30:00,2026-09-01 05:01:05,1,SA1,,66.2159,0,,0,PUBLIC_PREDISPATCHIS_202609151130_20260915110132.zip
2026-09-15 11:30:00,2026-09-01 05:01:05,1,SA1,,66.23113,0,,0,PUBLIC_PREDISPATCHIS_202609151130_20260915110132.zip
2026-09-15 11:30:00,2026-09-01 05:01:05,1,SA1,,60.10654,0,,0,PUBLIC_PREDISPATCHIS_202609151130_20260915110132.zip
2026-09-15 11:30:00,2026-09-01 05:01:05,1,SA1,,46.22297,0,,0,PUBLIC_PREDISPATCHIS_202609151130_20260915110132.zip
2026-09-15 11:30:00,2026-09-01 05:01:05,1,SA1,,45.14961,0,,0,PUBLIC_PREDISPATCHIS_202609151130_20260915110132.zip
2026-09-15 11:30:00,2026-09-01 05:01:05,1,SA1,,36.14665,0,,0,PUBLIC_PREDISPATCHIS_202609151130_20260915110132.zip
2026-09-15 11:30:00,2026-09-01 05:01:05,1,SA1,,29.82612,0,,0,PUBLIC_PREDISPATCHIS_202609151130_20260915110132.zip
2026-09-15 11:30:00,2026-09-01 05:01:05,1,SA1,,31.35156,0,,0,PUBLIC_PREDISPATCHIS_202609151130_20260915110132.zip
2026-09-15 11:30:00,2026-09-01 05:01:05,1,SA1,,26.56288,0,,0,PUBLIC_PREDISPATCHIS_202609151130_20260915110132.zip
2026-09-15 11:30:00,2026-09-01 05:01:05,1,SA1,,23.33492,0,,0,PUBLIC_PREDISPATCHIS_202609151130_20260915110132.zip
2026-09-15 11:30:00,2026-09-01 05:01:05,1,SA1,,27.75355,0,,0,PUBLIC_PREDISPATCHIS_202609151130_20260915110132.zip
2026-09-15 11:30:00,2026-09-01 05:01:05,1,SA1,,27.56477,0,,0,PUBLIC_PREDISPATCHIS_202609151130_20260915110132.zip
2026-09-15 11:30:00,2026-09-01 05:01:05,1,SA1,,27.44098,0,,0,PUBLIC_PREDISPATCHIS_202609151130_20260915110132.zip
2026-09-15 11:30:00,2026-09-01 05:01:05,1,SA1,,26.77362,0,,0,PUBLIC_PREDISPATCHIS_202609151130_20260915110132.zip
2026-09-15 11:30:00,2026-09-01 05:01:05,1,SA1,,27.21592,0,,0,PUBLIC_PREDISPATCHIS_202609151130_20260915110132.zip
2026-09-15 11:30:00,2026-09-01 05:01:05,1,TAS1,,-20.51277,0,,0,PUBLIC_PREDISPATCHIS_202609151130_20260915110132.zip
2026-09-15 11:30:00,2026-09-01 05:01:05,1,TAS1,,-20.43846,0,,0,PUBLIC_PREDISPATCHIS_202609151130_20260915110132.zip
2026-09-15 11:30:00,2026-09-01 05:01:05,1,TAS1,,-15.01,0,,0,PUBLIC_PREDISPATCHIS_202609151130_20260915110132.zip
2026-09-15 11:30:00,2026-09-01 05:01:05,1,TAS1,,-16.97029,0,,0,PUBLIC_PREDISPATCHIS_202609151130_20260915110132.zip
2026-09-15 11:30:00,2026-09-01 05:01:05,1,TAS1,,-21.49848,0,,0,PUBLIC_PREDISPATCHIS_202609151130_20260915110132.zip
2026-09-15 11:30:00,2026-09-01 05:01:05,1,TAS1,,-21.40731,0,,0,PUBLIC_PREDISPATCHIS_202609151130_20260915110132.zip
2026-09-15 11:30:00,2026-09-01 05:01:05,1,TAS1,,-20.65404,0,,0,PUBLIC_PREDISPATCHIS_202609151130_20260915110132.zip
2026-09-15 11:30:00,2026-09-01 05:01:05,1,TAS1,,-24.79033,0,,0,PUBLIC_PREDISPATCHIS_202609151130_20260915110132.zip
2026-09-15 11:30:00,2026-09-01 05:01:05,1,TAS1,,-20.77097,0,,0,PUBLIC_PREDISPATCHIS_202609151130_20260915110132.zip
2026-09-15 11:30:00,2026-09-01 05:01:05,1,TAS1,,-17.11403,0,,0,PUBLIC_PREDISPATCHIS_202609151130_20260915110132.zip
2026-09-15 11:30:00,2026-09-01 05:01:05,1,TAS1,,-8.14748,0,,0,PUBLIC_PREDISPATCHIS_202609151130_20260915110132.zip
2026-09-15 11:30:00,2026-09-01 05:01:05,1,TAS1,,-6.73647,0,,0,PUBLIC_PREDISPATCHIS_202609151130_20260915110132.zip
2026-09-15 11:30:00,2026-09-01 05:01:05,1,TAS1,,-0.55517,0,,0,PUBLIC_PREDISPATCHIS_202609151130_20260915110132.zip
2026-09-15 11:30:00,2026-09-01 05:01:05,1,TAS1,,33.72675,0,,0,PUBLIC_PREDISPATCHIS_202609151130_20260915110132.zip
2026-09-15 11:30:00,2026-09-01 05:01:05,1,TAS1,,41.24491,0,,0,PUBLIC_PREDISPATCHIS_202609151130_20260915110132.zip
2026-09-15 11:30:00,2026-09-01 05:01:05,1,TAS1,,61.3956,0,,0,PUBLIC_PREDISPATCHIS_202609151130_20260915110132.zip
2026-09-15 11:30:00,2026-09-01 05:01:05,1,TAS1,,61.2028,0,,0,PUBLIC_PREDISPATCHIS_202609151130_20260915110132.zip
2026-09-15 11:30:00,2026-09-01 05:01:05,1,TAS1,,61.01289,0,,0,PUBLIC_PREDISPATCHIS_202609151130_20260915110132.zip
2026-09-15 11:30:00,2026-09-01 05:01:05,1,TAS1,,61.39849,0,,0,PUBLIC_PREDISPATCHIS_202609151130_20260915110132.zip
2026-09-15 11:30:00,2026-09-01 05:01:05,1,TAS1,,61.43969,0,,0,PUBLIC_PREDISPATCHIS_202609151130_20260915110132.zip
2026-09-15 11:30:00,2026-09-01 05:01:05,1,TAS1,,61.05515,0,,0,PUBLIC_PREDISPATCHIS_202609151130_20260915110132.zip
2026-09-15 11:30:00,2026-09-01 05:01:05,1,TAS1,,56.09023,0,,0,PUBLIC_PREDISPATCHIS_202609151130_20260915110132.zip
2026-09-15 11:30:00,2026-09-01 05:01:05,1,TAS1,,40.12,0,,0,PUBLIC_PREDISPATCHIS_202609151130_20260915110132.zip
2026-09-15 11:30:00,2026-09-01 05:01:05,1,TAS1,,40.12,0,,0,PUBLIC_PREDISPATCHIS_202609151130_20260915110132.zip
2026-09-15 11:30:00,2026-09-01 05:01:05,1,TAS1,,33.65125,0,,0,PUBLIC_PREDISPATCHIS_202609151130_20260915110132.zip
2026-09-15 11:30:00,2026-09-01 05:01:05,1,TAS1,,27.65076,0,,0,PUBLIC_PREDISPATCHIS_202609151130_20260915110132.zip
2026-09-15 11:30:00,2026-09-01 05:01:05,1,TAS1,,29.34132,0,,0,PUBLIC_PREDISPATCHIS_202609151130_20260915110132.zip
2026-09-15 11:30:00,2026-09-01 05:01:05,1,TAS1,,27.99059,0,,0,PUBLIC_PREDISPATCHIS_202609151130_20260915110132.zip
2026-09-15 11:30:00,2026-09-01 05:01:05,1,TAS1,,25.98581,0,,0,PUBLIC_PREDISPATCHIS_202609151130_20260915110132.zip
2026-09-15 11:30:00,2026-09-01 05:01:05,1,TAS1,,25.73077,0,,0,PUBLIC_PREDISPATCHIS_202609151130_20260915110132.zip
2026-09-15 11:30:00,2026-09-01 05:01:05,1,TAS1,,25.70003,0,,0,PUBLIC_PREDISPATCHIS_202609151130_20260915110132.zip
2026-09-15 11:30:00,2026-09-01 05:01:05,1,TAS1,,25.67144,0,,0,PUBLIC_PREDISPATCHIS_202609151130_20260915110132.zip
2026-09-15 11:30:00,2026-09-01 05:01:05,1,TAS1,,25.1,0,,0,PUBLIC_PREDISPATCHIS_202609151130_20260915110132.zip
2026-09-15 11:30:00,2026-09-01 05:01:05,1,TAS1,,25.52687,0,,0,PUBLIC_PREDISPATCHIS_202609151130_20260915110132.zip
2026-09-15 11:30:00,2026-09-01 05:01:05,1,VIC1,,-20.0,0,,0,PUBLIC_PREDISPATCHIS_202609151130_20260915110132.zip
2026-09-15 11:30:00,2026-09-01 05:01:05,1,VIC1,,-19.99,0,,0,PUBLIC_PREDISPATCHIS_202609151130_20260915110132.zip
2026-09-15 11:30:00,2026-09-01 05:01:05,1,VIC1,,-14.7735,0,,0,PUBLIC_PREDISPATCHIS_202609151130_20260915110132.zip
2026-09-15 11:30:00,2026-09-01 05:01:05,1,VIC1,,-16.54,0,,0,PUBLIC_PREDISPATCHIS_202609151130_20260915110132.zip
2026-09-15 11:30:00,2026-09-01 05:01:05,1,VIC1,,-20.95,0,,0,PUBLIC_PREDISPATCHIS_202609151130_20260915110132.zip
2026-09-15 11:30:00,2026-09-01 05:01:05,1,VIC1,,-20.86,0,,0,PUBLIC_PREDISPATCHIS_202609151130_20260915110132.zip
2026-09-15 11:30:00,2026-09-01 05:01:05,1,VIC1,,-20.0,0,,0,PUBLIC_PREDISPATCHIS_202609151130_20260915110132.zip
2026-09-15 11:30:00,2026-09-01 05:01:05,1,VIC1,,-24.01236,0,,0,PUBLIC_PREDISPATCHIS_202609151130_20260915110132.zip
2026-09-15 11:30:00,2026-09-01 05:01:05,1,VIC1,,-20.0,0,,0,PUBLIC_PREDISPATCHIS_202609151130_20260915110132.zip
2026-09-15 11:30:00,2026-09-01 05:01:05,1,VIC1,,-16.54,0,,0,PUBLIC_PREDISPATCHIS_202609151130_20260915110132.zip
2026-09-15 11:30:00,2026-09-01 05:01:05,1,VIC1,,-7.92966,0,,0,PUBLIC_PREDISPATCHIS_202609151130_20260915110132.zip
2026-09-15 11:30:00,2026-09-01 05:01:05,1,VIC1,,-6.68757,0,,0,PUBLIC_PREDISPATCHIS_202609151130_20260915110132.zip
2026-09-15 11:30:00,2026-09-01 05:01:05,1,VIC1,,-0.54986,0,,0,PUBLIC_PREDISPATCHIS_202609151130_20260915110132.zip
2026-09-15 11:30:00,2026-09-01 05:01:05,1,VIC1,,8.94,0,,0,PUBLIC_PREDISPATCHIS_202609151130_20260915110132.zip
2026-09-15 11:30:00,2026-09-01 05:01:05,1,VIC1,,26.77549,0,,0,PUBLIC_PREDISPATCHIS_202609151130_20260915110132.zip
2026-09-15 11:30:00,2026-09-01 05:01:05,1,VIC1,,65.0,0,,0,PUBLIC_PREDISPATCHIS_202609151130_20260915110132.zip
2026-09-15 11:30:00,2026-09-01 05:01:05,1,VIC1,,65.0,0,,0,PUBLIC_PREDISPATCHIS_202609151130_20260915110132.zip
2026-09-15 11:30:00,2026-09-01 05:01:05,1,VIC1,,65.0,0,,0,PUBLIC_PREDISPATCHIS_202609151130_20260915110132.zip
2026-09-15 11:30:00,2026-09-01 05:01:05,1,VIC1,,65.0,0,,0,PUBLIC_PREDISPATCHIS_202609151130_20260915110132.zip
2026-09-15 11:30:00,2026-09-01 05:01:05,1,VIC1,,65.22786,0,,0,PUBLIC_PREDISPATCHIS_202609151130_20260915110132.zip
2026-09-15 11:30:00,2026-09-01 05:01:05,1,VIC1,,65.0,0,,0,PUBLIC_PREDISPATCHIS_202609151130_20260915110132.zip
2026-09-15 11:30:00,2026-09-01 05:01:05,1,VIC1,,59.51309,0,,0,PUBLIC_PREDISPATCHIS_202609151130_20260915110132.zip
2026-09-15 11:30:00,2026-09-01 05:01:05,1,VIC1,,16.17497,0,,0,PUBLIC_PREDISPATCHIS_202609151130_20260915110132.zip
2026-09-15 11:30:00,2026-09-01 05:01:05,1,VIC1,,18.77389,0,,0,PUBLIC_PREDISPATCHIS_202609151130_20260915110132.zip
2026-09-15 11:30:00,2026-09-01 05:01:05,1,VIC1,,17.83,0,,0,PUBLIC_PREDISPATCHIS_202609151130_20260915110132.zip
2026-09-15 11:30:00,2026-09-01 05:01:05,1,VIC1,,10.65,0,,0,PUBLIC_PREDISPATCHIS_202609151130_20260915110132.zip
2026-09-15 11:30:00,2026-09-01 05:01:05,1,VIC1,,13.95,0,,0,PUBLIC_PREDISPATCHIS_202609151130_20260915110132.zip
2026-09-15 11:30:00,2026-09-01 05:01:05,1,VIC1,,13.95,0,,0,PUBLIC_PREDISPATCHIS_202609151130_20260915110132.zip
2026-09-15 11:30:00,2026-09-01 05:01:05,1,VIC1,,10.65,0,,0,PUBLIC_PREDISPATCHIS_202609151130_20260915110132.zip
2026-09-15 11:30:00,2026-09-01 05:01:05,1,VIC1,,10.65,0,,0,PUBLIC_PREDISPATCHIS_202609151130_20260915110132.zip
2026-09-15 11:30:00,2026-09-01 05:01:05,1,VIC1,,10.65,0,,0,PUBLIC_PREDISPATCHIS_202609151130_20260915110132.zip
2026-09-15 11:30:00,2026-09-01 05:01:05,1,VIC1,,10.65,0,,0,PUBLIC_PREDISPATCHIS_202609151130_20260915110132.zip
2026-09-15 11:30:00,2026-09-01 05:01:05,1,VIC1,,10.5,0,,0,PUBLIC_PREDISPATCHIS_202609151130_20260915110132.zip
2026-09-15 11:30:00,2026-09-01 05:01:05,1,VIC1,,10.5,0,,0,PUBLIC_PREDISPATCHIS_202609151130_20260915110132.zip
